ply
format ascii 1.0
element vertex 20236
property float x
property float y
property float z
property uchar red
property uchar green
property uchar blue
end_header
-54.5000 77.0000 -47.9690 19 16 1
-53.5000 77.0000 -43.6302 29 23 9
-52.5000 77.0000 -40.5870 35 28 12
-51.5000 77.0000 -38.6729 52 39 23
-50.5000 77.0000 -37.6332 50 34 18
-49.5000 77.0000 -37.1842 46 30 14
-48.5000 77.0000 -37.0525 45 29 13
-47.5000 77.0000 -36.9984 47 32 13
-46.5000 77.0000 -36.8324 48 33 14
-45.5000 77.0000 -36.4299 46 31 10
-44.5000 77.0000 -35.7459 43 28 7
-43.5000 77.0000 -34.8190 54 39 18
-42.5000 77.0000 -33.7563 55 40 19
-41.5000 77.0000 -32.6979 56 41 18
-40.5000 77.0000 -31.7724 56 41 18
-39.5000 77.0000 -31.0632 56 42 16
-38.5000 77.0000 -30.5971 56 42 16
-37.5000 77.0000 -30.3554 57 43 17
-36.5000 77.0000 -30.2964 60 42 18
-35.5000 77.0000 -30.3760 58 33 11
-34.5000 77.0000 -30.5591 73 45 24
-33.5000 77.0000 -30.8216 70 43 22
-32.5000 77.0000 -31.1473 62 37 15
-31.5000 77.0000 -31.5284 61 39 18
-30.5000 77.0000 -31.9687 52 34 12
-29.5000 77.0000 -32.4876 50 31 14
-28.5000 77.0000 -33.1190 60 45 26
-27.5000 77.0000 -33.9001 50 37 20
-26.5000 77.0000 -34.8521 47 39 20
-25.5000 77.0000 -35.9622 44 37 21
-24.5000 77.0000 -37.1745 38 35 18
-23.5000 77.0000 -38.3965 33 30 15
-22.5000 77.0000 -39.5220 26 24 9
-21.5000 77.0000 -40.4611 19 20 4
-20.5000 77.0000 -41.1673 18 16 1
-19.5000 77.0000 -41.6491 36 28 15
-18.5000 77.0000 -41.9608 31 21 9
-17.5000 77.0000 -42.1774 30 20 8
-16.5000 77.0000 -42.3657 34 24 12
-15.5000 77.0000 -42.5624 33 23 11
-14.5000 77.0000 -42.7693 26 16 4
-13.5000 77.0000 -42.9641 25 15 5
-12.5000 77.0000 -43.1196 30 20 10
-11.5000 77.0000 -43.2237 26 16 7
-10.5000 77.0000 -43.2901 28 18 9
-9.5000 77.0000 -43.3558 31 20 14
-8.5000 77.0000 -43.4656 33 22 16
-7.5000 77.0000 -43.6516 33 22 16
-6.5000 77.0000 -43.9169 31 20 14
-5.5000 77.0000 -44.2336 28 17 11
-4.5000 77.0000 -44.5566 25 16 9
-3.5000 77.0000 -44.8446 23 19 10
-2.5000 77.0000 -45.0790 26 23 14
-1.5000 77.0000 -45.2703 30 27 18
-0.5000 77.0000 -45.4504 30 27 18
0.5000 77.0000 -45.6568 27 24 15
1.5000 77.0000 -45.9179 24 21 12
2.5000 77.0000 -46.2443 25 22 13
3.5000 77.0000 -46.6288 26 23 14
5.5000 77.0000 -47.4815 20 17 8
6.5000 77.0000 -47.8971 17 14 5
8.5000 77.0000 -48.6311 23 20 11
9.5000 77.0000 -48.9607 19 16 7
11.5000 77.0000 -49.6500 18 15 6
17.5000 77.0000 -53.1549 21 14 6
18.5000 77.0000 -54.1442 22 15 7
19.5000 77.0000 -55.2706 24 17 9
20.5000 77.0000 -56.4604 25 18 10
21.5000 77.0000 -57.5956 22 15 7
24.5000 77.0000 -59.5964 20 13 5
25.5000 77.0000 -59.7070 22 15 7
26.5000 77.0000 -59.6627 21 14 6
-56.5000 76.0000 -57.7617 24 20 8
-55.5000 76.0000 -51.4892 33 30 15
-54.5000 76.0000 -46.2408 41 38 23
-53.5000 76.0000 -42.2122 49 43 29
-52.5000 76.0000 -39.3897 53 46 30
-51.5000 76.0000 -37.6131 53 41 25
-50.5000 76.0000 -36.6428 51 38 21
-49.5000 76.0000 -36.2150 50 34 18
-48.5000 76.0000 -36.0777 47 34 17
-47.5000 76.0000 -36.0115 51 36 17
-46.5000 76.0000 -35.8438 51 38 19
-45.5000 76.0000 -35.4623 52 37 16
-44.5000 76.0000 -34.8265 48 36 14
-43.5000 76.0000 -33.9720 57 42 21
-42.5000 76.0000 -32.9965 56 44 22
-41.5000 76.0000 -32.0272 59 44 21
-40.5000 76.0000 -31.1812 58 46 22
-39.5000 76.0000 -30.5351 60 46 20
-38.5000 76.0000 -30.1140 58 46 20
-37.5000 76.0000 -29.9017 60 46 20
-36.5000 76.0000 -29.8601 61 45 20
-35.5000 76.0000 -29.9484 63 38 16
-34.5000 76.0000 -30.1337 73 46 25
-33.5000 76.0000 -30.3931 70 43 22
-32.5000 76.0000 -30.7121 64 39 17
-31.5000 76.0000 -31.0840 64 42 21
-30.5000 76.0000 -31.5139 56 38 16
-29.5000 76.0000 -32.0214 52 35 17
-28.5000 76.0000 -32.6392 60 45 26
-27.5000 76.0000 -33.4022 49 36 19
-26.5000 76.0000 -34.3302 43 35 16
-25.5000 76.0000 -35.4101 39 32 16
-24.5000 76.0000 -36.5884 34 31 14
-23.5000 76.0000 -37.7767 33 30 15
-22.5000 76.0000 -38.8734 31 29 14
-21.5000 76.0000 -39.7924 27 28 12
-20.5000 76.0000 -40.4883 27 25 10
-19.5000 76.0000 -40.9679 36 30 16
-18.5000 76.0000 -41.2819 32 24 11
-17.5000 76.0000 -41.5013 33 23 11
-16.5000 76.0000 -41.6893 35 27 14
-15.5000 76.0000 -41.8819 35 25 13
-14.5000 76.0000 -42.0820 29 21 8
-13.5000 76.0000 -42.2698 29 19 9
-12.5000 76.0000 -42.4206 33 25 14
-11.5000 76.0000 -42.5232 28 18 9
-10.5000 76.0000 -42.5906 29 20 11
-9.5000 76.0000 -42.6568 31 20 14
-8.5000 76.0000 -42.7637 32 23 16
-7.5000 76.0000 -42.9414 33 22 16
-6.5000 76.0000 -43.1936 30 21 14
-5.5000 76.0000 -43.4952 30 19 13
-4.5000 76.0000 -43.8047 27 18 11
-3.5000 76.0000 -44.0836 24 20 11
-2.5000 76.0000 -44.3141 25 22 13
-1.5000 76.0000 -44.5053 28 25 16
-0.5000 76.0000 -44.6867 28 25 16
0.5000 76.0000 -44.8942 27 24 15
1.5000 76.0000 -45.1557 25 22 13
2.5000 76.0000 -45.4826 25 22 13
3.5000 76.0000 -45.8689 25 22 13
4.5000 76.0000 -46.2948 19 16 7
5.5000 76.0000 -46.7338 26 23 14
6.5000 76.0000 -47.1605 21 18 9
7.5000 76.0000 -47.5587 19 16 7
8.5000 76.0000 -47.9262 24 21 12
9.5000 76.0000 -48.2751 21 18 9
11.5000 76.0000 -49.0042 21 17 8
12.5000 76.0000 -49.4232 19 15 6
13.5000 76.0000 -49.8918 20 13 5
14.5000 76.0000 -50.4143 20 13 5
16.5000 76.0000 -51.6803 20 13 5
17.5000 76.0000 -52.4829 21 14 6
18.5000 76.0000 -53.4335 22 15 7
19.5000 76.0000 -54.5188 23 16 8
20.5000 76.0000 -55.6723 21 14 6
30.5000 76.0000 -60.0567 30 11 7
31.5000 76.0000 -61.1320 29 11 7
-58.5000 75.0000 -65.3489 20 18 6
-57.5000 75.0000 -59.2453 32 28 16
-56.5000 75.0000 -53.2032 42 38 26
-55.5000 75.0000 -47.7346 49 46 31
-54.5000 75.0000 -43.1881 51 48 33
-53.5000 75.0000 -39.7133 51 45 29
-52.5000 75.0000 -37.2838 50 43 27
-51.5000 75.0000 -35.7512 56 44 28
-50.5000 75.0000 -34.9040 54 43 25
-49.5000 75.0000 -34.5145 53 40 23
-48.5000 75.0000 -34.3683 52 41 23
-47.5000 75.0000 -34.2816 55 42 23
-46.5000 75.0000 -34.1117 56 45 25
-45.5000 75.0000 -33.7668 57 45 23
-44.5000 75.0000 -33.2148 55 44 22
-43.5000 75.0000 -32.4860 58 46 24
-42.5000 75.0000 -31.6610 58 47 25
-41.5000 75.0000 -30.8452 61 49 25
-40.5000 75.0000 -30.1360 62 52 27
-39.5000 75.0000 -29.5981 64 52 26
-38.5000 75.0000 -29.2540 63 53 26
-37.5000 75.0000 -29.0912 62 50 24
-36.5000 75.0000 -29.0785 62 48 22
-35.5000 75.0000 -29.1808 67 45 22
-34.5000 75.0000 -29.3691 74 47 26
-33.5000 75.0000 -29.6229 70 43 22
-32.5000 75.0000 -29.9299 66 41 19
-31.5000 75.0000 -30.2861 67 45 24
-30.5000 75.0000 -30.6984 61 43 21
-29.5000 75.0000 -31.1867 57 40 22
-28.5000 75.0000 -31.7813 60 45 26
-27.5000 75.0000 -32.5137 53 40 23
-26.5000 75.0000 -33.4005 45 37 18
-25.5000 75.0000 -34.4288 38 31 15
-24.5000 75.0000 -35.5486 33 30 13
-23.5000 75.0000 -36.6788 34 31 16
-22.5000 75.0000 -37.7257 34 32 17
-21.5000 75.0000 -38.6093 30 31 15
-20.5000 75.0000 -39.2865 30 28 13
-19.5000 75.0000 -39.7614 36 30 16
-18.5000 75.0000 -40.0785 33 27 13
-17.5000 75.0000 -40.3016 34 26 13
-16.5000 75.0000 -40.4885 36 30 16
-15.5000 75.0000 -40.6733 36 28 15
-14.5000 75.0000 -40.8607 32 26 12
-13.5000 75.0000 -41.0354 33 25 14
-12.5000 75.0000 -41.1768 35 29 17
-11.5000 75.0000 -41.2758 30 21 12
-10.5000 75.0000 -41.3436 29 22 12
-9.5000 75.0000 -41.4098 31 22 15
-8.5000 75.0000 -41.5109 30 23 15
-7.5000 75.0000 -41.6738 31 22 15
-6.5000 75.0000 -41.9030 30 23 15
-5.5000 75.0000 -42.1781 30 21 14
-4.5000 75.0000 -42.4639 29 22 14
-3.5000 75.0000 -42.7267 26 22 13
-2.5000 75.0000 -42.9503 26 22 13
-1.5000 75.0000 -43.1412 26 22 13
-0.5000 75.0000 -43.3253 27 23 14
0.5000 75.0000 -43.5350 28 24 15
1.5000 75.0000 -43.7972 28 24 15
2.5000 75.0000 -44.1249 26 22 13
3.5000 75.0000 -44.5143 24 20 11
4.5000 75.0000 -44.9476 29 25 16
5.5000 75.0000 -45.3997 31 27 18
6.5000 75.0000 -45.8455 26 22 13
7.5000 75.0000 -46.2687 23 19 10
8.5000 75.0000 -46.6663 26 22 13
9.5000 75.0000 -47.0492 23 19 10
10.5000 75.0000 -47.4368 19 15 6
11.5000 75.0000 -47.8486 23 19 10
12.5000 75.0000 -48.2969 22 18 9
13.5000 75.0000 -48.7849 21 17 8
14.5000 75.0000 -49.3121 19 15 6
15.5000 75.0000 -49.8858 18 14 5
16.5000 75.0000 -50.5292 18 14 5
17.5000 75.0000 -51.2778 18 14 5
18.5000 75.0000 -52.1610 19 15 6
19.5000 75.0000 -53.1754 20 16 7
20.5000 75.0000 -54.2663 20 16 7
29.5000 75.0000 -57.8790 29 11 7
30.5000 75.0000 -58.4947 29 11 7
31.5000 75.0000 -59.4128 27 12 7
-59.5000 74.0000 -62.5697 32 30 18
-58.5000 74.0000 -57.7086 36 34 22
-57.5000 74.0000 -52.5681 44 40 28
-56.5000 74.0000 -47.5804 49 46 31
-55.5000 74.0000 -43.1267 50 47 32
-54.5000 74.0000 -39.4585 47 44 29
-53.5000 74.0000 -36.6717 45 39 23
-52.5000 74.0000 -34.7270 42 35 17
-51.5000 74.0000 -33.4940 54 45 28
-50.5000 74.0000 -32.7980 55 44 26
-49.5000 74.0000 -32.4563 55 44 26
-48.5000 74.0000 -32.3013 55 44 26
-47.5000 74.0000 -32.1918 57 46 26
-46.5000 74.0000 -32.0207 59 48 28
-45.5000 74.0000 -31.7201 61 50 28
-44.5000 74.0000 -31.2676 61 50 28
-43.5000 74.0000 -30.6868 60 49 27
-42.5000 74.0000 -30.0387 60 49 27
-41.5000 74.0000 -29.4027 61 51 26
-40.5000 74.0000 -28.8531 64 54 29
-39.5000 74.0000 -28.4405 66 56 29
-38.5000 74.0000 -28.1844 66 56 29
-37.5000 74.0000 -28.0773 63 53 26
-36.5000 74.0000 -28.0958 63 49 23
-35.5000 74.0000 -28.2122 71 49 26
-34.5000 74.0000 -28.4021 71 46 24
-33.5000 74.0000 -28.6481 68 43 21
-32.5000 74.0000 -28.9408 65 43 20
-31.5000 74.0000 -29.2790 67 46 25
-30.5000 74.0000 -29.6716 64 46 24
-29.5000 74.0000 -30.1384 60 43 25
-28.5000 74.0000 -30.7071 55 42 23
-27.5000 74.0000 -31.4045 58 47 29
-26.5000 74.0000 -32.2440 50 42 23
-25.5000 74.0000 -33.2125 43 36 20
-24.5000 74.0000 -34.2644 38 32 16
-23.5000 74.0000 -35.3264 36 33 18
-22.5000 74.0000 -36.3142 34 32 17
-21.5000 74.0000 -37.1549 30 28 13
-20.5000 74.0000 -37.8078 26 24 9
-19.5000 74.0000 -38.2746 32 29 14
-18.5000 74.0000 -38.5929 31 28 13
-17.5000 74.0000 -38.8181 33 27 13
-16.5000 74.0000 -39.0019 33 30 15
-15.5000 74.0000 -39.1756 35 29 15
-14.5000 74.0000 -39.3464 32 29 14
-13.5000 74.0000 -39.5034 34 28 16
-12.5000 74.0000 -39.6315 33 29 17
-11.5000 74.0000 -39.7240 32 25 15
-10.5000 74.0000 -39.7903 30 26 15
-9.5000 74.0000 -39.8550 31 24 16
-8.5000 74.0000 -39.9482 28 24 15
-7.5000 74.0000 -40.0927 30 23 15
-6.5000 74.0000 -40.2937 29 25 16
-5.5000 74.0000 -40.5364 32 25 17
-4.5000 74.0000 -40.7929 30 26 17
-3.5000 74.0000 -41.0356 29 25 16
-2.5000 74.0000 -41.2500 26 22 13
-1.5000 74.0000 -41.4402 24 20 11
-0.5000 74.0000 -41.6272 26 22 13
0.5000 74.0000 -41.8396 29 25 16
1.5000 74.0000 -42.1029 30 26 17
2.5000 74.0000 -42.4312 27 23 14
3.5000 74.0000 -42.8236 24 20 11
4.5000 74.0000 -43.2648 30 26 17
5.5000 74.0000 -43.7313 30 26 17
6.5000 74.0000 -44.1991 27 23 14
7.5000 74.0000 -44.6519 24 20 11
8.5000 74.0000 -45.0860 24 20 11
9.5000 74.0000 -45.5107 24 20 11
10.5000 74.0000 -45.9425 23 19 10
11.5000 74.0000 -46.3968 26 22 13
12.5000 74.0000 -46.8805 24 20 11
13.5000 74.0000 -47.3911 23 19 10
14.5000 74.0000 -47.9224 21 17 8
15.5000 74.0000 -48.4775 20 16 7
16.5000 74.0000 -49.0777 19 15 6
17.5000 74.0000 -49.7610 19 15 6
18.5000 74.0000 -50.5639 19 15 6
19.5000 74.0000 -51.4944 20 16 7
20.5000 74.0000 -52.5114 24 20 11
21.5000 74.0000 -53.5255 21 17 8
22.5000 74.0000 -54.4255 18 14 5
23.5000 74.0000 -55.1167 18 14 5
24.5000 74.0000 -55.5538 19 15 6
25.5000 74.0000 -55.7536 21 17 8
26.5000 74.0000 -55.7876 20 16 7
27.5000 74.0000 -55.7642 20 13 5
31.5000 74.0000 -57.2146 25 12 6
32.5000 74.0000 -58.1083 25 12 6
-62.5000 73.0000 -63.6227 16 15 10
-61.5000 73.0000 -60.8015 22 22 14
-60.5000 73.0000 -57.5456 26 26 16
-59.5000 73.0000 -53.8386 42 40 28
-58.5000 73.0000 -49.8160 43 41 29
-57.5000 73.0000 -45.7275 45 41 29
-56.5000 73.0000 -41.8628 47 44 29
-55.5000 73.0000 -38.4719 49 46 31
-54.5000 73.0000 -35.7118 50 47 30
-53.5000 73.0000 -33.6288 53 47 31
-52.5000 73.0000 -32.1756 54 47 29
-51.5000 73.0000 -31.2442 54 45 28
-50.5000 73.0000 -30.7000 54 46 27
-49.5000 73.0000 -30.4076 55 47 28
-48.5000 73.0000 -30.2463 55 47 28
-47.5000 73.0000 -30.1172 56 48 27
-46.5000 73.0000 -29.9468 58 50 29
-45.5000 73.0000 -29.6903 61 53 30
-44.5000 73.0000 -29.3337 63 55 32
-43.5000 73.0000 -28.8940 61 53 30
-42.5000 73.0000 -28.4133 59 51 28
-41.5000 73.0000 -27.9464 59 52 26
-40.5000 73.0000 -27.5457 61 54 28
-39.5000 73.0000 -27.2488 65 58 30
-38.5000 73.0000 -27.0722 66 59 31
-37.5000 73.0000 -27.0134 62 55 27
-36.5000 73.0000 -27.0570 62 50 24
-35.5000 73.0000 -27.1826 72 52 28
-34.5000 73.0000 -27.3707 68 46 23
-33.5000 73.0000 -27.6075 65 43 20
-32.5000 73.0000 -27.8861 65 45 21
-31.5000 73.0000 -28.2081 66 45 24
-30.5000 73.0000 -28.5839 65 47 25
-29.5000 73.0000 -29.0327 62 45 27
-28.5000 73.0000 -29.5792 54 41 22
-27.5000 73.0000 -30.2458 57 46 28
-26.5000 73.0000 -31.0423 52 44 25
-25.5000 73.0000 -31.9555 48 41 25
-24.5000 73.0000 -32.9438 45 39 23
-23.5000 73.0000 -33.9411 41 38 23
-22.5000 73.0000 -34.8713 36 34 19
-21.5000 73.0000 -35.6683 30 28 13
-20.5000 73.0000 -36.2943 25 23 8
-19.5000 73.0000 -36.7488 29 27 12
-18.5000 73.0000 -37.0636 30 28 13
-17.5000 73.0000 -37.2868 31 28 13
-16.5000 73.0000 -37.4640 29 27 12
-15.5000 73.0000 -37.6241 30 27 12
-14.5000 73.0000 -37.7758 31 29 14
-13.5000 73.0000 -37.9129 32 28 16
-12.5000 73.0000 -38.0253 30 28 15
-11.5000 73.0000 -38.1089 32 28 17
-10.5000 73.0000 -38.1720 30 28 16
-9.5000 73.0000 -38.2339 30 26 17
-8.5000 73.0000 -38.3186 29 26 17
-7.5000 73.0000 -38.4445 30 26 17
-6.5000 73.0000 -38.6171 29 26 17
-5.5000 73.0000 -38.8264 31 27 18
-4.5000 73.0000 -39.0519 32 28 19
-3.5000 73.0000 -39.2722 30 26 17
-2.5000 73.0000 -39.4750 27 23 14
-1.5000 73.0000 -39.6625 25 21 12
-0.5000 73.0000 -39.8511 26 22 13
0.5000 73.0000 -40.0652 29 25 16
1.5000 73.0000 -40.3286 30 26 17
2.5000 73.0000 -40.6563 28 24 15
3.5000 73.0000 -41.0497 26 22 13
4.5000 73.0000 -41.4962 27 23 14
5.5000 73.0000 -41.9745 25 21 12
6.5000 73.0000 -42.4622 24 20 11
7.5000 73.0000 -42.9434 23 19 10
8.5000 73.0000 -43.4143 22 18 9
9.5000 73.0000 -43.8822 24 20 11
10.5000 73.0000 -44.3601 27 23 14
11.5000 73.0000 -44.8583 26 22 13
12.5000 73.0000 -45.3782 25 21 12
13.5000 73.0000 -45.9108 24 20 11
14.5000 73.0000 -46.4450 22 18 9
15.5000 73.0000 -46.9801 21 17 8
16.5000 73.0000 -47.5367 20 16 7
17.5000 73.0000 -48.1557 20 16 7
18.5000 73.0000 -48.8805 20 16 7
19.5000 73.0000 -49.7300 21 17 8
20.5000 73.0000 -50.6753 25 21 12
21.5000 73.0000 -51.6376 22 18 9
22.5000 73.0000 -52.5111 19 15 6
23.5000 73.0000 -53.2002 18 14 5
24.5000 73.0000 -53.6529 20 16 7
25.5000 73.0000 -53.8752 21 17 8
26.5000 73.0000 -53.9262 20 16 7
27.5000 73.0000 -53.8992 21 14 6
32.5000 73.0000 -55.5093 24 13 7
33.5000 73.0000 -56.2199 23 14 7
34.5000 73.0000 -56.8945 23 14 7
35.5000 73.0000 -57.4907 21 14 6
36.5000 73.0000 -58.0378 20 13 5
37.5000 73.0000 -58.6232 18 14 5
112.5000 73.0000 -106.6334 14 13 11
-63.5000 72.0000 -57.7603 17 16 11
-62.5000 72.0000 -54.8531 30 30 22
-61.5000 72.0000 -51.9522 44 44 34
-60.5000 72.0000 -48.9547 53 53 43
-59.5000 72.0000 -45.8384 53 51 39
-58.5000 72.0000 -42.6740 52 50 37
-57.5000 72.0000 -39.6024 51 48 33
-56.5000 72.0000 -36.7886 50 47 32
-55.5000 72.0000 -34.3714 52 49 32
-54.5000 72.0000 -32.4295 55 52 35
-53.5000 72.0000 -30.9719 61 55 39
-52.5000 72.0000 -29.9503 63 58 39
-51.5000 72.0000 -29.2810 55 48 29
-50.5000 72.0000 -28.8681 56 49 30
-49.5000 72.0000 -28.6196 58 50 31
-48.5000 72.0000 -28.4556 57 50 31
-47.5000 72.0000 -28.3130 57 49 28
-46.5000 72.0000 -28.1460 58 52 30
-45.5000 72.0000 -27.9276 62 54 31
-44.5000 72.0000 -27.6502 64 58 34
-43.5000 72.0000 -27.3250 66 58 35
-42.5000 72.0000 -26.9787 61 55 31
-41.5000 72.0000 -26.6463 59 52 26
-40.5000 72.0000 -26.3626 60 54 28
-39.5000 72.0000 -26.1544 66 59 31
-38.5000 72.0000 -26.0365 67 62 33
-37.5000 72.0000 -26.0106 66 59 31
-36.5000 72.0000 -26.0681 64 54 27
-35.5000 72.0000 -26.1950 73 55 31
-34.5000 72.0000 -26.3771 68 48 24
-33.5000 72.0000 -26.6035 68 48 24
-32.5000 72.0000 -26.8702 68 50 26
-31.5000 72.0000 -27.1806 65 47 25
-30.5000 72.0000 -27.5458 66 50 27
-29.5000 72.0000 -27.9839 65 50 31
-28.5000 72.0000 -28.5163 56 43 24
-27.5000 72.0000 -29.1613 53 42 24
-26.5000 72.0000 -29.9257 50 43 24
-25.5000 72.0000 -30.7960 51 44 28
-24.5000 72.0000 -31.7334 49 43 27
-23.5000 72.0000 -32.6775 43 40 25
-22.5000 72.0000 -33.5585 39 36 21
-21.5000 72.0000 -34.3158 34 32 17
-20.5000 72.0000 -34.9140 31 29 14
-19.5000 72.0000 -35.3517 29 27 12
-18.5000 72.0000 -35.6567 30 31 15
-17.5000 72.0000 -35.8718 32 30 15
-16.5000 72.0000 -36.0378 27 28 12
-15.5000 72.0000 -36.1818 28 26 11
-14.5000 72.0000 -36.3134 29 30 14
-13.5000 72.0000 -36.4305 31 29 16
-12.5000 72.0000 -36.5271 26 27 13
-11.5000 72.0000 -36.6017 31 29 17
-10.5000 72.0000 -36.6615 29 29 17
-9.5000 72.0000 -36.7214 32 29 20
-8.5000 72.0000 -36.7994 30 30 20
-7.5000 72.0000 -36.9097 32 29 20
-6.5000 72.0000 -37.0570 30 30 20
-5.5000 72.0000 -37.2352 31 28 19
-4.5000 72.0000 -37.4300 31 28 19
-3.5000 72.0000 -37.6260 31 28 19
-2.5000 72.0000 -37.8136 29 26 17
-1.5000 72.0000 -37.9942 27 24 15
-0.5000 72.0000 -38.1806 27 24 15
0.5000 72.0000 -38.3934 28 25 16
1.5000 72.0000 -38.6543 29 26 17
2.5000 72.0000 -38.9783 29 26 17
3.5000 72.0000 -39.3685 29 26 17
4.5000 72.0000 -39.8151 24 21 12
5.5000 72.0000 -40.2993 20 17 8
6.5000 72.0000 -40.8009 22 19 10
7.5000 72.0000 -41.3054 24 21 12
8.5000 72.0000 -41.8087 20 17 8
9.5000 72.0000 -42.3163 23 20 11
10.5000 72.0000 -42.8373 27 24 15
11.5000 72.0000 -43.3766 24 21 12
12.5000 72.0000 -43.9297 25 21 12
13.5000 72.0000 -44.4824 24 20 11
14.5000 72.0000 -45.0193 22 18 9
15.5000 72.0000 -45.5374 21 17 8
16.5000 72.0000 -46.0573 21 17 8
17.5000 72.0000 -46.6222 22 18 9
18.5000 72.0000 -47.2816 22 18 9
19.5000 72.0000 -48.0624 23 19 10
20.5000 72.0000 -48.9456 21 17 8
21.5000 72.0000 -49.8606 18 14 5
28.5000 72.0000 -52.0454 24 17 9
29.5000 72.0000 -52.0853 24 17 9
30.5000 72.0000 -52.2605 23 16 8
31.5000 72.0000 -52.5835 22 15 7
32.5000 72.0000 -53.0231 21 14 6
33.5000 72.0000 -53.5199 20 13 5
36.5000 72.0000 -55.0019 19 15 6
37.5000 72.0000 -55.6020 18 15 6
38.5000 72.0000 -56.3849 17 14 5
-65.5000 71.0000 -57.0443 17 18 12
-64.5000 71.0000 -53.3481 26 27 21
-63.5000 71.0000 -50.0423 37 36 31
-62.5000 71.0000 -47.0597 48 48 40
-61.5000 71.0000 -44.3070 56 56 46
-60.5000 71.0000 -41.7043 60 60 50
-59.5000 71.0000 -39.2139 57 55 43
-58.5000 71.0000 -36.8500 57 55 42
-57.5000 71.0000 -34.6681 57 54 39
-56.5000 71.0000 -32.7390 56 53 38
-55.5000 71.0000 -31.1203 56 53 36
-54.5000 71.0000 -29.8361 56 53 36
-53.5000 71.0000 -28.8729 59 54 35
-52.5000 71.0000 -28.1872 59 54 35
-51.5000 71.0000 -27.7195 57 52 32
-50.5000 71.0000 -27.4072 59 54 34
-49.5000 71.0000 -27.1933 62 55 36
-48.5000 71.0000 -27.0302 60 55 35
-47.5000 71.0000 -26.8809 59 53 31
-46.5000 71.0000 -26.7195 59 54 32
-45.5000 71.0000 -26.5309 63 57 33
-44.5000 71.0000 -26.3112 66 62 37
-43.5000 71.0000 -26.0673 72 66 42
-42.5000 71.0000 -25.8145 65 61 36
-41.5000 71.0000 -25.5741 60 54 28
-40.5000 71.0000 -25.3687 60 56 29
-39.5000 71.0000 -25.2179 67 62 33
-38.5000 71.0000 -25.1349 70 66 37
-37.5000 71.0000 -25.1246 70 65 36
-36.5000 71.0000 -25.1840 68 61 33
-35.5000 71.0000 -25.3044 76 60 35
-34.5000 71.0000 -25.4761 69 51 27
-33.5000 71.0000 -25.6917 72 54 30
-32.5000 71.0000 -25.9492 74 56 32
-31.5000 71.0000 -26.2531 67 51 28
-30.5000 71.0000 -26.6148 68 53 30
-29.5000 71.0000 -27.0501 71 56 37
-28.5000 71.0000 -27.5773 61 48 29
-27.5000 71.0000 -28.2111 56 45 27
-26.5000 71.0000 -28.9557 55 48 29
-25.5000 71.0000 -29.7970 56 49 33
-24.5000 71.0000 -30.6981 50 44 28
-23.5000 71.0000 -31.6026 40 37 22
-22.5000 71.0000 -32.4450 35 32 17
-21.5000 71.0000 -33.1684 34 32 17
-20.5000 71.0000 -33.7396 35 33 18
-19.5000 71.0000 -34.1569 30 31 15
-18.5000 71.0000 -34.4459 34 37 20
-17.5000 71.0000 -34.6462 34 35 19
-16.5000 71.0000 -34.7958 28 31 14
-15.5000 71.0000 -34.9206 28 29 13
-14.5000 71.0000 -35.0318 30 33 16
-13.5000 71.0000 -35.1301 31 32 18
-12.5000 71.0000 -35.2132 25 27 13
-11.5000 71.0000 -35.2813 28 28 16
-10.5000 71.0000 -35.3408 29 31 18
-9.5000 71.0000 -35.4023 31 31 21
-8.5000 71.0000 -35.4783 32 34 23
-7.5000 71.0000 -35.5782 33 33 23
-6.5000 71.0000 -35.7053 30 32 21
-5.5000 71.0000 -35.8558 30 30 20
-4.5000 71.0000 -36.0209 28 28 18
-3.5000 71.0000 -36.1904 29 29 19
-2.5000 71.0000 -36.3583 29 29 19
-1.5000 71.0000 -36.5263 29 29 19
-0.5000 71.0000 -36.7048 27 27 17
0.5000 71.0000 -36.9114 26 26 16
1.5000 71.0000 -37.1653 27 27 17
2.5000 71.0000 -37.4808 29 29 19
3.5000 71.0000 -37.8622 31 31 21
4.5000 71.0000 -38.3020 25 25 15
5.5000 71.0000 -38.7844 19 19 9
6.5000 71.0000 -39.2917 24 24 14
7.5000 71.0000 -39.8115 27 27 17
8.5000 71.0000 -40.3398 20 20 10
9.5000 71.0000 -40.8798 22 22 12
10.5000 71.0000 -41.4367 25 25 15
11.5000 71.0000 -42.0106 18 18 8
12.5000 71.0000 -42.5919 23 20 11
13.5000 71.0000 -43.1624 22 19 10
14.5000 71.0000 -43.7041 21 18 9
15.5000 71.0000 -44.2124 21 18 9
16.5000 71.0000 -44.7077 21 18 9
17.5000 71.0000 -45.2345 22 19 10
18.5000 71.0000 -45.8452 24 21 12
19.5000 71.0000 -46.5722 24 21 12
20.5000 71.0000 -47.4032 21 18 9
21.5000 71.0000 -48.2742 17 14 5
25.5000 71.0000 -50.4256 17 14 5
28.5000 71.0000 -50.3488 23 19 10
29.5000 71.0000 -50.3216 22 18 9
30.5000 71.0000 -50.3885 21 17 8
31.5000 71.0000 -50.5628 20 16 7
32.5000 71.0000 -50.8264 20 16 7
33.5000 71.0000 -51.1439 19 15 6
34.5000 71.0000 -51.4859 19 15 6
35.5000 71.0000 -51.8534 18 15 6
36.5000 71.0000 -52.2875 18 15 6
37.5000 71.0000 -52.8587 16 16 6
38.5000 71.0000 -53.6380 17 17 7
39.5000 71.0000 -54.6637 16 16 6
40.5000 71.0000 -55.9223 15 15 5
107.5000 71.0000 -70.2995 22 12 10
-66.5000 70.0000 -54.6164 16 17 11
-65.5000 70.0000 -50.3725 34 35 29
-64.5000 70.0000 -46.6263 50 51 43
-63.5000 70.0000 -43.3840 60 60 52
-62.5000 70.0000 -40.5932 60 60 50
-61.5000 70.0000 -38.1745 54 54 44
-60.5000 70.0000 -36.0499 49 49 37
-59.5000 70.0000 -34.1623 46 44 31
-58.5000 70.0000 -32.4845 49 47 32
-57.5000 70.0000 -31.0148 54 51 36
-56.5000 70.0000 -29.7638 57 54 37
-55.5000 70.0000 -28.7383 59 56 39
-54.5000 70.0000 -27.9316 58 55 36
-53.5000 70.0000 -27.3203 58 53 34
-52.5000 70.0000 -26.8700 57 52 33
-51.5000 70.0000 -26.5418 61 56 36
-50.5000 70.0000 -26.2993 63 58 38
-49.5000 70.0000 -26.1110 64 59 39
-48.5000 70.0000 -25.9517 63 58 38
-47.5000 70.0000 -25.8019 61 56 34
-46.5000 70.0000 -25.6476 61 56 34
-45.5000 70.0000 -25.4808 64 60 35
-44.5000 70.0000 -25.2991 68 64 39
-43.5000 70.0000 -25.1061 76 72 47
-42.5000 70.0000 -24.9103 69 65 40
-41.5000 70.0000 -24.7246 62 58 31
-40.5000 70.0000 -24.5640 62 58 31
-39.5000 70.0000 -24.4437 68 64 35
-38.5000 70.0000 -24.3759 73 69 40
-37.5000 70.0000 -24.3676 73 69 40
-36.5000 70.0000 -24.4196 73 66 38
-35.5000 70.0000 -24.5277 78 64 38
-34.5000 70.0000 -24.6860 72 56 31
-33.5000 70.0000 -24.8903 78 60 36
-32.5000 70.0000 -25.1406 78 62 37
-31.5000 70.0000 -25.4421 69 54 31
-30.5000 70.0000 -25.8051 68 56 32
-29.5000 70.0000 -26.2434 73 60 41
-28.5000 70.0000 -26.7719 65 54 34
-27.5000 70.0000 -27.4021 63 55 36
-26.5000 70.0000 -28.1361 64 57 38
-25.5000 70.0000 -28.9593 60 54 38
-24.5000 70.0000 -29.8361 51 45 29
-23.5000 70.0000 -30.7125 36 33 18
-22.5000 70.0000 -31.5260 29 26 11
-21.5000 70.0000 -32.2221 29 27 12
-20.5000 70.0000 -32.7687 34 32 17
-19.5000 70.0000 -33.1641 33 36 19
-18.5000 70.0000 -33.4325 38 41 24
-17.5000 70.0000 -33.6122 37 40 23
-16.5000 70.0000 -33.7402 30 33 16
-15.5000 70.0000 -33.8427 29 32 15
-14.5000 70.0000 -33.9329 33 36 19
-13.5000 70.0000 -34.0144 32 34 20
-12.5000 70.0000 -34.0876 26 28 14
-11.5000 70.0000 -34.1541 27 29 16
-10.5000 70.0000 -34.2185 29 31 18
-9.5000 70.0000 -34.2874 32 34 23
-8.5000 70.0000 -34.3675 34 36 25
-7.5000 70.0000 -34.4633 34 36 25
-6.5000 70.0000 -34.5759 32 34 23
-5.5000 70.0000 -34.7031 29 31 20
-4.5000 70.0000 -34.8399 27 29 18
-3.5000 70.0000 -34.9814 27 30 19
-2.5000 70.0000 -35.1255 29 32 21
-1.5000 70.0000 -35.2750 29 32 21
-0.5000 70.0000 -35.4397 27 30 19
0.5000 70.0000 -35.6345 24 27 16
1.5000 70.0000 -35.8763 24 27 16
2.5000 70.0000 -36.1783 28 31 20
3.5000 70.0000 -36.5450 32 35 24
4.5000 70.0000 -36.9711 26 29 18
5.5000 70.0000 -37.4438 20 23 12
6.5000 70.0000 -37.9482 26 29 18
7.5000 70.0000 -38.4739 29 32 21
8.5000 70.0000 -39.0166 20 23 12
9.5000 70.0000 -39.5776 20 23 12
10.5000 70.0000 -40.1588 23 26 15
11.5000 70.0000 -40.7566 15 17 6
12.5000 70.0000 -41.3583 20 20 10
13.5000 70.0000 -41.9436 22 19 10
14.5000 70.0000 -42.4933 21 18 9
15.5000 70.0000 -43.0015 21 18 9
16.5000 70.0000 -43.4871 22 19 10
17.5000 70.0000 -43.9932 23 20 11
18.5000 70.0000 -44.5716 25 22 13
19.5000 70.0000 -45.2570 26 23 14
20.5000 70.0000 -46.0417 25 22 13
21.5000 70.0000 -46.8684 22 19 10
22.5000 70.0000 -47.6459 19 16 7
23.5000 70.0000 -48.2821 18 15 6
24.5000 70.0000 -48.7173 20 17 8
25.5000 70.0000 -48.9415 21 18 9
26.5000 70.0000 -48.9920 20 17 8
27.5000 70.0000 -48.9348 19 16 7
28.5000 70.0000 -48.8424 17 14 5
29.5000 70.0000 -48.7756 15 15 5
30.5000 70.0000 -48.7725 18 15 6
31.5000 70.0000 -48.8449 16 16 6
32.5000 70.0000 -48.9824 20 17 8
33.5000 70.0000 -49.1648 21 18 9
34.5000 70.0000 -49.3805 23 20 11
35.5000 70.0000 -49.6429 24 21 12
36.5000 70.0000 -49.9955 15 15 5
37.5000 70.0000 -50.5016 16 16 6
38.5000 70.0000 -51.2211 18 18 8
39.5000 70.0000 -52.1861 19 19 9
40.5000 70.0000 -53.3856 18 18 8
41.5000 70.0000 -54.7684 17 17 7
42.5000 70.0000 -56.2607 15 15 5
43.5000 70.0000 -57.7888 14 14 6
54.5000 70.0000 -66.6504 12 14 9
59.5000 70.0000 -64.1424 12 14 9
92.5000 70.0000 -66.4101 22 14 11
107.5000 70.0000 -69.5364 23 15 12
112.5000 70.0000 -106.3555 12 14 11
-67.5000 69.0000 -53.1132 30 31 25
-66.5000 69.0000 -48.4739 41 42 36
-65.5000 69.0000 -44.3690 53 54 48
-64.5000 69.0000 -40.8603 59 60 52
-63.5000 69.0000 -37.9334 57 57 49
-62.5000 69.0000 -35.5242 52 52 42
-61.5000 69.0000 -33.5466 51 51 41
-60.5000 69.0000 -31.9145 52 52 40
-59.5000 69.0000 -30.5560 50 48 35
-58.5000 69.0000 -29.4201 53 51 36
-57.5000 69.0000 -28.4743 56 53 38
-56.5000 69.0000 -27.6983 56 53 36
-55.5000 69.0000 -27.0744 54 51 34
-54.5000 69.0000 -26.5827 52 49 30
-53.5000 69.0000 -26.1993 54 49 30
-52.5000 69.0000 -25.8993 56 51 31
-51.5000 69.0000 -25.6601 62 57 37
-50.5000 69.0000 -25.4632 64 59 39
-49.5000 69.0000 -25.2941 66 61 41
-48.5000 69.0000 -25.1415 67 62 42
-47.5000 69.0000 -24.9959 68 63 41
-46.5000 69.0000 -24.8500 67 62 40
-45.5000 69.0000 -24.6987 66 62 37
-44.5000 69.0000 -24.5403 65 61 36
-43.5000 69.0000 -24.3762 59 55 30
-42.5000 69.0000 -24.2112 63 59 34
-41.5000 69.0000 -24.0537 67 63 36
-40.5000 69.0000 -23.9150 72 68 41
-39.5000 69.0000 -23.8075 75 71 42
-38.5000 69.0000 -23.7428 75 71 42
-37.5000 69.0000 -23.7286 74 70 41
-36.5000 69.0000 -23.7683 74 69 40
-35.5000 69.0000 -23.8611 78 66 40
-34.5000 69.0000 -24.0045 80 66 40
-33.5000 69.0000 -24.1972 81 65 40
-32.5000 69.0000 -24.4409 81 67 41
-31.5000 69.0000 -24.7412 82 67 44
-30.5000 69.0000 -25.1069 78 66 42
-29.5000 69.0000 -25.5497 73 60 41
-28.5000 69.0000 -26.0812 67 56 36
-27.5000 69.0000 -26.7106 61 53 34
-26.5000 69.0000 -27.4380 59 52 33
-25.5000 69.0000 -28.2487 55 49 33
-24.5000 69.0000 -29.1082 51 45 29
-23.5000 69.0000 -29.9645 45 42 27
-22.5000 69.0000 -30.7570 41 38 23
-21.5000 69.0000 -31.4324 38 35 20
-20.5000 69.0000 -31.9588 36 34 19
-19.5000 69.0000 -32.3337 36 39 22
-18.5000 69.0000 -32.5803 36 40 23
-17.5000 69.0000 -32.7360 36 40 23
-16.5000 69.0000 -32.8386 34 38 21
-15.5000 69.0000 -32.9163 30 34 17
-14.5000 69.0000 -32.9851 29 33 16
-13.5000 69.0000 -33.0517 30 34 19
-12.5000 69.0000 -33.1189 33 37 22
-11.5000 69.0000 -33.1887 33 37 23
-10.5000 69.0000 -33.2635 32 36 22
-9.5000 69.0000 -33.3455 31 34 23
-8.5000 69.0000 -33.4355 30 33 22
-7.5000 69.0000 -33.5331 30 33 22
-6.5000 69.0000 -33.6371 30 33 22
-5.5000 69.0000 -33.7456 30 33 22
-4.5000 69.0000 -33.8572 31 34 23
-3.5000 69.0000 -33.9714 27 33 21
-2.5000 69.0000 -34.0897 29 37 24
-1.5000 69.0000 -34.2174 31 39 26
-0.5000 69.0000 -34.3639 30 38 25
0.5000 69.0000 -34.5427 27 35 22
1.5000 69.0000 -34.7684 26 34 21
2.5000 69.0000 -35.0529 28 36 23
3.5000 69.0000 -35.4009 30 38 25
4.5000 69.0000 -35.8084 22 30 17
5.5000 69.0000 -36.2652 22 30 17
6.5000 69.0000 -36.7589 23 31 18
7.5000 69.0000 -37.2800 23 31 18
8.5000 69.0000 -37.8242 22 30 17
9.5000 69.0000 -38.3911 20 28 15
10.5000 69.0000 -38.9802 18 26 13
11.5000 69.0000 -39.5863 17 23 11
12.5000 69.0000 -40.1964 22 24 13
13.5000 69.0000 -40.7907 22 22 12
14.5000 69.0000 -41.3499 19 19 9
15.5000 69.0000 -41.8670 18 18 8
16.5000 69.0000 -42.3569 18 18 8
17.5000 69.0000 -42.8578 21 21 11
18.5000 69.0000 -43.4173 24 24 14
19.5000 69.0000 -44.0689 26 26 16
20.5000 69.0000 -44.8086 21 21 11
21.5000 69.0000 -45.5869 18 18 8
25.5000 69.0000 -47.5777 18 18 8
26.5000 69.0000 -47.6395 23 23 13
27.5000 69.0000 -47.5951 27 27 17
28.5000 69.0000 -47.5084 17 17 7
29.5000 69.0000 -47.4316 16 18 7
30.5000 69.0000 -47.3961 17 17 7
31.5000 69.0000 -47.4114 16 18 7
32.5000 69.0000 -47.4705 17 17 7
33.5000 69.0000 -47.5623 17 17 7
34.5000 69.0000 -47.6855 17 17 7
35.5000 69.0000 -47.8605 17 17 7
36.5000 69.0000 -48.1305 20 20 10
37.5000 69.0000 -48.5518 19 19 9
38.5000 69.0000 -49.1759 19 19 9
39.5000 69.0000 -50.0305 18 18 8
40.5000 69.0000 -51.1101 18 18 8
41.5000 69.0000 -52.3790 17 17 7
42.5000 69.0000 -53.7851 17 17 7
43.5000 69.0000 -55.2758 17 17 9
44.5000 69.0000 -56.8088 18 15 10
45.5000 69.0000 -58.3512 18 14 11
46.5000 69.0000 -59.8712 15 14 10
109.5000 69.0000 -77.9016 14 14 6
112.5000 69.0000 -108.3095 13 15 12
-69.5000 68.0000 -57.3488 17 18 10
-68.5000 68.0000 -52.1246 30 31 23
-67.5000 68.0000 -47.2461 45 46 40
-66.5000 68.0000 -42.8993 52 53 47
-65.5000 68.0000 -39.1872 60 61 53
-64.5000 68.0000 -36.1279 60 61 53
-63.5000 68.0000 -33.6737 56 56 46
-62.5000 68.0000 -31.7386 50 50 40
-61.5000 68.0000 -30.2244 49 49 37
-60.5000 68.0000 -29.0385 50 51 37
-59.5000 68.0000 -28.1034 56 54 39
-58.5000 68.0000 -27.3606 58 56 41
-57.5000 68.0000 -26.7684 61 58 41
-56.5000 68.0000 -26.2963 59 56 37
-55.5000 68.0000 -25.9201 55 52 33
-54.5000 68.0000 -25.6178 52 49 30
-53.5000 68.0000 -25.3695 53 48 28
-52.5000 68.0000 -25.1588 54 49 29
-51.5000 68.0000 -24.9739 64 59 39
-50.5000 68.0000 -24.8075 65 60 40
-49.5000 68.0000 -24.6548 67 60 41
-48.5000 68.0000 -24.5118 67 62 42
-47.5000 68.0000 -24.3741 69 63 41
-46.5000 68.0000 -24.2374 68 63 41
-45.5000 68.0000 -24.0979 68 62 38
-44.5000 68.0000 -23.9537 67 63 38
-43.5000 68.0000 -23.8051 66 60 36
-42.5000 68.0000 -23.6555 67 63 38
-41.5000 68.0000 -23.5115 72 66 40
-40.5000 68.0000 -23.3824 75 71 44
-39.5000 68.0000 -23.2791 78 73 44
-38.5000 68.0000 -23.2122 77 73 44
-37.5000 68.0000 -23.1897 77 72 43
-36.5000 68.0000 -23.2164 76 71 42
-35.5000 68.0000 -23.2938 83 71 45
-34.5000 68.0000 -23.4223 82 70 44
-33.5000 68.0000 -23.6029 82 68 42
-32.5000 68.0000 -23.8389 81 69 43
-31.5000 68.0000 -24.1357 80 68 44
-30.5000 68.0000 -24.5014 76 66 41
-29.5000 68.0000 -24.9452 69 58 38
-28.5000 68.0000 -25.4765 62 54 33
-27.5000 68.0000 -26.1024 61 54 35
-26.5000 68.0000 -26.8220 59 52 33
-25.5000 68.0000 -27.6207 55 49 33
-24.5000 68.0000 -28.4653 51 45 29
-23.5000 68.0000 -29.3058 45 42 27
-22.5000 68.0000 -30.0832 41 38 23
-21.5000 68.0000 -30.7444 38 35 20
-20.5000 68.0000 -31.2568 35 33 18
-19.5000 68.0000 -31.6158 34 37 20
-18.5000 68.0000 -31.8427 35 39 22
-17.5000 68.0000 -31.9749 36 40 23
-16.5000 68.0000 -32.0514 34 38 21
-15.5000 68.0000 -32.1036 32 36 19
-14.5000 68.0000 -32.1513 30 34 17
-13.5000 68.0000 -32.2048 32 36 21
-12.5000 68.0000 -32.2688 34 38 23
-11.5000 68.0000 -32.3450 38 42 28
-10.5000 68.0000 -32.4333 36 40 26
-9.5000 68.0000 -32.5313 32 35 24
-8.5000 68.0000 -32.6346 30 33 22
-7.5000 68.0000 -32.7384 29 32 21
-6.5000 68.0000 -32.8389 31 34 23
-5.5000 68.0000 -32.9345 33 36 25
-4.5000 68.0000 -33.0261 33 39 27
-3.5000 68.0000 -33.1167 26 34 21
-2.5000 68.0000 -33.2114 26 37 23
-1.5000 68.0000 -33.3174 28 39 25
-0.5000 68.0000 -33.4447 27 38 24
0.5000 68.0000 -33.6061 25 36 22
1.5000 68.0000 -33.8146 24 35 21
2.5000 68.0000 -34.0807 26 37 23
3.5000 68.0000 -34.4090 28 39 25
4.5000 68.0000 -34.7964 21 32 18
5.5000 68.0000 -35.2341 22 33 19
6.5000 68.0000 -35.7109 22 33 19
7.5000 68.0000 -36.2178 22 33 19
8.5000 68.0000 -36.7495 21 32 18
9.5000 68.0000 -37.3043 19 30 16
10.5000 68.0000 -37.8813 17 28 14
11.5000 68.0000 -38.4763 18 26 13
12.5000 68.0000 -39.0786 24 26 15
13.5000 68.0000 -39.6715 23 23 13
14.5000 68.0000 -40.2374 21 21 11
15.5000 68.0000 -40.7675 19 19 9
16.5000 68.0000 -41.2710 19 19 9
17.5000 68.0000 -41.7777 21 21 11
18.5000 68.0000 -42.3272 23 23 13
19.5000 68.0000 -42.9490 25 25 15
20.5000 68.0000 -43.6423 22 22 12
21.5000 68.0000 -44.3672 20 20 10
22.5000 68.0000 -45.0547 16 16 6
25.5000 68.0000 -46.2863 16 16 6
26.5000 68.0000 -46.3767 20 20 10
27.5000 68.0000 -46.3663 22 22 12
28.5000 68.0000 -46.3093 15 17 6
29.5000 68.0000 -46.2497 16 18 7
30.5000 68.0000 -46.2133 17 19 8
31.5000 68.0000 -46.2075 17 19 8
32.5000 68.0000 -46.2274 16 18 7
33.5000 68.0000 -46.2669 15 17 6
34.5000 68.0000 -46.3303 17 17 7
35.5000 68.0000 -46.4406 18 18 8
36.5000 68.0000 -46.6388 20 20 10
37.5000 68.0000 -46.9746 19 19 9
38.5000 68.0000 -47.4919 19 19 9
39.5000 68.0000 -48.2152 19 19 9
40.5000 68.0000 -49.1445 18 18 8
41.5000 68.0000 -50.2594 18 18 8
42.5000 68.0000 -51.5296 19 16 7
43.5000 68.0000 -52.9254 19 16 9
44.5000 68.0000 -54.4215 19 16 11
45.5000 68.0000 -55.9916 18 14 11
109.5000 68.0000 -78.5435 14 14 6
112.5000 68.0000 -111.1141 13 15 12
-70.5000 67.0000 -56.5392 16 19 8
-69.5000 67.0000 -51.2780 37 41 27
-68.5000 67.0000 -46.3187 55 58 47
-67.5000 67.0000 -41.8630 49 50 42
-66.5000 67.0000 -38.0404 54 55 47
-65.5000 67.0000 -34.8971 58 59 51
-64.5000 67.0000 -32.4044 58 59 51
-63.5000 67.0000 -30.4819 56 56 46
-62.5000 67.0000 -29.0255 56 56 46
-61.5000 67.0000 -27.9308 59 59 47
-60.5000 67.0000 -27.1064 63 64 50
-59.5000 67.0000 -26.4798 57 55 40
-58.5000 67.0000 -25.9978 60 58 43
-57.5000 67.0000 -25.6226 63 60 43
-56.5000 67.0000 -25.3266 62 59 40
-55.5000 67.0000 -25.0881 59 56 37
-54.5000 67.0000 -24.8891 57 55 34
-53.5000 67.0000 -24.7148 59 54 34
-52.5000 67.0000 -24.5550 60 55 35
-51.5000 67.0000 -24.4040 69 62 43
-50.5000 67.0000 -24.2603 69 62 43
-49.5000 67.0000 -24.1235 69 61 42
-48.5000 67.0000 -23.9929 68 61 42
-47.5000 67.0000 -23.8660 70 62 41
-46.5000 67.0000 -23.7395 70 64 42
-45.5000 67.0000 -23.6099 72 64 41
-44.5000 67.0000 -23.4754 72 66 42
-43.5000 67.0000 -23.3360 73 65 42
-42.5000 67.0000 -23.1949 74 68 44
-41.5000 67.0000 -23.0580 78 71 45
-40.5000 67.0000 -22.9338 79 73 47
-39.5000 67.0000 -22.8323 82 75 47
-38.5000 67.0000 -22.7630 80 75 46
-37.5000 67.0000 -22.7336 80 73 45
-36.5000 67.0000 -22.7492 79 72 44
-35.5000 67.0000 -22.8132 87 77 50
-34.5000 67.0000 -22.9276 85 75 48
-33.5000 67.0000 -23.0955 84 72 46
-32.5000 67.0000 -23.3210 81 71 44
-31.5000 67.0000 -23.6099 79 69 44
-30.5000 67.0000 -23.9692 73 66 40
-29.5000 67.0000 -24.4067 67 59 38
-28.5000 67.0000 -24.9304 61 53 32
-27.5000 67.0000 -25.5460 62 55 36
-26.5000 67.0000 -26.2523 61 54 35
-25.5000 67.0000 -27.0354 56 50 34
-24.5000 67.0000 -27.8640 52 46 30
-23.5000 67.0000 -28.6900 48 42 28
-22.5000 67.0000 -29.4560 44 38 24
-21.5000 67.0000 -30.1090 38 35 20
-20.5000 67.0000 -30.6143 36 34 19
-19.5000 67.0000 -30.9641 34 35 19
-18.5000 67.0000 -31.1774 35 38 21
-17.5000 67.0000 -31.2904 37 40 23
-16.5000 67.0000 -31.3442 37 40 23
-15.5000 67.0000 -31.3734 35 38 21
-14.5000 67.0000 -31.4021 34 37 20
-13.5000 67.0000 -31.4440 36 38 24
-12.5000 67.0000 -31.5056 38 40 26
-11.5000 67.0000 -31.5880 42 44 31
-10.5000 67.0000 -31.6887 39 41 28
-9.5000 67.0000 -31.8015 34 36 25
-8.5000 67.0000 -31.9178 31 33 22
-7.5000 67.0000 -32.0293 30 32 21
-6.5000 67.0000 -32.1303 33 35 24
-5.5000 67.0000 -32.2191 37 39 28
-4.5000 67.0000 -32.2979 38 41 30
-3.5000 67.0000 -32.3721 25 36 22
-2.5000 67.0000 -32.4490 25 37 23
-1.5000 67.0000 -32.5377 27 39 25
-0.5000 67.0000 -32.6490 26 38 24
0.5000 67.0000 -32.7952 24 36 22
1.5000 67.0000 -32.9886 24 36 22
2.5000 67.0000 -33.2390 25 37 23
3.5000 67.0000 -33.5502 26 38 24
4.5000 67.0000 -33.9194 23 35 21
5.5000 67.0000 -34.3379 23 35 21
6.5000 67.0000 -34.7945 23 35 21
7.5000 67.0000 -35.2792 23 35 21
8.5000 67.0000 -35.7854 22 34 20
9.5000 67.0000 -36.3109 20 32 18
10.5000 67.0000 -36.8556 18 30 16
11.5000 67.0000 -37.4187 20 28 15
12.5000 67.0000 -37.9947 27 29 18
13.5000 67.0000 -38.5721 26 26 16
14.5000 67.0000 -39.1363 23 23 13
15.5000 67.0000 -39.6767 21 21 11
16.5000 67.0000 -40.1959 20 20 10
17.5000 67.0000 -40.7125 21 21 11
18.5000 67.0000 -41.2558 22 22 12
19.5000 67.0000 -41.8494 23 23 13
20.5000 67.0000 -42.4953 23 23 13
21.5000 67.0000 -43.1644 21 21 11
22.5000 67.0000 -43.8031 19 19 9
23.5000 67.0000 -44.3521 17 17 7
24.5000 67.0000 -44.7675 16 16 6
25.5000 67.0000 -45.0354 16 16 6
26.5000 67.0000 -45.1727 16 16 6
27.5000 67.0000 -45.2166 17 17 7
28.5000 67.0000 -45.2103 15 17 6
29.5000 67.0000 -45.1894 16 19 8
30.5000 67.0000 -45.1751 20 22 11
31.5000 67.0000 -45.1737 18 20 9
32.5000 67.0000 -45.1824 15 17 6
33.5000 67.0000 -45.1985 14 16 5
34.5000 67.0000 -45.2292 17 17 7
35.5000 67.0000 -45.2980 20 20 10
36.5000 67.0000 -45.4423 22 19 10
37.5000 67.0000 -45.7051 22 19 10
38.5000 67.0000 -46.1235 22 19 10
39.5000 67.0000 -46.7185 21 18 9
40.5000 67.0000 -47.4940 20 17 8
41.5000 67.0000 -48.4413 20 17 8
42.5000 67.0000 -49.5487 21 17 8
43.5000 67.0000 -50.8071 20 15 9
44.5000 67.0000 -52.2091 21 16 12
45.5000 67.0000 -53.7397 19 14 11
112.5000 67.0000 -114.4360 14 14 12
-75.5000 66.0000 -73.7958 12 14 11
-71.5000 66.0000 -55.4442 25 29 15
-70.5000 66.0000 -50.2852 44 48 33
-69.5000 66.0000 -45.3887 58 62 45
-68.5000 66.0000 -40.9593 64 68 53
-67.5000 66.0000 -37.1365 53 55 44
-66.5000 66.0000 -33.9839 55 56 48
-65.5000 66.0000 -31.4913 56 57 49
-64.5000 66.0000 -29.5900 55 57 46
-63.5000 66.0000 -28.1778 55 55 45
-62.5000 66.0000 -27.1438 58 58 46
-61.5000 66.0000 -26.3877 64 65 51
-60.5000 66.0000 -25.8283 70 71 57
-59.5000 66.0000 -25.4062 54 52 37
-58.5000 66.0000 -25.0806 58 57 39
-57.5000 66.0000 -24.8243 63 60 41
-56.5000 66.0000 -24.6181 65 62 43
-55.5000 66.0000 -24.4470 65 63 42
-54.5000 66.0000 -24.2982 66 64 43
-53.5000 66.0000 -24.1616 70 65 45
-52.5000 66.0000 -24.0306 73 66 47
-51.5000 66.0000 -23.9026 74 66 47
-50.5000 66.0000 -23.7778 73 65 46
-49.5000 66.0000 -23.6573 71 63 44
-48.5000 66.0000 -23.5408 71 63 44
-47.5000 66.0000 -23.4264 71 63 42
-46.5000 66.0000 -23.3109 73 65 44
-45.5000 66.0000 -23.1910 75 67 44
-44.5000 66.0000 -23.0648 77 69 46
-43.5000 66.0000 -22.9326 77 69 46
-42.5000 66.0000 -22.7979 79 71 48
-41.5000 66.0000 -22.6666 80 73 47
-40.5000 66.0000 -22.5468 82 75 49
-39.5000 66.0000 -22.4477 82 75 47
-38.5000 66.0000 -22.3778 82 75 47
-37.5000 66.0000 -22.3442 81 74 46
-36.5000 66.0000 -22.3520 80 73 45
-35.5000 66.0000 -22.4052 89 79 52
-34.5000 66.0000 -22.5070 87 77 50
-33.5000 66.0000 -22.6614 84 74 47
-32.5000 66.0000 -22.8733 80 73 45
-31.5000 66.0000 -23.1483 79 72 46
-30.5000 66.0000 -23.4933 75 68 42
-29.5000 66.0000 -23.9153 70 62 41
-28.5000 66.0000 -24.4218 65 57 36
-27.5000 66.0000 -25.0181 65 58 39
-26.5000 66.0000 -25.7032 63 56 37
-25.5000 66.0000 -26.4645 59 53 37
-24.5000 66.0000 -27.2730 54 48 32
-23.5000 66.0000 -28.0833 49 43 29
-22.5000 66.0000 -28.8395 45 39 25
-21.5000 66.0000 -29.4884 40 37 22
-20.5000 66.0000 -29.9929 37 35 20
-19.5000 66.0000 -30.3415 33 34 18
-18.5000 66.0000 -30.5496 35 38 21
-17.5000 66.0000 -30.6519 38 41 24
-16.5000 66.0000 -30.6902 39 42 25
-15.5000 66.0000 -30.7023 38 41 24
-14.5000 66.0000 -30.7159 37 40 23
-13.5000 66.0000 -30.7477 39 41 27
-12.5000 66.0000 -30.8055 41 43 29
-11.5000 66.0000 -30.8903 40 42 29
-10.5000 66.0000 -30.9979 38 40 27
-9.5000 66.0000 -31.1196 35 37 26
-8.5000 66.0000 -31.2447 33 35 24
-7.5000 66.0000 -31.3628 32 34 23
-6.5000 66.0000 -31.4669 33 35 24
-5.5000 66.0000 -31.5549 36 38 27
-4.5000 66.0000 -31.6292 36 39 28
-3.5000 66.0000 -31.6960 28 36 23
-2.5000 66.0000 -31.7639 27 38 24
-1.5000 66.0000 -31.8428 27 38 24
-0.5000 66.0000 -31.9444 27 38 24
0.5000 66.0000 -32.0810 27 38 24
1.5000 66.0000 -32.2646 26 37 23
2.5000 66.0000 -32.5043 27 38 24
3.5000 66.0000 -32.8034 27 38 24
4.5000 66.0000 -33.1585 26 37 23
5.5000 66.0000 -33.5598 26 37 23
6.5000 66.0000 -33.9950 25 36 22
7.5000 66.0000 -34.4521 25 36 22
8.5000 66.0000 -34.9233 24 35 21
9.5000 66.0000 -35.4060 22 33 19
10.5000 66.0000 -35.9025 21 32 18
11.5000 66.0000 -36.4165 23 31 18
12.5000 66.0000 -36.9493 30 32 21
13.5000 66.0000 -37.4961 29 29 19
14.5000 66.0000 -38.0461 26 26 16
15.5000 66.0000 -38.5879 24 24 14
16.5000 66.0000 -39.1169 22 22 12
17.5000 66.0000 -39.6409 21 21 11
18.5000 66.0000 -40.1773 22 22 12
19.5000 66.0000 -40.7437 22 22 12
20.5000 66.0000 -41.3438 21 21 11
21.5000 66.0000 -41.9599 21 21 11
22.5000 66.0000 -42.5544 20 20 10
23.5000 66.0000 -43.0828 20 20 10
24.5000 66.0000 -43.5092 19 19 9
25.5000 66.0000 -43.8181 18 18 8
26.5000 66.0000 -44.0174 17 17 7
27.5000 66.0000 -44.1315 15 17 6
28.5000 66.0000 -44.1912 15 17 6
29.5000 66.0000 -44.2237 18 21 10
30.5000 66.0000 -44.2461 21 23 12
31.5000 66.0000 -44.2648 20 22 11
32.5000 66.0000 -44.2795 16 18 7
33.5000 66.0000 -44.2908 15 17 6
34.5000 66.0000 -44.3082 18 18 8
35.5000 66.0000 -44.3541 22 22 12
36.5000 66.0000 -44.4620 23 20 11
37.5000 66.0000 -44.6687 22 19 10
38.5000 66.0000 -45.0045 22 19 10
39.5000 66.0000 -45.4869 22 18 9
40.5000 66.0000 -46.1210 22 18 9
41.5000 66.0000 -46.9055 21 17 8
42.5000 66.0000 -47.8413 23 16 8
43.5000 66.0000 -48.9356 23 16 10
44.5000 66.0000 -50.1973 25 17 14
45.5000 66.0000 -51.6254 22 14 12
-72.5000 65.0000 -53.9843 22 28 14
-71.5000 65.0000 -49.0176 45 52 36
-70.5000 65.0000 -44.2851 59 67 46
-69.5000 65.0000 -39.9876 58 66 43
-68.5000 65.0000 -36.2644 53 58 38
-67.5000 65.0000 -33.1839 64 66 53
-66.5000 65.0000 -30.7466 62 63 55
-65.5000 65.0000 -28.8961 58 60 49
-64.5000 65.0000 -27.5381 53 55 44
-63.5000 65.0000 -26.5627 51 51 41
-62.5000 65.0000 -25.8649 53 53 41
-61.5000 65.0000 -25.3574 57 58 44
-60.5000 65.0000 -24.9757 61 62 48
-59.5000 65.0000 -24.6767 57 55 40
-58.5000 65.0000 -24.4345 61 60 42
-57.5000 65.0000 -24.2341 67 64 45
-56.5000 65.0000 -24.0657 69 66 47
-55.5000 65.0000 -23.9212 69 67 46
-54.5000 65.0000 -23.7929 70 68 47
-53.5000 65.0000 -23.6738 74 69 47
-52.5000 65.0000 -23.5595 78 72 50
-51.5000 65.0000 -23.4479 77 69 50
-50.5000 65.0000 -23.3393 78 67 49
-49.5000 65.0000 -23.2343 76 65 47
-48.5000 65.0000 -23.1322 75 64 46
-47.5000 65.0000 -23.0309 76 65 45
-46.5000 65.0000 -22.9270 78 67 47
-45.5000 65.0000 -22.8171 80 69 47
-44.5000 65.0000 -22.6994 81 70 48
-43.5000 65.0000 -22.5747 81 70 48
-42.5000 65.0000 -22.4464 82 71 49
-41.5000 65.0000 -22.3208 83 73 48
-40.5000 65.0000 -22.2058 84 74 49
-39.5000 65.0000 -22.1101 84 74 47
-38.5000 65.0000 -22.0415 83 73 46
-37.5000 65.0000 -22.0063 83 73 46
-36.5000 65.0000 -22.0093 82 72 45
-35.5000 65.0000 -22.0544 87 80 52
-34.5000 65.0000 -22.1451 84 77 49
-33.5000 65.0000 -22.2855 82 75 47
-32.5000 65.0000 -22.4807 81 74 46
-31.5000 65.0000 -22.7366 81 74 48
-30.5000 65.0000 -23.0597 78 72 46
-29.5000 65.0000 -23.4575 74 68 46
-28.5000 65.0000 -23.9373 71 65 43
-27.5000 65.0000 -24.5047 68 61 42
-26.5000 65.0000 -25.1599 67 60 41
-25.5000 65.0000 -25.8920 62 56 40
-24.5000 65.0000 -26.6747 57 51 35
-23.5000 65.0000 -27.4654 52 46 32
-22.5000 65.0000 -28.2108 47 41 27
-21.5000 65.0000 -28.8575 44 38 24
-20.5000 65.0000 -29.3662 40 37 22
-19.5000 65.0000 -29.7213 34 32 17
-18.5000 65.0000 -29.9340 36 37 21
-17.5000 65.0000 -30.0362 40 41 25
-16.5000 65.0000 -30.0693 42 43 27
-15.5000 65.0000 -30.0725 41 42 26
-14.5000 65.0000 -30.0761 41 42 26
-13.5000 65.0000 -30.0988 42 43 29
-12.5000 65.0000 -30.1498 44 45 31
-11.5000 65.0000 -30.2304 37 37 25
-10.5000 65.0000 -30.3360 37 37 25
-9.5000 65.0000 -30.4579 37 37 27
-8.5000 65.0000 -30.5849 37 37 27
-7.5000 65.0000 -30.7064 36 36 26
-6.5000 65.0000 -30.8146 35 35 25
-5.5000 65.0000 -30.9066 34 34 24
-4.5000 65.0000 -30.9843 33 35 24
-3.5000 65.0000 -31.0533 34 37 26
-2.5000 65.0000 -31.1220 31 37 25
-1.5000 65.0000 -31.2004 31 37 25
-0.5000 65.0000 -31.3005 31 37 25
0.5000 65.0000 -31.4347 32 38 26
1.5000 65.0000 -31.6149 32 38 26
2.5000 65.0000 -31.8497 32 38 26
3.5000 65.0000 -32.1417 31 37 25
4.5000 65.0000 -32.4864 31 37 25
5.5000 65.0000 -32.8726 30 36 24
6.5000 65.0000 -33.2860 29 35 23
7.5000 65.0000 -33.7128 28 34 22
8.5000 65.0000 -34.1438 27 33 21
9.5000 65.0000 -34.5767 26 32 20
10.5000 65.0000 -35.0164 26 32 20
11.5000 65.0000 -35.4716 27 30 19
12.5000 65.0000 -35.9504 31 33 22
13.5000 65.0000 -36.4545 30 32 21
14.5000 65.0000 -36.9778 28 30 19
15.5000 65.0000 -37.5086 25 27 16
16.5000 65.0000 -38.0369 23 25 14
17.5000 65.0000 -38.5607 22 24 13
18.5000 65.0000 -39.0872 21 23 12
19.5000 65.0000 -39.6277 21 23 12
20.5000 65.0000 -40.1879 19 21 10
21.5000 65.0000 -40.7598 19 21 10
22.5000 65.0000 -41.3208 20 22 11
23.5000 65.0000 -41.8399 21 23 12
24.5000 65.0000 -42.2883 21 23 12
25.5000 65.0000 -42.6488 20 22 11
26.5000 65.0000 -42.9200 19 21 10
27.5000 65.0000 -43.1134 18 20 9
28.5000 65.0000 -43.2477 17 19 8
29.5000 65.0000 -43.3414 20 22 11
30.5000 65.0000 -43.4080 21 23 12
31.5000 65.0000 -43.4547 20 22 11
32.5000 65.0000 -43.4841 19 19 9
33.5000 65.0000 -43.5005 18 18 8
34.5000 65.0000 -43.5151 22 19 10
35.5000 65.0000 -43.5492 24 21 12
36.5000 65.0000 -43.6321 24 20 11
37.5000 65.0000 -43.7951 24 20 11
38.5000 65.0000 -44.0630 24 20 11
39.5000 65.0000 -44.4498 25 18 10
40.5000 65.0000 -44.9597 25 18 10
41.5000 65.0000 -45.5947 24 17 9
42.5000 65.0000 -46.3628 25 16 9
43.5000 65.0000 -47.2816 24 15 10
44.5000 65.0000 -48.3732 26 16 14
45.5000 65.0000 -49.6515 25 15 14
46.5000 65.0000 -51.1076 22 12 11
112.5000 65.0000 -121.0320 14 13 11
-73.5000 64.0000 -52.2765 26 32 20
-72.5000 64.0000 -47.5239 46 53 37
-71.5000 64.0000 -43.0000 58 66 45
-70.5000 64.0000 -38.8901 58 66 43
-69.5000 64.0000 -35.3269 50 59 32
-68.5000 64.0000 -32.3773 41 49 26
-67.5000 64.0000 -30.0439 61 63 50
-66.5000 64.0000 -28.2773 59 60 52
-65.5000 64.0000 -26.9917 56 58 47
-64.5000 64.0000 -26.0833 53 55 44
-63.5000 64.0000 -25.4483 53 53 41
-62.5000 64.0000 -24.9962 55 55 43
-61.5000 64.0000 -24.6577 59 60 46
-60.5000 64.0000 -24.3863 62 63 47
-59.5000 64.0000 -24.1553 66 65 47
-58.5000 64.0000 -23.9520 69 68 50
-57.5000 64.0000 -23.7721 73 70 51
-56.5000 64.0000 -23.6139 73 71 50
-55.5000 64.0000 -23.4751 71 69 48
-54.5000 64.0000 -23.3520 69 67 46
-53.5000 64.0000 -23.2398 72 67 45
-52.5000 64.0000 -23.1346 75 69 47
-51.5000 64.0000 -23.0344 80 69 51
-50.5000 64.0000 -22.9385 80 69 51
-49.5000 64.0000 -22.8466 80 67 50
-48.5000 64.0000 -22.7575 79 68 50
-47.5000 64.0000 -22.6685 81 68 49
-46.5000 64.0000 -22.5761 81 70 50
-45.5000 64.0000 -22.4766 83 71 49
-44.5000 64.0000 -22.3682 83 72 50
-43.5000 64.0000 -22.2514 84 72 50
-42.5000 64.0000 -22.1299 84 73 51
-41.5000 64.0000 -22.0099 85 73 49
-40.5000 64.0000 -21.8996 84 74 49
-39.5000 64.0000 -21.8074 86 74 48
-38.5000 64.0000 -21.7408 85 75 48
-37.5000 64.0000 -21.7055 86 74 48
-36.5000 64.0000 -21.7057 85 75 48
-35.5000 64.0000 -21.7446 86 79 51
-34.5000 64.0000 -21.8254 84 77 49
-33.5000 64.0000 -21.9518 82 75 47
-32.5000 64.0000 -22.1285 82 75 47
-31.5000 64.0000 -22.3614 82 76 50
-30.5000 64.0000 -22.6574 82 76 50
-29.5000 64.0000 -23.0243 79 73 51
-28.5000 64.0000 -23.4698 77 71 49
-27.5000 64.0000 -24.0005 73 66 47
-26.5000 64.0000 -24.6178 70 63 44
-25.5000 64.0000 -25.3130 66 60 44
-24.5000 64.0000 -26.0631 61 55 39
-23.5000 64.0000 -26.8290 55 49 35
-22.5000 64.0000 -27.5603 50 44 30
-21.5000 64.0000 -28.2044 46 40 26
-20.5000 64.0000 -28.7201 42 39 24
-19.5000 64.0000 -29.0882 36 34 19
-18.5000 64.0000 -29.3149 38 39 23
-17.5000 64.0000 -29.4281 42 43 27
-16.5000 64.0000 -29.4669 44 45 29
-15.5000 64.0000 -29.4701 43 44 28
-14.5000 64.0000 -29.4686 42 43 27
-13.5000 64.0000 -29.4828 43 44 30
-12.5000 64.0000 -29.5228 44 45 31
-11.5000 64.0000 -29.5915 36 36 24
-10.5000 64.0000 -29.6858 37 37 25
-9.5000 64.0000 -29.7984 39 39 29
-8.5000 64.0000 -29.9199 40 40 30
-7.5000 64.0000 -30.0404 40 40 30
-6.5000 64.0000 -30.1525 38 38 28
-5.5000 64.0000 -30.2521 35 35 25
-4.5000 64.0000 -30.3395 33 33 23
-3.5000 64.0000 -30.4190 38 40 29
-2.5000 64.0000 -30.4974 37 39 28
-1.5000 64.0000 -30.5843 35 37 26
-0.5000 64.0000 -30.6909 36 38 27
0.5000 64.0000 -30.8296 38 40 29
1.5000 64.0000 -31.0119 38 40 29
2.5000 64.0000 -31.2459 37 39 28
3.5000 64.0000 -31.5334 36 38 27
4.5000 64.0000 -31.8689 35 37 26
5.5000 64.0000 -32.2401 34 36 25
6.5000 64.0000 -32.6309 32 34 23
7.5000 64.0000 -33.0262 31 33 22
8.5000 64.0000 -33.4161 29 31 20
9.5000 64.0000 -33.7990 29 31 20
10.5000 64.0000 -34.1820 29 31 20
11.5000 64.0000 -34.5781 29 31 20
12.5000 64.0000 -35.0007 32 34 23
13.5000 64.0000 -35.4571 31 33 22
14.5000 64.0000 -35.9451 30 32 21
15.5000 64.0000 -36.4540 28 30 19
16.5000 64.0000 -36.9703 26 28 17
17.5000 64.0000 -37.4852 24 26 15
18.5000 64.0000 -37.9983 23 25 14
19.5000 64.0000 -38.5162 22 24 13
20.5000 64.0000 -39.0458 21 23 12
21.5000 64.0000 -39.5873 21 23 12
22.5000 64.0000 -40.1298 22 24 13
23.5000 64.0000 -40.6529 23 25 14
24.5000 64.0000 -41.1334 23 25 14
25.5000 64.0000 -41.5520 22 24 13
26.5000 64.0000 -41.8988 22 24 13
27.5000 64.0000 -42.1737 21 23 12
28.5000 64.0000 -42.3842 20 22 11
29.5000 64.0000 -42.5411 20 22 11
30.5000 64.0000 -42.6545 20 22 11
31.5000 64.0000 -42.7321 20 22 11
32.5000 64.0000 -42.7798 21 21 11
33.5000 64.0000 -42.8049 21 21 11
34.5000 64.0000 -42.8199 23 20 11
35.5000 64.0000 -42.8449 23 20 11
36.5000 64.0000 -42.9058 25 21 12
37.5000 64.0000 -43.0292 24 20 11
38.5000 64.0000 -43.2363 26 19 11
39.5000 64.0000 -43.5383 26 19 11
40.5000 64.0000 -43.9386 26 17 10
41.5000 64.0000 -44.4395 25 16 9
42.5000 64.0000 -45.0514 25 16 9
43.5000 64.0000 -45.7975 26 15 11
44.5000 64.0000 -46.7091 28 17 15
45.5000 64.0000 -47.8136 27 15 15
46.5000 64.0000 -49.1191 26 14 14
47.5000 64.0000 -50.6041 24 14 13
48.5000 64.0000 -52.2160 22 12 11
49.5000 64.0000 -53.8804 20 12 10
-74.5000 63.0000 -50.5747 27 33 23
-73.5000 63.0000 -45.9753 50 56 42
-72.5000 63.0000 -41.6447 62 69 51
-71.5000 63.0000 -37.7294 61 69 46
-70.5000 63.0000 -34.3433 55 63 39
-69.5000 63.0000 -31.5459 53 62 33
-68.5000 63.0000 -29.3385 53 61 37
-67.5000 63.0000 -27.6740 56 58 44
-66.5000 63.0000 -26.4722 56 58 47
-65.5000 63.0000 -25.6364 55 57 46
-64.5000 63.0000 -25.0676 56 58 47
-63.5000 63.0000 -24.6763 59 59 47
-62.5000 63.0000 -24.3908 61 61 49
-61.5000 63.0000 -24.1602 64 65 51
-60.5000 63.0000 -23.9541 65 66 50
-59.5000 63.0000 -23.7585 68 67 49
-58.5000 63.0000 -23.5712 71 70 52
-57.5000 63.0000 -23.3956 75 72 53
-56.5000 63.0000 -23.2358 75 73 52
-55.5000 63.0000 -23.0939 72 70 49
-54.5000 63.0000 -22.9688 71 69 46
-53.5000 63.0000 -22.8574 73 68 46
-52.5000 63.0000 -22.7561 75 69 47
-51.5000 63.0000 -22.6623 80 69 51
-50.5000 63.0000 -22.5745 82 69 52
-49.5000 63.0000 -22.4920 85 69 53
-48.5000 63.0000 -22.4129 84 71 54
-47.5000 63.0000 -22.3344 87 72 53
-46.5000 63.0000 -22.2526 85 72 53
-45.5000 63.0000 -22.1634 86 71 50
-44.5000 63.0000 -22.0645 84 72 50
-43.5000 63.0000 -21.9558 90 75 54
-42.5000 63.0000 -21.8408 88 76 54
-41.5000 63.0000 -21.7259 90 75 52
-40.5000 63.0000 -21.6193 88 76 52
-39.5000 63.0000 -21.5297 91 77 51
-38.5000 63.0000 -21.4643 90 78 52
-37.5000 63.0000 -21.4288 93 79 53
-36.5000 63.0000 -21.4266 91 79 53
-35.5000 63.0000 -21.4603 88 81 53
-34.5000 63.0000 -21.5320 84 79 50
-33.5000 63.0000 -21.6446 82 77 48
-32.5000 63.0000 -21.8024 82 77 48
-31.5000 63.0000 -22.0110 83 77 51
-30.5000 63.0000 -22.2775 83 77 51
-29.5000 63.0000 -22.6099 81 75 53
-28.5000 63.0000 -23.0168 79 73 51
-27.5000 63.0000 -23.5055 76 69 50
-26.5000 63.0000 -24.0787 74 67 48
-25.5000 63.0000 -24.7305 69 63 47
-24.5000 63.0000 -25.4414 64 58 42
-23.5000 63.0000 -26.1767 58 52 38
-22.5000 63.0000 -26.8893 53 47 33
-21.5000 63.0000 -27.5286 49 43 29
-20.5000 63.0000 -28.0524 45 42 27
-19.5000 63.0000 -28.4378 37 35 20
-18.5000 63.0000 -28.6859 42 40 25
-17.5000 63.0000 -28.8195 47 45 30
-16.5000 63.0000 -28.8733 48 46 31
-15.5000 63.0000 -28.8838 47 45 30
-14.5000 63.0000 -28.8814 45 43 28
-13.5000 63.0000 -28.8868 45 43 30
-12.5000 63.0000 -28.9120 46 44 31
-11.5000 63.0000 -28.9623 44 42 30
-10.5000 63.0000 -29.0374 44 42 30
-9.5000 63.0000 -29.1332 44 41 32
-8.5000 63.0000 -29.2431 44 41 32
-7.5000 63.0000 -29.3590 44 41 32
-6.5000 63.0000 -29.4738 43 40 31
-5.5000 63.0000 -29.5828 42 39 30
-4.5000 63.0000 -29.6843 41 38 29
-3.5000 63.0000 -29.7800 44 41 32
-2.5000 63.0000 -29.8751 42 39 30
-1.5000 63.0000 -29.9772 40 37 28
-0.5000 63.0000 -30.0966 41 38 29
0.5000 63.0000 -30.2445 43 40 31
1.5000 63.0000 -30.4318 44 41 32
2.5000 63.0000 -30.6658 43 40 31
3.5000 63.0000 -30.9479 40 37 28
4.5000 63.0000 -31.2719 38 35 26
5.5000 63.0000 -31.6249 37 34 25
6.5000 63.0000 -31.9908 35 32 23
7.5000 63.0000 -32.3543 33 30 21
8.5000 63.0000 -32.7056 32 29 20
9.5000 63.0000 -33.0439 32 29 20
10.5000 63.0000 -33.3779 32 29 20
11.5000 63.0000 -33.7231 31 31 21
12.5000 63.0000 -34.0961 32 32 22
13.5000 63.0000 -34.5076 31 33 22
14.5000 63.0000 -34.9585 30 32 21
15.5000 63.0000 -35.4395 29 31 20
16.5000 63.0000 -35.9361 28 30 19
17.5000 63.0000 -36.4359 26 28 17
18.5000 63.0000 -36.9340 25 27 16
19.5000 63.0000 -37.4344 24 26 15
20.5000 63.0000 -37.9450 27 29 18
21.5000 63.0000 -38.4715 27 29 18
22.5000 63.0000 -39.0108 25 27 16
23.5000 63.0000 -39.5501 24 26 15
24.5000 63.0000 -40.0694 23 25 14
25.5000 63.0000 -40.5474 22 24 13
26.5000 63.0000 -40.9672 22 24 13
27.5000 63.0000 -41.3193 22 24 13
28.5000 63.0000 -41.6023 24 26 15
29.5000 63.0000 -41.8204 20 22 11
30.5000 63.0000 -41.9805 18 18 8
31.5000 63.0000 -42.0903 20 20 10
32.5000 63.0000 -42.1579 26 23 14
33.5000 63.0000 -42.1925 27 24 15
34.5000 63.0000 -42.2071 26 22 13
35.5000 63.0000 -42.2202 22 18 9
36.5000 63.0000 -42.2550 27 20 12
37.5000 63.0000 -42.3355 27 20 12
38.5000 63.0000 -42.4809 27 18 11
39.5000 63.0000 -42.7021 27 18 11
40.5000 63.0000 -43.0022 27 16 10
41.5000 63.0000 -43.3833 27 16 10
42.5000 63.0000 -43.8557 27 16 10
43.5000 63.0000 -44.4439 28 14 11
44.5000 63.0000 -45.1846 30 16 15
45.5000 63.0000 -46.1156 29 17 17
46.5000 63.0000 -47.2603 30 18 18
47.5000 63.0000 -48.6156 29 19 18
48.5000 63.0000 -50.1469 27 17 16
49.5000 63.0000 -51.7937 23 15 13
-75.5000 62.0000 -49.1801 39 45 35
-74.5000 62.0000 -44.5982 51 57 45
-73.5000 62.0000 -40.3801 64 70 56
-72.5000 62.0000 -36.6204 66 73 57
-71.5000 62.0000 -33.3947 60 68 47
-70.5000 62.0000 -30.7423 58 66 43
-69.5000 62.0000 -28.6571 65 73 49
-68.5000 62.0000 -27.0920 73 81 58
-67.5000 62.0000 -25.9703 63 67 52
-66.5000 62.0000 -25.2011 63 65 52
-65.5000 62.0000 -24.6917 62 64 51
-64.5000 62.0000 -24.3572 61 63 50
-63.5000 62.0000 -24.1265 61 61 49
-62.5000 62.0000 -23.9464 60 61 47
-61.5000 62.0000 -23.7815 59 60 44
-60.5000 62.0000 -23.6135 60 59 41
-59.5000 62.0000 -23.4374 65 64 46
-58.5000 62.0000 -23.2571 69 66 47
-57.5000 62.0000 -23.0808 73 71 50
-56.5000 62.0000 -22.9166 77 72 52
-55.5000 62.0000 -22.7692 76 71 49
-54.5000 62.0000 -22.6395 76 71 49
-53.5000 62.0000 -22.5254 78 72 50
-52.5000 62.0000 -22.4237 81 73 52
-51.5000 62.0000 -22.3314 80 69 51
-50.5000 62.0000 -22.2470 82 69 52
-49.5000 62.0000 -22.1691 85 72 55
-48.5000 62.0000 -22.0963 86 73 56
-47.5000 62.0000 -22.0254 87 74 55
-46.5000 62.0000 -21.9524 86 73 54
-45.5000 62.0000 -21.8726 85 73 51
-44.5000 62.0000 -21.7826 84 72 50
-43.5000 62.0000 -21.6816 90 78 56
-42.5000 62.0000 -21.5726 90 78 56
-41.5000 62.0000 -21.4616 90 78 54
-40.5000 62.0000 -21.3573 91 79 55
-39.5000 62.0000 -21.2685 92 80 54
-38.5000 62.0000 -21.2029 93 81 55
-37.5000 62.0000 -21.1658 95 83 57
-36.5000 62.0000 -21.1606 96 84 58
-35.5000 62.0000 -21.1887 93 83 56
-34.5000 62.0000 -21.2514 90 80 53
-33.5000 62.0000 -21.3508 86 76 49
-32.5000 62.0000 -21.4902 83 76 48
-31.5000 62.0000 -21.6752 84 77 51
-30.5000 62.0000 -21.9125 84 77 51
-29.5000 62.0000 -22.2105 81 75 51
-28.5000 62.0000 -22.5777 79 73 51
-27.5000 62.0000 -23.0222 78 71 52
-26.5000 62.0000 -23.5481 76 69 50
-25.5000 62.0000 -24.1521 72 65 47
-24.5000 62.0000 -24.8188 67 60 42
-23.5000 62.0000 -25.5181 61 54 38
-22.5000 62.0000 -26.2075 55 48 32
-21.5000 62.0000 -26.8389 51 44 28
-20.5000 62.0000 -27.3699 48 42 28
-19.5000 62.0000 -27.7744 40 37 22
-18.5000 62.0000 -28.0484 43 41 26
-17.5000 62.0000 -28.2082 48 46 33
-16.5000 62.0000 -28.2829 49 47 34
-15.5000 62.0000 -28.3054 48 46 33
-14.5000 62.0000 -28.3042 45 43 30
-13.5000 62.0000 -28.3007 45 43 30
-12.5000 62.0000 -28.3089 43 43 31
-11.5000 62.0000 -28.3370 50 48 36
-10.5000 62.0000 -28.3887 47 47 37
-9.5000 62.0000 -28.4637 45 45 35
-8.5000 62.0000 -28.5585 43 43 33
-7.5000 62.0000 -28.6674 43 43 35
-6.5000 62.0000 -28.7840 43 43 35
-5.5000 62.0000 -28.9027 44 44 36
-4.5000 62.0000 -29.0200 45 45 37
-3.5000 62.0000 -29.1351 46 43 36
-2.5000 62.0000 -29.2504 44 39 33
-1.5000 62.0000 -29.3715 42 37 31
-0.5000 62.0000 -29.5066 43 39 30
0.5000 62.0000 -29.6654 46 42 33
1.5000 62.0000 -29.8574 47 43 34
2.5000 62.0000 -30.0892 45 41 30
3.5000 62.0000 -30.3616 42 38 27
4.5000 62.0000 -30.6689 39 35 24
5.5000 62.0000 -30.9990 38 34 23
6.5000 62.0000 -31.3370 35 31 22
7.5000 62.0000 -31.6687 33 29 20
8.5000 62.0000 -31.9858 32 28 19
9.5000 62.0000 -32.2883 32 27 21
10.5000 62.0000 -32.5856 33 28 22
11.5000 62.0000 -32.8936 33 30 23
12.5000 62.0000 -33.2297 34 31 22
13.5000 62.0000 -33.6057 32 32 22
14.5000 62.0000 -34.0243 32 32 22
15.5000 62.0000 -34.4777 31 31 21
16.5000 62.0000 -34.9523 30 30 20
17.5000 62.0000 -35.4350 28 28 18
18.5000 62.0000 -35.9196 27 27 17
19.5000 62.0000 -36.4088 26 26 16
20.5000 62.0000 -36.9113 34 34 26
21.5000 62.0000 -37.4357 32 32 24
22.5000 62.0000 -37.9836 29 29 21
23.5000 62.0000 -38.5462 26 26 18
24.5000 62.0000 -39.1053 24 24 16
25.5000 62.0000 -39.6378 23 23 15
26.5000 62.0000 -40.1222 22 22 14
27.5000 62.0000 -40.5425 21 22 14
28.5000 62.0000 -40.8908 25 28 19
29.5000 62.0000 -41.1660 19 22 13
30.5000 62.0000 -41.3724 15 18 7
31.5000 62.0000 -41.5168 18 20 9
32.5000 62.0000 -41.6071 24 26 15
33.5000 62.0000 -41.6528 28 28 16
34.5000 62.0000 -41.6660 23 23 11
35.5000 62.0000 -41.6632 20 18 6
36.5000 62.0000 -41.6656 25 21 10
37.5000 62.0000 -41.6963 25 21 10
38.5000 62.0000 -41.7755 27 20 10
39.5000 62.0000 -41.9158 26 19 9
40.5000 62.0000 -42.1221 27 18 9
41.5000 62.0000 -42.3967 26 17 10
42.5000 62.0000 -42.7490 27 16 10
43.5000 62.0000 -43.2028 26 15 11
44.5000 62.0000 -43.7963 27 16 14
45.5000 62.0000 -44.5735 29 18 16
46.5000 62.0000 -45.5692 32 21 19
47.5000 62.0000 -46.7952 31 21 19
48.5000 62.0000 -48.2330 30 20 18
49.5000 62.0000 -49.8363 25 17 14
50.5000 62.0000 -51.5390 18 13 10
-77.5000 61.0000 -53.4873 14 20 10
-76.5000 61.0000 -48.3532 32 38 26
-75.5000 61.0000 -43.6205 62 68 54
-74.5000 61.0000 -39.3791 62 68 54
-73.5000 61.0000 -35.6854 61 67 53
-72.5000 61.0000 -32.5693 61 67 53
-71.5000 61.0000 -30.0340 60 66 52
-70.5000 61.0000 -28.0533 60 67 51
-69.5000 61.0000 -26.5728 60 66 52
-68.5000 61.0000 -25.5168 59 66 50
-67.5000 61.0000 -24.7990 64 68 53
-66.5000 61.0000 -24.3327 64 68 53
-65.5000 61.0000 -24.0392 64 66 52
-64.5000 61.0000 -23.8516 63 65 51
-63.5000 61.0000 -23.7173 63 64 50
-62.5000 61.0000 -23.5985 62 63 47
-61.5000 61.0000 -23.4718 63 61 46
-60.5000 61.0000 -23.3268 62 61 43
-59.5000 61.0000 -23.1633 70 67 50
-58.5000 61.0000 -22.9885 73 68 49
-57.5000 61.0000 -22.8125 75 70 50
-56.5000 61.0000 -22.6452 79 72 53
-55.5000 61.0000 -22.4930 80 73 54
-54.5000 61.0000 -22.3583 81 74 55
-53.5000 61.0000 -22.2396 82 74 55
-52.5000 61.0000 -22.1343 82 74 55
-51.5000 61.0000 -22.0395 82 71 53
-50.5000 61.0000 -21.9539 86 75 57
-49.5000 61.0000 -21.8763 87 76 58
-48.5000 61.0000 -21.8056 84 73 55
-47.5000 61.0000 -21.7390 83 72 52
-46.5000 61.0000 -21.6720 86 75 55
-45.5000 61.0000 -21.5996 85 74 54
-44.5000 61.0000 -21.5171 80 69 49
-43.5000 61.0000 -21.4229 85 74 52
-42.5000 61.0000 -21.3188 87 76 54
-41.5000 61.0000 -21.2107 91 81 56
-40.5000 61.0000 -21.1072 93 83 58
-39.5000 61.0000 -21.0176 94 84 59
-38.5000 61.0000 -20.9498 92 82 57
-37.5000 61.0000 -20.9095 90 80 53
-36.5000 61.0000 -20.8996 89 77 51
-35.5000 61.0000 -20.9210 92 78 52
-34.5000 61.0000 -20.9744 93 77 52
-33.5000 61.0000 -21.0608 94 78 55
-32.5000 61.0000 -21.1833 92 77 54
-31.5000 61.0000 -21.3467 89 77 53
-30.5000 61.0000 -21.5574 87 77 52
-29.5000 61.0000 -21.8232 83 75 52
-28.5000 61.0000 -22.1527 81 73 50
-27.5000 61.0000 -22.5538 76 68 47
-26.5000 61.0000 -23.0321 74 66 45
-25.5000 61.0000 -23.5868 72 64 45
-24.5000 61.0000 -24.2064 72 64 45
-23.5000 61.0000 -24.8662 71 62 45
-22.5000 61.0000 -25.5284 68 59 42
-21.5000 61.0000 -26.1483 64 52 36
-20.5000 61.0000 -26.6841 57 48 33
-19.5000 61.0000 -27.1070 58 54 42
-18.5000 61.0000 -27.4074 55 53 40
-17.5000 61.0000 -27.5950 53 51 39
-16.5000 61.0000 -27.6928 50 48 36
-15.5000 61.0000 -27.7288 46 46 34
-14.5000 61.0000 -27.7298 45 45 33
-13.5000 61.0000 -27.7177 44 44 32
-12.5000 61.0000 -27.7089 43 45 34
-11.5000 61.0000 -27.7151 50 50 40
-10.5000 61.0000 -27.7436 48 49 41
-9.5000 61.0000 -27.7977 47 48 40
-8.5000 61.0000 -27.8772 48 49 41
-7.5000 61.0000 -27.9784 48 51 44
-6.5000 61.0000 -28.0958 46 49 42
-5.5000 61.0000 -28.2235 42 45 38
-4.5000 61.0000 -28.3562 39 40 34
-3.5000 61.0000 -28.4906 51 50 46
-2.5000 61.0000 -28.6265 51 47 44
-1.5000 61.0000 -28.7668 48 45 40
-0.5000 61.0000 -28.9172 46 43 36
0.5000 61.0000 -29.0856 45 42 33
1.5000 61.0000 -29.2797 44 42 30
2.5000 61.0000 -29.5051 45 43 30
3.5000 61.0000 -29.7628 46 44 31
4.5000 61.0000 -30.0480 39 37 24
5.5000 61.0000 -30.3506 39 37 24
6.5000 61.0000 -30.6583 39 37 25
7.5000 61.0000 -30.9595 40 37 28
8.5000 61.0000 -31.2477 40 37 30
9.5000 61.0000 -31.5242 40 37 32
10.5000 61.0000 -31.7980 40 36 33
11.5000 61.0000 -32.0839 41 36 32
12.5000 61.0000 -32.3977 39 34 28
13.5000 61.0000 -32.7508 40 33 27
14.5000 61.0000 -33.1460 39 32 26
15.5000 61.0000 -33.5772 38 31 25
16.5000 61.0000 -34.0324 35 30 24
17.5000 61.0000 -34.5002 34 29 23
18.5000 61.0000 -34.9747 34 29 23
19.5000 61.0000 -35.4587 33 28 22
20.5000 61.0000 -35.9609 34 29 25
21.5000 61.0000 -36.4909 33 28 24
22.5000 61.0000 -37.0519 31 28 23
23.5000 61.0000 -37.6372 29 26 21
24.5000 61.0000 -38.2297 27 24 19
25.5000 61.0000 -38.8057 25 22 17
26.5000 61.0000 -39.3415 24 21 16
27.5000 61.0000 -39.8177 21 20 15
28.5000 61.0000 -40.2224 14 21 14
29.5000 61.0000 -40.5511 12 22 13
30.5000 61.0000 -40.8049 12 22 11
31.5000 61.0000 -40.9883 14 22 9
32.5000 61.0000 -41.1073 15 23 8
33.5000 61.0000 -41.1689 16 23 7
34.5000 61.0000 -41.1826 18 22 5
35.5000 61.0000 -41.1626 19 22 5
36.5000 61.0000 -41.1288 27 28 10
37.5000 61.0000 -41.1052 27 28 10
38.5000 61.0000 -41.1149 29 27 12
39.5000 61.0000 -41.1748 30 27 12
40.5000 61.0000 -41.2933 31 25 13
41.5000 61.0000 -41.4747 29 22 12
42.5000 61.0000 -41.7278 29 20 13
43.5000 61.0000 -42.0745 27 18 11
44.5000 61.0000 -42.5521 31 22 17
45.5000 61.0000 -43.2066 31 22 17
46.5000 61.0000 -44.0785 29 20 15
47.5000 61.0000 -45.1894 27 20 14
48.5000 61.0000 -46.5330 23 18 12
49.5000 61.0000 -48.0753 21 18 11
50.5000 61.0000 -49.7603 20 17 12
51.5000 61.0000 -51.5192 17 16 11
52.5000 61.0000 -53.2815 18 19 13
53.5000 61.0000 -54.9852 13 16 9
-78.5000 60.0000 -53.7557 18 24 12
-77.5000 60.0000 -48.2427 36 42 28
-76.5000 60.0000 -43.2181 48 55 39
-75.5000 60.0000 -38.8017 57 64 48
-74.5000 60.0000 -35.0453 57 64 48
-73.5000 60.0000 -31.9487 59 66 50
-72.5000 60.0000 -29.4763 60 66 52
-71.5000 60.0000 -27.5696 62 68 54
-70.5000 60.0000 -26.1547 63 69 57
-69.5000 60.0000 -25.1489 64 70 60
-68.5000 60.0000 -24.4664 65 71 59
-67.5000 60.0000 -24.0255 65 69 54
-66.5000 60.0000 -23.7532 65 69 52
-65.5000 60.0000 -23.5885 65 68 51
-64.5000 60.0000 -23.4825 64 67 50
-63.5000 60.0000 -23.3984 64 65 49
-62.5000 60.0000 -23.3109 63 64 48
-61.5000 60.0000 -23.2046 65 64 46
-60.5000 60.0000 -23.0737 64 63 45
-59.5000 60.0000 -22.9201 72 67 48
-58.5000 60.0000 -22.7515 74 69 50
-57.5000 60.0000 -22.5784 77 70 51
-56.5000 60.0000 -22.4108 79 72 53
-55.5000 60.0000 -22.2558 82 74 55
-54.5000 60.0000 -22.1166 83 75 56
-53.5000 60.0000 -21.9927 85 74 56
-52.5000 60.0000 -21.8818 85 74 56
-51.5000 60.0000 -21.7818 82 74 55
-50.5000 60.0000 -21.6914 87 79 60
-49.5000 60.0000 -21.6104 88 80 61
-48.5000 60.0000 -21.5380 84 76 57
-47.5000 60.0000 -21.4718 84 76 55
-46.5000 60.0000 -21.4076 88 80 59
-45.5000 60.0000 -21.3397 86 78 57
-44.5000 60.0000 -21.2626 81 73 52
-43.5000 60.0000 -21.1735 82 74 51
-42.5000 60.0000 -21.0733 84 76 53
-41.5000 60.0000 -20.9673 88 81 55
-40.5000 60.0000 -20.8637 91 84 58
-39.5000 60.0000 -20.7721 94 87 61
-38.5000 60.0000 -20.7006 95 88 62
-37.5000 60.0000 -20.6552 95 88 60
-36.5000 60.0000 -20.6388 98 86 60
-35.5000 60.0000 -20.6521 98 80 56
-34.5000 60.0000 -20.6954 100 80 56
-33.5000 60.0000 -20.7694 98 80 58
-32.5000 60.0000 -20.8765 97 81 58
-31.5000 60.0000 -21.0210 95 80 57
-30.5000 60.0000 -21.2087 90 80 55
-29.5000 60.0000 -21.4465 88 77 55
-28.5000 60.0000 -21.7421 85 77 54
-27.5000 60.0000 -22.1034 86 78 57
-26.5000 60.0000 -22.5364 84 76 55
-25.5000 60.0000 -23.0427 81 73 52
-24.5000 60.0000 -23.6148 78 70 49
-23.5000 60.0000 -24.2330 76 65 47
-22.5000 60.0000 -24.8649 70 59 41
-21.5000 60.0000 -25.4694 62 49 32
-20.5000 60.0000 -26.0061 52 43 26
-19.5000 60.0000 -26.4437 56 52 40
-18.5000 60.0000 -26.7677 54 52 40
-17.5000 60.0000 -26.9811 52 50 38
-16.5000 60.0000 -27.1005 48 48 36
-15.5000 60.0000 -27.1495 46 46 36
-14.5000 60.0000 -27.1533 45 45 35
-13.5000 60.0000 -27.1342 44 46 35
-12.5000 60.0000 -27.1113 44 46 35
-11.5000 60.0000 -27.0993 50 51 43
-10.5000 60.0000 -27.1086 48 51 42
-9.5000 60.0000 -27.1454 47 50 43
-8.5000 60.0000 -27.2116 47 50 43
-7.5000 60.0000 -27.3058 46 51 44
-6.5000 60.0000 -27.4233 45 50 43
-5.5000 60.0000 -27.5581 41 46 40
-4.5000 60.0000 -27.7038 39 41 36
-3.5000 60.0000 -27.8551 50 49 47
-2.5000 60.0000 -28.0090 51 47 44
-1.5000 60.0000 -28.1657 48 45 40
-0.5000 60.0000 -28.3285 46 43 36
0.5000 60.0000 -28.5032 45 42 33
1.5000 60.0000 -28.6960 45 43 30
2.5000 60.0000 -28.9116 45 43 30
3.5000 60.0000 -29.1511 46 44 29
4.5000 60.0000 -29.4112 43 41 26
5.5000 60.0000 -29.6846 43 41 26
6.5000 60.0000 -29.9620 43 41 29
7.5000 60.0000 -30.2354 43 40 31
8.5000 60.0000 -30.5006 43 40 33
9.5000 60.0000 -30.7597 42 39 34
10.5000 60.0000 -31.0212 42 38 35
11.5000 60.0000 -31.2977 42 38 35
12.5000 60.0000 -31.6023 41 36 32
13.5000 60.0000 -31.9443 40 35 29
14.5000 60.0000 -32.3260 40 35 29
15.5000 60.0000 -32.7424 38 33 27
16.5000 60.0000 -33.1838 37 32 26
17.5000 60.0000 -33.6410 36 31 25
18.5000 60.0000 -34.1094 36 31 27
19.5000 60.0000 -34.5919 35 30 26
20.5000 60.0000 -35.0968 34 29 25
21.5000 60.0000 -35.6329 33 28 24
22.5000 60.0000 -36.2037 32 27 23
23.5000 60.0000 -36.8032 30 25 21
24.5000 60.0000 -37.4157 29 24 21
25.5000 60.0000 -38.0190 29 21 18
26.5000 60.0000 -38.5897 28 20 18
27.5000 60.0000 -39.1078 24 20 17
28.5000 60.0000 -39.5597 17 22 16
29.5000 60.0000 -39.9385 14 24 16
30.5000 60.0000 -40.2421 14 24 15
31.5000 60.0000 -40.4713 16 24 11
32.5000 60.0000 -40.6276 17 25 10
33.5000 60.0000 -40.7136 18 25 7
34.5000 60.0000 -40.7344 20 24 7
35.5000 60.0000 -40.7013 20 25 5
36.5000 60.0000 -40.6334 20 23 2
37.5000 60.0000 -40.5566 22 24 3
38.5000 60.0000 -40.4988 26 25 7
39.5000 60.0000 -40.4827 28 27 9
40.5000 60.0000 -40.5219 30 26 14
41.5000 60.0000 -40.6242 30 26 14
42.5000 60.0000 -40.7986 32 25 15
43.5000 60.0000 -41.0654 31 24 16
44.5000 60.0000 -41.4592 28 24 15
45.5000 60.0000 -42.0241 28 24 15
46.5000 60.0000 -42.8018 27 23 14
47.5000 60.0000 -43.8178 25 21 12
48.5000 60.0000 -45.0733 22 19 12
49.5000 60.0000 -46.5434 19 19 11
50.5000 60.0000 -48.1815 18 18 10
51.5000 60.0000 -49.9269 16 17 9
52.5000 60.0000 -51.7135 17 18 12
53.5000 60.0000 -53.4797 12 15 8
-79.5000 59.0000 -54.7643 13 16 7
-78.5000 59.0000 -48.8569 39 42 31
-77.5000 59.0000 -43.4649 58 62 48
-76.5000 59.0000 -38.7552 64 68 53
-75.5000 59.0000 -34.8053 59 63 48
-74.5000 59.0000 -31.6131 60 64 47
-73.5000 59.0000 -29.1198 61 65 48
-72.5000 59.0000 -27.2351 62 66 51
-71.5000 59.0000 -25.8571 64 68 54
-70.5000 59.0000 -24.8854 65 69 55
-69.5000 59.0000 -24.2267 67 70 59
-68.5000 59.0000 -23.7992 67 71 57
-67.5000 59.0000 -23.5337 66 70 55
-66.5000 59.0000 -23.3739 65 69 52
-65.5000 59.0000 -23.2760 66 69 52
-64.5000 59.0000 -23.2067 66 69 52
-63.5000 59.0000 -23.1420 66 67 49
-62.5000 59.0000 -23.0654 66 67 49
-61.5000 59.0000 -22.9673 68 67 49
-60.5000 59.0000 -22.8443 67 66 48
-59.5000 59.0000 -22.6986 73 68 49
-58.5000 59.0000 -22.5369 74 69 50
-57.5000 59.0000 -22.3686 78 71 52
-56.5000 59.0000 -22.2029 80 73 54
-55.5000 59.0000 -22.0471 83 75 56
-54.5000 59.0000 -21.9045 83 75 56
-53.5000 59.0000 -21.7754 85 74 54
-52.5000 59.0000 -21.6581 85 74 54
-51.5000 59.0000 -21.5512 87 76 58
-50.5000 59.0000 -21.4539 92 81 63
-49.5000 59.0000 -21.3666 93 82 64
-48.5000 59.0000 -21.2892 90 79 61
-47.5000 59.0000 -21.2201 90 79 59
-46.5000 59.0000 -21.1551 93 82 62
-45.5000 59.0000 -21.0884 92 81 59
-44.5000 59.0000 -21.0141 87 76 54
-43.5000 59.0000 -20.9283 88 77 55
-42.5000 59.0000 -20.8309 89 78 56
-41.5000 59.0000 -20.7262 91 81 56
-40.5000 59.0000 -20.6222 94 84 59
-39.5000 59.0000 -20.5279 97 87 60
-38.5000 59.0000 -20.4520 99 89 62
-37.5000 59.0000 -20.4003 101 91 64
-36.5000 59.0000 -20.3760 102 90 64
-35.5000 59.0000 -20.3801 102 84 60
-34.5000 59.0000 -20.4128 104 84 60
-33.5000 59.0000 -20.4748 103 85 61
-32.5000 59.0000 -20.5683 101 85 60
-31.5000 59.0000 -20.6969 99 84 61
-30.5000 59.0000 -20.8655 95 85 60
-29.5000 59.0000 -21.0799 93 82 60
-28.5000 59.0000 -21.3466 90 82 59
-27.5000 59.0000 -21.6727 85 77 54
-26.5000 59.0000 -22.0645 84 76 53
-25.5000 59.0000 -22.5252 83 75 54
-24.5000 59.0000 -23.0509 83 75 54
-23.5000 59.0000 -23.6267 83 72 54
-22.5000 59.0000 -24.2253 77 66 48
-21.5000 59.0000 -24.8102 69 56 39
-20.5000 59.0000 -25.3422 60 51 34
-19.5000 59.0000 -25.7890 46 43 28
-18.5000 59.0000 -26.1313 43 44 30
-17.5000 59.0000 -26.3660 44 45 31
-16.5000 59.0000 -26.5040 46 47 33
-15.5000 59.0000 -26.5650 48 48 36
-14.5000 59.0000 -26.5725 50 52 39
-13.5000 59.0000 -26.5498 53 55 44
-12.5000 59.0000 -26.5180 55 57 46
-11.5000 59.0000 -26.4940 51 54 43
-10.5000 59.0000 -26.4905 49 52 41
-9.5000 59.0000 -26.5152 48 51 42
-8.5000 59.0000 -26.5718 47 53 43
-7.5000 59.0000 -26.6601 48 53 46
-6.5000 59.0000 -26.7767 47 52 45
-5.5000 59.0000 -26.9160 43 50 42
-4.5000 59.0000 -27.0710 41 46 39
-3.5000 59.0000 -27.2347 50 49 45
-2.5000 59.0000 -27.4018 50 46 43
-1.5000 59.0000 -27.5703 49 46 41
-0.5000 59.0000 -27.7413 47 44 37
0.5000 59.0000 -27.9189 46 43 34
1.5000 59.0000 -28.1080 46 44 31
2.5000 59.0000 -28.3125 46 44 31
3.5000 59.0000 -28.5339 46 44 29
4.5000 59.0000 -28.7702 48 46 31
5.5000 59.0000 -29.0166 48 46 31
6.5000 59.0000 -29.2671 47 45 33
7.5000 59.0000 -29.5169 46 43 34
8.5000 59.0000 -29.7646 45 42 35
9.5000 59.0000 -30.0130 45 42 37
10.5000 59.0000 -30.2697 44 40 37
11.5000 59.0000 -30.5450 42 41 37
12.5000 59.0000 -30.8492 37 40 33
13.5000 59.0000 -31.1888 35 40 33
14.5000 59.0000 -31.5651 36 39 32
15.5000 59.0000 -31.9737 35 38 31
16.5000 59.0000 -32.4069 34 37 30
17.5000 59.0000 -32.8575 34 35 29
18.5000 59.0000 -33.3226 34 33 28
19.5000 59.0000 -33.8046 34 33 28
20.5000 59.0000 -34.3105 34 31 26
21.5000 59.0000 -34.8475 34 29 25
22.5000 59.0000 -35.4182 33 28 24
23.5000 59.0000 -36.0176 33 26 20
24.5000 59.0000 -36.6324 32 24 21
25.5000 59.0000 -37.2435 31 22 17
26.5000 59.0000 -37.8307 30 20 18
27.5000 59.0000 -38.3757 29 21 18
28.5000 59.0000 -38.8652 23 22 18
29.5000 59.0000 -39.2905 21 23 18
30.5000 59.0000 -39.6461 21 24 17
31.5000 59.0000 -39.9277 22 24 13
32.5000 59.0000 -40.1309 22 24 11
33.5000 59.0000 -40.2519 22 25 8
34.5000 59.0000 -40.2902 23 24 8
35.5000 59.0000 -40.2534 23 24 6
36.5000 59.0000 -40.1599 20 22 1
37.5000 59.0000 -40.0383 23 22 2
38.5000 59.0000 -39.9216 25 24 6
39.5000 59.0000 -39.8389 28 25 8
40.5000 59.0000 -39.8106 29 25 13
41.5000 59.0000 -39.8486 29 25 13
42.5000 59.0000 -39.9636 29 25 14
43.5000 59.0000 -40.1744 28 24 13
44.5000 59.0000 -40.5121 28 25 16
45.5000 59.0000 -41.0169 27 24 15
46.5000 59.0000 -41.7272 26 23 14
47.5000 59.0000 -42.6682 25 22 13
48.5000 59.0000 -43.8437 21 21 13
49.5000 59.0000 -45.2346 19 19 11
50.5000 59.0000 -46.8026 18 18 10
51.5000 59.0000 -48.4959 17 18 10
52.5000 59.0000 -50.2564 16 17 11
53.5000 59.0000 -52.0284 12 15 8
112.5000 59.0000 -126.3449 17 13 14
-79.5000 58.0000 -50.0907 29 31 20
-78.5000 58.0000 -44.3188 50 54 40
-77.5000 58.0000 -39.2565 64 66 52
-76.5000 58.0000 -35.0190 66 70 53
-75.5000 58.0000 -31.6245 66 69 52
-74.5000 58.0000 -29.0134 65 70 50
-73.5000 58.0000 -27.0780 65 68 51
-72.5000 58.0000 -25.6913 64 68 51
-71.5000 58.0000 -24.7290 64 66 52
-70.5000 58.0000 -24.0824 63 67 52
-69.5000 58.0000 -23.6618 64 66 53
-68.5000 58.0000 -23.3967 63 67 53
-67.5000 58.0000 -23.2329 66 70 55
-66.5000 58.0000 -23.1302 66 70 53
-65.5000 58.0000 -23.0589 67 70 53
-64.5000 58.0000 -22.9980 67 70 53
-63.5000 58.0000 -22.9329 68 69 51
-62.5000 58.0000 -22.8537 69 70 52
-61.5000 58.0000 -22.7548 71 70 52
-60.5000 58.0000 -22.6342 71 70 50
-59.5000 58.0000 -22.4935 74 69 50
-58.5000 58.0000 -22.3378 75 70 51
-57.5000 58.0000 -22.1747 79 72 53
-56.5000 58.0000 -22.0120 81 74 55
-55.5000 58.0000 -21.8564 84 76 57
-54.5000 58.0000 -21.7113 84 76 57
-53.5000 58.0000 -21.5775 86 75 55
-52.5000 58.0000 -21.4539 86 75 55
-51.5000 58.0000 -21.3395 87 76 58
-50.5000 58.0000 -21.2342 92 81 63
-49.5000 58.0000 -21.1390 94 83 65
-48.5000 58.0000 -21.0544 91 80 62
-47.5000 58.0000 -20.9794 91 80 60
-46.5000 58.0000 -20.9104 95 84 64
-45.5000 58.0000 -20.8418 94 83 61
-44.5000 58.0000 -20.7675 89 78 56
-43.5000 58.0000 -20.6829 95 84 62
-42.5000 58.0000 -20.5871 95 85 60
-41.5000 58.0000 -20.4834 95 85 60
-40.5000 58.0000 -20.3788 95 85 60
-39.5000 58.0000 -20.2822 95 85 58
-38.5000 58.0000 -20.2016 97 87 60
-37.5000 58.0000 -20.1433 98 88 61
-36.5000 58.0000 -20.1106 99 87 61
-35.5000 58.0000 -20.1052 105 87 63
-34.5000 58.0000 -20.1274 107 87 63
-33.5000 58.0000 -20.1784 105 87 63
-32.5000 58.0000 -20.2601 104 88 63
-31.5000 58.0000 -20.3755 102 87 64
-30.5000 58.0000 -20.5287 97 87 62
-29.5000 58.0000 -20.7239 95 84 62
-28.5000 58.0000 -20.9665 92 84 61
-27.5000 58.0000 -21.2623 85 77 54
-26.5000 58.0000 -21.6174 84 76 53
-25.5000 58.0000 -22.0360 85 77 56
-24.5000 58.0000 -22.5170 85 77 56
-23.5000 58.0000 -23.0499 86 75 57
-22.5000 58.0000 -23.6126 81 70 52
-21.5000 58.0000 -24.1728 74 61 44
-20.5000 58.0000 -24.6941 65 56 39
-19.5000 58.0000 -25.1433 57 54 39
-18.5000 58.0000 -25.4976 53 54 40
-17.5000 58.0000 -25.7489 51 52 38
-16.5000 58.0000 -25.9028 49 50 36
-15.5000 58.0000 -25.9755 47 49 36
-14.5000 58.0000 -25.9891 47 49 36
-13.5000 58.0000 -25.9675 47 49 38
-12.5000 58.0000 -25.9330 46 49 38
-11.5000 58.0000 -25.9043 54 57 46
-10.5000 58.0000 -25.8947 52 55 44
-9.5000 58.0000 -25.9129 48 54 44
-8.5000 58.0000 -25.9631 48 54 44
-7.5000 58.0000 -26.0464 50 55 48
-6.5000 58.0000 -26.1608 50 55 48
-5.5000 58.0000 -26.3014 46 53 45
-4.5000 58.0000 -26.4611 45 50 43
-3.5000 58.0000 -26.6318 49 48 43
-2.5000 58.0000 -26.8065 51 48 43
-1.5000 58.0000 -26.9814 50 47 40
-0.5000 58.0000 -27.1564 49 46 37
0.5000 58.0000 -27.3343 48 46 34
1.5000 58.0000 -27.5192 48 46 34
2.5000 58.0000 -27.7145 48 46 33
3.5000 58.0000 -27.9217 48 46 31
4.5000 58.0000 -28.1394 50 48 33
5.5000 58.0000 -28.3648 50 48 35
6.5000 58.0000 -28.5944 49 47 35
7.5000 58.0000 -28.8262 48 46 34
8.5000 58.0000 -29.0610 46 43 34
9.5000 58.0000 -29.3028 45 42 35
10.5000 58.0000 -29.5585 44 41 36
11.5000 58.0000 -29.8364 41 42 36
12.5000 58.0000 -30.1441 34 41 34
13.5000 58.0000 -30.4859 32 42 33
14.5000 58.0000 -30.8616 31 41 33
15.5000 58.0000 -31.2671 32 39 31
16.5000 58.0000 -31.6960 31 38 30
17.5000 58.0000 -32.1429 31 36 29
18.5000 58.0000 -32.6054 32 35 28
19.5000 58.0000 -33.0854 33 34 28
20.5000 58.0000 -33.5877 32 31 26
21.5000 58.0000 -34.1171 34 31 24
22.5000 58.0000 -34.6753 34 29 23
23.5000 58.0000 -35.2584 35 28 20
24.5000 58.0000 -35.8565 34 27 19
25.5000 58.0000 -36.4557 33 24 17
26.5000 58.0000 -37.0406 32 23 16
27.5000 58.0000 -37.5970 32 23 18
28.5000 58.0000 -38.1130 27 22 18
29.5000 58.0000 -38.5789 26 23 18
30.5000 58.0000 -38.9858 26 23 16
31.5000 58.0000 -39.3236 25 22 13
32.5000 58.0000 -39.5811 25 23 11
33.5000 58.0000 -39.7469 24 22 9
34.5000 58.0000 -39.8144 25 22 7
35.5000 58.0000 -39.7868 25 22 5
36.5000 58.0000 -39.6815 28 25 8
37.5000 58.0000 -39.5289 29 26 7
38.5000 58.0000 -39.3671 29 26 9
39.5000 58.0000 -39.2319 29 26 11
40.5000 58.0000 -39.1502 28 24 12
41.5000 58.0000 -39.1391 26 22 10
42.5000 58.0000 -39.2117 24 20 9
43.5000 58.0000 -39.3860 22 20 8
44.5000 58.0000 -39.6893 26 26 16
45.5000 58.0000 -40.1563 25 27 16
46.5000 58.0000 -40.8201 25 25 15
47.5000 58.0000 -41.7019 23 23 13
48.5000 58.0000 -42.8047 21 21 13
49.5000 58.0000 -44.1126 20 20 12
50.5000 58.0000 -45.5938 18 19 11
51.5000 58.0000 -47.2055 17 18 10
52.5000 58.0000 -48.9000 16 17 11
53.5000 58.0000 -50.6322 13 14 8
112.5000 58.0000 -125.6506 18 14 15
-80.5000 57.0000 -51.7975 31 33 22
-79.5000 57.0000 -45.6629 49 50 36
-78.5000 57.0000 -40.2364 56 59 42
-77.5000 57.0000 -35.6664 63 64 46
-76.5000 57.0000 -31.9985 66 69 50
-75.5000 57.0000 -29.1876 67 68 50
-74.5000 57.0000 -27.1252 66 69 48
-73.5000 57.0000 -25.6705 67 68 50
-72.5000 57.0000 -24.6800 66 69 50
-71.5000 57.0000 -24.0255 66 67 49
-70.5000 57.0000 -23.6037 65 68 51
-69.5000 57.0000 -23.3366 65 66 52
-68.5000 57.0000 -23.1675 64 66 52
-67.5000 57.0000 -23.0566 65 69 52
-66.5000 57.0000 -22.9761 65 69 52
-65.5000 57.0000 -22.9075 67 70 51
-64.5000 57.0000 -22.8383 68 71 52
-63.5000 57.0000 -22.7609 70 71 53
-62.5000 57.0000 -22.6704 71 72 54
-61.5000 57.0000 -22.5639 73 72 52
-60.5000 57.0000 -22.4406 74 73 53
-59.5000 57.0000 -22.3012 75 70 51
-58.5000 57.0000 -22.1491 76 71 51
-57.5000 57.0000 -21.9898 80 73 54
-56.5000 57.0000 -21.8297 82 75 56
-55.5000 57.0000 -21.6744 85 77 56
-54.5000 57.0000 -21.5272 85 77 56
-53.5000 57.0000 -21.3891 88 77 57
-52.5000 57.0000 -21.2596 87 76 56
-51.5000 57.0000 -21.1379 86 75 55
-50.5000 57.0000 -21.0245 91 80 60
-49.5000 57.0000 -20.9207 93 82 62
-48.5000 57.0000 -20.8277 90 79 59
-47.5000 57.0000 -20.7449 91 80 60
-46.5000 57.0000 -20.6696 95 84 64
-45.5000 57.0000 -20.5966 95 84 62
-44.5000 57.0000 -20.5200 90 79 57
-43.5000 57.0000 -20.4348 96 86 61
-42.5000 57.0000 -20.3395 95 85 60
-41.5000 57.0000 -20.2364 95 85 60
-40.5000 57.0000 -20.1315 95 85 58
-39.5000 57.0000 -20.0329 96 86 59
-38.5000 57.0000 -19.9483 97 87 60
-37.5000 57.0000 -19.8838 98 88 61
-36.5000 57.0000 -19.8434 100 88 62
-35.5000 57.0000 -19.8290 106 88 64
-34.5000 57.0000 -19.8417 109 89 65
-33.5000 57.0000 -19.8830 107 89 65
-32.5000 57.0000 -19.9547 106 90 65
-31.5000 57.0000 -20.0594 104 90 64
-30.5000 57.0000 -20.1999 99 89 62
-29.5000 57.0000 -20.3795 97 87 62
-28.5000 57.0000 -20.6018 94 87 61
-27.5000 57.0000 -20.8714 94 86 63
-26.5000 57.0000 -21.1936 92 84 61
-25.5000 57.0000 -21.5733 90 82 61
-24.5000 57.0000 -22.0112 87 79 58
-23.5000 57.0000 -22.5009 86 75 55
-22.5000 57.0000 -23.0249 79 68 48
-21.5000 57.0000 -23.5559 70 57 38
-20.5000 57.0000 -24.0604 60 52 33
-19.5000 57.0000 -24.5056 59 56 39
-18.5000 57.0000 -24.8665 55 56 40
-17.5000 57.0000 -25.1308 53 56 39
-16.5000 57.0000 -25.2994 51 54 37
-15.5000 57.0000 -25.3851 50 52 38
-14.5000 57.0000 -25.4085 50 52 38
-13.5000 57.0000 -25.3934 50 54 40
-12.5000 57.0000 -25.3627 51 55 41
-11.5000 57.0000 -25.3354 57 61 47
-10.5000 57.0000 -25.3253 52 58 44
-9.5000 57.0000 -25.3409 50 56 44
-8.5000 57.0000 -25.3870 50 56 44
-7.5000 57.0000 -25.4656 51 59 48
-6.5000 57.0000 -25.5760 52 60 49
-5.5000 57.0000 -25.7145 50 58 47
-4.5000 57.0000 -25.8742 49 55 45
-3.5000 57.0000 -26.0464 50 50 42
-2.5000 57.0000 -26.2232 52 49 42
-1.5000 57.0000 -26.3997 52 49 42
-0.5000 57.0000 -26.5752 52 49 40
0.5000 57.0000 -26.7521 52 50 38
1.5000 57.0000 -26.9344 51 49 37
2.5000 57.0000 -27.1247 50 48 35
3.5000 57.0000 -27.3239 50 48 35
4.5000 57.0000 -27.5308 50 48 35
5.5000 57.0000 -27.7431 50 48 35
6.5000 57.0000 -27.9592 49 47 35
7.5000 57.0000 -28.1789 48 46 34
8.5000 57.0000 -28.4049 46 43 34
9.5000 57.0000 -28.6422 45 42 35
10.5000 57.0000 -28.8976 44 41 34
11.5000 57.0000 -29.1783 41 42 36
12.5000 57.0000 -29.4897 32 42 34
13.5000 57.0000 -29.8344 30 41 33
14.5000 57.0000 -30.2111 29 40 34
15.5000 57.0000 -30.6154 29 39 31
16.5000 57.0000 -31.0420 28 38 30
17.5000 57.0000 -31.4861 29 36 29
18.5000 57.0000 -31.9456 29 34 27
19.5000 57.0000 -32.4210 31 34 27
20.5000 57.0000 -32.9145 32 33 25
21.5000 57.0000 -33.4283 33 33 25
22.5000 57.0000 -33.9627 32 32 22
23.5000 57.0000 -34.5153 33 31 19
24.5000 57.0000 -35.0803 33 29 18
25.5000 57.0000 -35.6499 34 27 17
26.5000 57.0000 -36.2152 34 27 17
27.5000 57.0000 -36.7670 34 25 18
28.5000 57.0000 -37.2963 30 21 16
29.5000 57.0000 -37.7931 30 20 18
30.5000 57.0000 -38.2453 29 20 15
31.5000 57.0000 -38.6376 29 20 13
32.5000 57.0000 -38.9515 28 19 10
33.5000 57.0000 -39.1686 27 19 8
34.5000 57.0000 -39.2755 26 20 6
35.5000 57.0000 -39.2704 26 20 4
36.5000 57.0000 -39.1687 31 25 9
37.5000 57.0000 -39.0018 31 25 9
38.5000 57.0000 -38.8116 31 25 11
39.5000 57.0000 -38.6399 31 25 11
40.5000 57.0000 -38.5201 30 24 12
41.5000 57.0000 -38.4745 29 23 11
42.5000 57.0000 -38.5194 25 21 9
43.5000 57.0000 -38.6722 23 21 9
44.5000 57.0000 -38.9567 26 28 17
45.5000 57.0000 -39.4014 24 27 16
46.5000 57.0000 -40.0326 24 26 15
47.5000 57.0000 -40.8661 23 25 14
48.5000 57.0000 -41.9022 21 22 14
49.5000 57.0000 -43.1259 19 20 12
50.5000 57.0000 -44.5107 18 19 11
51.5000 57.0000 -46.0226 18 19 11
52.5000 57.0000 -47.6254 17 16 11
53.5000 57.0000 -49.2870 15 14 9
112.5000 57.0000 -124.7986 18 14 15
-81.5000 56.0000 -53.8687 23 23 13
-80.5000 56.0000 -47.3806 48 48 36
-79.5000 56.0000 -41.5908 61 62 46
-78.5000 56.0000 -36.6743 61 62 44
-77.5000 56.0000 -32.6992 63 65 44
-76.5000 56.0000 -29.6371 69 71 49
-75.5000 56.0000 -27.3874 63 65 44
-74.5000 56.0000 -25.8076 63 65 43
-73.5000 56.0000 -24.7431 65 67 46
-72.5000 56.0000 -24.0509 66 68 47
-71.5000 56.0000 -23.6123 68 70 49
-70.5000 56.0000 -23.3375 69 70 52
-69.5000 56.0000 -23.1629 70 71 53
-68.5000 56.0000 -23.0454 71 72 56
-67.5000 56.0000 -22.9566 65 68 51
-66.5000 56.0000 -22.8781 64 68 51
-65.5000 56.0000 -22.7988 66 69 50
-64.5000 56.0000 -22.7125 68 71 52
-63.5000 56.0000 -22.6164 70 71 53
-62.5000 56.0000 -22.5092 72 74 53
-61.5000 56.0000 -22.3905 75 74 54
-60.5000 56.0000 -22.2598 75 74 54
-59.5000 56.0000 -22.1176 76 71 51
-58.5000 56.0000 -21.9657 77 72 52
-57.5000 56.0000 -21.8077 81 74 55
-56.5000 56.0000 -21.6486 83 77 55
-55.5000 56.0000 -21.4927 86 78 57
-54.5000 56.0000 -21.3432 86 78 57
-53.5000 56.0000 -21.2011 89 78 58
-52.5000 56.0000 -21.0661 88 77 57
-51.5000 56.0000 -20.9378 87 76 56
-50.5000 56.0000 -20.8169 92 81 61
-49.5000 56.0000 -20.7049 94 83 63
-48.5000 56.0000 -20.6033 91 80 60
-47.5000 56.0000 -20.5121 92 81 61
-46.5000 56.0000 -20.4294 97 86 64
-45.5000 56.0000 -20.3506 96 85 63
-44.5000 56.0000 -20.2702 92 82 57
-43.5000 56.0000 -20.1832 92 82 57
-42.5000 56.0000 -20.0876 93 83 58
-41.5000 56.0000 -19.9848 95 85 58
-40.5000 56.0000 -19.8799 98 88 61
-39.5000 56.0000 -19.7800 101 91 64
-38.5000 56.0000 -19.6923 103 93 66
-37.5000 56.0000 -19.6230 104 94 67
-36.5000 56.0000 -19.5760 106 94 68
-35.5000 56.0000 -19.5540 109 91 67
-34.5000 56.0000 -19.5587 111 91 67
-33.5000 56.0000 -19.5919 110 92 68
-32.5000 56.0000 -19.6553 108 92 67
-31.5000 56.0000 -19.7511 106 92 66
-30.5000 56.0000 -19.8810 101 91 64
-29.5000 56.0000 -20.0471 100 90 65
-28.5000 56.0000 -20.2515 96 89 63
-27.5000 56.0000 -20.4976 94 86 63
-26.5000 56.0000 -20.7898 91 83 60
-25.5000 56.0000 -21.1328 89 81 60
-24.5000 56.0000 -21.5292 87 79 58
-23.5000 56.0000 -21.9754 87 76 56
-22.5000 56.0000 -22.4589 83 72 52
-21.5000 56.0000 -22.9571 78 65 46
-20.5000 56.0000 -23.4401 70 62 43
-19.5000 56.0000 -23.8766 53 50 33
-18.5000 56.0000 -24.2404 51 52 36
-17.5000 56.0000 -24.5158 51 54 37
-16.5000 56.0000 -24.6999 54 57 40
-15.5000 56.0000 -24.8018 57 59 45
-14.5000 56.0000 -24.8397 61 63 49
-13.5000 56.0000 -24.8363 64 68 53
-12.5000 56.0000 -24.8144 66 70 56
-11.5000 56.0000 -24.7928 57 63 49
-10.5000 56.0000 -24.7853 54 60 46
-9.5000 56.0000 -24.8002 51 57 45
-8.5000 56.0000 -24.8430 52 58 46
-7.5000 56.0000 -24.9164 53 61 48
-6.5000 56.0000 -25.0211 54 62 51
-5.5000 56.0000 -25.1544 54 62 51
-4.5000 56.0000 -25.3100 53 59 49
-3.5000 56.0000 -25.4790 51 51 43
-2.5000 56.0000 -25.6533 54 51 42
-1.5000 56.0000 -25.8276 55 52 43
-0.5000 56.0000 -26.0015 55 52 43
0.5000 56.0000 -26.1775 55 53 41
1.5000 56.0000 -26.3594 54 52 40
2.5000 56.0000 -26.5494 53 51 38
3.5000 56.0000 -26.7474 53 51 38
4.5000 56.0000 -26.9513 50 48 35
5.5000 56.0000 -27.1586 50 48 35
6.5000 56.0000 -27.3683 49 47 35
7.5000 56.0000 -27.5815 49 47 35
8.5000 56.0000 -27.8021 48 45 36
9.5000 56.0000 -28.0361 47 44 35
10.5000 56.0000 -28.2906 46 43 34
11.5000 56.0000 -28.5722 43 44 36
12.5000 56.0000 -28.8852 35 41 37
13.5000 56.0000 -29.2311 33 42 37
14.5000 56.0000 -29.6077 32 41 36
15.5000 56.0000 -30.0106 33 39 35
16.5000 56.0000 -30.4348 32 39 32
17.5000 56.0000 -30.8761 32 37 31
18.5000 56.0000 -31.3317 31 36 29
19.5000 56.0000 -31.8004 32 35 28
20.5000 56.0000 -32.2816 33 34 26
21.5000 56.0000 -32.7744 33 35 24
22.5000 56.0000 -33.2778 33 33 21
23.5000 56.0000 -33.7903 33 34 20
24.5000 56.0000 -34.3106 34 32 19
25.5000 56.0000 -34.8372 33 31 16
26.5000 56.0000 -35.3683 34 31 16
27.5000 56.0000 -35.9005 34 30 18
28.5000 56.0000 -36.4282 32 23 18
29.5000 56.0000 -36.9421 32 23 18
30.5000 56.0000 -37.4280 32 21 17
31.5000 56.0000 -37.8661 30 21 14
32.5000 56.0000 -38.2323 30 20 11
33.5000 56.0000 -38.5013 28 19 10
34.5000 56.0000 -38.6532 28 20 9
35.5000 56.0000 -38.6812 27 19 6
36.5000 56.0000 -38.5972 28 20 7
37.5000 56.0000 -38.4322 29 21 8
38.5000 56.0000 -38.2305 30 24 10
39.5000 56.0000 -38.0386 32 26 12
40.5000 56.0000 -37.8954 33 27 15
41.5000 56.0000 -37.8289 33 27 15
42.5000 56.0000 -37.8582 30 26 14
43.5000 56.0000 -38.0007 29 27 14
44.5000 56.0000 -38.2766 26 28 15
45.5000 56.0000 -38.7085 25 28 17
46.5000 56.0000 -39.3156 25 27 16
47.5000 56.0000 -40.1078 23 25 14
48.5000 56.0000 -41.0822 21 22 14
49.5000 56.0000 -42.2242 20 21 13
50.5000 56.0000 -43.5115 19 20 12
51.5000 56.0000 -44.9182 18 19 11
52.5000 56.0000 -46.4195 18 17 12
53.5000 56.0000 -47.9964 16 15 10
55.5000 56.0000 -51.3499 15 14 10
56.5000 56.0000 -53.1233 18 14 11
57.5000 56.0000 -54.9388 18 14 11
112.5000 56.0000 -123.8233 17 13 14
-82.5000 55.0000 -56.2668 24 22 10
-81.5000 55.0000 -49.4102 43 41 29
-80.5000 55.0000 -43.2429 57 55 42
-79.5000 55.0000 -37.9664 62 61 43
-78.5000 55.0000 -33.6666 62 61 41
-77.5000 55.0000 -30.3270 65 64 43
-76.5000 55.0000 -27.8535 70 70 46
-75.5000 55.0000 -26.1054 65 64 43
-74.5000 55.0000 -24.9249 66 66 42
-73.5000 55.0000 -24.1602 67 66 45
-72.5000 55.0000 -23.6812 68 67 46
-71.5000 55.0000 -23.3860 70 69 48
-70.5000 55.0000 -23.2014 71 70 50
-69.5000 55.0000 -23.0777 73 72 52
-68.5000 55.0000 -22.9830 71 72 54
-67.5000 55.0000 -22.8975 63 66 47
-66.5000 55.0000 -22.8094 63 68 48
-65.5000 55.0000 -22.7128 65 68 49
-64.5000 55.0000 -22.6055 67 70 51
-63.5000 55.0000 -22.4879 70 72 51
-62.5000 55.0000 -22.3614 72 74 53
-61.5000 55.0000 -22.2272 76 75 55
-60.5000 55.0000 -22.0857 76 75 54
-59.5000 55.0000 -21.9370 77 72 52
-58.5000 55.0000 -21.7817 78 73 53
-57.5000 55.0000 -21.6222 82 76 54
-56.5000 55.0000 -21.4619 84 78 56
-55.5000 55.0000 -21.3043 86 78 57
-54.5000 55.0000 -21.1521 87 79 56
-53.5000 55.0000 -21.0061 89 78 56
-52.5000 55.0000 -20.8662 89 78 56
-51.5000 55.0000 -20.7322 90 77 58
-50.5000 55.0000 -20.6048 96 83 64
-49.5000 55.0000 -20.4855 98 86 64
-48.5000 55.0000 -20.3762 95 83 61
-47.5000 55.0000 -20.2774 97 85 63
-46.5000 55.0000 -20.1875 101 89 67
-45.5000 55.0000 -20.1028 101 89 67
-44.5000 55.0000 -20.0182 97 85 61
-43.5000 55.0000 -19.9289 96 84 60
-42.5000 55.0000 -19.8327 98 86 60
-41.5000 55.0000 -19.7302 102 90 64
-40.5000 55.0000 -19.6257 105 93 67
-39.5000 55.0000 -19.5253 108 97 69
-38.5000 55.0000 -19.4358 109 98 70
-37.5000 55.0000 -19.3629 109 98 70
-36.5000 55.0000 -19.3110 111 97 70
-35.5000 55.0000 -19.2831 113 96 70
-34.5000 55.0000 -19.2816 116 96 71
-33.5000 55.0000 -19.3082 114 97 71
-32.5000 55.0000 -19.3647 113 97 71
-31.5000 55.0000 -19.4525 111 97 71
-30.5000 55.0000 -19.5727 106 96 69
-29.5000 55.0000 -19.7261 104 94 67
-28.5000 55.0000 -19.9137 101 94 66
-27.5000 55.0000 -20.1377 93 86 60
-26.5000 55.0000 -20.4015 90 83 57
-25.5000 55.0000 -20.7097 88 80 57
-24.5000 55.0000 -21.0660 88 80 57
-23.5000 55.0000 -21.4695 91 80 58
-22.5000 55.0000 -21.9120 91 80 58
-21.5000 55.0000 -22.3755 90 77 58
-20.5000 55.0000 -22.8344 84 76 57
-19.5000 55.0000 -23.2596 67 64 45
-18.5000 55.0000 -23.6246 63 64 46
-17.5000 55.0000 -23.9113 61 64 45
-16.5000 55.0000 -24.1130 60 63 44
-15.5000 55.0000 -24.2348 60 63 46
-14.5000 55.0000 -24.2917 60 63 46
-13.5000 55.0000 -24.3045 60 64 47
-12.5000 55.0000 -24.2946 61 65 50
-11.5000 55.0000 -24.2807 59 66 50
-10.5000 55.0000 -24.2764 56 63 47
-9.5000 55.0000 -24.2908 53 59 45
-8.5000 55.0000 -24.3297 53 59 45
-7.5000 55.0000 -24.3972 54 62 47
-6.5000 55.0000 -24.4949 56 64 51
-5.5000 55.0000 -24.6209 56 64 51
-4.5000 55.0000 -24.7696 56 62 50
-3.5000 55.0000 -24.9323 53 53 43
-2.5000 55.0000 -25.1010 56 54 42
-1.5000 55.0000 -25.2709 57 55 43
-0.5000 55.0000 -25.4420 58 56 44
0.5000 55.0000 -25.6175 59 57 45
1.5000 55.0000 -25.8013 58 56 44
2.5000 55.0000 -25.9947 56 54 41
3.5000 55.0000 -26.1965 55 53 40
4.5000 55.0000 -26.4035 52 50 37
5.5000 55.0000 -26.6123 52 50 37
6.5000 55.0000 -26.8217 52 50 38
7.5000 55.0000 -27.0333 51 49 37
8.5000 55.0000 -27.2519 51 49 37
9.5000 55.0000 -27.4839 51 49 37
10.5000 55.0000 -27.7367 51 49 37
11.5000 55.0000 -28.0169 49 49 41
12.5000 55.0000 -28.3284 43 43 41
13.5000 55.0000 -28.6722 42 44 43
14.5000 55.0000 -29.0461 41 43 42
15.5000 55.0000 -29.4458 41 41 39
16.5000 55.0000 -29.8666 40 41 36
17.5000 55.0000 -30.3043 39 40 35
18.5000 55.0000 -30.7555 38 39 33
19.5000 55.0000 -31.2168 37 38 30
20.5000 55.0000 -31.6845 33 35 24
21.5000 55.0000 -32.1547 33 35 22
22.5000 55.0000 -32.6245 33 35 22
23.5000 55.0000 -33.0932 33 35 21
24.5000 55.0000 -33.5631 32 35 18
25.5000 55.0000 -34.0388 32 35 16
26.5000 55.0000 -34.5251 32 35 16
27.5000 55.0000 -35.0247 33 34 18
28.5000 55.0000 -35.5359 34 30 21
29.5000 55.0000 -36.0508 35 28 22
30.5000 55.0000 -36.5544 35 26 21
31.5000 55.0000 -37.0242 33 26 18
32.5000 55.0000 -37.4317 33 24 15
33.5000 55.0000 -37.7465 31 24 14
34.5000 55.0000 -37.9432 30 24 12
35.5000 55.0000 -38.0095 29 23 11
36.5000 55.0000 -37.9533 28 22 10
37.5000 55.0000 -37.8036 29 23 9
38.5000 55.0000 -37.6051 31 25 11
39.5000 55.0000 -37.4076 33 27 13
40.5000 55.0000 -37.2548 34 28 14
41.5000 55.0000 -37.1791 34 28 14
42.5000 55.0000 -37.2026 34 28 14
43.5000 55.0000 -37.3426 32 28 16
44.5000 55.0000 -37.6162 28 28 16
45.5000 55.0000 -38.0402 26 28 17
46.5000 55.0000 -38.6277 26 26 16
47.5000 55.0000 -39.3836 25 25 15
48.5000 55.0000 -40.3022 23 23 15
49.5000 55.0000 -41.3698 21 21 13
50.5000 55.0000 -42.5678 20 20 12
51.5000 55.0000 -43.8774 20 20 12
52.5000 55.0000 -45.2836 19 18 13
53.5000 55.0000 -46.7785 18 17 12
54.5000 55.0000 -48.3647 17 16 12
55.5000 55.0000 -50.0511 17 16 12
56.5000 55.0000 -51.8412 19 18 14
57.5000 55.0000 -53.7141 18 17 13
58.5000 55.0000 -55.6101 14 13 11
68.5000 55.0000 -62.6457 8 14 12
-83.5000 54.0000 -58.9863 23 20 11
-82.5000 54.0000 -51.7408 43 41 28
-81.5000 54.0000 -45.1657 58 56 43
-80.5000 54.0000 -39.5001 58 56 41
-79.5000 54.0000 -34.8526 56 55 37
-78.5000 54.0000 -31.2161 60 59 38
-77.5000 54.0000 -28.4979 64 63 42
-76.5000 54.0000 -26.5556 65 65 41
-75.5000 54.0000 -25.2282 71 71 47
-74.5000 54.0000 -24.3595 70 70 46
-73.5000 54.0000 -23.8127 70 70 46
-72.5000 54.0000 -23.4776 70 70 46
-71.5000 54.0000 -23.2714 69 68 47
-70.5000 54.0000 -23.1367 69 68 47
-69.5000 54.0000 -23.0357 68 67 47
-68.5000 54.0000 -22.9452 66 68 47
-67.5000 54.0000 -22.8517 62 65 46
-66.5000 54.0000 -22.7477 62 67 47
-65.5000 54.0000 -22.6306 65 68 49
-64.5000 54.0000 -22.5011 67 70 49
-63.5000 54.0000 -22.3616 70 72 51
-62.5000 54.0000 -22.2153 72 74 53
-61.5000 54.0000 -22.0645 76 75 54
-60.5000 54.0000 -21.9101 77 76 55
-59.5000 54.0000 -21.7521 77 72 52
-58.5000 54.0000 -21.5907 79 74 52
-57.5000 54.0000 -21.4272 82 76 54
-56.5000 54.0000 -21.2641 84 78 56
-55.5000 54.0000 -21.1040 87 79 56
-54.5000 54.0000 -20.9488 88 80 57
-53.5000 54.0000 -20.7992 90 79 57
-52.5000 54.0000 -20.6551 90 79 57
-51.5000 54.0000 -20.5163 93 80 61
-50.5000 54.0000 -20.3836 98 85 66
-49.5000 54.0000 -20.2586 100 88 66
-48.5000 54.0000 -20.1432 98 86 64
-47.5000 54.0000 -20.0383 100 88 66
-46.5000 54.0000 -19.9427 104 92 68
-45.5000 54.0000 -19.8532 104 92 68
-44.5000 54.0000 -19.7651 100 88 64
-43.5000 54.0000 -19.6741 104 92 66
-42.5000 54.0000 -19.5774 106 94 68
-41.5000 54.0000 -19.4755 109 97 71
-40.5000 54.0000 -19.3718 112 101 73
-39.5000 54.0000 -19.2718 112 101 73
-38.5000 54.0000 -19.1815 111 100 72
-37.5000 54.0000 -19.1065 108 97 69
-36.5000 54.0000 -19.0512 109 95 68
-35.5000 54.0000 -19.0191 117 100 74
-34.5000 54.0000 -19.0126 119 99 74
-33.5000 54.0000 -19.0337 118 101 75
-32.5000 54.0000 -19.0840 116 100 74
-31.5000 54.0000 -19.1642 114 100 74
-30.5000 54.0000 -19.2747 109 99 72
-29.5000 54.0000 -19.4152 108 98 71
-28.5000 54.0000 -19.5861 104 97 69
-27.5000 54.0000 -19.7883 103 96 70
-26.5000 54.0000 -20.0247 99 92 66
-25.5000 54.0000 -20.2998 94 86 63
-24.5000 54.0000 -20.6180 91 83 60
-23.5000 54.0000 -20.9809 92 81 59
-22.5000 54.0000 -21.3837 91 80 58
-21.5000 54.0000 -21.8130 89 76 57
-20.5000 54.0000 -22.2473 84 76 55
-19.5000 54.0000 -22.6602 70 67 48
-18.5000 54.0000 -23.0261 66 67 49
-17.5000 54.0000 -23.3249 65 66 48
-16.5000 54.0000 -23.5463 63 66 47
-15.5000 54.0000 -23.6914 62 65 46
-14.5000 54.0000 -23.7711 63 66 49
-13.5000 54.0000 -23.8029 64 67 50
-12.5000 54.0000 -23.8067 63 67 50
-11.5000 54.0000 -23.8006 62 66 51
-10.5000 54.0000 -23.7989 57 64 48
-9.5000 54.0000 -23.8117 54 61 45
-8.5000 54.0000 -23.8461 54 60 46
-7.5000 54.0000 -23.9072 56 62 48
-6.5000 54.0000 -23.9975 58 66 51
-5.5000 54.0000 -24.1158 58 66 51
-4.5000 54.0000 -24.2565 58 64 50
-3.5000 54.0000 -24.4115 54 54 42
-2.5000 54.0000 -24.5733 57 55 43
-1.5000 54.0000 -24.7378 59 57 45
-0.5000 54.0000 -24.9059 60 58 46
0.5000 54.0000 -25.0812 61 59 47
1.5000 54.0000 -25.2677 60 58 46
2.5000 54.0000 -25.4662 58 56 43
3.5000 54.0000 -25.6743 57 55 42
4.5000 54.0000 -25.8876 54 52 39
5.5000 54.0000 -26.1019 54 52 39
6.5000 54.0000 -26.3155 54 52 40
7.5000 54.0000 -26.5300 54 52 40
8.5000 54.0000 -26.7498 54 52 40
9.5000 54.0000 -26.9818 55 53 41
10.5000 54.0000 -27.2331 55 53 41
11.5000 54.0000 -27.5101 55 52 43
12.5000 54.0000 -27.8171 49 45 44
13.5000 54.0000 -28.1552 49 45 46
14.5000 54.0000 -28.5228 48 44 45
15.5000 54.0000 -28.9165 47 43 42
16.5000 54.0000 -29.3321 46 42 39
17.5000 54.0000 -29.7654 43 42 38
18.5000 54.0000 -30.2121 42 41 36
19.5000 54.0000 -30.6664 42 42 34
20.5000 54.0000 -31.1215 35 35 25
21.5000 54.0000 -31.5703 35 35 23
22.5000 54.0000 -32.0078 35 36 22
23.5000 54.0000 -32.4337 33 36 19
24.5000 54.0000 -32.8532 33 36 17
25.5000 54.0000 -33.2757 33 36 17
26.5000 54.0000 -33.7120 33 36 15
27.5000 54.0000 -34.1701 33 36 17
28.5000 54.0000 -34.6522 37 35 23
29.5000 54.0000 -35.1524 37 32 26
30.5000 54.0000 -35.6560 36 32 23
31.5000 54.0000 -36.1395 35 31 22
32.5000 54.0000 -36.5724 34 30 19
33.5000 54.0000 -36.9209 32 28 17
34.5000 54.0000 -37.1555 31 27 16
35.5000 54.0000 -37.2593 31 27 15
36.5000 54.0000 -37.2354 34 28 16
37.5000 54.0000 -37.1097 35 29 17
38.5000 54.0000 -36.9262 35 29 17
39.5000 54.0000 -36.7356 35 29 15
40.5000 54.0000 -36.5849 34 28 14
41.5000 54.0000 -36.5101 32 26 12
42.5000 54.0000 -36.5356 30 24 10
43.5000 54.0000 -36.6785 29 23 11
44.5000 54.0000 -36.9528 31 27 16
45.5000 54.0000 -37.3711 29 26 17
46.5000 54.0000 -37.9416 28 25 16
47.5000 54.0000 -38.6657 27 24 15
48.5000 54.0000 -39.5369 25 22 15
49.5000 54.0000 -40.5428 24 21 14
50.5000 54.0000 -41.6686 22 19 12
51.5000 54.0000 -42.9013 20 20 12
52.5000 54.0000 -44.2325 20 19 14
53.5000 54.0000 -45.6620 19 18 13
54.5000 54.0000 -47.1996 18 17 13
55.5000 54.0000 -48.8601 19 18 14
56.5000 54.0000 -50.6509 20 19 15
57.5000 54.0000 -52.5523 18 19 14
58.5000 54.0000 -54.5034 14 14 12
68.5000 54.0000 -62.3441 6 15 12
-84.5000 53.0000 -61.9785 19 21 10
-83.5000 53.0000 -54.3557 37 35 23
-82.5000 53.0000 -47.3541 53 51 38
-81.5000 53.0000 -41.2652 64 62 49
-80.5000 53.0000 -36.2358 61 59 44
-79.5000 53.0000 -32.2762 57 56 38
-78.5000 53.0000 -29.2949 60 59 38
-77.5000 53.0000 -27.1425 67 66 45
-76.5000 53.0000 -25.6500 69 69 45
-75.5000 53.0000 -24.6547 65 65 39
-74.5000 53.0000 -24.0154 69 69 43
-73.5000 53.0000 -23.6171 73 73 47
-72.5000 53.0000 -23.3715 70 70 46
-71.5000 53.0000 -23.2142 65 64 43
-70.5000 53.0000 -23.1011 65 64 43
-69.5000 53.0000 -23.0038 70 69 49
-68.5000 53.0000 -22.9053 74 76 55
-67.5000 53.0000 -22.7964 61 64 43
-66.5000 53.0000 -22.6730 63 68 46
-65.5000 53.0000 -22.5346 68 71 50
-64.5000 53.0000 -22.3836 69 72 51
-63.5000 53.0000 -22.2236 69 71 50
-62.5000 53.0000 -22.0585 70 72 50
-61.5000 53.0000 -21.8914 76 75 54
-60.5000 53.0000 -21.7236 79 78 57
-59.5000 53.0000 -21.5553 78 73 51
-58.5000 53.0000 -21.3865 79 74 52
-57.5000 53.0000 -21.2180 83 77 55
-56.5000 53.0000 -21.0514 86 80 56
-55.5000 53.0000 -20.8886 90 82 59
-54.5000 53.0000 -20.7309 91 83 60
-53.5000 53.0000 -20.5786 94 84 59
-52.5000 53.0000 -20.4312 94 84 59
-51.5000 53.0000 -20.2886 105 93 71
-50.5000 53.0000 -20.1519 103 88 67
-49.5000 53.0000 -20.0227 99 84 63
-48.5000 53.0000 -19.9032 99 84 63
-47.5000 53.0000 -19.7943 103 88 65
-46.5000 53.0000 -19.6952 107 92 69
-45.5000 53.0000 -19.6028 108 93 70
-44.5000 53.0000 -19.5128 107 93 67
-43.5000 53.0000 -19.4209 109 95 69
-42.5000 53.0000 -19.3246 108 94 68
-41.5000 53.0000 -19.2239 107 93 66
-40.5000 53.0000 -19.1217 107 93 66
-39.5000 53.0000 -19.0228 108 94 67
-38.5000 53.0000 -18.9327 111 97 68
-37.5000 53.0000 -18.8567 113 99 70
-36.5000 53.0000 -18.7992 116 101 72
-35.5000 53.0000 -18.7639 117 100 72
-34.5000 53.0000 -18.7533 121 101 74
-33.5000 53.0000 -18.7696 120 103 75
-32.5000 53.0000 -18.8137 116 101 72
-31.5000 53.0000 -18.8859 110 96 69
-30.5000 53.0000 -18.9859 104 95 66
-29.5000 53.0000 -19.1129 105 95 68
-28.5000 53.0000 -19.2664 105 98 70
-27.5000 53.0000 -19.4470 102 95 67
-26.5000 53.0000 -19.6571 97 90 62
-25.5000 53.0000 -19.9010 94 87 61
-24.5000 53.0000 -20.1840 96 89 63
-23.5000 53.0000 -20.5095 101 90 68
-22.5000 53.0000 -20.8755 99 88 66
-21.5000 53.0000 -21.2726 93 81 59
-20.5000 53.0000 -21.6832 83 75 54
-19.5000 53.0000 -22.0841 79 77 56
-18.5000 53.0000 -22.4505 71 70 50
-17.5000 53.0000 -22.7616 62 61 41
-16.5000 53.0000 -23.0041 57 59 38
-15.5000 53.0000 -23.1744 59 61 40
-14.5000 53.0000 -23.2789 64 65 47
-13.5000 53.0000 -23.3313 67 68 50
-12.5000 53.0000 -23.3494 67 70 51
-11.5000 53.0000 -23.3508 69 72 55
-10.5000 53.0000 -23.3508 65 69 52
-9.5000 53.0000 -23.3613 63 67 50
-8.5000 53.0000 -23.3910 64 68 53
-7.5000 53.0000 -23.4463 67 71 56
-6.5000 53.0000 -23.5302 67 74 58
-5.5000 53.0000 -23.6417 65 72 56
-4.5000 53.0000 -23.7753 65 69 54
-3.5000 53.0000 -23.9233 63 64 50
-2.5000 53.0000 -24.0786 67 65 52
-1.5000 53.0000 -24.2380 69 67 54
-0.5000 53.0000 -24.4031 69 67 54
0.5000 53.0000 -24.5780 66 64 51
1.5000 53.0000 -24.7666 62 60 47
2.5000 53.0000 -24.9695 58 56 44
3.5000 53.0000 -25.1836 56 54 42
4.5000 53.0000 -25.4038 57 55 43
5.5000 53.0000 -25.6253 51 49 37
6.5000 53.0000 -25.8460 59 57 44
7.5000 53.0000 -26.0667 53 51 38
8.5000 53.0000 -26.2914 53 51 38
9.5000 53.0000 -26.5258 59 57 44
10.5000 53.0000 -26.7766 51 49 36
11.5000 53.0000 -27.0497 57 54 45
12.5000 53.0000 -27.3496 61 55 55
13.5000 53.0000 -27.6786 56 50 52
14.5000 53.0000 -28.0364 49 43 45
15.5000 53.0000 -28.4210 43 37 37
16.5000 53.0000 -28.8292 41 36 33
17.5000 53.0000 -29.2569 42 37 34
18.5000 53.0000 -29.6986 46 41 37
19.5000 53.0000 -30.1464 47 44 37
20.5000 53.0000 -30.5902 41 38 29
21.5000 53.0000 -31.0200 40 38 26
22.5000 53.0000 -31.4289 39 37 24
23.5000 53.0000 -31.8163 40 38 23
24.5000 53.0000 -32.1895 41 40 22
25.5000 53.0000 -32.5619 37 39 18
26.5000 53.0000 -32.9485 33 35 14
27.5000 53.0000 -33.3616 29 30 12
28.5000 53.0000 -33.8064 33 35 22
29.5000 53.0000 -34.2794 30 32 21
30.5000 53.0000 -34.7667 27 29 18
31.5000 53.0000 -35.2455 26 28 17
32.5000 53.0000 -35.6850 28 28 18
33.5000 53.0000 -36.0507 27 27 15
34.5000 53.0000 -36.3108 26 24 12
35.5000 53.0000 -36.4449 23 21 9
36.5000 53.0000 -36.4521 27 23 12
37.5000 53.0000 -36.3546 28 24 12
38.5000 53.0000 -36.1936 32 26 14
39.5000 53.0000 -36.0198 35 29 17
40.5000 53.0000 -35.8814 37 29 16
41.5000 53.0000 -35.8162 37 29 16
42.5000 53.0000 -35.8500 37 30 14
43.5000 53.0000 -35.9993 37 29 16
44.5000 53.0000 -36.2760 37 28 19
45.5000 53.0000 -36.6892 36 27 20
46.5000 53.0000 -37.2448 33 26 18
47.5000 53.0000 -37.9428 31 24 16
48.5000 53.0000 -38.7777 27 22 16
49.5000 53.0000 -39.7396 26 21 15
50.5000 53.0000 -40.8172 26 21 15
51.5000 53.0000 -42.0008 24 21 14
52.5000 53.0000 -43.2857 26 25 20
53.5000 53.0000 -44.6748 22 21 16
54.5000 53.0000 -46.1801 16 17 12
55.5000 53.0000 -47.8181 15 16 11
56.5000 53.0000 -49.5973 15 16 11
57.5000 53.0000 -51.4995 15 17 12
58.5000 53.0000 -53.4654 14 16 13
59.5000 53.0000 -55.3959 10 15 11
112.5000 53.0000 -120.8275 17 13 14
-85.5000 52.0000 -65.1129 19 20 12
-84.5000 52.0000 -57.1802 30 32 21
-83.5000 52.0000 -49.7752 44 44 32
-82.5000 52.0000 -43.2510 57 55 42
-81.5000 52.0000 -37.8088 63 61 46
-80.5000 52.0000 -33.4937 59 58 40
-79.5000 52.0000 -30.2253 56 55 37
-78.5000 52.0000 -27.8483 61 60 39
-77.5000 52.0000 -26.1802 69 68 47
-76.5000 52.0000 -25.0464 72 72 48
-75.5000 52.0000 -24.2978 67 67 41
-74.5000 52.0000 -23.8160 70 70 44
-73.5000 52.0000 -23.5102 71 71 45
-72.5000 52.0000 -23.3129 69 69 45
-71.5000 52.0000 -23.1751 65 64 43
-70.5000 52.0000 -23.0635 64 63 42
-69.5000 52.0000 -22.9565 67 66 46
-68.5000 52.0000 -22.8418 69 71 50
-67.5000 52.0000 -22.7133 61 64 43
-66.5000 52.0000 -22.5691 63 68 46
-65.5000 52.0000 -22.4102 68 71 50
-64.5000 52.0000 -22.2397 69 72 51
-63.5000 52.0000 -22.0618 69 71 49
-62.5000 52.0000 -21.8805 71 73 51
-61.5000 52.0000 -21.6990 76 75 54
-60.5000 52.0000 -21.5190 79 79 55
-59.5000 52.0000 -21.3410 79 74 52
-58.5000 52.0000 -21.1652 81 77 52
-57.5000 52.0000 -20.9920 85 79 55
-56.5000 52.0000 -20.8227 88 82 58
-55.5000 52.0000 -20.6582 91 83 60
-54.5000 52.0000 -20.4992 92 84 61
-53.5000 52.0000 -20.3452 95 85 60
-52.5000 52.0000 -20.1956 95 85 60
-51.5000 52.0000 -20.0505 104 89 68
-50.5000 52.0000 -19.9109 102 87 66
-49.5000 52.0000 -19.7790 100 85 64
-48.5000 52.0000 -19.6572 102 87 64
-47.5000 52.0000 -19.5465 106 91 68
-46.5000 52.0000 -19.4460 110 95 72
-45.5000 52.0000 -19.3528 110 96 70
-44.5000 52.0000 -19.2626 109 95 69
-43.5000 52.0000 -19.1713 109 95 69
-42.5000 52.0000 -19.0763 110 96 69
-41.5000 52.0000 -18.9776 111 97 70
-40.5000 52.0000 -18.8776 113 99 72
-39.5000 52.0000 -18.7806 115 101 72
-38.5000 52.0000 -18.6916 116 102 73
-37.5000 52.0000 -18.6155 116 102 73
-36.5000 52.0000 -18.5566 118 103 74
-35.5000 52.0000 -18.5187 126 109 81
-34.5000 52.0000 -18.5045 128 108 81
-33.5000 52.0000 -18.5157 126 109 81
-32.5000 52.0000 -18.5532 122 107 78
-31.5000 52.0000 -18.6166 118 104 77
-30.5000 52.0000 -18.7053 113 104 75
-29.5000 52.0000 -18.8179 113 103 76
-28.5000 52.0000 -18.9538 111 104 76
-27.5000 52.0000 -19.1131 105 98 70
-26.5000 52.0000 -19.2981 102 95 67
-25.5000 52.0000 -19.5134 99 92 66
-24.5000 52.0000 -19.7646 100 93 67
-23.5000 52.0000 -20.0566 105 94 72
-22.5000 52.0000 -20.3898 103 92 70
-21.5000 52.0000 -20.7575 97 85 63
-20.5000 52.0000 -21.1459 89 78 56
-19.5000 52.0000 -21.5345 83 78 56
-18.5000 52.0000 -21.9007 77 75 54
-17.5000 52.0000 -22.2230 72 70 49
-16.5000 52.0000 -22.4857 67 66 46
-15.5000 52.0000 -22.6812 66 65 45
-14.5000 52.0000 -22.8110 67 66 46
-13.5000 52.0000 -22.8848 68 67 47
-12.5000 52.0000 -22.9176 66 67 49
-11.5000 52.0000 -22.9268 70 71 53
-10.5000 52.0000 -22.9287 67 70 53
-9.5000 52.0000 -22.9373 65 68 51
-8.5000 52.0000 -22.9636 66 69 52
-7.5000 52.0000 -23.0149 68 71 54
-6.5000 52.0000 -23.0948 69 73 58
-5.5000 52.0000 -23.2020 67 71 56
-4.5000 52.0000 -23.3309 66 68 54
-3.5000 52.0000 -23.4739 60 61 47
-2.5000 52.0000 -23.6245 64 62 49
-1.5000 52.0000 -23.7801 66 64 51
-0.5000 52.0000 -23.9426 68 66 53
0.5000 52.0000 -24.1165 68 66 53
1.5000 52.0000 -24.3057 66 64 51
2.5000 52.0000 -24.5107 63 61 49
3.5000 52.0000 -24.7285 62 60 48
4.5000 52.0000 -24.9540 59 57 45
5.5000 52.0000 -25.1825 53 51 39
6.5000 52.0000 -25.4113 61 59 46
7.5000 52.0000 -25.6406 54 52 39
8.5000 52.0000 -25.8730 54 52 39
9.5000 52.0000 -26.1126 59 57 44
10.5000 52.0000 -26.3644 51 49 36
11.5000 52.0000 -26.6337 56 54 42
12.5000 52.0000 -26.9252 55 50 47
13.5000 52.0000 -27.2423 53 47 47
14.5000 52.0000 -27.5872 50 44 44
15.5000 52.0000 -27.9596 48 43 40
16.5000 52.0000 -28.3578 46 41 38
17.5000 52.0000 -28.7779 46 41 37
18.5000 52.0000 -29.2131 47 42 36
19.5000 52.0000 -29.6533 47 43 34
20.5000 52.0000 -30.0861 44 40 29
21.5000 52.0000 -30.4987 44 38 26
22.5000 52.0000 -30.8828 41 35 21
23.5000 52.0000 -31.2378 41 35 21
24.5000 52.0000 -31.5722 42 36 20
25.5000 52.0000 -31.9017 43 38 19
26.5000 52.0000 -32.2442 41 36 17
27.5000 52.0000 -32.6144 36 35 17
28.5000 52.0000 -33.0197 34 38 24
29.5000 52.0000 -33.4575 29 35 23
30.5000 52.0000 -33.9158 26 32 20
31.5000 52.0000 -34.3732 27 30 19
32.5000 52.0000 -34.8008 28 31 20
33.5000 52.0000 -35.1652 28 30 19
34.5000 52.0000 -35.4348 26 26 16
35.5000 52.0000 -35.5875 23 23 11
36.5000 52.0000 -35.6197 28 24 13
37.5000 52.0000 -35.5495 30 26 15
38.5000 52.0000 -35.4152 34 28 16
39.5000 52.0000 -35.2652 35 29 17
40.5000 52.0000 -35.1471 38 30 17
41.5000 52.0000 -35.0990 38 31 15
42.5000 52.0000 -35.1465 39 30 15
43.5000 52.0000 -35.3052 39 29 17
44.5000 52.0000 -35.5853 39 29 20
45.5000 52.0000 -35.9945 38 27 21
46.5000 52.0000 -36.5379 36 25 19
47.5000 52.0000 -37.2171 34 25 18
48.5000 52.0000 -38.0292 32 23 18
49.5000 52.0000 -38.9674 30 23 17
50.5000 52.0000 -40.0230 29 22 16
51.5000 52.0000 -41.1877 26 21 15
52.5000 52.0000 -42.4567 28 25 20
53.5000 52.0000 -43.8317 22 21 16
54.5000 52.0000 -45.3228 17 18 13
55.5000 52.0000 -46.9444 15 16 11
56.5000 52.0000 -48.7036 15 17 12
57.5000 52.0000 -50.5833 13 18 12
58.5000 52.0000 -52.5289 12 17 13
59.5000 52.0000 -54.4492 9 15 11
112.5000 52.0000 -120.3039 17 13 14
-85.5000 51.0000 -60.0876 27 29 18
-84.5000 51.0000 -52.3514 40 42 31
-83.5000 51.0000 -45.4188 55 55 43
-82.5000 51.0000 -39.5557 58 59 45
-81.5000 51.0000 -34.8585 58 59 43
-80.5000 51.0000 -31.2750 53 54 36
-79.5000 51.0000 -28.6541 53 54 36
-78.5000 51.0000 -26.8011 59 61 39
-77.5000 51.0000 -25.5243 67 69 47
-76.5000 51.0000 -24.6605 71 73 49
-75.5000 51.0000 -24.0837 67 70 43
-74.5000 51.0000 -23.7008 67 70 43
-73.5000 51.0000 -23.4445 66 68 44
-72.5000 51.0000 -23.2648 64 66 42
-71.5000 51.0000 -23.1254 62 64 42
-70.5000 51.0000 -23.0010 61 63 41
-69.5000 51.0000 -22.8753 62 64 43
-68.5000 51.0000 -22.7393 64 66 45
-67.5000 51.0000 -22.5893 63 67 44
-66.5000 51.0000 -22.4249 64 69 46
-65.5000 51.0000 -22.2477 68 72 49
-64.5000 51.0000 -22.0611 69 73 50
-63.5000 51.0000 -21.8688 71 73 51
-62.5000 51.0000 -21.6749 72 74 52
-61.5000 51.0000 -21.4822 77 77 53
-60.5000 51.0000 -21.2927 79 79 55
-59.5000 51.0000 -21.1072 82 77 55
-58.5000 51.0000 -20.9262 84 80 55
-57.5000 51.0000 -20.7502 87 81 57
-56.5000 51.0000 -20.5798 90 84 58
-55.5000 51.0000 -20.4156 93 86 60
-54.5000 51.0000 -20.2569 94 87 61
-53.5000 51.0000 -20.1028 97 87 62
-52.5000 51.0000 -19.9524 97 87 62
-51.5000 51.0000 -19.8057 103 88 65
-50.5000 51.0000 -19.6643 103 88 65
-49.5000 51.0000 -19.5309 104 89 66
-48.5000 51.0000 -19.4082 107 92 69
-47.5000 51.0000 -19.2972 111 96 73
-46.5000 51.0000 -19.1971 112 98 72
-45.5000 51.0000 -19.1048 112 98 72
-44.5000 51.0000 -19.0157 110 96 70
-43.5000 51.0000 -18.9261 110 96 69
-42.5000 51.0000 -18.8333 112 98 71
-41.5000 51.0000 -18.7374 116 102 75
-40.5000 51.0000 -18.6405 119 105 76
-39.5000 51.0000 -18.5463 121 107 78
-38.5000 51.0000 -18.4591 121 107 78
-37.5000 51.0000 -18.3837 120 107 75
-36.5000 51.0000 -18.3241 120 105 74
-35.5000 51.0000 -18.2840 125 108 78
-34.5000 51.0000 -18.2661 125 106 76
-33.5000 51.0000 -18.2720 121 104 76
-32.5000 51.0000 -18.3021 119 104 75
-31.5000 51.0000 -18.3561 118 104 75
-30.5000 51.0000 -18.4327 114 105 74
-29.5000 51.0000 -18.5305 112 103 74
-28.5000 51.0000 -18.6487 108 101 72
-27.5000 51.0000 -18.7875 110 103 75
-26.5000 51.0000 -18.9493 107 100 72
-25.5000 51.0000 -19.1387 105 98 70
-24.5000 51.0000 -19.3620 106 99 71
-23.5000 51.0000 -19.6246 110 100 75
-22.5000 51.0000 -19.9285 108 98 73
-21.5000 51.0000 -20.2696 102 90 66
-20.5000 51.0000 -20.6367 95 84 62
-19.5000 51.0000 -21.0125 87 81 59
-18.5000 51.0000 -21.3761 85 80 58
-17.5000 51.0000 -21.7068 83 78 56
-16.5000 51.0000 -21.9871 79 74 54
-15.5000 51.0000 -22.2059 74 69 49
-14.5000 51.0000 -22.3603 69 67 46
-13.5000 51.0000 -22.4557 68 66 45
-12.5000 51.0000 -22.5044 68 67 47
-11.5000 51.0000 -22.5230 73 72 52
-10.5000 51.0000 -22.5289 72 71 53
-9.5000 51.0000 -22.5381 70 69 51
-8.5000 51.0000 -22.5637 69 70 52
-7.5000 51.0000 -22.6142 71 72 54
-6.5000 51.0000 -22.6934 70 73 56
-5.5000 51.0000 -22.7997 69 72 55
-4.5000 51.0000 -22.9274 68 69 53
-3.5000 51.0000 -23.0687 65 63 48
-2.5000 51.0000 -23.2174 65 63 48
-1.5000 51.0000 -23.3712 67 65 50
-0.5000 51.0000 -23.5321 69 67 52
0.5000 51.0000 -23.7045 69 67 54
1.5000 51.0000 -23.8925 68 66 53
2.5000 51.0000 -24.0968 65 63 51
3.5000 51.0000 -24.3153 63 61 49
4.5000 51.0000 -24.5434 63 61 49
5.5000 51.0000 -24.7770 57 55 43
6.5000 51.0000 -25.0135 63 61 48
7.5000 51.0000 -25.2522 56 54 41
8.5000 51.0000 -25.4938 55 53 38
9.5000 51.0000 -25.7405 59 57 42
10.5000 51.0000 -25.9949 50 48 33
11.5000 51.0000 -26.2611 55 53 40
12.5000 51.0000 -26.5438 46 46 38
13.5000 51.0000 -26.8479 47 46 42
14.5000 51.0000 -27.1776 49 48 44
15.5000 51.0000 -27.5352 50 49 44
16.5000 51.0000 -27.9202 51 48 43
17.5000 51.0000 -28.3291 50 45 39
18.5000 51.0000 -28.7542 48 43 37
19.5000 51.0000 -29.1838 46 42 33
20.5000 51.0000 -29.6035 48 41 31
21.5000 51.0000 -29.9992 45 37 26
22.5000 51.0000 -30.3619 42 32 20
23.5000 51.0000 -30.6910 41 31 19
24.5000 51.0000 -30.9958 43 34 19
25.5000 51.0000 -31.2928 48 36 22
26.5000 51.0000 -31.6008 48 36 22
27.5000 51.0000 -31.9351 45 37 24
28.5000 51.0000 -32.3033 36 40 25
29.5000 51.0000 -32.7035 30 38 23
30.5000 51.0000 -33.1249 27 35 20
31.5000 51.0000 -33.5481 28 34 20
32.5000 51.0000 -33.9473 30 33 22
33.5000 51.0000 -34.2926 31 33 22
34.5000 51.0000 -34.5544 29 29 19
35.5000 51.0000 -34.7117 26 26 16
36.5000 51.0000 -34.7590 30 26 17
37.5000 51.0000 -34.7119 32 28 17
38.5000 51.0000 -34.6046 35 29 17
39.5000 51.0000 -34.4824 38 30 19
40.5000 51.0000 -34.3906 40 30 18
41.5000 51.0000 -34.3654 40 31 16
42.5000 51.0000 -34.4311 42 30 16
43.5000 51.0000 -34.6022 42 30 16
44.5000 51.0000 -34.8876 42 29 21
45.5000 51.0000 -35.2948 41 28 22
46.5000 51.0000 -35.8306 40 27 21
47.5000 51.0000 -36.4995 37 26 20
48.5000 51.0000 -37.3028 35 24 20
49.5000 51.0000 -38.2368 33 24 19
50.5000 51.0000 -39.2943 30 23 17
51.5000 51.0000 -40.4661 28 23 17
52.5000 51.0000 -41.7444 27 24 19
53.5000 51.0000 -43.1267 22 21 16
54.5000 51.0000 -44.6181 17 18 13
55.5000 51.0000 -46.2287 16 17 12
56.5000 51.0000 -47.9625 15 17 12
57.5000 51.0000 -49.8032 13 18 12
58.5000 51.0000 -51.7025 11 16 12
112.5000 51.0000 -120.3369 17 13 14
-86.5000 50.0000 -62.9452 17 19 8
-85.5000 50.0000 -54.9930 32 34 23
-84.5000 50.0000 -47.7129 44 46 35
-83.5000 50.0000 -41.4473 57 59 46
-82.5000 50.0000 -36.3564 55 57 44
-81.5000 50.0000 -32.4323 53 54 40
-80.5000 50.0000 -29.5429 50 53 36
-79.5000 50.0000 -27.4906 53 54 36
-78.5000 50.0000 -26.0668 57 60 39
-77.5000 50.0000 -25.0891 63 65 43
-76.5000 50.0000 -24.4170 65 69 44
-75.5000 50.0000 -23.9509 66 68 44
-74.5000 50.0000 -23.6226 63 67 42
-73.5000 50.0000 -23.3844 62 64 40
-72.5000 50.0000 -23.2009 61 65 40
-71.5000 50.0000 -23.0455 62 64 42
-70.5000 50.0000 -22.8990 62 66 43
-69.5000 50.0000 -22.7492 63 65 44
-68.5000 50.0000 -22.5898 62 65 44
-67.5000 50.0000 -22.4186 64 69 46
-66.5000 50.0000 -22.2361 66 71 48
-65.5000 50.0000 -22.0442 69 73 50
-64.5000 50.0000 -21.8456 71 75 52
-63.5000 50.0000 -21.6436 73 75 53
-62.5000 50.0000 -21.4413 75 77 53
-61.5000 50.0000 -21.2415 79 79 55
-60.5000 50.0000 -21.0462 80 80 56
-59.5000 50.0000 -20.8563 86 82 57
-58.5000 50.0000 -20.6729 87 83 58
-57.5000 50.0000 -20.4966 91 85 59
-56.5000 50.0000 -20.3277 93 87 61
-55.5000 50.0000 -20.1658 96 89 63
-54.5000 50.0000 -20.0095 97 90 64
-53.5000 50.0000 -19.8570 99 89 64
-52.5000 50.0000 -19.7070 100 88 64
-51.5000 50.0000 -19.5598 106 91 68
-50.5000 50.0000 -19.4175 108 93 70
-49.5000 50.0000 -19.2833 110 95 72
-48.5000 50.0000 -19.1604 113 98 75
-47.5000 50.0000 -19.0500 115 101 75
-46.5000 50.0000 -18.9510 114 100 74
-45.5000 50.0000 -18.8600 112 98 72
-44.5000 50.0000 -18.7728 110 96 69
-43.5000 50.0000 -18.6853 113 99 72
-42.5000 50.0000 -18.5954 114 100 73
-41.5000 50.0000 -18.5030 117 103 74
-40.5000 50.0000 -18.4098 120 106 77
-39.5000 50.0000 -18.3192 122 108 79
-38.5000 50.0000 -18.2349 123 109 80
-37.5000 50.0000 -18.1609 123 110 78
-36.5000 50.0000 -18.1012 124 109 78
-35.5000 50.0000 -18.0593 127 110 80
-34.5000 50.0000 -18.0378 126 107 77
-33.5000 50.0000 -18.0382 121 104 76
-32.5000 50.0000 -18.0608 120 105 76
-31.5000 50.0000 -18.1049 120 106 77
-30.5000 50.0000 -18.1693 117 108 77
-29.5000 50.0000 -18.2525 114 105 76
-28.5000 50.0000 -18.3537 109 102 73
-27.5000 50.0000 -18.4734 113 106 78
-26.5000 50.0000 -18.6140 111 104 76
-25.5000 50.0000 -18.7804 109 102 74
-24.5000 50.0000 -18.9789 110 103 75
-23.5000 50.0000 -19.2157 113 103 78
-22.5000 50.0000 -19.4934 110 100 75
-21.5000 50.0000 -19.8096 105 93 69
-20.5000 50.0000 -20.1555 99 89 64
-19.5000 50.0000 -20.5167 91 83 60
-18.5000 50.0000 -20.8745 91 83 62
-17.5000 50.0000 -21.2094 90 82 61
-16.5000 50.0000 -21.5032 83 77 55
-15.5000 50.0000 -21.7422 77 70 51
-14.5000 50.0000 -21.9198 72 67 47
-13.5000 50.0000 -22.0375 73 68 48
-12.5000 50.0000 -22.1045 75 70 50
-11.5000 50.0000 -22.1360 78 73 54
-10.5000 50.0000 -22.1500 75 72 53
-9.5000 50.0000 -22.1642 75 72 55
-8.5000 50.0000 -22.1932 75 74 56
-7.5000 50.0000 -22.2470 75 74 56
-6.5000 50.0000 -22.3294 74 73 55
-5.5000 50.0000 -22.4388 73 71 56
-4.5000 50.0000 -22.5691 72 71 53
-3.5000 50.0000 -22.7126 73 72 54
-2.5000 50.0000 -22.8629 72 71 53
-1.5000 50.0000 -23.0177 71 70 52
-0.5000 50.0000 -23.1785 70 68 53
0.5000 50.0000 -23.3497 70 68 55
1.5000 50.0000 -23.5352 68 66 53
2.5000 50.0000 -23.7367 63 61 49
3.5000 50.0000 -23.9528 60 58 46
4.5000 50.0000 -24.1806 67 65 53
5.5000 50.0000 -24.4167 60 58 46
6.5000 50.0000 -24.6589 67 65 52
7.5000 50.0000 -24.9058 59 57 44
8.5000 50.0000 -25.1566 57 55 40
9.5000 50.0000 -25.4107 60 59 41
10.5000 50.0000 -25.6688 51 50 32
11.5000 50.0000 -25.9330 53 54 38
12.5000 50.0000 -26.2079 47 49 38
13.5000 50.0000 -26.4991 48 51 42
14.5000 50.0000 -26.8128 51 52 44
15.5000 50.0000 -27.1532 51 52 44
16.5000 50.0000 -27.5215 51 51 43
17.5000 50.0000 -27.9144 51 48 39
18.5000 50.0000 -28.3238 47 44 35
19.5000 50.0000 -28.7373 46 42 31
20.5000 50.0000 -29.1398 47 41 29
21.5000 50.0000 -29.5172 45 37 26
22.5000 50.0000 -29.8608 44 34 22
23.5000 50.0000 -30.1703 46 34 22
24.5000 50.0000 -30.4551 48 36 24
25.5000 50.0000 -30.7312 51 37 24
26.5000 50.0000 -31.0164 51 37 26
27.5000 50.0000 -31.3245 47 37 25
28.5000 50.0000 -31.6618 39 41 27
29.5000 50.0000 -32.0260 33 39 25
30.5000 50.0000 -32.4069 30 36 22
31.5000 50.0000 -32.7877 32 36 22
32.5000 50.0000 -33.1462 34 36 25
33.5000 50.0000 -33.4572 34 36 25
34.5000 50.0000 -33.6955 32 32 24
35.5000 50.0000 -33.8426 32 29 22
36.5000 50.0000 -33.8938 33 28 22
37.5000 50.0000 -33.8625 36 29 21
38.5000 50.0000 -33.7796 39 30 21
39.5000 50.0000 -33.6861 40 32 21
40.5000 50.0000 -33.6234 42 32 20
41.5000 50.0000 -33.6249 42 33 18
42.5000 50.0000 -33.7125 43 31 15
43.5000 50.0000 -33.8989 43 31 17
44.5000 50.0000 -34.1925 43 30 22
45.5000 50.0000 -34.6016 43 30 24
46.5000 50.0000 -35.1355 42 29 23
47.5000 50.0000 -35.8032 39 28 22
48.5000 50.0000 -36.6100 38 27 23
49.5000 50.0000 -37.5553 35 26 21
50.5000 50.0000 -38.6319 32 25 19
51.5000 50.0000 -39.8280 31 24 18
52.5000 50.0000 -41.1311 27 22 18
53.5000 50.0000 -42.5327 23 20 15
54.5000 50.0000 -44.0321 18 17 13
55.5000 50.0000 -45.6337 16 17 12
56.5000 50.0000 -47.3383 16 18 13
57.5000 50.0000 -49.1302 16 18 13
58.5000 50.0000 -50.9682 11 16 12
112.5000 50.0000 -121.0514 16 12 13
-87.5000 49.0000 -65.6191 14 16 5
-86.5000 49.0000 -57.6243 26 28 15
-85.5000 49.0000 -50.0931 41 43 30
-84.5000 49.0000 -43.4641 50 52 39
-83.5000 49.0000 -37.9801 53 55 44
-82.5000 49.0000 -33.6935 49 53 39
-81.5000 49.0000 -30.5066 49 51 38
-80.5000 49.0000 -28.2313 49 53 38
-79.5000 49.0000 -26.6492 53 56 37
-78.5000 49.0000 -25.5579 53 58 36
-77.5000 49.0000 -24.7967 56 60 37
-76.5000 49.0000 -24.2525 56 61 38
-75.5000 49.0000 -23.8514 61 65 42
-74.5000 49.0000 -23.5465 59 64 41
-73.5000 49.0000 -23.3057 60 64 41
-72.5000 49.0000 -23.1049 59 64 41
-71.5000 49.0000 -22.9249 62 65 44
-70.5000 49.0000 -22.7514 64 69 47
-69.5000 49.0000 -22.5755 66 69 50
-68.5000 49.0000 -22.3931 66 71 49
-67.5000 49.0000 -22.2030 68 73 50
-66.5000 49.0000 -22.0060 68 73 50
-65.5000 49.0000 -21.8037 70 74 51
-64.5000 49.0000 -21.5979 73 77 54
-63.5000 49.0000 -21.3908 76 78 54
-62.5000 49.0000 -21.1849 79 81 57
-61.5000 49.0000 -20.9823 82 82 58
-60.5000 49.0000 -20.7850 82 82 56
-59.5000 49.0000 -20.5944 90 86 61
-58.5000 49.0000 -20.4117 91 87 62
-57.5000 49.0000 -20.2377 95 89 63
-56.5000 49.0000 -20.0725 97 91 65
-55.5000 49.0000 -19.9149 99 92 64
-54.5000 49.0000 -19.7626 100 93 65
-53.5000 49.0000 -19.6132 102 92 65
-52.5000 49.0000 -19.4650 103 91 65
-51.5000 49.0000 -19.3183 111 96 73
-50.5000 49.0000 -19.1758 114 98 75
-49.5000 49.0000 -19.0413 118 102 77
-48.5000 49.0000 -18.9183 119 103 78
-47.5000 49.0000 -18.8083 119 103 78
-46.5000 49.0000 -18.7101 116 100 75
-45.5000 49.0000 -18.6202 113 97 71
-44.5000 49.0000 -18.5344 111 95 69
-43.5000 49.0000 -18.4489 119 103 77
-42.5000 49.0000 -18.3619 118 103 74
-41.5000 49.0000 -18.2732 118 103 74
-40.5000 49.0000 -18.1844 119 104 75
-39.5000 49.0000 -18.0981 121 106 75
-38.5000 49.0000 -18.0175 123 108 77
-37.5000 49.0000 -17.9459 126 111 80
-36.5000 49.0000 -17.8871 127 112 81
-35.5000 49.0000 -17.8441 136 119 89
-34.5000 49.0000 -17.8195 135 116 86
-33.5000 49.0000 -17.8148 130 113 83
-32.5000 49.0000 -17.8302 129 114 83
-31.5000 49.0000 -17.8650 131 117 88
-30.5000 49.0000 -17.9178 128 119 88
-29.5000 49.0000 -17.9873 125 116 85
-28.5000 49.0000 -18.0728 120 114 82
-27.5000 49.0000 -18.1749 115 108 79
-26.5000 49.0000 -18.2964 114 107 78
-25.5000 49.0000 -18.4422 113 106 78
-24.5000 49.0000 -18.6188 113 106 78
-23.5000 49.0000 -18.8321 115 105 78
-22.5000 49.0000 -19.0855 112 102 75
-21.5000 49.0000 -19.3777 108 96 72
-20.5000 49.0000 -19.7017 104 92 68
-19.5000 49.0000 -20.0458 96 85 63
-18.5000 49.0000 -20.3939 96 85 63
-17.5000 49.0000 -20.7282 93 82 60
-16.5000 49.0000 -21.0307 84 76 53
-15.5000 49.0000 -21.2865 78 70 49
-14.5000 49.0000 -21.4860 76 68 47
-13.5000 49.0000 -21.6270 80 72 51
-12.5000 49.0000 -21.7159 82 76 54
-11.5000 49.0000 -21.7655 81 74 55
-10.5000 49.0000 -21.7937 81 76 56
-9.5000 49.0000 -21.8188 83 78 59
-8.5000 49.0000 -21.8567 83 78 59
-7.5000 49.0000 -21.9183 81 76 57
-6.5000 49.0000 -22.0082 78 75 56
-5.5000 49.0000 -22.1246 76 73 56
-4.5000 49.0000 -22.2615 75 72 55
-3.5000 49.0000 -22.4112 77 76 56
-2.5000 49.0000 -22.5670 74 73 53
-1.5000 49.0000 -22.7261 71 70 52
-0.5000 49.0000 -22.8894 71 69 54
0.5000 49.0000 -23.0606 72 70 57
1.5000 49.0000 -23.2438 71 69 56
2.5000 49.0000 -23.4413 66 64 52
3.5000 49.0000 -23.6531 62 59 50
4.5000 49.0000 -23.8776 70 67 58
5.5000 49.0000 -24.1131 63 61 49
6.5000 49.0000 -24.3578 69 67 54
7.5000 49.0000 -24.6101 61 59 46
8.5000 49.0000 -24.8678 59 57 42
9.5000 49.0000 -25.1285 62 61 43
10.5000 49.0000 -25.3905 52 51 31
11.5000 49.0000 -25.6540 55 56 38
12.5000 49.0000 -25.9226 53 57 42
13.5000 49.0000 -26.2024 51 57 45
14.5000 49.0000 -26.5004 52 55 44
15.5000 49.0000 -26.8223 50 53 42
16.5000 49.0000 -27.1703 49 51 40
17.5000 49.0000 -27.5418 48 48 36
18.5000 49.0000 -27.9289 45 45 33
19.5000 49.0000 -28.3194 46 44 32
20.5000 49.0000 -28.6993 44 40 28
21.5000 49.0000 -29.0559 45 39 27
22.5000 49.0000 -29.3815 46 38 27
23.5000 49.0000 -29.6768 49 39 29
24.5000 49.0000 -29.9504 51 41 31
25.5000 49.0000 -30.2164 53 41 29
26.5000 49.0000 -30.4897 51 38 29
27.5000 49.0000 -30.7813 46 36 26
28.5000 49.0000 -31.0950 43 41 28
29.5000 49.0000 -31.4271 38 39 25
30.5000 49.0000 -31.7675 36 36 24
31.5000 49.0000 -32.1016 36 36 24
32.5000 49.0000 -32.4114 40 37 28
33.5000 49.0000 -32.6770 40 37 30
34.5000 49.0000 -32.8788 38 33 29
35.5000 49.0000 -33.0029 38 31 25
36.5000 49.0000 -33.0466 38 31 25
37.5000 49.0000 -33.0227 40 31 24
38.5000 49.0000 -32.9589 42 33 24
39.5000 49.0000 -32.8920 44 34 24
40.5000 49.0000 -32.8586 44 34 22
41.5000 49.0000 -32.8883 44 35 20
42.5000 49.0000 -32.9999 45 33 17
43.5000 49.0000 -33.2044 44 32 18
44.5000 49.0000 -33.5098 43 30 22
45.5000 49.0000 -33.9255 42 31 25
46.5000 49.0000 -34.4642 42 31 25
47.5000 49.0000 -35.1387 40 31 24
48.5000 49.0000 -35.9581 39 30 25
49.5000 49.0000 -36.9237 36 27 22
50.5000 49.0000 -38.0276 33 26 20
51.5000 49.0000 -39.2544 31 24 18
52.5000 49.0000 -40.5863 27 22 18
53.5000 49.0000 -42.0089 23 20 15
54.5000 49.0000 -43.5156 20 16 13
55.5000 49.0000 -45.1060 18 17 13
56.5000 49.0000 -46.7777 19 18 14
57.5000 49.0000 -48.5161 17 18 13
58.5000 49.0000 -50.2871 14 14 12
-87.5000 48.0000 -60.1385 24 26 13
-86.5000 48.0000 -52.5196 38 40 27
-85.5000 48.0000 -45.6044 50 52 39
-84.5000 48.0000 -39.7437 57 59 46
-83.5000 48.0000 -35.0755 48 51 40
-82.5000 48.0000 -31.5567 45 48 37
-81.5000 48.0000 -29.0238 46 49 38
-80.5000 48.0000 -27.2587 51 55 40
-79.5000 48.0000 -26.0435 53 57 40
-78.5000 48.0000 -25.1961 51 56 36
-77.5000 48.0000 -24.5834 51 56 34
-76.5000 48.0000 -24.1190 54 59 36
-75.5000 48.0000 -23.7515 59 64 41
-74.5000 48.0000 -23.4504 60 65 42
-73.5000 48.0000 -23.1955 61 66 43
-72.5000 48.0000 -22.9707 62 67 44
-71.5000 48.0000 -22.7627 63 68 46
-70.5000 48.0000 -22.5612 65 70 48
-69.5000 48.0000 -22.3601 69 74 54
-68.5000 48.0000 -22.1569 71 76 56
-67.5000 48.0000 -21.9513 72 77 55
-66.5000 48.0000 -21.7441 71 76 53
-65.5000 48.0000 -21.5359 73 77 54
-64.5000 48.0000 -21.3275 75 79 56
-63.5000 48.0000 -21.1200 80 82 58
-62.5000 48.0000 -20.9146 83 85 61
-61.5000 48.0000 -20.7131 85 85 59
-60.5000 48.0000 -20.5172 85 85 59
-59.5000 48.0000 -20.3288 94 90 65
-58.5000 48.0000 -20.1493 95 91 66
-57.5000 48.0000 -19.9798 98 92 66
-56.5000 48.0000 -19.8199 100 94 68
-55.5000 48.0000 -19.6681 102 95 67
-54.5000 48.0000 -19.5212 102 95 67
-53.5000 48.0000 -19.3761 104 94 67
-52.5000 48.0000 -19.2308 105 93 67
-51.5000 48.0000 -19.0857 113 98 75
-50.5000 48.0000 -18.9438 118 102 79
-49.5000 48.0000 -18.8092 122 106 81
-48.5000 48.0000 -18.6859 123 107 82
-47.5000 48.0000 -18.5755 121 105 80
-46.5000 48.0000 -18.4769 118 102 77
-45.5000 48.0000 -18.3868 116 100 74
-44.5000 48.0000 -18.3014 115 99 73
-43.5000 48.0000 -18.2171 124 109 80
-42.5000 48.0000 -18.1325 123 108 79
-41.5000 48.0000 -18.0474 121 106 77
-40.5000 48.0000 -17.9632 120 105 76
-39.5000 48.0000 -17.8818 121 106 75
-38.5000 48.0000 -17.8056 124 109 78
-37.5000 48.0000 -17.7375 127 112 81
-36.5000 48.0000 -17.6805 129 114 83
-35.5000 48.0000 -17.6376 137 118 88
-34.5000 48.0000 -17.6112 136 117 87
-33.5000 48.0000 -17.6026 132 115 85
-32.5000 48.0000 -17.6120 131 116 85
-31.5000 48.0000 -17.6388 131 117 88
-30.5000 48.0000 -17.6815 128 119 88
-29.5000 48.0000 -17.7389 127 118 87
-28.5000 48.0000 -17.8104 123 117 85
-27.5000 48.0000 -17.8969 117 110 81
-26.5000 48.0000 -18.0013 118 111 82
-25.5000 48.0000 -18.1286 118 111 83
-24.5000 48.0000 -18.2850 117 110 82
-23.5000 48.0000 -18.4765 118 108 81
-22.5000 48.0000 -18.7065 115 105 78
-21.5000 48.0000 -18.9745 111 99 75
-20.5000 48.0000 -19.2755 108 96 72
-19.5000 48.0000 -19.5998 104 92 70
-18.5000 48.0000 -19.9341 101 89 67
-17.5000 48.0000 -20.2629 96 84 62
-16.5000 48.0000 -20.5695 90 79 57
-15.5000 48.0000 -20.8387 86 73 54
-14.5000 48.0000 -21.0589 84 73 53
-13.5000 48.0000 -21.2252 86 75 55
-12.5000 48.0000 -21.3403 86 78 57
-11.5000 48.0000 -21.4147 85 77 58
-10.5000 48.0000 -21.4644 87 80 61
-9.5000 48.0000 -21.5075 89 82 64
-8.5000 48.0000 -21.5605 89 82 64
-7.5000 48.0000 -21.6351 86 79 61
-6.5000 48.0000 -21.7366 82 77 58
-5.5000 48.0000 -21.8638 82 75 59
-4.5000 48.0000 -22.0112 80 75 56
-3.5000 48.0000 -22.1711 77 75 54
-2.5000 48.0000 -22.3366 72 71 50
-1.5000 48.0000 -22.5038 69 68 48
-0.5000 48.0000 -22.6728 71 70 52
0.5000 48.0000 -22.8465 75 73 58
1.5000 48.0000 -23.0287 76 74 61
2.5000 48.0000 -23.2224 73 70 61
3.5000 48.0000 -23.4286 69 66 57
4.5000 48.0000 -23.6476 72 69 60
5.5000 48.0000 -23.8790 65 63 51
6.5000 48.0000 -24.1220 71 69 57
7.5000 48.0000 -24.3753 63 61 46
8.5000 48.0000 -24.6363 61 60 42
9.5000 48.0000 -24.9011 64 63 43
10.5000 48.0000 -25.1662 54 53 32
11.5000 48.0000 -25.4301 57 59 38
12.5000 48.0000 -25.6948 57 61 44
13.5000 48.0000 -25.9656 54 61 45
14.5000 48.0000 -26.2495 53 57 43
15.5000 48.0000 -26.5528 51 55 41
16.5000 48.0000 -26.8782 49 51 38
17.5000 48.0000 -27.2238 47 49 36
18.5000 48.0000 -27.5825 45 47 34
19.5000 48.0000 -27.9438 46 46 34
20.5000 48.0000 -28.2958 44 42 29
21.5000 48.0000 -28.6286 44 42 29
22.5000 48.0000 -28.9366 45 41 29
23.5000 48.0000 -29.2211 50 44 32
24.5000 48.0000 -29.4895 52 46 34
25.5000 48.0000 -29.7529 51 45 33
26.5000 48.0000 -30.0224 48 40 29
27.5000 48.0000 -30.3046 43 37 25
28.5000 48.0000 -30.6003 47 41 29
29.5000 48.0000 -30.9038 42 38 26
30.5000 48.0000 -31.2049 42 35 25
31.5000 48.0000 -31.4908 42 35 25
32.5000 48.0000 -31.7473 44 37 31
33.5000 48.0000 -31.9601 44 37 31
34.5000 48.0000 -32.1161 43 33 31
35.5000 48.0000 -32.2070 41 31 29
36.5000 48.0000 -32.2336 42 33 28
37.5000 48.0000 -32.2090 44 33 27
38.5000 48.0000 -32.1584 45 34 28
39.5000 48.0000 -32.1142 46 36 26
40.5000 48.0000 -32.1081 46 36 24
41.5000 48.0000 -32.1653 45 36 19
42.5000 48.0000 -32.3016 46 35 17
43.5000 48.0000 -32.5262 46 34 18
44.5000 48.0000 -32.8469 41 31 21
45.5000 48.0000 -33.2745 41 32 25
46.5000 48.0000 -33.8240 41 32 25
47.5000 48.0000 -34.5113 40 33 25
48.5000 48.0000 -35.3481 40 31 26
49.5000 48.0000 -36.3366 36 29 23
50.5000 48.0000 -37.4672 33 26 20
51.5000 48.0000 -38.7210 31 24 18
52.5000 48.0000 -40.0757 26 21 17
53.5000 48.0000 -41.5120 24 19 15
54.5000 48.0000 -43.0187 22 17 14
55.5000 48.0000 -44.5914 21 17 14
56.5000 48.0000 -46.2257 21 17 14
57.5000 48.0000 -47.9084 20 16 13
60.5000 48.0000 -52.9335 13 13 13
-88.5000 47.0000 -62.3378 17 19 8
-87.5000 47.0000 -54.8793 32 34 21
-86.5000 47.0000 -47.8332 45 47 34
-85.5000 47.0000 -41.6605 53 55 41
-84.5000 47.0000 -36.6117 56 58 45
-83.5000 47.0000 -32.7281 47 50 39
-82.5000 47.0000 -29.8940 43 49 37
-81.5000 47.0000 -27.9067 45 51 39
-80.5000 47.0000 -26.5417 51 57 43
-79.5000 47.0000 -25.5978 51 58 42
-78.5000 47.0000 -24.9201 48 56 35
-77.5000 47.0000 -24.4037 50 58 35
-76.5000 47.0000 -23.9859 56 64 41
-75.5000 47.0000 -23.6326 59 67 44
-74.5000 47.0000 -23.3252 62 70 47
-73.5000 47.0000 -23.0517 65 73 50
-72.5000 47.0000 -22.8017 64 72 49
-71.5000 47.0000 -22.5664 62 70 49
-70.5000 47.0000 -22.3388 63 71 50
-69.5000 47.0000 -22.1153 67 74 56
-68.5000 47.0000 -21.8948 72 80 59
-67.5000 47.0000 -21.6775 76 81 59
-66.5000 47.0000 -21.4639 74 79 56
-65.5000 47.0000 -21.2538 75 79 54
-64.5000 47.0000 -21.0465 78 82 57
-63.5000 47.0000 -20.8419 84 86 62
-62.5000 47.0000 -20.6402 87 89 65
-61.5000 47.0000 -20.4425 89 89 63
-60.5000 47.0000 -20.2505 87 87 61
-59.5000 47.0000 -20.0663 97 93 66
-58.5000 47.0000 -19.8915 98 94 67
-57.5000 47.0000 -19.7275 101 95 69
-56.5000 47.0000 -19.5738 102 96 70
-55.5000 47.0000 -19.4284 104 97 69
-54.5000 47.0000 -19.2877 104 97 69
-53.5000 47.0000 -19.1479 106 96 69
-52.5000 47.0000 -19.0066 107 95 69
-51.5000 47.0000 -18.8642 112 98 72
-50.5000 47.0000 -18.7235 118 102 77
-49.5000 47.0000 -18.5892 122 106 81
-48.5000 47.0000 -18.4652 123 107 82
-47.5000 47.0000 -18.3533 122 106 81
-46.5000 47.0000 -18.2529 121 105 80
-45.5000 47.0000 -18.1612 122 106 80
-44.5000 47.0000 -18.0746 123 107 81
-43.5000 47.0000 -17.9905 128 113 84
-42.5000 47.0000 -17.9075 128 113 84
-41.5000 47.0000 -17.8256 127 112 81
-40.5000 47.0000 -17.7458 127 112 81
-39.5000 47.0000 -17.6694 127 112 81
-38.5000 47.0000 -17.5983 127 112 81
-37.5000 47.0000 -17.5345 128 113 82
-36.5000 47.0000 -17.4806 128 113 82
-35.5000 47.0000 -17.4393 133 114 84
-34.5000 47.0000 -17.4128 134 115 85
-33.5000 47.0000 -17.4022 133 116 86
-32.5000 47.0000 -17.4077 131 116 85
-31.5000 47.0000 -17.4286 128 115 83
-30.5000 47.0000 -17.4633 124 115 82
-29.5000 47.0000 -17.5108 125 116 85
-28.5000 47.0000 -17.5705 124 118 86
-27.5000 47.0000 -17.6434 122 115 86
-26.5000 47.0000 -17.7326 123 116 87
-25.5000 47.0000 -17.8431 124 117 89
-24.5000 47.0000 -17.9807 123 116 88
-23.5000 47.0000 -18.1513 123 113 86
-22.5000 47.0000 -18.3583 119 109 82
-21.5000 47.0000 -18.6019 116 104 78
-20.5000 47.0000 -18.8783 114 102 76
-19.5000 47.0000 -19.1803 115 100 77
-18.5000 47.0000 -19.4973 111 96 73
-17.5000 47.0000 -19.8164 106 91 68
-16.5000 47.0000 -20.1228 99 87 63
-15.5000 47.0000 -20.4022 98 83 62
-14.5000 47.0000 -20.6422 93 81 59
-13.5000 47.0000 -20.8354 90 77 58
-12.5000 47.0000 -20.9815 87 76 56
-11.5000 47.0000 -21.0874 90 79 59
-10.5000 47.0000 -21.1666 92 84 63
-9.5000 47.0000 -21.2356 95 87 68
-8.5000 47.0000 -21.3104 95 87 68
-7.5000 47.0000 -21.4034 91 82 65
-6.5000 47.0000 -21.5207 86 79 61
-5.5000 47.0000 -21.6626 85 76 59
-4.5000 47.0000 -21.8242 84 77 59
-3.5000 47.0000 -21.9982 79 77 56
-2.5000 47.0000 -22.1773 74 73 52
-1.5000 47.0000 -22.3569 70 69 49
-0.5000 47.0000 -22.5354 71 70 52
0.5000 47.0000 -22.7148 76 74 59
1.5000 47.0000 -22.8982 78 76 63
2.5000 47.0000 -23.0889 75 72 63
3.5000 47.0000 -23.2891 71 68 59
4.5000 47.0000 -23.5004 72 69 60
5.5000 47.0000 -23.7240 66 64 52
6.5000 47.0000 -23.9605 72 70 58
7.5000 47.0000 -24.2096 65 63 48
8.5000 47.0000 -24.4690 63 62 44
9.5000 47.0000 -24.7344 66 65 45
10.5000 47.0000 -25.0011 57 56 35
11.5000 47.0000 -25.2659 60 62 40
12.5000 47.0000 -25.5289 56 59 40
13.5000 47.0000 -25.7939 55 59 42
14.5000 47.0000 -26.0669 55 57 43
15.5000 47.0000 -26.3536 53 55 41
16.5000 47.0000 -26.6567 51 53 39
17.5000 47.0000 -26.9747 49 51 37
18.5000 47.0000 -27.3020 48 50 36
19.5000 47.0000 -27.6302 47 49 35
20.5000 47.0000 -27.9509 46 48 34
21.5000 47.0000 -28.2574 44 46 32
22.5000 47.0000 -28.5469 42 44 31
23.5000 47.0000 -28.8213 44 44 32
24.5000 47.0000 -29.0864 45 45 33
25.5000 47.0000 -29.3498 45 45 33
26.5000 47.0000 -29.6179 41 43 30
27.5000 47.0000 -29.8929 42 40 27
28.5000 47.0000 -30.1722 47 39 28
29.5000 47.0000 -30.4480 46 36 26
30.5000 47.0000 -30.7099 46 33 25
31.5000 47.0000 -30.9464 47 34 26
32.5000 47.0000 -31.1469 49 35 32
33.5000 47.0000 -31.3025 49 35 32
34.5000 47.0000 -31.4066 47 33 32
35.5000 47.0000 -31.4574 45 31 30
36.5000 47.0000 -31.4600 47 33 30
37.5000 47.0000 -31.4287 48 35 29
38.5000 47.0000 -31.3865 49 36 30
39.5000 47.0000 -31.3614 50 37 28
40.5000 47.0000 -31.3801 49 37 25
41.5000 47.0000 -31.4634 49 37 21
42.5000 47.0000 -31.6242 47 36 18
43.5000 47.0000 -31.8703 44 35 18
44.5000 47.0000 -32.2095 39 31 20
45.5000 47.0000 -32.6534 39 32 24
46.5000 47.0000 -33.2185 40 33 25
47.5000 47.0000 -33.9223 39 35 26
48.5000 47.0000 -34.7773 39 32 26
49.5000 47.0000 -35.7854 34 29 23
50.5000 47.0000 -36.9353 30 25 19
51.5000 47.0000 -38.2057 28 23 17
52.5000 47.0000 -39.5707 27 19 16
53.5000 47.0000 -41.0079 25 17 14
54.5000 47.0000 -42.5029 24 16 14
55.5000 47.0000 -44.0485 22 17 14
56.5000 47.0000 -45.6395 23 18 15
57.5000 47.0000 -47.2654 21 16 13
60.5000 47.0000 -52.1302 15 13 14
61.5000 47.0000 -53.6655 13 13 13
-88.5000 46.0000 -56.9671 21 24 13
-87.5000 46.0000 -50.0193 35 39 25
-86.5000 46.0000 -43.6808 45 49 35
-85.5000 46.0000 -38.3100 50 52 38
-84.5000 46.0000 -34.0568 49 53 38
-83.5000 46.0000 -30.8835 47 53 41
-82.5000 46.0000 -28.6276 44 50 40
-81.5000 46.0000 -27.0728 45 53 40
-80.5000 46.0000 -26.0066 51 59 44
-79.5000 46.0000 -25.2535 50 59 42
-78.5000 46.0000 -24.6881 47 56 37
-77.5000 46.0000 -24.2312 53 61 40
-76.5000 46.0000 -23.8387 62 70 47
-75.5000 46.0000 -23.4893 64 69 47
-74.5000 46.0000 -23.1722 68 73 51
-73.5000 46.0000 -22.8806 73 77 54
-72.5000 46.0000 -22.6082 70 74 51
-71.5000 46.0000 -22.3490 65 68 47
-70.5000 46.0000 -22.0992 63 68 46
-69.5000 46.0000 -21.8570 69 74 52
-68.5000 46.0000 -21.6226 75 80 58
-67.5000 46.0000 -21.3969 78 83 61
-66.5000 46.0000 -21.1797 76 81 58
-65.5000 46.0000 -20.9700 76 80 57
-64.5000 46.0000 -20.7661 80 84 61
-63.5000 46.0000 -20.5663 86 88 66
-62.5000 46.0000 -20.3699 91 91 67
-61.5000 46.0000 -20.1774 90 90 66
-60.5000 46.0000 -19.9903 90 88 63
-59.5000 46.0000 -19.8108 99 95 70
-58.5000 46.0000 -19.6412 101 95 71
-57.5000 46.0000 -19.4827 102 96 72
-56.5000 46.0000 -19.3353 105 98 72
-55.5000 46.0000 -19.1964 106 99 73
-54.5000 46.0000 -19.0621 107 97 72
-53.5000 46.0000 -18.9282 107 97 72
-52.5000 46.0000 -18.7919 107 95 69
-51.5000 46.0000 -18.6531 108 96 70
-50.5000 46.0000 -18.5146 115 101 75
-49.5000 46.0000 -18.3808 120 106 80
-48.5000 46.0000 -18.2557 122 108 82
-47.5000 46.0000 -18.1416 123 107 82
-46.5000 46.0000 -18.0382 124 108 82
-45.5000 46.0000 -17.9435 127 111 85
-44.5000 46.0000 -17.8547 130 115 86
-43.5000 46.0000 -17.7697 130 115 86
-42.5000 46.0000 -17.6876 131 116 87
-41.5000 46.0000 -17.6084 133 118 87
-40.5000 46.0000 -17.5327 134 119 88
-39.5000 46.0000 -17.4613 133 118 87
-38.5000 46.0000 -17.3954 131 116 85
-37.5000 46.0000 -17.3366 129 114 83
-36.5000 46.0000 -17.2870 127 112 81
-35.5000 46.0000 -17.2489 139 120 90
-34.5000 46.0000 -17.2241 141 122 92
-33.5000 46.0000 -17.2138 143 124 94
-32.5000 46.0000 -17.2179 140 123 93
-31.5000 46.0000 -17.2354 136 121 90
-30.5000 46.0000 -17.2648 133 120 88
-29.5000 46.0000 -17.3048 133 122 92
-28.5000 46.0000 -17.3551 135 126 95
-27.5000 46.0000 -17.4166 128 119 90
-26.5000 46.0000 -17.4926 129 120 91
-25.5000 46.0000 -17.5877 130 121 92
-24.5000 46.0000 -17.7079 129 120 91
-23.5000 46.0000 -17.8584 126 116 89
-22.5000 46.0000 -18.0427 124 113 85
-21.5000 46.0000 -18.2616 120 108 82
-20.5000 46.0000 -18.5126 119 107 81
-19.5000 46.0000 -18.7904 121 107 81
-18.5000 46.0000 -19.0873 117 102 79
-17.5000 46.0000 -19.3929 112 97 74
-16.5000 46.0000 -19.6955 109 94 71
-15.5000 46.0000 -19.9819 104 92 70
-14.5000 46.0000 -20.2402 99 87 65
-13.5000 46.0000 -20.4614 90 79 59
-12.5000 46.0000 -20.6421 82 74 53
-11.5000 46.0000 -20.7856 89 83 61
-10.5000 46.0000 -20.9016 93 86 67
-9.5000 46.0000 -21.0040 96 91 71
-8.5000 46.0000 -21.1076 95 90 71
-7.5000 46.0000 -21.2245 91 86 67
-6.5000 46.0000 -21.3622 86 80 64
-5.5000 46.0000 -21.5224 85 79 63
-4.5000 46.0000 -21.7016 83 80 61
-3.5000 46.0000 -21.8932 83 85 64
-2.5000 46.0000 -22.0898 76 79 58
-1.5000 46.0000 -22.2855 70 73 54
-0.5000 46.0000 -22.4772 70 73 56
0.5000 46.0000 -22.6654 73 75 61
1.5000 46.0000 -22.8524 73 75 62
2.5000 46.0000 -23.0414 70 70 58
3.5000 46.0000 -23.2353 64 64 52
4.5000 46.0000 -23.4369 70 70 58
5.5000 46.0000 -23.6491 64 64 52
6.5000 46.0000 -23.8743 72 70 57
7.5000 46.0000 -24.1137 65 63 48
8.5000 46.0000 -24.3662 64 63 43
9.5000 46.0000 -24.6281 68 67 46
10.5000 46.0000 -24.8941 59 59 35
11.5000 46.0000 -25.1599 63 62 41
12.5000 46.0000 -25.4235 53 54 38
13.5000 46.0000 -25.6866 53 55 41
14.5000 46.0000 -25.9534 55 57 43
15.5000 46.0000 -26.2281 55 57 43
16.5000 46.0000 -26.5129 54 56 42
17.5000 46.0000 -26.8062 52 54 40
18.5000 46.0000 -27.1037 49 53 38
19.5000 46.0000 -27.3995 48 52 37
20.5000 46.0000 -27.6884 50 54 39
21.5000 46.0000 -27.9675 46 50 35
22.5000 46.0000 -28.2367 43 45 32
23.5000 46.0000 -28.4985 41 43 30
24.5000 46.0000 -28.7572 42 44 31
25.5000 46.0000 -29.0168 43 45 31
26.5000 46.0000 -29.2793 42 44 31
27.5000 46.0000 -29.5428 44 42 29
28.5000 46.0000 -29.8016 47 39 26
29.5000 46.0000 -30.0461 48 36 24
30.5000 46.0000 -30.2656 46 33 24
31.5000 46.0000 -30.4499 47 34 26
32.5000 46.0000 -30.5914 49 36 30
33.5000 46.0000 -30.6866 50 35 30
34.5000 46.0000 -30.7354 49 34 31
35.5000 46.0000 -30.7426 46 31 28
36.5000 46.0000 -30.7181 50 35 30
37.5000 46.0000 -30.6775 50 35 30
38.5000 46.0000 -30.6419 51 36 29
39.5000 46.0000 -30.6346 52 38 29
40.5000 46.0000 -30.6772 51 37 26
41.5000 46.0000 -30.7862 50 36 23
42.5000 46.0000 -30.9717 49 36 20
43.5000 46.0000 -31.2408 45 36 19
44.5000 46.0000 -31.6011 35 31 19
45.5000 46.0000 -32.0649 36 33 24
46.5000 46.0000 -32.6489 37 34 25
47.5000 46.0000 -33.3706 38 35 26
48.5000 46.0000 -34.2417 36 33 26
49.5000 46.0000 -35.2629 32 29 22
50.5000 46.0000 -36.4216 29 26 19
51.5000 46.0000 -37.6947 26 23 16
52.5000 46.0000 -39.0550 25 20 16
53.5000 46.0000 -40.4783 23 18 14
54.5000 46.0000 -41.9483 22 17 14
55.5000 46.0000 -43.4566 23 18 15
56.5000 46.0000 -44.9980 23 18 15
57.5000 46.0000 -46.5650 22 16 16
60.5000 46.0000 -51.2817 15 13 14
61.5000 46.0000 -52.8107 14 14 14
62.5000 46.0000 -54.2953 13 13 13
-89.5000 45.0000 -58.6260 14 21 14
-88.5000 45.0000 -51.9795 27 35 24
-87.5000 45.0000 -45.6696 38 44 32
-86.5000 45.0000 -40.1068 42 48 34
-85.5000 45.0000 -35.5378 45 49 34
-84.5000 45.0000 -32.0211 46 50 35
-83.5000 45.0000 -29.4612 47 53 41
-82.5000 45.0000 -27.6732 50 58 45
-81.5000 45.0000 -26.4474 52 63 49
-80.5000 45.0000 -25.5949 53 64 48
-79.5000 45.0000 -24.9706 52 65 47
-78.5000 45.0000 -24.4764 54 66 46
-77.5000 45.0000 -24.0544 58 67 46
-76.5000 45.0000 -23.6750 62 70 47
-75.5000 45.0000 -23.3253 66 68 47
-74.5000 45.0000 -22.9993 69 68 47
-73.5000 45.0000 -22.6933 71 69 46
-72.5000 45.0000 -22.4032 75 70 48
-71.5000 45.0000 -22.1253 77 75 50
-70.5000 45.0000 -21.8577 80 80 54
-69.5000 45.0000 -21.6005 82 85 58
-68.5000 45.0000 -21.3551 84 86 62
-67.5000 45.0000 -21.1228 81 84 63
-66.5000 45.0000 -20.9033 82 85 64
-65.5000 45.0000 -20.6948 84 86 65
-64.5000 45.0000 -20.4946 85 87 66
-63.5000 45.0000 -20.2998 89 88 68
-62.5000 45.0000 -20.1089 90 89 68
-61.5000 45.0000 -19.9215 93 91 70
-60.5000 45.0000 -19.7391 95 90 70
-59.5000 45.0000 -19.5639 97 90 71
-58.5000 45.0000 -19.3986 98 90 69
-57.5000 45.0000 -19.2450 99 91 70
-56.5000 45.0000 -19.1031 102 91 69
-55.5000 45.0000 -18.9704 105 93 71
-54.5000 45.0000 -18.8425 107 95 73
-53.5000 45.0000 -18.7148 110 98 76
-52.5000 45.0000 -18.5841 111 99 75
-51.5000 45.0000 -18.4497 125 115 88
-50.5000 45.0000 -18.3140 120 110 83
-49.5000 45.0000 -18.1810 116 107 78
-48.5000 45.0000 -18.0548 119 108 80
-47.5000 45.0000 -17.9380 127 113 86
-46.5000 45.0000 -17.8310 131 115 89
-45.5000 45.0000 -17.7327 128 112 86
-44.5000 45.0000 -17.6412 125 108 80
-43.5000 45.0000 -17.5551 130 113 85
-42.5000 45.0000 -17.4736 136 119 89
-41.5000 45.0000 -17.3968 138 121 91
-40.5000 45.0000 -17.3249 134 117 87
-39.5000 45.0000 -17.2584 135 120 87
-38.5000 45.0000 -17.1977 141 126 93
-37.5000 45.0000 -17.1443 140 127 93
-36.5000 45.0000 -17.0997 136 121 90
-35.5000 45.0000 -17.0659 145 126 96
-34.5000 45.0000 -17.0447 145 124 97
-33.5000 45.0000 -17.0367 143 122 95
-32.5000 45.0000 -17.0416 140 120 93
-31.5000 45.0000 -17.0583 138 121 93
-30.5000 45.0000 -17.0850 139 122 94
-29.5000 45.0000 -17.1201 140 125 96
-28.5000 45.0000 -17.1634 141 126 97
-27.5000 45.0000 -17.2158 137 122 93
-26.5000 45.0000 -17.2805 134 119 90
-25.5000 45.0000 -17.3621 137 123 94
-24.5000 45.0000 -17.4662 145 131 102
-23.5000 45.0000 -17.5978 144 130 103
-22.5000 45.0000 -17.7603 134 120 91
-21.5000 45.0000 -17.9549 128 114 87
-20.5000 45.0000 -18.1802 131 117 90
-19.5000 45.0000 -18.4328 125 109 84
-18.5000 45.0000 -18.7076 117 103 77
-17.5000 45.0000 -18.9972 110 95 72
-16.5000 45.0000 -19.2924 106 94 70
-15.5000 45.0000 -19.5826 106 95 73
-14.5000 45.0000 -19.8567 100 94 70
-13.5000 45.0000 -20.1051 90 85 63
-12.5000 45.0000 -20.3219 78 78 54
-11.5000 45.0000 -20.5067 73 75 53
-10.5000 45.0000 -20.6650 79 81 60
-9.5000 45.0000 -20.8071 84 87 66
-8.5000 45.0000 -20.9454 85 88 69
-7.5000 45.0000 -21.0917 83 86 67
-6.5000 45.0000 -21.2540 81 84 67
-5.5000 45.0000 -21.4360 83 84 68
-4.5000 45.0000 -21.6358 83 87 70
-3.5000 45.0000 -21.8479 78 89 72
-2.5000 45.0000 -22.0647 70 83 65
-1.5000 45.0000 -22.2792 68 81 64
-0.5000 45.0000 -22.4868 73 84 68
0.5000 45.0000 -22.6862 74 85 69
1.5000 45.0000 -22.8786 70 78 63
2.5000 45.0000 -23.0668 68 74 60
3.5000 45.0000 -23.2542 71 75 60
4.5000 45.0000 -23.4446 66 70 53
5.5000 45.0000 -23.6425 67 70 53
6.5000 45.0000 -23.8523 68 69 51
7.5000 45.0000 -24.0773 66 68 47
8.5000 45.0000 -24.3181 66 65 45
9.5000 45.0000 -24.5724 63 62 41
10.5000 45.0000 -24.8354 62 60 37
11.5000 45.0000 -25.1017 59 58 38
12.5000 45.0000 -25.3679 52 50 37
13.5000 45.0000 -25.6334 51 51 39
14.5000 45.0000 -25.9001 52 52 40
15.5000 45.0000 -26.1703 53 53 41
16.5000 45.0000 -26.4448 52 54 41
17.5000 45.0000 -26.7215 51 53 40
18.5000 45.0000 -26.9964 49 53 39
19.5000 45.0000 -27.2656 48 52 38
20.5000 45.0000 -27.5264 55 57 43
21.5000 45.0000 -27.7790 53 55 41
22.5000 45.0000 -28.0257 50 51 37
23.5000 45.0000 -28.2698 49 47 34
24.5000 45.0000 -28.5141 46 44 31
25.5000 45.0000 -28.7600 47 44 29
26.5000 45.0000 -29.0058 47 43 31
27.5000 45.0000 -29.2467 49 43 29
28.5000 45.0000 -29.4745 53 45 32
29.5000 45.0000 -29.6786 52 44 31
30.5000 45.0000 -29.8480 51 41 29
31.5000 45.0000 -29.9741 50 40 30
32.5000 45.0000 -30.0526 49 39 29
33.5000 45.0000 -30.0846 51 38 29
34.5000 45.0000 -30.0768 51 38 29
35.5000 45.0000 -30.0404 52 38 29
36.5000 45.0000 -29.9898 52 38 29
37.5000 45.0000 -29.9419 54 37 29
38.5000 45.0000 -29.9151 55 38 30
39.5000 45.0000 -29.9280 58 41 31
40.5000 45.0000 -29.9965 63 45 35
41.5000 45.0000 -30.1329 64 46 36
42.5000 45.0000 -30.3450 62 44 32
43.5000 45.0000 -30.6391 55 43 31
44.5000 45.0000 -31.0232 46 44 31
45.5000 45.0000 -31.5097 38 42 28
46.5000 45.0000 -32.1147 34 38 24
47.5000 45.0000 -32.8542 32 36 22
48.5000 45.0000 -33.7380 32 35 24
49.5000 45.0000 -34.7650 31 34 23
50.5000 45.0000 -35.9217 28 29 21
51.5000 45.0000 -37.1843 24 25 17
52.5000 45.0000 -38.5256 28 29 23
53.5000 45.0000 -39.9211 26 27 22
54.5000 45.0000 -41.3540 23 23 21
55.5000 45.0000 -42.8154 21 21 19
56.5000 45.0000 -44.3009 20 19 17
57.5000 45.0000 -45.8066 20 18 19
58.5000 45.0000 -47.3263 20 18 19
59.5000 45.0000 -48.8524 20 20 20
60.5000 45.0000 -50.3778 11 15 14
61.5000 45.0000 -51.8957 8 14 12
84.5000 45.0000 -66.8936 14 16 11
-89.5000 44.0000 -53.6518 17 26 21
-88.5000 44.0000 -47.4995 30 40 31
-87.5000 44.0000 -41.8890 40 48 35
-86.5000 44.0000 -37.1082 43 50 34
-85.5000 44.0000 -33.2937 44 48 33
-84.5000 44.0000 -30.4272 42 46 31
-83.5000 44.0000 -28.3763 47 51 37
-82.5000 44.0000 -26.9537 47 53 39
-81.5000 44.0000 -25.9697 49 57 44
-80.5000 44.0000 -25.2653 48 59 43
-79.5000 44.0000 -24.7247 47 60 42
-78.5000 44.0000 -24.2740 49 61 41
-77.5000 44.0000 -23.8720 55 64 43
-76.5000 44.0000 -23.4993 61 66 46
-75.5000 44.0000 -23.1486 64 66 45
-74.5000 44.0000 -22.8167 69 67 46
-73.5000 44.0000 -22.5012 75 70 48
-72.5000 44.0000 -22.1990 78 74 49
-71.5000 44.0000 -21.9078 82 78 53
-70.5000 44.0000 -21.6269 82 82 54
-69.5000 44.0000 -21.3579 81 84 55
-68.5000 44.0000 -21.1032 82 85 58
-67.5000 44.0000 -20.8648 83 85 64
-66.5000 44.0000 -20.6425 84 85 67
-65.5000 44.0000 -20.4343 87 86 68
-64.5000 44.0000 -20.2366 88 87 69
-63.5000 44.0000 -20.0458 90 89 69
-62.5000 44.0000 -19.8591 92 89 70
-61.5000 44.0000 -19.6757 96 91 72
-60.5000 44.0000 -19.4968 97 90 71
-59.5000 44.0000 -19.3247 100 93 74
-58.5000 44.0000 -19.1627 103 95 76
-57.5000 44.0000 -19.0129 107 96 76
-56.5000 44.0000 -18.8755 109 98 78
-55.5000 44.0000 -18.7481 112 99 80
-54.5000 44.0000 -18.6262 112 99 80
-53.5000 44.0000 -18.5046 112 100 78
-52.5000 44.0000 -18.3796 110 100 75
-51.5000 44.0000 -18.2499 120 113 85
-50.5000 44.0000 -18.1172 117 110 82
-49.5000 44.0000 -17.9853 117 108 79
-48.5000 44.0000 -17.8582 120 109 81
-47.5000 44.0000 -17.7388 127 113 86
-46.5000 44.0000 -17.6284 131 116 87
-45.5000 44.0000 -17.5269 130 113 85
-44.5000 44.0000 -17.4331 127 110 82
-43.5000 44.0000 -17.3463 131 112 82
-42.5000 44.0000 -17.2660 136 117 87
-41.5000 44.0000 -17.1919 135 118 88
-40.5000 44.0000 -17.1239 132 116 83
-39.5000 44.0000 -17.0620 133 118 85
-38.5000 44.0000 -17.0065 138 123 90
-37.5000 44.0000 -16.9583 138 125 91
-36.5000 44.0000 -16.9189 134 119 86
-35.5000 44.0000 -16.8901 145 126 96
-34.5000 44.0000 -16.8734 145 124 97
-33.5000 44.0000 -16.8692 144 123 96
-32.5000 44.0000 -16.8769 143 122 95
-31.5000 44.0000 -16.8947 142 122 95
-30.5000 44.0000 -16.9208 142 122 95
-29.5000 44.0000 -16.9533 140 123 95
-28.5000 44.0000 -16.9918 141 124 96
-27.5000 44.0000 -17.0373 134 117 89
-26.5000 44.0000 -17.0928 133 116 88
-25.5000 44.0000 -17.1630 135 120 91
-24.5000 44.0000 -17.2529 139 124 95
-23.5000 44.0000 -17.3672 137 123 94
-22.5000 44.0000 -17.5094 131 117 88
-21.5000 44.0000 -17.6808 127 113 84
-20.5000 44.0000 -17.8811 127 113 84
-19.5000 44.0000 -18.1086 127 111 85
-18.5000 44.0000 -18.3604 123 107 82
-17.5000 44.0000 -18.6319 116 101 78
-16.5000 44.0000 -18.9168 112 100 76
-15.5000 44.0000 -19.2070 108 100 77
-14.5000 44.0000 -19.4930 103 97 73
-13.5000 44.0000 -19.7654 92 90 67
-12.5000 44.0000 -20.0167 83 85 61
-11.5000 44.0000 -20.2432 80 84 61
-10.5000 44.0000 -20.4462 82 87 65
-9.5000 44.0000 -20.6318 84 89 69
-8.5000 44.0000 -20.8093 85 90 70
-7.5000 44.0000 -20.9891 83 87 70
-6.5000 44.0000 -21.1797 81 85 68
-5.5000 44.0000 -21.3862 80 84 69
-4.5000 44.0000 -21.6086 78 85 69
-3.5000 44.0000 -21.8425 67 81 64
-2.5000 44.0000 -22.0804 58 75 59
-1.5000 44.0000 -22.3144 55 72 56
-0.5000 44.0000 -22.5386 61 75 58
0.5000 44.0000 -22.7501 63 76 59
1.5000 44.0000 -22.9487 60 71 54
2.5000 44.0000 -23.1368 60 69 52
3.5000 44.0000 -23.3178 63 70 52
4.5000 44.0000 -23.4965 63 68 48
5.5000 44.0000 -23.6787 64 67 48
6.5000 44.0000 -23.8708 65 67 46
7.5000 44.0000 -24.0785 64 66 45
8.5000 44.0000 -24.3045 64 63 42
9.5000 44.0000 -24.5485 62 61 40
10.5000 44.0000 -24.8065 61 59 36
11.5000 44.0000 -25.0731 60 57 38
12.5000 44.0000 -25.3437 59 55 43
13.5000 44.0000 -25.6158 58 55 46
14.5000 44.0000 -25.8891 59 56 47
15.5000 44.0000 -26.1639 57 57 47
16.5000 44.0000 -26.4391 57 57 47
17.5000 44.0000 -26.7112 54 56 45
18.5000 44.0000 -26.9758 52 56 42
19.5000 44.0000 -27.2291 51 55 41
20.5000 44.0000 -27.4698 52 54 40
21.5000 44.0000 -27.6996 51 53 39
22.5000 44.0000 -27.9223 51 52 38
23.5000 44.0000 -28.1417 52 50 37
24.5000 44.0000 -28.3601 51 48 33
25.5000 44.0000 -28.5772 50 44 30
26.5000 44.0000 -28.7896 49 41 28
27.5000 44.0000 -28.9906 48 40 27
28.5000 44.0000 -29.1710 50 44 30
29.5000 44.0000 -29.3201 50 44 30
30.5000 44.0000 -29.4278 50 42 29
31.5000 44.0000 -29.4871 47 39 26
32.5000 44.0000 -29.4972 46 36 24
33.5000 44.0000 -29.4644 47 37 25
34.5000 44.0000 -29.4012 51 39 27
35.5000 44.0000 -29.3248 54 40 29
36.5000 44.0000 -29.2533 51 34 24
37.5000 44.0000 -29.2040 51 34 24
38.5000 44.0000 -29.1922 54 36 26
39.5000 44.0000 -29.2309 57 39 29
40.5000 44.0000 -29.3304 61 41 32
41.5000 44.0000 -29.4983 61 41 32
42.5000 44.0000 -29.7405 57 37 28
43.5000 44.0000 -30.0628 49 35 24
44.5000 44.0000 -30.4736 48 44 32
45.5000 44.0000 -30.9852 41 43 29
46.5000 44.0000 -31.6124 37 39 26
47.5000 44.0000 -32.3690 36 38 25
48.5000 44.0000 -33.2623 35 37 26
49.5000 44.0000 -34.2891 34 36 25
50.5000 44.0000 -35.4349 30 31 23
51.5000 44.0000 -36.6766 27 28 20
52.5000 44.0000 -37.9877 26 27 21
53.5000 44.0000 -39.3447 24 25 20
54.5000 44.0000 -40.7312 22 22 20
55.5000 44.0000 -42.1384 19 19 17
56.5000 44.0000 -43.5633 17 17 17
57.5000 44.0000 -45.0053 17 17 17
58.5000 44.0000 -46.4635 17 17 19
59.5000 44.0000 -47.9366 16 17 19
60.5000 44.0000 -49.4232 11 17 15
61.5000 44.0000 -50.9206 6 15 12
84.5000 44.0000 -66.3637 10 15 9
-90.5000 43.0000 -55.2563 10 21 15
-89.5000 43.0000 -49.2104 24 34 26
-88.5000 43.0000 -43.6026 34 44 33
-87.5000 43.0000 -38.6954 42 50 37
-86.5000 43.0000 -34.6531 45 52 36
-85.5000 43.0000 -31.5126 45 49 34
-84.5000 43.0000 -29.1965 42 45 28
-83.5000 43.0000 -27.5534 51 52 38
-82.5000 43.0000 -26.4073 53 54 40
-81.5000 43.0000 -25.5959 53 55 42
-80.5000 43.0000 -24.9908 50 57 41
-79.5000 43.0000 -24.5030 49 58 41
-78.5000 43.0000 -24.0780 51 60 41
-77.5000 43.0000 -23.6872 58 66 45
-76.5000 43.0000 -23.3184 64 69 49
-75.5000 43.0000 -22.9676 64 66 45
-74.5000 43.0000 -22.6331 69 68 47
-73.5000 43.0000 -22.3128 74 72 49
-72.5000 43.0000 -22.0039 78 78 54
-71.5000 43.0000 -21.7043 81 81 57
-70.5000 43.0000 -21.4140 80 84 57
-69.5000 43.0000 -21.1356 79 85 57
-68.5000 43.0000 -20.8724 79 85 59
-67.5000 43.0000 -20.6272 87 86 66
-66.5000 43.0000 -20.4006 89 86 69
-65.5000 43.0000 -20.1906 90 87 68
-64.5000 43.0000 -19.9932 91 88 69
-63.5000 43.0000 -19.8041 93 90 71
-62.5000 43.0000 -19.6199 96 91 72
-61.5000 43.0000 -19.4390 98 93 73
-60.5000 43.0000 -19.2623 99 92 73
-59.5000 43.0000 -19.0922 104 97 78
-58.5000 43.0000 -18.9323 107 101 79
-57.5000 43.0000 -18.7850 112 104 83
-56.5000 43.0000 -18.6510 115 107 86
-55.5000 43.0000 -18.5278 118 107 85
-54.5000 43.0000 -18.4108 116 105 83
-53.5000 43.0000 -18.2946 113 102 80
-52.5000 43.0000 -18.1748 109 102 76
-51.5000 43.0000 -18.0497 116 109 81
-50.5000 43.0000 -17.9201 116 109 80
-49.5000 43.0000 -17.7895 119 110 81
-48.5000 43.0000 -17.6619 122 111 83
-47.5000 43.0000 -17.5406 127 113 84
-46.5000 43.0000 -17.4278 130 115 86
-45.5000 43.0000 -17.3241 132 115 87
-44.5000 43.0000 -17.2293 132 115 85
-43.5000 43.0000 -17.1431 136 117 87
-42.5000 43.0000 -17.0650 140 121 91
-41.5000 43.0000 -16.9944 140 121 89
-40.5000 43.0000 -16.9307 136 120 87
-39.5000 43.0000 -16.8735 136 121 88
-38.5000 43.0000 -16.8229 140 126 91
-37.5000 43.0000 -16.7795 141 127 92
-36.5000 43.0000 -16.7450 139 123 90
-35.5000 43.0000 -16.7211 144 125 95
-34.5000 43.0000 -16.7091 145 124 95
-33.5000 43.0000 -16.7092 146 125 96
-32.5000 43.0000 -16.7205 146 125 96
-31.5000 43.0000 -16.7408 144 125 95
-30.5000 43.0000 -16.7677 143 124 94
-29.5000 43.0000 -16.7992 142 123 93
-28.5000 43.0000 -16.8347 141 122 92
-27.5000 43.0000 -16.8751 135 118 88
-26.5000 43.0000 -16.9236 138 121 91
-25.5000 43.0000 -16.9844 137 122 91
-24.5000 43.0000 -17.0622 135 120 89
-23.5000 43.0000 -17.1616 134 119 88
-22.5000 43.0000 -17.2855 134 119 88
-21.5000 43.0000 -17.4357 131 118 86
-20.5000 43.0000 -17.6127 128 113 84
-19.5000 43.0000 -17.8162 131 114 88
-18.5000 43.0000 -18.0451 132 112 88
-17.5000 43.0000 -18.2973 126 110 85
-16.5000 43.0000 -18.5692 121 107 81
-15.5000 43.0000 -18.8552 114 104 79
-14.5000 43.0000 -19.1480 107 99 76
-13.5000 43.0000 -19.4390 100 95 73
-12.5000 43.0000 -19.7200 95 93 70
-11.5000 43.0000 -19.9850 81 83 61
-10.5000 43.0000 -20.2313 78 81 60
-9.5000 43.0000 -20.4608 76 79 60
-8.5000 43.0000 -20.6792 76 79 60
-7.5000 43.0000 -20.8948 76 79 62
-6.5000 43.0000 -21.1157 74 77 60
-5.5000 43.0000 -21.3480 71 74 57
-4.5000 43.0000 -21.5933 67 71 56
-3.5000 43.0000 -21.8481 63 76 59
-2.5000 43.0000 -22.1056 53 67 52
-1.5000 43.0000 -22.3573 49 63 46
-0.5000 43.0000 -22.5964 53 66 49
0.5000 43.0000 -22.8186 55 68 51
1.5000 43.0000 -23.0231 53 64 47
2.5000 43.0000 -23.2113 54 63 46
3.5000 43.0000 -23.3868 58 65 47
4.5000 43.0000 -23.5550 58 63 43
5.5000 43.0000 -23.7227 59 62 43
6.5000 43.0000 -23.8980 61 63 42
7.5000 43.0000 -24.0885 63 62 42
8.5000 43.0000 -24.2995 63 61 40
9.5000 43.0000 -24.5323 62 60 39
10.5000 43.0000 -24.7847 62 57 37
11.5000 43.0000 -25.0516 59 56 37
12.5000 43.0000 -25.3280 55 51 39
13.5000 43.0000 -25.6102 54 52 40
14.5000 43.0000 -25.8964 54 52 40
15.5000 43.0000 -26.1848 51 51 39
16.5000 43.0000 -26.4725 50 50 38
17.5000 43.0000 -26.7542 47 49 36
18.5000 43.0000 -27.0235 43 47 33
19.5000 43.0000 -27.2751 42 46 32
20.5000 43.0000 -27.5067 48 50 36
21.5000 43.0000 -27.7199 49 51 37
22.5000 43.0000 -27.9181 51 52 38
23.5000 43.0000 -28.1056 53 51 38
24.5000 43.0000 -28.2847 53 49 37
25.5000 43.0000 -28.4550 50 46 34
26.5000 43.0000 -28.6131 49 43 31
27.5000 43.0000 -28.7527 46 40 28
28.5000 43.0000 -28.8654 48 40 27
29.5000 43.0000 -28.9418 49 41 28
30.5000 43.0000 -28.9736 50 40 28
31.5000 43.0000 -28.9568 47 37 25
32.5000 43.0000 -28.8944 46 34 22
33.5000 43.0000 -28.7973 47 35 23
34.5000 43.0000 -28.6837 53 39 28
35.5000 43.0000 -28.5748 58 44 33
36.5000 43.0000 -28.4912 56 39 29
37.5000 43.0000 -28.4494 55 38 28
38.5000 43.0000 -28.4608 56 38 28
39.5000 43.0000 -28.5327 59 41 31
40.5000 43.0000 -28.6694 62 42 33
41.5000 43.0000 -28.8743 60 40 31
42.5000 43.0000 -29.1510 56 36 27
43.5000 43.0000 -29.5050 50 33 23
44.5000 43.0000 -29.9452 52 44 31
45.5000 43.0000 -30.4837 47 44 29
46.5000 43.0000 -31.1338 44 40 28
47.5000 43.0000 -31.9068 42 38 26
48.5000 43.0000 -32.8070 41 37 26
49.5000 43.0000 -33.8294 38 36 24
50.5000 43.0000 -34.9588 35 32 23
51.5000 43.0000 -36.1730 32 29 22
52.5000 43.0000 -37.4472 25 24 19
53.5000 43.0000 -38.7593 24 23 18
54.5000 43.0000 -40.0939 22 21 17
55.5000 43.0000 -41.4431 19 18 14
56.5000 43.0000 -42.8052 18 17 15
57.5000 43.0000 -44.1822 17 16 14
58.5000 43.0000 -45.5774 16 16 16
59.5000 43.0000 -46.9941 15 17 16
60.5000 43.0000 -48.4347 12 16 15
61.5000 43.0000 -49.9000 9 15 13
64.5000 43.0000 -54.3611 8 14 12
-91.5000 42.0000 -57.2723 6 17 13
-90.5000 42.0000 -51.0894 17 28 22
-89.5000 42.0000 -45.3658 29 39 31
-88.5000 42.0000 -40.3113 34 44 33
-87.5000 42.0000 -36.0693 42 48 36
-86.5000 42.0000 -32.6898 47 54 38
-85.5000 42.0000 -30.1263 49 53 38
-84.5000 42.0000 -28.2590 48 51 34
-83.5000 42.0000 -26.9320 60 58 43
-82.5000 42.0000 -25.9890 61 59 44
-81.5000 42.0000 -25.2969 59 60 46
-80.5000 42.0000 -24.7560 57 60 43
-79.5000 42.0000 -24.2999 56 60 43
-78.5000 42.0000 -23.8893 57 65 44
-77.5000 42.0000 -23.5045 65 70 50
-76.5000 42.0000 -23.1381 71 74 55
-75.5000 42.0000 -22.7882 68 70 49
-74.5000 42.0000 -22.4537 69 71 50
-73.5000 42.0000 -22.1324 74 73 52
-72.5000 42.0000 -21.8210 75 77 53
-71.5000 42.0000 -21.5170 78 80 58
-70.5000 42.0000 -21.2205 78 84 58
-69.5000 42.0000 -20.9343 78 87 60
-68.5000 42.0000 -20.6629 81 87 61
-67.5000 42.0000 -20.4099 90 87 68
-66.5000 42.0000 -20.1768 94 87 69
-65.5000 42.0000 -19.9624 95 88 70
-64.5000 42.0000 -19.7627 97 90 72
-63.5000 42.0000 -19.5731 98 91 73
-62.5000 42.0000 -19.3895 100 93 74
-61.5000 42.0000 -19.2097 101 94 75
-60.5000 42.0000 -19.0342 102 96 74
-59.5000 42.0000 -18.8652 110 104 82
-58.5000 42.0000 -18.7064 112 106 84
-57.5000 42.0000 -18.5607 115 107 86
-56.5000 42.0000 -18.4287 117 109 86
-55.5000 42.0000 -18.3084 117 109 86
-54.5000 42.0000 -18.1950 115 109 85
-53.5000 42.0000 -18.0830 114 106 83
-52.5000 42.0000 -17.9676 112 105 79
-51.5000 42.0000 -17.8463 114 107 79
-50.5000 42.0000 -17.7198 116 109 80
-49.5000 42.0000 -17.5908 121 112 83
-48.5000 42.0000 -17.4633 125 114 84
-47.5000 42.0000 -17.3414 129 115 86
-46.5000 42.0000 -17.2276 132 117 86
-45.5000 42.0000 -17.1235 135 118 88
-44.5000 42.0000 -17.0296 136 119 89
-43.5000 42.0000 -16.9457 147 128 98
-42.5000 42.0000 -16.8712 148 129 97
-41.5000 42.0000 -16.8052 147 128 96
-40.5000 42.0000 -16.7465 146 127 94
-39.5000 42.0000 -16.6941 145 129 95
-38.5000 42.0000 -16.6479 146 132 97
-37.5000 42.0000 -16.6087 148 134 99
-36.5000 42.0000 -16.5781 148 132 98
-35.5000 42.0000 -16.5581 146 127 95
-34.5000 42.0000 -16.5501 147 126 97
-33.5000 42.0000 -16.5542 149 128 99
-32.5000 42.0000 -16.5692 149 128 99
-31.5000 42.0000 -16.5923 148 127 98
-30.5000 42.0000 -16.6207 145 126 96
-29.5000 42.0000 -16.6521 142 123 93
-28.5000 42.0000 -16.6857 141 122 92
-27.5000 42.0000 -16.7226 141 124 94
-26.5000 42.0000 -16.7657 147 130 100
-25.5000 42.0000 -16.8192 145 128 98
-24.5000 42.0000 -16.8873 137 122 91
-23.5000 42.0000 -16.9741 136 121 90
-22.5000 42.0000 -17.0823 141 126 95
-21.5000 42.0000 -17.2140 140 127 95
-20.5000 42.0000 -17.3701 134 119 88
-19.5000 42.0000 -17.5513 134 114 89
-18.5000 42.0000 -17.7583 136 114 91
-17.5000 42.0000 -17.9908 133 115 91
-16.5000 42.0000 -18.2477 128 112 87
-15.5000 42.0000 -18.5256 118 106 82
-14.5000 42.0000 -18.8194 111 101 76
-13.5000 42.0000 -19.1219 105 99 75
-12.5000 42.0000 -19.4253 104 99 77
-11.5000 42.0000 -19.7220 85 84 63
-10.5000 42.0000 -20.0065 78 80 58
-9.5000 42.0000 -20.2768 72 74 53
-8.5000 42.0000 -20.5347 72 73 55
-7.5000 42.0000 -20.7857 74 75 59
-6.5000 42.0000 -21.0369 74 75 59
-5.5000 42.0000 -21.2944 70 71 55
-4.5000 42.0000 -21.5607 64 67 50
-3.5000 42.0000 -21.8335 69 77 62
-2.5000 42.0000 -22.1064 57 70 53
-1.5000 42.0000 -22.3714 52 63 47
-0.5000 42.0000 -22.6212 53 64 48
0.5000 42.0000 -22.8512 56 65 48
1.5000 42.0000 -23.0600 53 62 45
2.5000 42.0000 -23.2488 54 61 43
3.5000 42.0000 -23.4210 59 63 46
4.5000 42.0000 -23.5820 55 58 39
5.5000 42.0000 -23.7395 57 58 40
6.5000 42.0000 -23.9022 60 59 39
7.5000 42.0000 -24.0794 62 59 40
8.5000 42.0000 -24.2782 62 59 40
9.5000 42.0000 -24.5018 63 58 38
10.5000 42.0000 -24.7494 62 57 37
11.5000 42.0000 -25.0171 61 56 37
12.5000 42.0000 -25.3002 55 49 35
13.5000 42.0000 -25.5947 53 49 37
14.5000 42.0000 -25.8979 52 48 37
15.5000 42.0000 -26.2072 50 48 35
16.5000 42.0000 -26.5177 45 45 33
17.5000 42.0000 -26.8219 43 43 31
18.5000 42.0000 -27.1106 39 41 28
19.5000 42.0000 -27.3750 36 40 26
20.5000 42.0000 -27.6097 47 49 35
21.5000 42.0000 -27.8132 47 49 35
22.5000 42.0000 -27.9875 49 50 36
23.5000 42.0000 -28.1362 49 50 36
24.5000 42.0000 -28.2622 50 48 35
25.5000 42.0000 -28.3668 49 45 33
26.5000 42.0000 -28.4487 48 44 32
27.5000 42.0000 -28.5043 48 42 30
28.5000 42.0000 -28.5280 47 39 26
29.5000 42.0000 -28.5138 49 39 27
30.5000 42.0000 -28.4569 49 39 27
31.5000 42.0000 -28.3572 47 37 25
32.5000 42.0000 -28.2219 46 34 22
33.5000 42.0000 -28.0660 48 36 24
34.5000 42.0000 -27.9113 56 42 31
35.5000 42.0000 -27.7814 62 48 37
36.5000 42.0000 -27.6972 68 51 41
37.5000 42.0000 -27.6730 65 48 38
38.5000 42.0000 -27.7159 63 45 35
39.5000 42.0000 -27.8274 63 45 35
40.5000 42.0000 -28.0065 64 44 35
41.5000 42.0000 -28.2525 64 44 35
42.5000 42.0000 -28.5672 61 41 32
43.5000 42.0000 -28.9557 58 40 30
44.5000 42.0000 -29.4270 55 41 30
45.5000 42.0000 -29.9930 53 41 29
46.5000 42.0000 -30.6657 50 38 26
47.5000 42.0000 -31.4539 46 36 26
48.5000 42.0000 -32.3593 44 34 24
49.5000 42.0000 -33.3750 41 32 23
50.5000 42.0000 -34.4856 38 29 20
51.5000 42.0000 -35.6698 36 29 21
52.5000 42.0000 -36.9047 29 24 18
53.5000 42.0000 -38.1701 28 23 19
54.5000 42.0000 -39.4520 25 22 17
55.5000 42.0000 -40.7434 23 19 16
56.5000 42.0000 -42.0437 20 19 15
57.5000 42.0000 -43.3569 19 18 16
58.5000 42.0000 -44.6890 18 17 15
59.5000 42.0000 -46.0463 16 16 16
60.5000 42.0000 -47.4348 13 17 16
61.5000 42.0000 -48.8587 10 16 14
64.5000 42.0000 -53.3195 9 15 13
65.5000 42.0000 -54.8169 8 14 12
-91.5000 41.0000 -53.5864 12 23 19
-90.5000 41.0000 -47.4854 23 34 26
-89.5000 41.0000 -42.1173 32 42 33
-88.5000 41.0000 -37.5980 32 42 31
-87.5000 41.0000 -33.9594 38 44 32
-86.5000 41.0000 -31.1529 47 54 38
-85.5000 41.0000 -29.0666 54 58 43
-84.5000 41.0000 -27.5545 54 57 40
-83.5000 41.0000 -26.4658 61 59 44
-82.5000 41.0000 -25.6674 62 61 43
-81.5000 41.0000 -25.0547 60 61 45
-80.5000 41.0000 -24.5532 58 61 42
-79.5000 41.0000 -24.1144 57 62 42
-78.5000 41.0000 -23.7104 60 65 45
-77.5000 41.0000 -23.3280 67 70 51
-76.5000 41.0000 -22.9626 72 75 54
-75.5000 41.0000 -22.6136 74 76 55
-74.5000 41.0000 -22.2803 73 75 54
-73.5000 41.0000 -21.9600 74 73 53
-72.5000 41.0000 -21.6486 73 75 53
-71.5000 41.0000 -21.3429 75 77 56
-70.5000 41.0000 -21.0425 77 82 59
-69.5000 41.0000 -20.7501 80 88 64
-68.5000 41.0000 -20.4706 86 90 67
-67.5000 41.0000 -20.2089 95 90 70
-66.5000 41.0000 -19.9676 98 90 71
-65.5000 41.0000 -19.7464 99 91 72
-64.5000 41.0000 -19.5421 101 93 74
-63.5000 41.0000 -19.3500 102 94 75
-62.5000 41.0000 -19.1655 104 96 77
-61.5000 41.0000 -18.9859 105 97 78
-60.5000 41.0000 -18.8109 106 98 77
-59.5000 41.0000 -18.6426 114 108 86
-58.5000 41.0000 -18.4845 114 108 84
-57.5000 41.0000 -18.3395 114 108 84
-56.5000 41.0000 -18.2085 114 108 82
-55.5000 41.0000 -18.0897 114 108 82
-54.5000 41.0000 -17.9785 114 110 83
-53.5000 41.0000 -17.8694 115 109 83
-52.5000 41.0000 -17.7572 115 110 81
-51.5000 41.0000 -17.6393 116 109 80
-50.5000 41.0000 -17.5156 119 113 81
-49.5000 41.0000 -17.3887 125 116 85
-48.5000 41.0000 -17.2627 130 119 89
-47.5000 41.0000 -17.1415 134 120 91
-46.5000 41.0000 -17.0286 137 122 91
-45.5000 41.0000 -16.9261 139 122 92
-44.5000 41.0000 -16.8349 142 123 91
-43.5000 41.0000 -16.7550 154 133 102
-42.5000 41.0000 -16.6855 152 131 100
-41.5000 41.0000 -16.6250 150 131 99
-40.5000 41.0000 -16.5717 150 131 98
-39.5000 41.0000 -16.5241 149 133 99
-38.5000 41.0000 -16.4818 149 133 97
-37.5000 41.0000 -16.4456 150 136 99
-36.5000 41.0000 -16.4176 153 137 103
-35.5000 41.0000 -16.4001 150 129 98
-34.5000 41.0000 -16.3948 153 130 99
-33.5000 41.0000 -16.4018 154 131 100
-32.5000 41.0000 -16.4196 152 131 100
-31.5000 41.0000 -16.4451 151 130 99
-30.5000 41.0000 -16.4749 148 127 96
-29.5000 41.0000 -16.5065 144 125 93
-28.5000 41.0000 -16.5390 143 124 92
-27.5000 41.0000 -16.5734 147 128 96
-26.5000 41.0000 -16.6126 150 134 101
-25.5000 41.0000 -16.6603 148 132 99
-24.5000 41.0000 -16.7208 140 124 91
-23.5000 41.0000 -16.7973 138 123 90
-22.5000 41.0000 -16.8926 144 129 96
-21.5000 41.0000 -17.0085 144 129 96
-20.5000 41.0000 -17.1463 139 122 92
-19.5000 41.0000 -17.3078 135 113 89
-18.5000 41.0000 -17.4945 138 116 92
-17.5000 41.0000 -17.7079 138 118 93
-16.5000 41.0000 -17.9485 131 114 88
-15.5000 41.0000 -18.2151 121 107 81
-14.5000 41.0000 -18.5043 113 101 77
-13.5000 41.0000 -18.8110 109 101 78
-12.5000 41.0000 -19.1281 108 104 79
-11.5000 41.0000 -19.4477 99 97 74
-10.5000 41.0000 -19.7624 90 89 68
-9.5000 41.0000 -20.0670 82 81 61
-8.5000 41.0000 -20.3599 82 81 61
-7.5000 41.0000 -20.6434 86 85 67
-6.5000 41.0000 -20.9226 87 86 68
-5.5000 41.0000 -21.2028 83 82 64
-4.5000 41.0000 -21.4867 76 77 61
-3.5000 41.0000 -21.7726 73 79 65
-2.5000 41.0000 -22.0553 62 70 55
-1.5000 41.0000 -22.3273 56 64 49
-0.5000 41.0000 -22.5823 56 65 48
0.5000 41.0000 -22.8161 56 63 47
1.5000 41.0000 -23.0275 54 58 43
2.5000 41.0000 -23.2178 54 57 40
3.5000 41.0000 -23.3901 58 59 43
4.5000 41.0000 -23.5497 55 56 38
5.5000 41.0000 -23.7039 58 57 39
6.5000 41.0000 -23.8616 61 58 41
7.5000 41.0000 -24.0326 64 59 40
8.5000 41.0000 -24.2250 64 59 40
9.5000 41.0000 -24.4435 65 58 40
10.5000 41.0000 -24.6887 64 57 39
11.5000 41.0000 -24.9581 64 57 39
12.5000 41.0000 -25.2479 63 55 42
13.5000 41.0000 -25.5548 62 56 42
14.5000 41.0000 -25.8766 61 55 43
15.5000 41.0000 -26.2103 57 54 39
16.5000 41.0000 -26.5501 53 51 38
17.5000 41.0000 -26.8862 48 49 35
18.5000 41.0000 -27.2054 44 46 32
19.5000 41.0000 -27.4942 43 45 31
20.5000 41.0000 -27.7414 46 50 35
21.5000 41.0000 -27.9407 45 49 34
22.5000 41.0000 -28.0907 44 46 33
23.5000 41.0000 -28.1936 44 44 32
24.5000 41.0000 -28.2536 44 44 32
25.5000 41.0000 -28.2749 47 45 33
26.5000 41.0000 -28.2605 48 46 34
27.5000 41.0000 -28.2119 50 46 34
28.5000 41.0000 -28.1288 48 38 26
29.5000 41.0000 -28.0104 52 40 26
30.5000 41.0000 -27.8573 53 41 27
31.5000 41.0000 -27.6742 52 40 26
32.5000 41.0000 -27.4720 53 39 26
33.5000 41.0000 -27.2688 55 41 28
34.5000 41.0000 -27.0873 61 47 34
35.5000 41.0000 -26.9511 66 52 39
36.5000 41.0000 -26.8789 77 61 48
37.5000 41.0000 -26.8817 72 56 43
38.5000 41.0000 -26.9620 66 48 36
39.5000 41.0000 -27.1166 62 44 32
40.5000 41.0000 -27.3399 62 44 32
41.5000 41.0000 -27.6283 64 46 34
42.5000 41.0000 -27.9817 65 45 34
43.5000 41.0000 -28.4050 64 44 33
44.5000 41.0000 -28.9070 57 39 27
45.5000 41.0000 -29.4993 56 38 26
46.5000 41.0000 -30.1926 55 37 25
47.5000 41.0000 -30.9938 51 34 24
48.5000 41.0000 -31.9025 48 31 21
49.5000 41.0000 -32.9103 43 29 20
50.5000 41.0000 -34.0017 40 27 18
51.5000 41.0000 -35.1565 38 28 19
52.5000 41.0000 -36.3538 34 25 18
53.5000 41.0000 -37.5751 33 24 19
54.5000 41.0000 -38.8078 31 24 18
55.5000 41.0000 -40.0458 28 23 19
56.5000 41.0000 -41.2891 26 23 18
57.5000 41.0000 -42.5426 24 20 17
58.5000 41.0000 -43.8141 22 18 15
59.5000 41.0000 -45.1124 18 18 16
60.5000 41.0000 -46.4465 15 19 18
61.5000 41.0000 -47.8251 11 17 15
62.5000 41.0000 -49.2551 9 15 13
63.5000 41.0000 -50.7391 8 14 12
64.5000 41.0000 -52.2709 10 16 14
65.5000 41.0000 -53.8314 10 16 14
-92.5000 40.0000 -57.1110 6 17 11
-91.5000 40.0000 -50.3522 17 28 22
-90.5000 40.0000 -44.4087 30 41 33
-89.5000 40.0000 -39.4156 36 46 35
-88.5000 40.0000 -35.3986 33 41 28
-87.5000 40.0000 -32.2925 35 41 27
-86.5000 40.0000 -29.9687 46 52 38
-85.5000 40.0000 -28.2684 55 59 44
-84.5000 40.0000 -27.0316 55 58 41
-83.5000 40.0000 -26.1190 54 55 37
-82.5000 40.0000 -25.4212 56 58 37
-81.5000 40.0000 -24.8591 56 59 40
-80.5000 40.0000 -24.3792 56 59 40
-79.5000 40.0000 -23.9474 55 60 40
-78.5000 40.0000 -23.5441 58 63 43
-77.5000 40.0000 -23.1604 64 67 46
-76.5000 40.0000 -22.7937 68 71 50
-75.5000 40.0000 -22.4443 78 80 59
-74.5000 40.0000 -22.1115 77 76 56
-73.5000 40.0000 -21.7922 75 74 54
-72.5000 40.0000 -21.4817 74 73 53
-71.5000 40.0000 -21.1758 76 75 55
-70.5000 40.0000 -20.8730 79 81 60
-69.5000 40.0000 -20.5757 84 87 66
-68.5000 40.0000 -20.2889 89 91 70
-67.5000 40.0000 -20.0182 99 92 73
-66.5000 40.0000 -19.7678 102 91 73
-65.5000 40.0000 -19.5384 104 93 75
-64.5000 40.0000 -19.3279 105 94 76
-63.5000 40.0000 -19.1318 105 97 78
-62.5000 40.0000 -18.9455 106 98 77
-61.5000 40.0000 -18.7655 107 99 78
-60.5000 40.0000 -18.5909 108 100 77
-59.5000 40.0000 -18.4232 115 109 85
-58.5000 40.0000 -18.2656 115 109 83
-57.5000 40.0000 -18.1209 114 108 82
-56.5000 40.0000 -17.9902 114 108 82
-55.5000 40.0000 -17.8719 115 109 83
-54.5000 40.0000 -17.7618 115 111 84
-53.5000 40.0000 -17.6544 118 112 86
-52.5000 40.0000 -17.5448 119 114 85
-51.5000 40.0000 -17.4299 122 116 84
-50.5000 40.0000 -17.3095 126 117 86
-49.5000 40.0000 -17.1857 130 119 89
-48.5000 40.0000 -17.0623 137 124 92
-47.5000 40.0000 -16.9436 142 127 96
-46.5000 40.0000 -16.8333 145 129 96
-45.5000 40.0000 -16.7340 146 127 95
-44.5000 40.0000 -16.6470 145 126 94
-43.5000 40.0000 -16.5722 154 133 102
-42.5000 40.0000 -16.5085 150 130 97
-41.5000 40.0000 -16.4539 148 128 95
-40.5000 40.0000 -16.4060 149 131 95
-39.5000 40.0000 -16.3629 149 131 95
-38.5000 40.0000 -16.3236 145 129 93
-37.5000 40.0000 -16.2893 147 131 95
-36.5000 40.0000 -16.2623 152 136 100
-35.5000 40.0000 -16.2455 155 135 102
-34.5000 40.0000 -16.2412 157 134 103
-33.5000 40.0000 -16.2496 157 134 103
-32.5000 40.0000 -16.2689 156 133 102
-31.5000 40.0000 -16.2958 152 131 100
-30.5000 40.0000 -16.3266 150 129 98
-29.5000 40.0000 -16.3584 149 128 97
-28.5000 40.0000 -16.3900 146 127 95
-27.5000 40.0000 -16.4225 147 128 96
-26.5000 40.0000 -16.4587 149 130 98
-25.5000 40.0000 -16.5021 145 129 96
-24.5000 40.0000 -16.5564 141 125 92
-23.5000 40.0000 -16.6247 140 124 91
-22.5000 40.0000 -16.7093 141 126 93
-21.5000 40.0000 -16.8120 141 126 93
-20.5000 40.0000 -16.9345 139 123 90
-19.5000 40.0000 -17.0788 138 117 90
-18.5000 40.0000 -17.2476 140 118 94
-17.5000 40.0000 -17.4432 139 119 94
-16.5000 40.0000 -17.6674 133 116 90
-15.5000 40.0000 -17.9205 125 109 84
-14.5000 40.0000 -18.2009 117 105 79
-13.5000 40.0000 -18.5050 112 105 79
-12.5000 40.0000 -18.8272 110 106 81
-11.5000 40.0000 -19.1601 103 101 76
-10.5000 40.0000 -19.4954 94 94 70
-9.5000 40.0000 -19.8258 86 85 64
-8.5000 40.0000 -20.1467 83 82 62
-7.5000 40.0000 -20.4573 86 85 65
-6.5000 40.0000 -20.7603 88 87 69
-5.5000 40.0000 -21.0593 86 83 66
-4.5000 40.0000 -21.3564 81 80 62
-3.5000 40.0000 -21.6504 75 77 63
-2.5000 40.0000 -21.9370 65 69 54
-1.5000 40.0000 -22.2103 59 63 48
-0.5000 40.0000 -22.4654 60 64 49
0.5000 40.0000 -22.6996 61 63 49
1.5000 40.0000 -22.9127 56 58 44
2.5000 40.0000 -23.1064 55 56 40
3.5000 40.0000 -23.2837 59 57 42
4.5000 40.0000 -23.4491 61 60 42
5.5000 40.0000 -23.6087 63 60 43
6.5000 40.0000 -23.7709 66 60 44
7.5000 40.0000 -23.9447 67 61 45
8.5000 40.0000 -24.1383 68 61 45
9.5000 40.0000 -24.3571 68 61 43
10.5000 40.0000 -24.6030 67 60 42
11.5000 40.0000 -24.8747 66 59 43
12.5000 40.0000 -25.1702 62 55 39
13.5000 40.0000 -25.4878 61 53 40
14.5000 40.0000 -25.8266 60 54 40
15.5000 40.0000 -26.1845 56 53 38
16.5000 40.0000 -26.5552 53 51 36
17.5000 40.0000 -26.9267 48 49 33
18.5000 40.0000 -27.2815 44 46 32
19.5000 40.0000 -27.5997 42 44 30
20.5000 40.0000 -27.8630 43 47 32
21.5000 40.0000 -28.0586 41 45 30
22.5000 40.0000 -28.1805 40 42 29
23.5000 40.0000 -28.2295 39 41 28
24.5000 40.0000 -28.2114 41 41 29
25.5000 40.0000 -28.1347 43 43 31
26.5000 40.0000 -28.0089 47 45 33
27.5000 40.0000 -27.8423 50 46 34
28.5000 40.0000 -27.6421 52 43 28
29.5000 40.0000 -27.4147 54 42 26
30.5000 40.0000 -27.1670 56 42 29
31.5000 40.0000 -26.9085 58 45 29
32.5000 40.0000 -26.6533 62 48 35
33.5000 40.0000 -26.4201 66 53 37
34.5000 40.0000 -26.2302 68 54 41
35.5000 40.0000 -26.1038 70 57 41
36.5000 40.0000 -26.0558 78 62 49
37.5000 40.0000 -26.0926 72 56 41
38.5000 40.0000 -26.2129 65 47 35
39.5000 40.0000 -26.4098 61 43 29
40.5000 40.0000 -26.6752 61 43 31
41.5000 40.0000 -27.0032 63 45 31
42.5000 40.0000 -27.3926 64 44 33
43.5000 40.0000 -27.8476 64 45 31
44.5000 40.0000 -28.3769 60 38 25
45.5000 40.0000 -28.9916 59 40 26
46.5000 40.0000 -29.7015 58 38 27
47.5000 40.0000 -30.5118 54 36 24
48.5000 40.0000 -31.4209 50 32 22
49.5000 40.0000 -32.4195 45 28 18
50.5000 40.0000 -33.4922 43 29 20
51.5000 40.0000 -34.6201 42 29 20
52.5000 40.0000 -35.7840 37 24 16
53.5000 40.0000 -36.9672 35 24 18
54.5000 40.0000 -38.1578 34 25 20
55.5000 40.0000 -39.3502 32 25 19
56.5000 40.0000 -40.5443 29 24 20
57.5000 40.0000 -41.7454 25 22 17
58.5000 40.0000 -42.9623 23 19 16
59.5000 40.0000 -44.2062 20 19 15
60.5000 40.0000 -45.4895 18 20 17
61.5000 40.0000 -46.8257 12 18 16
62.5000 40.0000 -48.2276 10 16 14
63.5000 40.0000 -49.7050 9 15 13
64.5000 40.0000 -51.2595 11 17 15
65.5000 40.0000 -52.8787 11 17 15
66.5000 40.0000 -54.5331 8 14 12
-93.5000 39.0000 -61.8096 8 17 12
-92.5000 39.0000 -54.2604 13 23 15
-91.5000 39.0000 -47.5119 23 33 25
-90.5000 39.0000 -41.7943 37 47 38
-89.5000 39.0000 -37.1855 44 52 41
-88.5000 39.0000 -33.6313 36 44 31
-87.5000 39.0000 -30.9867 35 41 27
-86.5000 39.0000 -29.0634 46 50 36
-85.5000 39.0000 -27.6711 52 54 40
-84.5000 39.0000 -26.6461 48 52 35
-83.5000 39.0000 -25.8629 51 56 34
-82.5000 39.0000 -25.2343 52 60 36
-81.5000 39.0000 -24.7031 55 63 40
-80.5000 39.0000 -24.2326 56 64 41
-79.5000 39.0000 -23.7999 56 64 41
-78.5000 39.0000 -23.3920 59 64 42
-77.5000 39.0000 -23.0029 64 67 46
-76.5000 39.0000 -22.6316 68 70 49
-75.5000 39.0000 -22.2788 79 78 60
-74.5000 39.0000 -21.9440 79 76 59
-73.5000 39.0000 -21.6242 79 73 57
-72.5000 39.0000 -21.3140 79 73 57
-71.5000 39.0000 -21.0081 81 75 59
-70.5000 39.0000 -20.7040 85 79 63
-69.5000 39.0000 -20.4032 88 85 68
-68.5000 39.0000 -20.1103 93 87 71
-67.5000 39.0000 -19.8316 102 94 75
-66.5000 39.0000 -19.5721 102 94 73
-65.5000 39.0000 -19.3342 104 96 75
-64.5000 39.0000 -19.1167 105 97 76
-63.5000 39.0000 -18.9159 107 99 78
-62.5000 39.0000 -18.7271 108 100 77
-61.5000 39.0000 -18.5465 109 101 78
-60.5000 39.0000 -18.3724 110 102 79
-59.5000 39.0000 -18.2057 115 107 84
-58.5000 39.0000 -18.0487 116 109 83
-57.5000 39.0000 -17.9044 118 111 85
-56.5000 39.0000 -17.7737 120 113 85
-55.5000 39.0000 -17.6555 121 114 86
-54.5000 39.0000 -17.5459 121 116 87
-53.5000 39.0000 -17.4399 122 115 87
-52.5000 39.0000 -17.3328 122 115 86
-51.5000 39.0000 -17.2212 129 123 91
-50.5000 39.0000 -17.1047 131 122 89
-49.5000 39.0000 -16.9851 134 123 91
-48.5000 39.0000 -16.8658 141 128 94
-47.5000 39.0000 -16.7510 148 133 100
-46.5000 39.0000 -16.6448 151 135 102
-45.5000 39.0000 -16.5498 150 131 99
-44.5000 39.0000 -16.4675 147 127 94
-43.5000 39.0000 -16.3981 160 137 105
-42.5000 39.0000 -16.3401 151 131 96
-41.5000 39.0000 -16.2910 149 129 94
-40.5000 39.0000 -16.2480 150 132 96
-39.5000 39.0000 -16.2083 150 132 96
-38.5000 39.0000 -16.1711 145 130 91
-37.5000 39.0000 -16.1373 148 133 94
-36.5000 39.0000 -16.1098 156 138 102
-35.5000 39.0000 -16.0921 163 140 108
-34.5000 39.0000 -16.0870 163 138 107
-33.5000 39.0000 -16.0951 160 137 105
-32.5000 39.0000 -16.1146 157 134 102
-31.5000 39.0000 -16.1419 156 133 101
-30.5000 39.0000 -16.1730 152 132 99
-29.5000 39.0000 -16.2046 152 132 99
-28.5000 39.0000 -16.2355 152 132 99
-27.5000 39.0000 -16.2665 151 132 99
-26.5000 39.0000 -16.3002 149 130 97
-25.5000 39.0000 -16.3400 148 129 96
-24.5000 39.0000 -16.3893 148 132 98
-23.5000 39.0000 -16.4508 147 131 97
-22.5000 39.0000 -16.5267 143 127 93
-21.5000 39.0000 -16.6185 142 126 92
-20.5000 39.0000 -16.7282 144 128 95
-19.5000 39.0000 -16.8583 142 121 92
-18.5000 39.0000 -17.0118 142 121 94
-17.5000 39.0000 -17.1918 141 121 94
-16.5000 39.0000 -17.4007 135 120 91
-15.5000 39.0000 -17.6398 129 115 88
-14.5000 39.0000 -17.9087 121 111 84
-13.5000 39.0000 -18.2052 115 110 81
-12.5000 39.0000 -18.5251 113 109 82
-11.5000 39.0000 -18.8621 105 103 78
-10.5000 39.0000 -19.2080 97 97 73
-9.5000 39.0000 -19.5544 87 87 63
-8.5000 39.0000 -19.8945 80 82 60
-7.5000 39.0000 -20.2251 79 81 59
-6.5000 39.0000 -20.5461 80 82 61
-5.5000 39.0000 -20.8592 80 79 59
-4.5000 39.0000 -21.1654 78 77 59
-3.5000 39.0000 -21.4635 77 78 64
-2.5000 39.0000 -21.7502 69 71 57
-1.5000 39.0000 -22.0214 65 67 53
-0.5000 39.0000 -22.2743 69 72 55
0.5000 39.0000 -22.5080 71 72 56
1.5000 39.0000 -22.7241 68 66 51
2.5000 39.0000 -22.9247 66 64 49
3.5000 39.0000 -23.1128 69 66 51
4.5000 39.0000 -23.2918 66 63 48
5.5000 39.0000 -23.4663 69 63 49
6.5000 39.0000 -23.6425 70 64 50
7.5000 39.0000 -23.8283 72 65 49
8.5000 39.0000 -24.0308 73 64 49
9.5000 39.0000 -24.2554 72 63 48
10.5000 39.0000 -24.5048 70 61 46
11.5000 39.0000 -24.7793 70 61 46
12.5000 39.0000 -25.0786 59 50 35
13.5000 39.0000 -25.4035 58 51 35
14.5000 39.0000 -25.7553 57 51 35
15.5000 39.0000 -26.1334 54 51 34
16.5000 39.0000 -26.5315 51 50 32
17.5000 39.0000 -26.9354 46 47 29
18.5000 39.0000 -27.3229 43 46 29
19.5000 39.0000 -27.6670 41 44 27
20.5000 39.0000 -27.9415 37 41 26
21.5000 39.0000 -28.1263 37 41 26
22.5000 39.0000 -28.2110 38 40 26
23.5000 39.0000 -28.1953 39 41 27
24.5000 39.0000 -28.0878 41 41 29
25.5000 39.0000 -27.9029 42 42 30
26.5000 39.0000 -27.6574 45 43 31
27.5000 39.0000 -27.3685 49 43 31
28.5000 39.0000 -27.0519 58 46 32
29.5000 39.0000 -26.7219 57 44 27
30.5000 39.0000 -26.3918 60 44 29
31.5000 39.0000 -26.0754 66 50 34
32.5000 39.0000 -25.7880 74 58 43
33.5000 39.0000 -25.5465 78 62 46
34.5000 39.0000 -25.3681 77 61 46
35.5000 39.0000 -25.2672 74 58 42
36.5000 39.0000 -25.2532 78 60 46
37.5000 39.0000 -25.3280 74 57 41
38.5000 39.0000 -25.4873 70 52 38
39.5000 39.0000 -25.7223 68 51 35
40.5000 39.0000 -26.0238 68 50 36
41.5000 39.0000 -26.3852 68 51 35
42.5000 39.0000 -26.8044 66 48 34
43.5000 39.0000 -27.2852 64 47 31
44.5000 39.0000 -27.8356 62 43 28
45.5000 39.0000 -28.4663 63 44 29
46.5000 39.0000 -29.1863 63 44 30
47.5000 39.0000 -30.0000 58 40 26
48.5000 39.0000 -30.9052 53 35 23
49.5000 39.0000 -31.8923 48 32 19
50.5000 39.0000 -32.9466 46 32 21
51.5000 39.0000 -34.0506 47 34 25
52.5000 39.0000 -35.1866 36 23 15
53.5000 39.0000 -36.3392 34 24 15
54.5000 39.0000 -37.4969 33 24 17
55.5000 39.0000 -38.6536 32 25 17
56.5000 39.0000 -39.8088 30 23 17
57.5000 39.0000 -40.9672 25 20 14
58.5000 39.0000 -42.1388 23 18 14
59.5000 39.0000 -43.3371 18 17 13
60.5000 39.0000 -44.5783 18 20 17
61.5000 39.0000 -45.8805 14 18 17
62.5000 39.0000 -47.2619 11 15 14
63.5000 39.0000 -48.7380 11 15 14
64.5000 39.0000 -50.3159 12 16 15
65.5000 39.0000 -51.9880 12 16 15
66.5000 39.0000 -53.7278 10 14 13
102.5000 39.0000 -71.2150 17 13 10
-93.5000 38.0000 -59.2159 12 19 12
-92.5000 38.0000 -51.6213 16 26 17
-91.5000 38.0000 -45.0036 26 36 27
-90.5000 38.0000 -39.5703 42 52 41
-89.5000 38.0000 -35.3468 49 57 44
-88.5000 38.0000 -32.2131 41 47 33
-87.5000 38.0000 -29.9639 38 42 28
-86.5000 38.0000 -28.3695 44 48 34
-85.5000 38.0000 -27.2219 47 49 35
-84.5000 38.0000 -26.3598 41 45 28
-83.5000 38.0000 -25.6727 53 61 38
-82.5000 38.0000 -25.0925 55 65 40
-81.5000 38.0000 -24.5795 59 69 44
-80.5000 38.0000 -24.1105 62 70 46
-79.5000 38.0000 -23.6713 62 70 47
-78.5000 38.0000 -23.2538 64 69 47
-77.5000 38.0000 -22.8547 68 71 50
-76.5000 38.0000 -22.4744 71 73 52
-75.5000 38.0000 -22.1143 78 77 59
-74.5000 38.0000 -21.7742 79 76 59
-73.5000 38.0000 -21.4512 81 75 59
-72.5000 38.0000 -21.1397 83 76 60
-71.5000 38.0000 -20.8335 85 78 62
-70.5000 38.0000 -20.5289 88 81 65
-69.5000 38.0000 -20.2260 90 82 69
-68.5000 38.0000 -19.9288 91 84 68
-67.5000 38.0000 -19.6436 102 95 76
-66.5000 38.0000 -19.3763 102 96 74
-65.5000 38.0000 -19.1303 104 98 76
-64.5000 38.0000 -18.9059 106 98 75
-63.5000 38.0000 -18.7002 108 100 77
-62.5000 38.0000 -18.5088 109 101 78
-61.5000 38.0000 -18.3275 110 102 79
-60.5000 38.0000 -18.1542 111 104 78
-59.5000 38.0000 -17.9887 114 107 81
-58.5000 38.0000 -17.8329 119 109 82
-57.5000 38.0000 -17.6894 123 113 86
-56.5000 38.0000 -17.5592 127 117 90
-55.5000 38.0000 -17.4413 129 119 92
-54.5000 38.0000 -17.3326 128 119 90
-53.5000 38.0000 -17.2283 127 118 89
-52.5000 38.0000 -17.1240 125 116 85
-51.5000 38.0000 -17.0164 136 127 94
-50.5000 38.0000 -16.9046 135 125 90
-49.5000 38.0000 -16.7902 138 125 91
-48.5000 38.0000 -16.6761 145 130 97
-47.5000 38.0000 -16.5664 154 138 105
-46.5000 38.0000 -16.4649 158 139 106
-45.5000 38.0000 -16.3746 154 134 101
-44.5000 38.0000 -16.2970 148 128 93
-43.5000 38.0000 -16.2323 165 142 108
-42.5000 38.0000 -16.1791 158 135 101
-41.5000 38.0000 -16.1344 153 133 98
-40.5000 38.0000 -16.0948 156 136 99
-39.5000 38.0000 -16.0574 155 137 99
-38.5000 38.0000 -16.0210 151 133 95
-37.5000 38.0000 -15.9865 152 137 98
-36.5000 38.0000 -15.9572 161 143 105
-35.5000 38.0000 -15.9372 166 143 109
-34.5000 38.0000 -15.9299 165 141 107
-33.5000 38.0000 -15.9362 161 138 106
-32.5000 38.0000 -15.9546 158 135 101
-31.5000 38.0000 -15.9813 156 133 101
-30.5000 38.0000 -16.0121 156 133 99
-29.5000 38.0000 -16.0434 154 134 101
-28.5000 38.0000 -16.0736 154 134 99
-27.5000 38.0000 -16.1033 159 139 106
-26.5000 38.0000 -16.1348 153 135 99
-25.5000 38.0000 -16.1714 153 134 101
-24.5000 38.0000 -16.2163 159 141 105
-23.5000 38.0000 -16.2719 156 140 106
-22.5000 38.0000 -16.3404 148 132 96
-21.5000 38.0000 -16.4234 146 130 96
-20.5000 38.0000 -16.5229 151 135 101
-19.5000 38.0000 -16.6416 145 126 94
-18.5000 38.0000 -16.7830 144 125 95
-17.5000 38.0000 -16.9504 141 124 94
-16.5000 38.0000 -17.1464 137 122 93
-15.5000 38.0000 -17.3726 131 120 90
-14.5000 38.0000 -17.6292 126 117 88
-13.5000 38.0000 -17.9150 119 114 84
-12.5000 38.0000 -18.2270 114 113 83
-11.5000 38.0000 -18.5601 114 114 86
-10.5000 38.0000 -18.9068 105 108 81
-9.5000 38.0000 -19.2588 95 98 71
-8.5000 38.0000 -19.6084 87 89 65
-7.5000 38.0000 -19.9503 84 86 64
-6.5000 38.0000 -20.2826 83 85 63
-5.5000 38.0000 -20.6048 81 83 61
-4.5000 38.0000 -20.9169 80 82 61
-3.5000 38.0000 -21.2175 82 80 65
-2.5000 38.0000 -21.5038 74 75 59
-1.5000 38.0000 -21.7736 76 74 59
-0.5000 38.0000 -22.0260 81 79 64
0.5000 38.0000 -22.2623 84 82 67
1.5000 38.0000 -22.4855 80 78 63
2.5000 38.0000 -22.6987 79 76 61
3.5000 38.0000 -22.9045 80 77 62
4.5000 38.0000 -23.1051 72 66 52
5.5000 38.0000 -23.3028 72 66 52
6.5000 38.0000 -23.5018 74 66 53
7.5000 38.0000 -23.7075 74 66 53
8.5000 38.0000 -23.9256 75 66 51
9.5000 38.0000 -24.1609 74 65 50
10.5000 38.0000 -24.4163 72 63 48
11.5000 38.0000 -24.6935 71 62 47
12.5000 38.0000 -24.9944 66 57 42
13.5000 38.0000 -25.3223 65 58 40
14.5000 38.0000 -25.6813 64 58 42
15.5000 38.0000 -26.0724 61 58 41
16.5000 38.0000 -26.4896 58 57 39
17.5000 38.0000 -26.9164 54 55 37
18.5000 38.0000 -27.3253 51 54 37
19.5000 38.0000 -27.6822 49 52 35
20.5000 38.0000 -27.9531 32 36 21
21.5000 38.0000 -28.1116 34 38 23
22.5000 38.0000 -28.1437 38 40 26
23.5000 38.0000 -28.0499 40 42 28
24.5000 38.0000 -27.8430 42 43 29
25.5000 38.0000 -27.5445 42 43 29
26.5000 38.0000 -27.1799 43 41 29
27.5000 38.0000 -26.7752 45 39 25
28.5000 38.0000 -26.3549 61 48 32
29.5000 38.0000 -25.9405 61 45 29
30.5000 38.0000 -25.5506 63 46 30
31.5000 38.0000 -25.2012 70 54 38
32.5000 38.0000 -24.9067 80 64 48
33.5000 38.0000 -24.6797 85 69 53
34.5000 38.0000 -24.5312 81 65 49
35.5000 38.0000 -24.4686 75 59 43
36.5000 38.0000 -24.4952 80 63 47
37.5000 38.0000 -24.6090 79 62 46
38.5000 38.0000 -24.8036 78 61 45
39.5000 38.0000 -25.0702 78 61 45
40.5000 38.0000 -25.3998 78 61 45
41.5000 38.0000 -25.7862 76 59 43
42.5000 38.0000 -26.2270 71 54 38
43.5000 38.0000 -26.7254 67 50 34
44.5000 38.0000 -27.2888 63 47 31
45.5000 38.0000 -27.9273 65 49 33
46.5000 38.0000 -28.6495 65 49 34
47.5000 38.0000 -29.4598 59 46 30
48.5000 38.0000 -30.3557 53 39 26
49.5000 38.0000 -31.3283 50 36 23
50.5000 38.0000 -32.3640 49 37 25
51.5000 38.0000 -33.4466 51 39 27
52.5000 38.0000 -34.5599 31 21 12
53.5000 38.0000 -35.6895 31 22 13
54.5000 38.0000 -36.8237 31 22 15
55.5000 38.0000 -37.9552 31 22 15
56.5000 38.0000 -39.0823 28 21 15
57.5000 38.0000 -40.2094 26 19 13
58.5000 38.0000 -41.3471 21 16 12
59.5000 38.0000 -42.5113 18 14 11
60.5000 38.0000 -43.7220 20 20 18
61.5000 38.0000 -45.0012 14 18 17
62.5000 38.0000 -46.3713 12 16 15
63.5000 38.0000 -47.8512 12 16 15
64.5000 38.0000 -49.4514 13 17 16
65.5000 38.0000 -51.1678 13 17 16
66.5000 38.0000 -52.9771 10 14 13
102.5000 38.0000 -70.9529 18 14 11
103.5000 38.0000 -70.6611 17 13 10
-93.5000 37.0000 -56.6346 17 24 17
-92.5000 37.0000 -49.1566 28 35 27
-91.5000 37.0000 -42.7750 46 54 43
-90.5000 37.0000 -37.6718 44 52 39
-89.5000 37.0000 -33.8274 43 49 37
-88.5000 37.0000 -31.0716 42 48 34
-87.5000 37.0000 -29.1575 45 49 35
-86.5000 37.0000 -27.8306 47 49 35
-85.5000 37.0000 -26.8765 50 51 37
-84.5000 37.0000 -26.1405 49 52 35
-83.5000 37.0000 -25.5262 51 59 36
-82.5000 37.0000 -24.9810 56 66 41
-81.5000 37.0000 -24.4788 64 72 48
-80.5000 37.0000 -24.0065 66 74 50
-79.5000 37.0000 -23.5568 67 72 50
-78.5000 37.0000 -23.1257 66 69 48
-77.5000 37.0000 -22.7125 66 69 48
-76.5000 37.0000 -22.3191 68 70 49
-75.5000 37.0000 -21.9476 75 74 56
-74.5000 37.0000 -21.5989 79 76 59
-73.5000 37.0000 -21.2701 85 79 63
-72.5000 37.0000 -20.9556 87 80 64
-71.5000 37.0000 -20.6486 88 81 65
-70.5000 37.0000 -20.3441 90 81 66
-69.5000 37.0000 -20.0406 94 84 72
-68.5000 37.0000 -19.7412 97 88 73
-67.5000 37.0000 -19.4517 100 95 73
-66.5000 37.0000 -19.1783 102 98 73
-65.5000 37.0000 -18.9255 105 101 76
-64.5000 37.0000 -18.6949 109 103 77
-63.5000 37.0000 -18.4844 111 105 79
-62.5000 37.0000 -18.2902 113 107 81
-61.5000 37.0000 -18.1083 115 108 82
-60.5000 37.0000 -17.9358 115 108 80
-59.5000 37.0000 -17.7720 124 114 87
-58.5000 37.0000 -17.6182 128 117 89
-57.5000 37.0000 -17.4762 130 119 91
-56.5000 37.0000 -17.3474 130 119 91
-55.5000 37.0000 -17.2308 131 117 90
-54.5000 37.0000 -17.1237 132 118 89
-53.5000 37.0000 -17.0218 137 122 93
-52.5000 37.0000 -16.9207 139 125 96
-51.5000 37.0000 -16.8176 141 131 96
-50.5000 37.0000 -16.7111 140 130 94
-49.5000 37.0000 -16.6025 141 128 93
-48.5000 37.0000 -16.4942 142 128 93
-47.5000 37.0000 -16.3900 145 129 95
-46.5000 37.0000 -16.2935 149 131 95
-45.5000 37.0000 -16.2076 153 133 98
-44.5000 37.0000 -16.1340 155 135 100
-43.5000 37.0000 -16.0730 163 140 106
-42.5000 37.0000 -16.0229 159 137 100
-41.5000 37.0000 -15.9810 156 134 97
-40.5000 37.0000 -15.9433 156 137 97
-39.5000 37.0000 -15.9067 158 140 100
-38.5000 37.0000 -15.8697 161 143 103
-37.5000 37.0000 -15.8334 160 142 102
-36.5000 37.0000 -15.8013 159 140 100
-35.5000 37.0000 -15.7781 167 145 108
-34.5000 37.0000 -15.7675 165 141 105
-33.5000 37.0000 -15.7712 161 137 103
-32.5000 37.0000 -15.7876 158 134 98
-31.5000 37.0000 -15.8131 156 133 99
-30.5000 37.0000 -15.8431 158 136 99
-29.5000 37.0000 -15.8738 161 138 104
-28.5000 37.0000 -15.9033 161 141 104
-27.5000 37.0000 -15.9317 161 141 106
-26.5000 37.0000 -15.9612 158 138 101
-25.5000 37.0000 -15.9947 155 137 101
-24.5000 37.0000 -16.0354 154 136 98
-23.5000 37.0000 -16.0859 155 137 101
-22.5000 37.0000 -16.1482 154 136 98
-21.5000 37.0000 -16.2242 147 131 95
-20.5000 37.0000 -16.3161 143 127 91
-19.5000 37.0000 -16.4268 145 129 96
-18.5000 37.0000 -16.5598 146 130 97
-17.5000 37.0000 -16.7182 145 130 97
-16.5000 37.0000 -16.9046 140 127 95
-15.5000 37.0000 -17.1203 131 122 89
-14.5000 37.0000 -17.3654 123 117 85
-13.5000 37.0000 -17.6390 119 116 85
-12.5000 37.0000 -17.9391 117 116 86
-11.5000 37.0000 -18.2616 110 113 82
-10.5000 37.0000 -18.6003 102 107 77
-9.5000 37.0000 -18.9477 94 98 71
-8.5000 37.0000 -19.2962 88 92 65
-7.5000 37.0000 -19.6401 85 89 64
-6.5000 37.0000 -19.9760 83 87 62
-5.5000 37.0000 -20.3024 80 84 59
-4.5000 37.0000 -20.6182 79 81 59
-3.5000 37.0000 -20.9216 71 70 52
-2.5000 37.0000 -21.2105 75 74 56
-1.5000 37.0000 -21.4836 79 76 59
-0.5000 37.0000 -21.7418 80 77 60
0.5000 37.0000 -21.9878 78 75 60
1.5000 37.0000 -22.2259 77 74 59
2.5000 37.0000 -22.4597 82 76 62
3.5000 37.0000 -22.6912 85 79 65
4.5000 37.0000 -22.9212 76 70 56
5.5000 37.0000 -23.1500 76 70 56
6.5000 37.0000 -23.3791 76 68 55
7.5000 37.0000 -23.6113 74 66 53
8.5000 37.0000 -23.8506 71 63 50
9.5000 37.0000 -24.1007 69 61 48
10.5000 37.0000 -24.3644 68 60 47
11.5000 37.0000 -24.6444 67 59 46
12.5000 37.0000 -24.9447 59 52 36
13.5000 37.0000 -25.2710 62 56 40
14.5000 37.0000 -25.6299 65 59 43
15.5000 37.0000 -26.0243 61 58 41
16.5000 37.0000 -26.4480 55 54 36
17.5000 37.0000 -26.8816 48 49 31
18.5000 37.0000 -27.2926 45 48 29
19.5000 37.0000 -27.6402 45 48 29
20.5000 37.0000 -27.8839 42 46 29
21.5000 37.0000 -27.9928 39 43 26
22.5000 37.0000 -27.9521 37 40 23
23.5000 37.0000 -27.7652 36 39 22
24.5000 37.0000 -27.4513 37 38 22
25.5000 37.0000 -27.0401 43 41 26
26.5000 37.0000 -26.5658 48 44 32
27.5000 37.0000 -26.0628 53 46 30
28.5000 37.0000 -25.5624 72 56 40
29.5000 37.0000 -25.0915 76 59 41
30.5000 37.0000 -24.6711 82 63 46
31.5000 37.0000 -24.3172 85 68 50
32.5000 37.0000 -24.0408 87 70 52
33.5000 37.0000 -23.8487 85 68 50
34.5000 37.0000 -23.7445 83 66 48
35.5000 37.0000 -23.7284 80 63 45
36.5000 37.0000 -23.7983 88 71 53
37.5000 37.0000 -23.9490 86 69 51
38.5000 37.0000 -24.1737 85 68 50
39.5000 37.0000 -24.4646 84 67 49
40.5000 37.0000 -24.8141 82 65 47
41.5000 37.0000 -25.2168 77 60 42
42.5000 37.0000 -25.6707 68 53 34
43.5000 37.0000 -26.1781 61 48 29
44.5000 37.0000 -26.7461 62 51 33
45.5000 37.0000 -27.3841 58 50 31
46.5000 37.0000 -28.1007 55 46 29
47.5000 37.0000 -28.9007 50 43 25
48.5000 37.0000 -29.7822 46 39 23
49.5000 37.0000 -30.7374 43 36 20
50.5000 37.0000 -31.7540 41 33 20
51.5000 37.0000 -32.8175 40 32 19
52.5000 37.0000 -33.9128 41 32 23
53.5000 37.0000 -35.0258 38 31 21
54.5000 37.0000 -36.1443 35 28 20
55.5000 37.0000 -37.2597 31 24 16
56.5000 37.0000 -38.3690 29 22 16
57.5000 37.0000 -39.4758 30 23 17
58.5000 37.0000 -40.5915 32 24 21
59.5000 37.0000 -41.7338 31 27 24
60.5000 37.0000 -42.9255 20 20 18
61.5000 37.0000 -44.1917 18 20 19
62.5000 37.0000 -45.5571 17 19 18
63.5000 37.0000 -47.0423 15 17 16
64.5000 37.0000 -48.6593 14 16 15
65.5000 37.0000 -50.4071 12 14 13
71.5000 37.0000 -61.3944 12 14 13
112.5000 37.0000 -129.1284 17 13 14
-93.5000 36.0000 -54.0818 20 27 19
-92.5000 36.0000 -46.8529 32 40 29
-91.5000 36.0000 -40.7905 44 52 39
-90.5000 36.0000 -36.0485 43 51 36
-89.5000 36.0000 -32.5699 42 48 34
-88.5000 36.0000 -30.1494 44 48 34
-87.5000 36.0000 -28.5156 45 47 33
-86.5000 36.0000 -27.4036 46 48 34
-85.5000 36.0000 -26.6007 48 49 35
-84.5000 36.0000 -25.9619 48 51 34
-83.5000 36.0000 -25.4032 60 65 43
-82.5000 36.0000 -24.8840 60 65 42
-81.5000 36.0000 -24.3882 59 64 42
-80.5000 36.0000 -23.9101 60 63 42
-79.5000 36.0000 -23.4477 62 64 43
-78.5000 36.0000 -23.0006 65 67 46
-77.5000 36.0000 -22.5707 73 72 52
-76.5000 36.0000 -22.1613 77 76 56
-75.5000 36.0000 -21.7761 76 75 57
-74.5000 36.0000 -21.4164 80 77 60
-73.5000 36.0000 -21.0802 84 81 64
-72.5000 36.0000 -20.7618 85 82 65
-71.5000 36.0000 -20.4537 89 82 66
-70.5000 36.0000 -20.1498 90 83 67
-69.5000 36.0000 -19.8473 95 86 71
-68.5000 36.0000 -19.5476 97 90 72
-67.5000 36.0000 -19.2560 102 97 75
-66.5000 36.0000 -18.9786 102 101 73
-65.5000 36.0000 -18.7207 107 103 76
-64.5000 36.0000 -18.4847 110 106 79
-63.5000 36.0000 -18.2698 114 108 82
-62.5000 36.0000 -18.0730 115 110 81
-61.5000 36.0000 -17.8903 117 110 82
-60.5000 36.0000 -17.7187 119 110 81
-59.5000 36.0000 -17.5569 125 114 86
-58.5000 36.0000 -17.4057 131 117 90
-57.5000 36.0000 -17.2664 134 120 93
-56.5000 36.0000 -17.1400 137 122 93
-55.5000 36.0000 -17.0257 137 122 93
-54.5000 36.0000 -16.9209 140 123 95
-53.5000 36.0000 -16.8216 143 126 98
-52.5000 36.0000 -16.7241 146 129 99
-51.5000 36.0000 -16.6252 140 127 92
-50.5000 36.0000 -16.5238 139 129 93
-49.5000 36.0000 -16.4208 143 130 95
-48.5000 36.0000 -16.3183 147 133 96
-47.5000 36.0000 -16.2195 150 134 98
-46.5000 36.0000 -16.1278 154 136 100
-45.5000 36.0000 -16.0459 157 137 102
-44.5000 36.0000 -15.9755 157 137 100
-43.5000 36.0000 -15.9169 168 146 109
-42.5000 36.0000 -15.8686 165 143 104
-41.5000 36.0000 -15.8276 162 140 101
-40.5000 36.0000 -15.7901 160 138 99
-39.5000 36.0000 -15.7527 158 139 99
-38.5000 36.0000 -15.7140 157 140 97
-37.5000 36.0000 -15.6751 156 139 96
-36.5000 36.0000 -15.6398 156 137 95
-35.5000 36.0000 -15.6130 171 149 110
-34.5000 36.0000 -15.5989 171 147 111
-33.5000 36.0000 -15.5994 168 144 108
-32.5000 36.0000 -15.6134 166 142 106
-31.5000 36.0000 -15.6373 164 140 104
-30.5000 36.0000 -15.6663 162 140 103
-29.5000 36.0000 -15.6963 162 140 103
-28.5000 36.0000 -15.7249 162 140 103
-27.5000 36.0000 -15.7520 159 139 102
-26.5000 36.0000 -15.7793 159 139 102
-25.5000 36.0000 -15.8097 159 139 102
-24.5000 36.0000 -15.8464 158 140 102
-23.5000 36.0000 -15.8924 158 140 102
-22.5000 36.0000 -15.9498 155 137 99
-21.5000 36.0000 -16.0210 149 134 95
-20.5000 36.0000 -16.1082 146 131 92
-19.5000 36.0000 -16.2145 150 134 100
-18.5000 36.0000 -16.3431 152 136 103
-17.5000 36.0000 -16.4968 150 135 102
-16.5000 36.0000 -16.6775 145 132 98
-15.5000 36.0000 -16.8857 136 127 94
-14.5000 36.0000 -17.1210 127 123 88
-13.5000 36.0000 -17.3822 124 121 88
-12.5000 36.0000 -17.6676 122 121 90
-11.5000 36.0000 -17.9740 118 122 89
-10.5000 36.0000 -18.2969 110 115 83
-9.5000 36.0000 -18.6301 101 106 76
-8.5000 36.0000 -18.9673 94 98 71
-7.5000 36.0000 -19.3033 89 93 66
-6.5000 36.0000 -19.6348 85 89 64
-5.5000 36.0000 -19.9601 81 85 60
-4.5000 36.0000 -20.2775 79 81 57
-3.5000 36.0000 -20.5853 81 78 59
-2.5000 36.0000 -20.8815 82 79 62
-1.5000 36.0000 -21.1655 83 80 63
-0.5000 36.0000 -21.4387 82 79 62
0.5000 36.0000 -21.7048 79 76 61
1.5000 36.0000 -21.9683 78 75 60
2.5000 36.0000 -22.2327 79 73 59
3.5000 36.0000 -22.4994 80 74 60
4.5000 36.0000 -22.7676 74 68 54
5.5000 36.0000 -23.0354 74 68 54
6.5000 36.0000 -23.3016 74 66 53
7.5000 36.0000 -23.5667 72 64 51
8.5000 36.0000 -23.8326 70 62 49
9.5000 36.0000 -24.1018 68 60 47
10.5000 36.0000 -24.3766 67 59 48
11.5000 36.0000 -24.6603 66 60 48
12.5000 36.0000 -24.9581 63 57 43
13.5000 36.0000 -25.2780 62 59 42
14.5000 36.0000 -25.6286 62 59 44
15.5000 36.0000 -26.0137 59 58 40
16.5000 36.0000 -26.4264 53 54 36
17.5000 36.0000 -26.8446 48 51 32
18.5000 36.0000 -27.2310 46 49 30
19.5000 36.0000 -27.5396 46 49 30
20.5000 36.0000 -27.7258 41 46 26
21.5000 36.0000 -27.7573 41 44 25
22.5000 36.0000 -27.6217 40 43 24
23.5000 36.0000 -27.3283 41 42 24
24.5000 36.0000 -26.9044 45 44 26
25.5000 36.0000 -26.3883 48 45 28
26.5000 36.0000 -25.8224 53 47 31
27.5000 36.0000 -25.2473 57 48 31
28.5000 36.0000 -24.6983 80 63 45
29.5000 36.0000 -24.2039 84 66 46
30.5000 36.0000 -23.7849 88 69 52
31.5000 36.0000 -23.4540 91 73 53
32.5000 36.0000 -23.2172 92 73 56
33.5000 36.0000 -23.0747 89 72 52
34.5000 36.0000 -23.0229 86 69 51
35.5000 36.0000 -23.0562 84 67 47
36.5000 36.0000 -23.1679 86 69 51
37.5000 36.0000 -23.3515 84 67 47
38.5000 36.0000 -23.6004 82 65 47
39.5000 36.0000 -23.9085 82 65 45
40.5000 36.0000 -24.2704 81 64 46
41.5000 36.0000 -24.6820 78 61 41
42.5000 36.0000 -25.1414 71 56 37
43.5000 36.0000 -25.6509 63 52 32
44.5000 36.0000 -26.2166 62 55 36
45.5000 36.0000 -26.8476 57 55 34
46.5000 36.0000 -27.5527 53 50 31
47.5000 36.0000 -28.3374 49 46 27
48.5000 36.0000 -29.2012 45 42 25
49.5000 36.0000 -30.1377 41 38 21
50.5000 36.0000 -31.1359 38 35 20
51.5000 36.0000 -32.1827 37 33 21
52.5000 36.0000 -33.2637 39 35 24
53.5000 36.0000 -34.3648 37 33 22
54.5000 36.0000 -35.4731 35 28 20
55.5000 36.0000 -36.5789 32 25 17
56.5000 36.0000 -37.6779 30 23 17
57.5000 36.0000 -38.7734 30 23 17
58.5000 36.0000 -39.8770 31 23 20
59.5000 36.0000 -41.0077 30 25 22
60.5000 36.0000 -42.1895 20 20 18
61.5000 36.0000 -43.4490 18 20 19
62.5000 36.0000 -44.8116 17 19 18
63.5000 36.0000 -46.2980 16 18 17
64.5000 36.0000 -47.9212 14 16 15
65.5000 36.0000 -49.6837 12 14 13
112.5000 36.0000 -127.8806 17 13 14
-94.5000 35.0000 -59.3337 12 17 10
-93.5000 35.0000 -51.6053 26 34 23
-92.5000 35.0000 -44.7195 38 46 33
-91.5000 35.0000 -39.0321 43 51 36
-90.5000 35.0000 -34.6657 43 52 35
-89.5000 35.0000 -31.5325 43 50 34
-88.5000 35.0000 -29.4048 44 48 33
-87.5000 35.0000 -28.0011 45 47 33
-86.5000 35.0000 -27.0576 45 47 33
-85.5000 35.0000 -26.3698 48 48 36
-84.5000 35.0000 -25.8037 49 50 36
-83.5000 35.0000 -25.2861 62 63 45
-82.5000 35.0000 -24.7856 59 61 40
-81.5000 35.0000 -24.2930 58 57 39
-80.5000 35.0000 -23.8080 59 56 39
-79.5000 35.0000 -23.3325 63 60 43
-78.5000 35.0000 -22.8694 72 66 50
-77.5000 35.0000 -22.4227 75 72 53
-76.5000 35.0000 -21.9974 79 76 57
-75.5000 35.0000 -21.5983 78 77 57
-74.5000 35.0000 -21.2277 79 81 60
-73.5000 35.0000 -20.8840 83 85 64
-72.5000 35.0000 -20.5616 84 86 65
-71.5000 35.0000 -20.2527 88 85 66
-70.5000 35.0000 -19.9502 89 86 67
-69.5000 35.0000 -19.6497 95 90 71
-68.5000 35.0000 -19.3516 98 93 73
-67.5000 35.0000 -19.0598 103 101 76
-66.5000 35.0000 -18.7804 104 105 74
-65.5000 35.0000 -18.5189 108 107 77
-64.5000 35.0000 -18.2787 113 109 80
-63.5000 35.0000 -18.0599 117 112 83
-62.5000 35.0000 -17.8603 119 114 84
-61.5000 35.0000 -17.6766 121 114 85
-60.5000 35.0000 -17.5058 123 114 85
-59.5000 35.0000 -17.3463 126 115 87
-58.5000 35.0000 -17.1982 133 119 90
-57.5000 35.0000 -17.0623 139 124 95
-56.5000 35.0000 -16.9390 144 127 97
-55.5000 35.0000 -16.8275 144 127 97
-54.5000 35.0000 -16.7252 147 128 98
-53.5000 35.0000 -16.6283 149 130 100
-52.5000 35.0000 -16.5333 149 133 100
-51.5000 35.0000 -16.4376 138 125 90
-50.5000 35.0000 -16.3403 139 130 91
-49.5000 35.0000 -16.2419 146 134 96
-48.5000 35.0000 -16.1445 151 137 98
-47.5000 35.0000 -16.0506 156 141 102
-46.5000 35.0000 -15.9634 159 141 103
-45.5000 35.0000 -15.8851 160 140 103
-44.5000 35.0000 -15.8174 162 140 101
-43.5000 35.0000 -15.7605 170 146 108
-42.5000 35.0000 -15.7128 169 146 105
-41.5000 35.0000 -15.6715 167 145 104
-40.5000 35.0000 -15.6327 164 142 101
-39.5000 35.0000 -15.5934 159 140 98
-38.5000 35.0000 -15.5522 157 138 95
-37.5000 35.0000 -15.5104 157 140 96
-36.5000 35.0000 -15.4718 159 140 98
-35.5000 35.0000 -15.4417 177 153 115
-34.5000 35.0000 -15.4244 178 152 115
-33.5000 35.0000 -15.4221 177 151 114
-32.5000 35.0000 -15.4337 175 151 113
-31.5000 35.0000 -15.4559 172 148 110
-30.5000 35.0000 -15.4836 169 145 107
-29.5000 35.0000 -15.5126 164 142 103
-28.5000 35.0000 -15.5401 162 140 101
-27.5000 35.0000 -15.5656 160 138 99
-26.5000 35.0000 -15.5905 160 141 101
-25.5000 35.0000 -15.6178 163 144 104
-24.5000 35.0000 -15.6510 164 145 105
-23.5000 35.0000 -15.6933 161 143 103
-22.5000 35.0000 -15.7474 158 140 100
-21.5000 35.0000 -15.8161 156 138 98
-20.5000 35.0000 -15.9018 155 137 99
-19.5000 35.0000 -16.0075 159 141 105
-18.5000 35.0000 -16.1359 160 141 108
-17.5000 35.0000 -16.2892 158 142 108
-16.5000 35.0000 -16.4681 153 139 104
-15.5000 35.0000 -16.6720 143 133 98
-14.5000 35.0000 -16.8994 134 128 94
-13.5000 35.0000 -17.1484 130 126 91
-12.5000 35.0000 -17.4172 127 127 93
-11.5000 35.0000 -17.7034 124 125 93
-10.5000 35.0000 -18.0038 116 119 88
-9.5000 35.0000 -18.3144 107 110 79
-8.5000 35.0000 -18.6307 101 104 75
-7.5000 35.0000 -18.9495 97 100 71
-6.5000 35.0000 -19.2686 93 96 69
-5.5000 35.0000 -19.5870 89 92 65
-4.5000 35.0000 -19.9035 86 88 64
-3.5000 35.0000 -20.2165 87 84 65
-2.5000 35.0000 -20.5244 87 82 63
-1.5000 35.0000 -20.8267 85 80 61
-0.5000 35.0000 -21.1249 84 79 60
0.5000 35.0000 -21.4223 83 77 61
1.5000 35.0000 -21.7230 83 77 61
2.5000 35.0000 -22.0299 81 75 59
3.5000 35.0000 -22.3430 79 73 57
4.5000 35.0000 -22.6596 73 67 53
5.5000 35.0000 -22.9756 72 66 52
6.5000 35.0000 -23.2874 71 65 53
7.5000 35.0000 -23.5930 70 64 52
8.5000 35.0000 -23.8923 69 63 51
9.5000 35.0000 -24.1861 68 62 50
10.5000 35.0000 -24.4761 67 60 50
11.5000 35.0000 -24.7652 65 59 47
12.5000 35.0000 -25.0594 64 62 49
13.5000 35.0000 -25.3678 60 61 45
14.5000 35.0000 -25.6998 58 59 45
15.5000 35.0000 -26.0596 55 58 41
16.5000 35.0000 -26.4393 53 56 39
17.5000 35.0000 -26.8138 50 54 37
18.5000 35.0000 -27.1427 46 51 31
19.5000 35.0000 -27.3772 43 48 28
20.5000 35.0000 -27.4722 39 42 23
21.5000 35.0000 -27.3980 40 43 22
22.5000 35.0000 -27.1480 43 45 24
23.5000 35.0000 -26.7400 48 47 27
24.5000 35.0000 -26.2102 54 49 30
25.5000 35.0000 -25.6053 57 52 33
26.5000 35.0000 -24.9733 61 54 35
27.5000 35.0000 -24.3579 66 55 35
28.5000 35.0000 -23.7949 91 73 53
29.5000 35.0000 -23.3106 95 74 53
30.5000 35.0000 -22.9219 98 77 58
31.5000 35.0000 -22.6364 100 79 58
32.5000 35.0000 -22.4539 99 78 59
33.5000 35.0000 -22.3685 94 76 54
34.5000 35.0000 -22.3708 91 73 53
35.5000 35.0000 -22.4509 89 71 49
36.5000 35.0000 -22.5996 86 69 49
37.5000 35.0000 -22.8100 83 67 44
38.5000 35.0000 -23.0768 81 64 44
39.5000 35.0000 -23.3961 80 64 41
40.5000 35.0000 -23.7644 79 64 43
41.5000 35.0000 -24.1791 77 62 39
42.5000 35.0000 -24.6389 74 59 38
43.5000 35.0000 -25.1458 67 56 34
44.5000 35.0000 -25.7053 61 59 38
45.5000 35.0000 -26.3261 57 59 38
46.5000 35.0000 -27.0174 54 55 37
47.5000 35.0000 -27.7855 49 50 32
48.5000 35.0000 -28.6316 47 45 30
49.5000 35.0000 -29.5508 42 40 25
50.5000 35.0000 -30.5333 39 37 24
51.5000 35.0000 -31.5667 37 35 22
52.5000 35.0000 -32.6367 41 39 27
53.5000 35.0000 -33.7288 38 35 26
54.5000 35.0000 -34.8295 34 29 23
55.5000 35.0000 -35.9284 31 26 20
56.5000 35.0000 -37.0210 29 24 20
57.5000 35.0000 -38.1105 28 23 19
58.5000 35.0000 -39.2085 28 23 20
59.5000 35.0000 -40.3338 27 23 20
60.5000 35.0000 -41.5105 20 20 18
61.5000 35.0000 -42.7648 19 21 20
62.5000 35.0000 -44.1211 18 20 19
63.5000 35.0000 -45.5999 16 18 17
64.5000 35.0000 -47.2150 14 16 15
65.5000 35.0000 -48.9732 13 15 14
66.5000 35.0000 -50.8718 12 14 13
68.5000 35.0000 -55.0018 12 14 13
112.5000 35.0000 -127.2393 16 12 13
-94.5000 34.0000 -56.6426 18 21 12
-93.5000 34.0000 -49.2710 32 38 26
-92.5000 34.0000 -42.7820 42 50 35
-91.5000 34.0000 -37.4969 43 52 35
-90.5000 34.0000 -33.5032 46 53 37
-89.5000 34.0000 -30.6871 49 53 38
-88.5000 34.0000 -28.8091 48 52 37
-87.5000 34.0000 -27.5888 47 49 35
-86.5000 34.0000 -26.7722 48 49 35
-85.5000 34.0000 -26.1672 51 49 37
-84.5000 34.0000 -25.6515 53 51 38
-83.5000 34.0000 -25.1615 58 56 41
-82.5000 34.0000 -24.6724 57 54 37
-81.5000 34.0000 -24.1800 59 53 39
-80.5000 34.0000 -23.6877 65 58 42
-79.5000 34.0000 -23.2005 72 65 49
-78.5000 34.0000 -22.7237 77 70 54
-77.5000 34.0000 -22.2632 78 71 55
-76.5000 34.0000 -21.8251 74 71 52
-75.5000 34.0000 -21.4150 80 79 59
-74.5000 34.0000 -21.0357 82 84 63
-73.5000 34.0000 -20.6862 84 87 66
-72.5000 34.0000 -20.3609 86 90 67
-71.5000 34.0000 -20.0520 89 88 68
-70.5000 34.0000 -19.7515 91 90 69
-69.5000 34.0000 -19.4540 96 94 73
-68.5000 34.0000 -19.1586 99 97 74
-67.5000 34.0000 -18.8682 106 105 77
-66.5000 34.0000 -18.5884 108 107 77
-65.5000 34.0000 -18.3248 113 109 80
-64.5000 34.0000 -18.0813 117 114 83
-63.5000 34.0000 -17.8590 121 116 86
-62.5000 34.0000 -17.6567 124 117 88
-61.5000 34.0000 -17.4717 127 118 89
-60.5000 34.0000 -17.3014 129 118 88
-59.5000 34.0000 -17.1439 131 117 88
-58.5000 34.0000 -16.9989 136 123 91
-57.5000 34.0000 -16.8665 143 128 97
-56.5000 34.0000 -16.7465 147 130 100
-55.5000 34.0000 -16.6375 147 130 100
-54.5000 34.0000 -16.5367 149 130 98
-53.5000 34.0000 -16.4408 149 130 98
-52.5000 34.0000 -16.3467 148 132 98
-51.5000 34.0000 -16.2522 142 130 92
-50.5000 34.0000 -16.1570 144 132 92
-49.5000 34.0000 -16.0617 148 134 95
-48.5000 34.0000 -15.9682 153 138 99
-47.5000 34.0000 -15.8787 158 140 102
-46.5000 34.0000 -15.7956 160 141 101
-45.5000 34.0000 -15.7210 163 141 102
-44.5000 34.0000 -15.6560 163 141 100
-43.5000 34.0000 -15.6006 166 143 102
-42.5000 34.0000 -15.5532 168 145 104
-41.5000 34.0000 -15.5109 170 147 106
-40.5000 34.0000 -15.4702 167 146 103
-39.5000 34.0000 -15.4283 164 143 100
-38.5000 34.0000 -15.3843 162 143 100
-37.5000 34.0000 -15.3397 166 147 104
-36.5000 34.0000 -15.2986 170 151 108
-35.5000 34.0000 -15.2661 180 157 116
-34.5000 34.0000 -15.2465 181 155 118
-33.5000 34.0000 -15.2420 181 155 118
-32.5000 34.0000 -15.2518 179 153 116
-31.5000 34.0000 -15.2722 176 152 114
-30.5000 34.0000 -15.2986 173 149 111
-29.5000 34.0000 -15.3263 171 147 109
-28.5000 34.0000 -15.3524 168 146 107
-27.5000 34.0000 -15.3759 164 142 103
-26.5000 34.0000 -15.3983 167 145 106
-25.5000 34.0000 -15.4227 168 149 109
-24.5000 34.0000 -15.4528 168 149 109
-23.5000 34.0000 -15.4925 165 146 106
-22.5000 34.0000 -15.5452 162 144 104
-21.5000 34.0000 -15.6139 164 146 106
-20.5000 34.0000 -15.7013 167 148 108
-19.5000 34.0000 -15.8101 167 145 108
-18.5000 34.0000 -15.9422 168 145 111
-17.5000 34.0000 -16.0987 165 145 112
-16.5000 34.0000 -16.2791 158 142 108
-15.5000 34.0000 -16.4813 148 135 101
-14.5000 34.0000 -16.7023 139 131 95
-13.5000 34.0000 -16.9394 134 128 94
-12.5000 34.0000 -17.1902 133 129 94
-11.5000 34.0000 -17.4530 123 120 87
-10.5000 34.0000 -17.7260 117 116 85
-9.5000 34.0000 -18.0073 111 110 80
-8.5000 34.0000 -18.2952 107 108 77
-7.5000 34.0000 -18.5888 106 106 78
-6.5000 34.0000 -18.8881 105 105 77
-5.5000 34.0000 -19.1935 102 102 76
-4.5000 34.0000 -19.5051 101 99 74
-3.5000 34.0000 -19.8221 87 85 64
-2.5000 34.0000 -20.1436 86 81 62
-1.5000 34.0000 -20.4689 82 77 58
-0.5000 34.0000 -20.7993 82 77 58
0.5000 34.0000 -21.1375 85 79 63
1.5000 34.0000 -21.4867 86 80 64
2.5000 34.0000 -21.8481 84 78 62
3.5000 34.0000 -22.2201 81 75 59
4.5000 34.0000 -22.5976 75 69 55
5.5000 34.0000 -22.9737 71 68 53
6.5000 34.0000 -23.3421 70 64 52
7.5000 34.0000 -23.6984 68 64 52
8.5000 34.0000 -24.0400 71 65 53
9.5000 34.0000 -24.3662 68 64 52
10.5000 34.0000 -24.6769 66 62 51
11.5000 34.0000 -24.9742 63 61 49
12.5000 34.0000 -25.2636 62 62 50
13.5000 34.0000 -25.5541 58 60 47
14.5000 34.0000 -25.8551 57 59 46
15.5000 34.0000 -26.1702 56 60 45
16.5000 34.0000 -26.4898 56 60 45
17.5000 34.0000 -26.7875 52 56 39
18.5000 34.0000 -27.0218 45 50 30
19.5000 34.0000 -27.1451 39 44 24
20.5000 34.0000 -27.1161 36 39 18
21.5000 34.0000 -26.9119 38 40 18
22.5000 34.0000 -26.5352 44 43 22
23.5000 34.0000 -26.0132 50 48 25
24.5000 34.0000 -25.3907 60 54 32
25.5000 34.0000 -24.7205 68 60 39
26.5000 34.0000 -24.0531 76 65 43
27.5000 34.0000 -23.4315 82 67 46
28.5000 34.0000 -22.8876 101 80 59
29.5000 34.0000 -22.4424 103 81 60
30.5000 34.0000 -22.1064 104 82 61
31.5000 34.0000 -21.8807 104 83 62
32.5000 34.0000 -21.7593 102 81 60
33.5000 34.0000 -21.7313 99 78 57
34.5000 34.0000 -21.7836 95 74 53
35.5000 34.0000 -21.9039 91 73 51
36.5000 34.0000 -22.0824 91 73 51
37.5000 34.0000 -22.3127 86 70 47
38.5000 34.0000 -22.5913 82 66 43
39.5000 34.0000 -22.9161 80 64 41
40.5000 34.0000 -23.2860 79 64 41
41.5000 34.0000 -23.6998 78 63 40
42.5000 34.0000 -24.1571 75 60 37
43.5000 34.0000 -24.6596 69 58 36
44.5000 34.0000 -25.2123 61 59 38
45.5000 34.0000 -25.8236 57 58 40
46.5000 34.0000 -26.5029 55 56 38
47.5000 34.0000 -27.2574 52 53 37
48.5000 34.0000 -28.0897 49 50 34
49.5000 34.0000 -28.9962 45 46 32
50.5000 34.0000 -29.9679 42 43 29
51.5000 34.0000 -30.9921 40 40 28
52.5000 34.0000 -32.0541 42 39 30
53.5000 34.0000 -33.1385 39 36 29
54.5000 34.0000 -34.2315 34 31 24
55.5000 34.0000 -35.3229 31 28 23
56.5000 34.0000 -36.4090 29 26 21
57.5000 34.0000 -37.4934 28 24 21
58.5000 34.0000 -38.5875 27 22 19
59.5000 34.0000 -39.7092 25 21 20
60.5000 34.0000 -40.8812 21 21 21
61.5000 34.0000 -42.1274 19 21 20
62.5000 34.0000 -43.4707 18 20 19
63.5000 34.0000 -44.9303 17 19 18
64.5000 34.0000 -46.5218 15 17 16
65.5000 34.0000 -48.2572 13 15 14
66.5000 34.0000 -50.1441 12 14 13
67.5000 34.0000 -52.1793 12 14 13
68.5000 34.0000 -54.3366 12 14 13
112.5000 34.0000 -127.2039 16 12 13
-94.5000 33.0000 -54.1325 22 25 16
-93.5000 33.0000 -47.1444 35 41 27
-92.5000 33.0000 -41.0710 45 52 36
-91.5000 33.0000 -36.1894 46 53 37
-90.5000 33.0000 -32.5489 49 56 38
-89.5000 33.0000 -30.0142 53 57 40
-88.5000 33.0000 -28.3418 52 56 39
-87.5000 33.0000 -27.2613 50 52 38
-86.5000 33.0000 -26.5337 50 51 37
-85.5000 33.0000 -25.9824 54 52 40
-84.5000 33.0000 -25.4969 56 54 42
-83.5000 33.0000 -25.0214 58 56 43
-82.5000 33.0000 -24.5363 57 54 39
-81.5000 33.0000 -24.0410 60 54 42
-80.5000 33.0000 -23.5416 66 58 45
-79.5000 33.0000 -23.0454 74 64 52
-78.5000 33.0000 -22.5595 80 71 56
-77.5000 33.0000 -22.0905 80 73 57
-76.5000 33.0000 -21.6452 78 72 56
-75.5000 33.0000 -21.2293 83 82 62
-74.5000 33.0000 -20.8456 84 86 65
-73.5000 33.0000 -20.4932 87 91 68
-72.5000 33.0000 -20.1670 89 93 68
-71.5000 33.0000 -19.8589 92 91 70
-70.5000 33.0000 -19.5608 95 93 70
-69.5000 33.0000 -19.2667 100 95 73
-68.5000 33.0000 -18.9745 105 99 75
-67.5000 33.0000 -18.6865 111 106 77
-66.5000 33.0000 -18.4074 114 109 79
-65.5000 33.0000 -18.1429 117 112 82
-64.5000 33.0000 -17.8970 122 115 86
-63.5000 33.0000 -17.6717 126 119 90
-62.5000 33.0000 -17.4667 130 121 90
-61.5000 33.0000 -17.2800 131 122 91
-60.5000 33.0000 -17.1095 133 122 92
-59.5000 33.0000 -16.9535 136 122 93
-58.5000 33.0000 -16.8111 140 127 95
-57.5000 33.0000 -16.6815 146 131 100
-56.5000 33.0000 -16.5638 148 133 100
-55.5000 33.0000 -16.4559 147 132 99
-54.5000 33.0000 -16.3549 146 130 97
-53.5000 33.0000 -16.2578 145 129 96
-52.5000 33.0000 -16.1620 146 130 96
-51.5000 33.0000 -16.0664 150 138 100
-50.5000 33.0000 -15.9711 150 138 98
-49.5000 33.0000 -15.8772 151 137 98
-48.5000 33.0000 -15.7863 153 138 97
-47.5000 33.0000 -15.7004 156 138 98
-46.5000 33.0000 -15.6215 160 141 101
-45.5000 33.0000 -15.5507 164 142 103
-44.5000 33.0000 -15.4890 166 143 102
-43.5000 33.0000 -15.4355 170 145 105
-42.5000 33.0000 -15.3887 171 148 106
-41.5000 33.0000 -15.3457 173 150 108
-40.5000 33.0000 -15.3032 171 150 107
-39.5000 33.0000 -15.2590 169 148 105
-38.5000 33.0000 -15.2126 168 150 104
-37.5000 33.0000 -15.1662 172 154 108
-36.5000 33.0000 -15.1236 178 157 114
-35.5000 33.0000 -15.0900 184 159 119
-34.5000 33.0000 -15.0694 185 157 118
-33.5000 33.0000 -15.0637 181 156 116
-32.5000 33.0000 -15.0721 179 154 114
-31.5000 33.0000 -15.0911 178 153 113
-30.5000 33.0000 -15.1160 177 154 113
-29.5000 33.0000 -15.1421 177 154 113
-28.5000 33.0000 -15.1664 178 155 114
-27.5000 33.0000 -15.1877 173 151 110
-26.5000 33.0000 -15.2076 175 153 112
-25.5000 33.0000 -15.2294 175 153 112
-24.5000 33.0000 -15.2572 171 152 110
-23.5000 33.0000 -15.2957 168 149 107
-22.5000 33.0000 -15.3488 169 150 108
-21.5000 33.0000 -15.4199 173 154 112
-20.5000 33.0000 -15.5117 180 158 119
-19.5000 33.0000 -15.6263 170 144 109
-18.5000 33.0000 -15.7650 171 145 110
-17.5000 33.0000 -15.9273 170 146 112
-16.5000 33.0000 -16.1114 164 141 107
-15.5000 33.0000 -16.3133 153 134 101
-14.5000 33.0000 -16.5289 144 130 95
-13.5000 33.0000 -16.7540 140 127 93
-12.5000 33.0000 -16.9860 136 127 94
-11.5000 33.0000 -17.2235 125 119 87
-10.5000 33.0000 -17.4660 121 116 84
-9.5000 33.0000 -17.7141 117 112 82
-8.5000 33.0000 -17.9685 115 110 80
-7.5000 33.0000 -18.2311 115 110 81
-6.5000 33.0000 -18.5043 114 109 80
-5.5000 33.0000 -18.7907 112 106 80
-4.5000 33.0000 -19.0922 108 104 79
-3.5000 33.0000 -19.4093 95 90 70
-2.5000 33.0000 -19.7419 89 87 66
-1.5000 33.0000 -20.0902 83 81 60
-0.5000 33.0000 -20.4553 81 79 58
0.5000 33.0000 -20.8397 82 79 60
1.5000 33.0000 -21.2453 82 79 60
2.5000 33.0000 -21.6719 80 77 60
3.5000 33.0000 -22.1152 77 74 57
4.5000 33.0000 -22.5673 75 72 57
5.5000 33.0000 -23.0177 71 69 54
6.5000 33.0000 -23.4566 69 65 53
7.5000 33.0000 -23.8764 67 65 52
8.5000 33.0000 -24.2719 70 66 55
9.5000 33.0000 -24.6397 68 66 54
10.5000 33.0000 -24.9777 65 62 53
11.5000 33.0000 -25.2861 60 60 50
12.5000 33.0000 -25.5689 55 57 46
13.5000 33.0000 -25.8339 52 58 46
14.5000 33.0000 -26.0892 53 59 47
15.5000 33.0000 -26.3368 55 61 47
16.5000 33.0000 -26.5663 55 61 47
17.5000 33.0000 -26.7514 50 57 41
18.5000 33.0000 -26.8534 41 48 30
19.5000 33.0000 -26.8304 35 40 20
20.5000 33.0000 -26.6501 34 37 16
21.5000 33.0000 -26.3005 37 39 17
22.5000 33.0000 -25.7950 45 43 20
23.5000 33.0000 -25.1704 54 50 25
24.5000 33.0000 -24.4777 66 59 33
25.5000 33.0000 -23.7718 80 68 44
26.5000 33.0000 -23.1019 91 77 51
27.5000 33.0000 -22.5060 98 82 57
28.5000 33.0000 -22.0090 107 85 62
29.5000 33.0000 -21.6242 110 85 63
30.5000 33.0000 -21.3543 110 85 63
31.5000 33.0000 -21.1944 107 85 62
32.5000 33.0000 -21.1334 105 83 60
33.5000 33.0000 -21.1574 100 80 56
34.5000 33.0000 -21.2517 97 77 53
35.5000 33.0000 -21.4036 93 75 51
36.5000 33.0000 -21.6038 97 79 55
37.5000 33.0000 -21.8471 93 75 51
38.5000 33.0000 -22.1315 87 71 46
39.5000 33.0000 -22.4571 84 68 43
40.5000 33.0000 -22.8246 81 67 41
41.5000 33.0000 -23.2347 79 65 39
42.5000 33.0000 -23.6878 75 61 35
43.5000 33.0000 -24.1860 69 58 36
44.5000 33.0000 -24.7341 61 56 37
45.5000 33.0000 -25.3398 58 56 41
46.5000 33.0000 -26.0125 58 56 41
47.5000 33.0000 -26.7600 57 55 42
48.5000 33.0000 -27.5856 54 52 39
49.5000 33.0000 -28.4863 51 49 37
50.5000 33.0000 -29.4533 48 46 34
51.5000 33.0000 -30.4731 46 43 34
52.5000 33.0000 -31.5295 43 40 33
53.5000 33.0000 -32.6065 39 36 31
54.5000 33.0000 -33.6899 32 31 26
55.5000 33.0000 -34.7710 29 28 24
56.5000 33.0000 -35.8474 29 28 24
57.5000 33.0000 -36.9238 28 27 25
58.5000 33.0000 -38.0118 27 23 22
59.5000 33.0000 -39.1278 21 19 20
60.5000 33.0000 -40.2918 21 21 21
61.5000 33.0000 -41.5248 21 21 21
62.5000 33.0000 -42.8471 20 20 20
63.5000 33.0000 -44.2769 18 18 18
64.5000 33.0000 -45.8311 16 16 16
65.5000 33.0000 -47.5282 15 15 15
66.5000 33.0000 -49.3865 14 14 14
67.5000 33.0000 -51.4164 13 13 13
-95.5000 32.0000 -58.9878 14 15 9
-94.5000 32.0000 -51.8797 25 28 17
-93.5000 32.0000 -45.2748 35 41 27
-92.5000 32.0000 -39.6099 43 50 32
-91.5000 32.0000 -35.1117 45 52 34
-90.5000 32.0000 -31.7913 49 56 38
-89.5000 32.0000 -29.4960 55 59 42
-88.5000 32.0000 -27.9852 54 58 41
-87.5000 32.0000 -27.0037 52 53 39
-86.5000 32.0000 -26.3318 50 51 37
-85.5000 32.0000 -25.8091 54 52 40
-84.5000 32.0000 -25.3362 57 55 43
-83.5000 32.0000 -24.8640 62 62 50
-82.5000 32.0000 -24.3766 60 61 47
-81.5000 32.0000 -23.8759 60 56 45
-80.5000 32.0000 -23.3702 63 57 45
-79.5000 32.0000 -22.8685 71 61 51
-78.5000 32.0000 -22.3787 78 68 56
-77.5000 32.0000 -21.9078 84 77 61
-76.5000 32.0000 -21.4620 86 80 64
-75.5000 32.0000 -21.0463 86 85 65
-74.5000 32.0000 -20.6632 87 89 67
-73.5000 32.0000 -20.3114 91 93 69
-72.5000 32.0000 -19.9861 92 94 70
-71.5000 32.0000 -19.6797 96 94 71
-70.5000 32.0000 -19.3841 99 95 70
-69.5000 32.0000 -19.0930 105 97 74
-68.5000 32.0000 -18.8041 110 100 75
-67.5000 32.0000 -18.5187 116 107 78
-66.5000 32.0000 -18.2412 118 109 80
-65.5000 32.0000 -17.9765 122 113 84
-64.5000 32.0000 -17.7291 126 117 88
-63.5000 32.0000 -17.5013 130 121 90
-62.5000 32.0000 -17.2935 134 123 93
-61.5000 32.0000 -17.1049 135 124 94
-60.5000 32.0000 -16.9336 136 125 93
-59.5000 32.0000 -16.7781 141 128 96
-58.5000 32.0000 -16.6370 144 131 97
-57.5000 32.0000 -16.5087 148 135 101
-56.5000 32.0000 -16.3915 148 135 101
-55.5000 32.0000 -16.2825 147 132 99
-54.5000 32.0000 -16.1789 145 130 97
-53.5000 32.0000 -16.0780 145 131 96
-52.5000 32.0000 -15.9781 146 132 95
-51.5000 32.0000 -15.8790 157 145 105
-50.5000 32.0000 -15.7816 156 144 104
-49.5000 32.0000 -15.6874 157 142 101
-48.5000 32.0000 -15.5982 156 141 100
-47.5000 32.0000 -15.5155 160 141 101
-46.5000 32.0000 -15.4405 163 144 102
-45.5000 32.0000 -15.3741 169 146 105
-44.5000 32.0000 -15.3162 171 148 107
-43.5000 32.0000 -15.2657 178 153 112
-42.5000 32.0000 -15.2204 179 154 113
-41.5000 32.0000 -15.1775 178 155 113
-40.5000 32.0000 -15.1342 177 154 110
-39.5000 32.0000 -15.0887 174 153 108
-38.5000 32.0000 -15.0412 175 154 109
-37.5000 32.0000 -14.9942 175 157 111
-36.5000 32.0000 -14.9517 179 158 113
-35.5000 32.0000 -14.9185 187 162 121
-34.5000 32.0000 -14.8982 188 160 121
-33.5000 32.0000 -14.8924 184 159 119
-32.5000 32.0000 -14.9000 183 158 118
-31.5000 32.0000 -14.9177 182 157 117
-30.5000 32.0000 -14.9410 183 158 118
-29.5000 32.0000 -14.9652 183 160 119
-28.5000 32.0000 -14.9874 183 160 119
-27.5000 32.0000 -15.0065 182 160 119
-26.5000 32.0000 -15.0241 181 159 118
-25.5000 32.0000 -15.0438 181 159 118
-24.5000 32.0000 -15.0704 179 157 116
-23.5000 32.0000 -15.1089 176 157 115
-22.5000 32.0000 -15.1639 177 158 116
-21.5000 32.0000 -15.2391 180 161 119
-20.5000 32.0000 -15.3370 186 163 122
-19.5000 32.0000 -15.4591 175 145 109
-18.5000 32.0000 -15.6056 178 145 112
-17.5000 32.0000 -15.7749 175 144 113
-16.5000 32.0000 -15.9633 166 140 107
-15.5000 32.0000 -16.1655 157 134 102
-14.5000 32.0000 -16.3756 147 128 95
-13.5000 32.0000 -16.5886 142 126 93
-12.5000 32.0000 -16.8014 140 125 92
-11.5000 32.0000 -17.0129 137 124 92
-10.5000 32.0000 -17.2241 132 121 91
-9.5000 32.0000 -17.4374 127 116 88
-8.5000 32.0000 -17.6563 124 115 86
-7.5000 32.0000 -17.8848 123 113 86
-6.5000 32.0000 -18.1279 121 111 84
-5.5000 32.0000 -18.3901 117 107 82
-4.5000 32.0000 -18.6752 111 104 78
-3.5000 32.0000 -18.9857 109 104 82
-2.5000 32.0000 -19.3230 102 100 79
-1.5000 32.0000 -19.6887 94 92 71
-0.5000 32.0000 -20.0851 87 85 64
0.5000 32.0000 -20.5147 82 79 60
1.5000 32.0000 -20.9795 78 75 56
2.5000 32.0000 -21.4775 75 72 55
3.5000 32.0000 -22.0022 71 70 52
4.5000 32.0000 -22.5416 75 73 58
5.5000 32.0000 -23.0807 70 68 53
6.5000 32.0000 -23.6052 66 64 51
7.5000 32.0000 -24.1030 65 63 50
8.5000 32.0000 -24.5651 67 65 53
9.5000 32.0000 -24.9848 64 64 52
10.5000 32.0000 -25.3570 59 59 49
11.5000 32.0000 -25.6792 54 56 45
12.5000 32.0000 -25.9528 46 52 42
13.5000 32.0000 -26.1832 46 54 43
14.5000 32.0000 -26.3762 49 57 46
15.5000 32.0000 -26.5323 51 59 46
16.5000 32.0000 -26.6410 51 59 46
17.5000 32.0000 -26.6793 45 54 37
18.5000 32.0000 -26.6156 39 46 28
19.5000 32.0000 -26.4189 35 40 20
20.5000 32.0000 -26.0704 38 42 19
21.5000 32.0000 -25.5718 44 44 20
22.5000 32.0000 -24.9480 54 50 25
23.5000 32.0000 -24.2427 65 59 33
24.5000 32.0000 -23.5093 80 68 42
25.5000 32.0000 -22.8003 93 79 52
26.5000 32.0000 -22.1591 103 87 61
27.5000 32.0000 -21.6153 109 92 66
28.5000 32.0000 -21.1849 111 89 66
29.5000 32.0000 -20.8723 113 88 66
30.5000 32.0000 -20.6732 113 88 66
31.5000 32.0000 -20.5772 111 86 64
32.5000 32.0000 -20.5706 109 84 62
33.5000 32.0000 -20.6380 104 82 59
34.5000 32.0000 -20.7649 100 80 56
35.5000 32.0000 -20.9396 98 78 54
36.5000 32.0000 -21.1540 102 84 60
37.5000 32.0000 -21.4041 98 80 56
38.5000 32.0000 -21.6893 93 77 52
39.5000 32.0000 -22.0115 90 74 49
40.5000 32.0000 -22.3733 87 73 47
41.5000 32.0000 -22.7771 84 70 44
42.5000 32.0000 -23.2250 79 65 39
43.5000 32.0000 -23.7199 72 60 38
44.5000 32.0000 -24.2665 63 56 38
45.5000 32.0000 -24.8721 62 56 42
46.5000 32.0000 -25.5455 63 57 45
47.5000 32.0000 -26.2941 62 56 44
48.5000 32.0000 -27.1212 59 52 42
49.5000 32.0000 -28.0238 54 50 39
50.5000 32.0000 -28.9922 50 46 37
51.5000 32.0000 -30.0116 47 44 37
52.5000 32.0000 -31.0644 42 39 34
53.5000 32.0000 -32.1334 38 35 30
54.5000 32.0000 -33.2051 31 30 26
55.5000 32.0000 -34.2722 30 29 25
56.5000 32.0000 -35.3343 31 30 28
57.5000 32.0000 -36.3982 30 30 28
58.5000 32.0000 -37.4756 26 24 25
59.5000 32.0000 -38.5815 21 21 21
60.5000 32.0000 -39.7329 22 22 22
61.5000 32.0000 -40.9476 21 21 21
62.5000 32.0000 -42.2426 20 20 20
63.5000 32.0000 -43.6347 19 19 19
64.5000 32.0000 -45.1424 17 17 17
65.5000 32.0000 -46.7901 15 15 15
66.5000 32.0000 -48.6063 14 14 14
67.5000 32.0000 -50.6143 14 14 14
68.5000 32.0000 -52.8102 13 13 13
69.5000 32.0000 -55.1406 13 13 13
-95.5000 31.0000 -56.7337 17 18 12
-94.5000 31.0000 -49.9243 27 30 19
-93.5000 31.0000 -43.6871 34 41 25
-92.5000 31.0000 -38.4066 40 47 29
-91.5000 31.0000 -34.2571 41 48 30
-90.5000 31.0000 -31.2141 47 55 34
-89.5000 31.0000 -29.1126 54 59 39
-88.5000 31.0000 -27.7205 53 57 40
-87.5000 31.0000 -26.8017 50 51 37
-86.5000 31.0000 -26.1572 47 48 34
-85.5000 31.0000 -25.6430 51 49 37
-84.5000 31.0000 -25.1696 53 53 41
-83.5000 31.0000 -24.6929 61 65 51
-82.5000 31.0000 -24.1995 59 65 51
-81.5000 31.0000 -23.6926 63 65 54
-80.5000 31.0000 -23.1821 67 65 53
-79.5000 31.0000 -22.6783 72 66 54
-78.5000 31.0000 -22.1896 78 70 57
-77.5000 31.0000 -21.7225 85 78 62
-76.5000 31.0000 -21.2823 88 82 66
-75.5000 31.0000 -20.8723 89 86 67
-74.5000 31.0000 -20.4941 91 90 69
-73.5000 31.0000 -20.1459 95 95 71
-72.5000 31.0000 -19.8231 97 95 70
-71.5000 31.0000 -19.5186 101 95 71
-70.5000 31.0000 -19.2249 105 95 70
-69.5000 31.0000 -18.9362 112 97 74
-68.5000 31.0000 -18.6499 115 101 75
-67.5000 31.0000 -18.3671 120 106 79
-66.5000 31.0000 -18.0913 120 109 79
-65.5000 31.0000 -17.8271 124 113 83
-64.5000 31.0000 -17.5788 128 117 87
-63.5000 31.0000 -17.3490 132 121 91
-62.5000 31.0000 -17.1388 137 123 94
-61.5000 31.0000 -16.9479 139 126 94
-60.5000 31.0000 -16.7751 140 127 95
-59.5000 31.0000 -16.6189 143 132 100
-58.5000 31.0000 -16.4774 146 136 101
-57.5000 31.0000 -16.3483 148 138 103
-56.5000 31.0000 -16.2290 148 138 102
-55.5000 31.0000 -16.1165 149 136 101
-54.5000 31.0000 -16.0077 146 136 100
-53.5000 31.0000 -15.9007 148 138 102
-52.5000 31.0000 -15.7947 150 141 102
-51.5000 31.0000 -15.6906 160 148 108
-50.5000 31.0000 -15.5899 161 149 107
-49.5000 31.0000 -15.4947 163 148 107
-48.5000 31.0000 -15.4065 165 150 109
-47.5000 31.0000 -15.3266 170 151 109
-46.5000 31.0000 -15.2557 172 153 111
-45.5000 31.0000 -15.1938 177 154 113
-44.5000 31.0000 -15.1404 178 155 113
-43.5000 31.0000 -15.0936 181 156 115
-42.5000 31.0000 -15.0510 180 155 114
-41.5000 31.0000 -15.0096 178 155 111
-40.5000 31.0000 -14.9670 179 156 112
-39.5000 31.0000 -14.9218 180 159 114
-38.5000 31.0000 -14.8750 183 162 115
-37.5000 31.0000 -14.8291 182 164 116
-36.5000 31.0000 -14.7884 184 163 118
-35.5000 31.0000 -14.7570 192 167 126
-34.5000 31.0000 -14.7381 194 166 126
-33.5000 31.0000 -14.7329 194 166 126
-32.5000 31.0000 -14.7400 194 166 126
-31.5000 31.0000 -14.7564 190 165 124
-30.5000 31.0000 -14.7777 188 163 122
-29.5000 31.0000 -14.7998 185 162 120
-28.5000 31.0000 -14.8197 184 161 119
-27.5000 31.0000 -14.8367 187 164 122
-26.5000 31.0000 -14.8525 187 164 122
-25.5000 31.0000 -14.8709 186 165 122
-24.5000 31.0000 -14.8972 188 167 124
-23.5000 31.0000 -14.9369 187 168 125
-22.5000 31.0000 -14.9949 186 167 124
-21.5000 31.0000 -15.0750 184 165 122
-20.5000 31.0000 -15.1795 185 162 121
-19.5000 31.0000 -15.3092 180 146 111
-18.5000 31.0000 -15.4634 182 146 114
-17.5000 31.0000 -15.6390 180 145 113
-16.5000 31.0000 -15.8310 173 140 107
-15.5000 31.0000 -16.0326 162 133 101
-14.5000 31.0000 -16.2367 152 127 96
-13.5000 31.0000 -16.4373 148 125 94
-12.5000 31.0000 -16.6311 144 125 93
-11.5000 31.0000 -16.8174 143 126 96
-10.5000 31.0000 -16.9985 139 124 95
-9.5000 31.0000 -17.1783 135 119 93
-8.5000 31.0000 -17.3622 134 118 92
-7.5000 31.0000 -17.5564 134 118 93
-6.5000 31.0000 -17.7674 132 116 91
-5.5000 31.0000 -18.0015 128 112 87
-4.5000 31.0000 -18.2641 122 110 86
-3.5000 31.0000 -18.5598 119 113 91
-2.5000 31.0000 -18.8922 112 110 87
-1.5000 31.0000 -19.2651 105 103 82
-0.5000 31.0000 -19.6829 95 93 72
0.5000 31.0000 -20.1502 84 83 63
1.5000 31.0000 -20.6695 78 77 57
2.5000 31.0000 -21.2388 75 74 56
3.5000 31.0000 -21.8489 75 74 56
4.5000 31.0000 -22.4838 73 71 56
5.5000 31.0000 -23.1232 65 66 52
6.5000 31.0000 -23.7464 59 59 47
7.5000 31.0000 -24.3358 58 58 46
8.5000 31.0000 -24.8770 60 60 50
9.5000 31.0000 -25.3586 57 59 48
10.5000 31.0000 -25.7716 52 54 43
11.5000 31.0000 -26.1096 45 48 39
12.5000 31.0000 -26.3708 41 48 40
13.5000 31.0000 -26.5570 41 51 42
14.5000 31.0000 -26.6713 43 53 44
15.5000 31.0000 -26.7133 43 53 42
16.5000 31.0000 -26.6744 40 51 37
17.5000 31.0000 -26.5383 40 48 33
18.5000 31.0000 -26.2851 39 46 30
19.5000 31.0000 -25.8998 40 45 25
20.5000 31.0000 -25.3804 45 49 26
21.5000 31.0000 -24.7435 54 54 30
22.5000 31.0000 -24.0235 68 64 37
23.5000 31.0000 -23.2676 82 75 47
24.5000 31.0000 -22.5265 97 83 56
25.5000 31.0000 -21.8458 106 91 62
26.5000 31.0000 -21.2591 111 94 66
27.5000 31.0000 -20.7858 115 95 68
28.5000 31.0000 -20.4321 117 93 69
29.5000 31.0000 -20.1946 118 91 70
30.5000 31.0000 -20.0632 117 90 69
31.5000 31.0000 -20.0241 115 90 68
32.5000 31.0000 -20.0625 112 87 65
33.5000 31.0000 -20.1636 108 86 63
34.5000 31.0000 -20.3143 105 85 61
35.5000 31.0000 -20.5044 103 83 59
36.5000 31.0000 -20.7271 103 85 61
37.5000 31.0000 -20.9795 100 82 58
38.5000 31.0000 -21.2620 97 81 56
39.5000 31.0000 -21.5777 96 80 55
40.5000 31.0000 -21.9308 94 80 54
41.5000 31.0000 -22.3261 90 76 50
42.5000 31.0000 -22.7676 82 70 44
43.5000 31.0000 -23.2597 77 65 43
44.5000 31.0000 -23.8075 70 58 44
45.5000 31.0000 -24.4178 70 57 48
46.5000 31.0000 -25.0985 70 57 49
47.5000 31.0000 -25.8557 66 56 47
48.5000 31.0000 -26.6917 62 51 45
49.5000 31.0000 -27.6024 55 46 39
50.5000 31.0000 -28.5768 49 42 36
51.5000 31.0000 -29.5985 44 39 33
52.5000 31.0000 -30.6485 42 37 33
53.5000 31.0000 -31.7091 36 32 29
54.5000 31.0000 -32.7671 30 29 27
55.5000 31.0000 -33.8172 30 29 27
56.5000 31.0000 -34.8613 32 32 32
57.5000 31.0000 -35.9082 31 33 32
58.5000 31.0000 -36.9703 27 27 29
59.5000 31.0000 -38.0618 21 21 23
60.5000 31.0000 -39.1970 22 22 22
61.5000 31.0000 -40.3902 22 22 22
62.5000 31.0000 -41.6550 21 21 21
63.5000 31.0000 -43.0060 19 19 19
64.5000 31.0000 -44.4627 17 17 17
65.5000 31.0000 -46.0543 16 16 16
66.5000 31.0000 -47.8182 15 15 15
67.5000 31.0000 -49.7882 14 14 14
68.5000 31.0000 -51.9701 18 18 18
69.5000 31.0000 -54.3138 16 16 16
70.5000 31.0000 -56.7008 13 13 13
-95.5000 30.0000 -54.8021 19 20 12
-94.5000 30.0000 -48.2771 27 31 17
-93.5000 30.0000 -42.3846 35 39 22
-92.5000 30.0000 -37.4540 39 44 24
-91.5000 30.0000 -33.6093 40 45 25
-90.5000 30.0000 -30.7957 46 51 31
-89.5000 30.0000 -28.8419 51 56 36
-88.5000 30.0000 -27.5285 52 55 36
-87.5000 30.0000 -26.6409 47 48 34
-86.5000 30.0000 -26.0015 44 45 31
-85.5000 30.0000 -25.4813 48 46 34
-84.5000 30.0000 -24.9997 49 51 38
-83.5000 30.0000 -24.5154 52 60 47
-82.5000 30.0000 -24.0157 56 67 53
-81.5000 30.0000 -23.5042 67 73 61
-80.5000 30.0000 -22.9914 74 76 63
-79.5000 30.0000 -22.4885 75 76 62
-78.5000 30.0000 -22.0043 78 75 58
-77.5000 30.0000 -21.5449 79 76 57
-76.5000 30.0000 -21.1139 83 78 58
-75.5000 30.0000 -20.7132 90 88 65
-74.5000 30.0000 -20.3426 93 91 68
-73.5000 30.0000 -19.9998 97 95 70
-72.5000 30.0000 -19.6801 100 96 69
-71.5000 30.0000 -19.3772 103 96 70
-70.5000 30.0000 -19.0846 107 95 71
-69.5000 30.0000 -18.7970 114 98 75
-68.5000 30.0000 -18.5124 117 101 76
-67.5000 30.0000 -18.2315 120 106 79
-66.5000 30.0000 -17.9574 120 109 81
-65.5000 30.0000 -17.6941 124 113 85
-64.5000 30.0000 -17.4455 129 118 90
-63.5000 30.0000 -17.2143 133 122 94
-62.5000 30.0000 -17.0019 136 125 95
-61.5000 30.0000 -16.8085 140 126 97
-60.5000 30.0000 -16.6335 141 128 96
-59.5000 30.0000 -16.4752 147 134 102
-58.5000 30.0000 -16.3312 150 137 103
-57.5000 30.0000 -16.1990 152 139 105
-56.5000 30.0000 -16.0751 152 139 104
-55.5000 30.0000 -15.9565 151 138 103
-54.5000 30.0000 -15.8406 151 141 105
-53.5000 30.0000 -15.7261 153 145 108
-52.5000 30.0000 -15.6133 156 148 109
-51.5000 30.0000 -15.5038 160 148 108
-50.5000 30.0000 -15.3998 164 149 108
-49.5000 30.0000 -15.3035 168 153 112
-48.5000 30.0000 -15.2163 175 158 115
-47.5000 30.0000 -15.1391 179 160 118
-46.5000 30.0000 -15.0722 182 160 119
-45.5000 30.0000 -15.0149 183 162 119
-44.5000 30.0000 -14.9662 183 160 118
-43.5000 30.0000 -14.9237 177 154 112
-42.5000 30.0000 -14.8847 175 152 108
-41.5000 30.0000 -14.8463 175 152 108
-40.5000 30.0000 -14.8060 179 156 112
-39.5000 30.0000 -14.7631 185 164 117
-38.5000 30.0000 -14.7188 191 170 123
-37.5000 30.0000 -14.6759 191 173 125
-36.5000 30.0000 -14.6384 192 171 124
-35.5000 30.0000 -14.6099 196 172 128
-34.5000 30.0000 -14.5931 200 172 132
-33.5000 30.0000 -14.5887 202 174 134
-32.5000 30.0000 -14.5953 202 174 134
-31.5000 30.0000 -14.6100 199 171 131
-30.5000 30.0000 -14.6289 192 167 126
-29.5000 30.0000 -14.6483 187 162 121
-28.5000 30.0000 -14.6658 183 158 117
-27.5000 30.0000 -14.6808 190 165 124
-26.5000 30.0000 -14.6952 189 166 124
-25.5000 30.0000 -14.7132 191 168 127
-24.5000 30.0000 -14.7402 194 172 131
-23.5000 30.0000 -14.7819 195 176 134
-22.5000 30.0000 -14.8434 192 173 131
-21.5000 30.0000 -14.9284 185 166 124
-20.5000 30.0000 -15.0388 181 159 118
-19.5000 30.0000 -15.1751 180 150 116
-18.5000 30.0000 -15.3354 182 149 116
-17.5000 30.0000 -15.5156 179 149 115
-16.5000 30.0000 -15.7093 172 143 109
-15.5000 30.0000 -15.9087 162 136 103
-14.5000 30.0000 -16.1057 153 130 98
-13.5000 30.0000 -16.2937 148 127 96
-12.5000 30.0000 -16.4692 146 127 95
-11.5000 30.0000 -16.6323 141 124 94
-10.5000 30.0000 -16.7860 138 123 92
-9.5000 30.0000 -16.9356 137 122 93
-8.5000 30.0000 -17.0876 138 122 96
-7.5000 30.0000 -17.2494 140 124 98
-6.5000 30.0000 -17.4284 139 125 98
-5.5000 30.0000 -17.6320 138 122 97
-4.5000 30.0000 -17.8670 132 120 94
-3.5000 30.0000 -18.1396 122 114 91
-2.5000 30.0000 -18.4560 118 113 91
-1.5000 30.0000 -18.8229 112 107 85
-0.5000 30.0000 -19.2478 102 97 77
0.5000 30.0000 -19.7386 92 87 67
1.5000 30.0000 -20.3002 84 81 62
2.5000 30.0000 -20.9317 83 80 61
3.5000 30.0000 -21.6225 85 82 65
4.5000 30.0000 -22.3529 70 68 53
5.5000 30.0000 -23.0969 64 62 47
6.5000 30.0000 -23.8268 57 55 42
7.5000 30.0000 -24.5174 54 55 41
8.5000 30.0000 -25.1477 55 55 43
9.5000 30.0000 -25.7001 53 55 42
10.5000 30.0000 -26.1599 46 48 35
11.5000 30.0000 -26.5160 39 42 31
12.5000 30.0000 -26.7620 41 46 39
13.5000 30.0000 -26.8958 42 49 41
14.5000 30.0000 -26.9178 42 49 41
15.5000 30.0000 -26.8278 40 46 36
16.5000 30.0000 -26.6223 37 43 29
17.5000 30.0000 -26.2954 38 42 27
18.5000 30.0000 -25.8435 42 45 28
19.5000 30.0000 -25.2708 47 49 28
20.5000 30.0000 -24.5938 54 54 30
21.5000 30.0000 -23.8425 65 61 36
22.5000 30.0000 -23.0579 81 74 46
23.5000 30.0000 -22.2856 97 86 58
24.5000 30.0000 -21.5690 109 95 68
25.5000 30.0000 -20.9426 113 98 69
26.5000 30.0000 -20.4283 114 97 69
27.5000 30.0000 -20.0345 114 94 67
28.5000 30.0000 -19.7591 118 97 70
29.5000 30.0000 -19.5921 120 96 72
30.5000 30.0000 -19.5199 119 95 71
31.5000 30.0000 -19.5276 118 94 70
32.5000 30.0000 -19.6009 116 92 68
33.5000 30.0000 -19.7265 111 89 65
34.5000 30.0000 -19.8936 109 87 63
35.5000 30.0000 -20.0936 107 87 63
36.5000 30.0000 -20.3209 103 83 59
37.5000 30.0000 -20.5730 100 82 58
38.5000 30.0000 -20.8509 100 82 58
39.5000 30.0000 -21.1582 99 83 58
40.5000 30.0000 -21.5010 98 84 58
41.5000 30.0000 -21.8859 93 81 57
42.5000 30.0000 -22.3197 87 75 51
43.5000 30.0000 -22.8086 81 70 48
44.5000 30.0000 -23.3589 73 61 47
45.5000 30.0000 -23.9769 73 60 51
46.5000 30.0000 -24.6691 72 59 50
47.5000 30.0000 -25.4398 67 57 47
48.5000 30.0000 -26.2894 61 51 41
49.5000 30.0000 -27.2117 53 45 34
50.5000 30.0000 -28.1941 46 37 28
51.5000 30.0000 -29.2188 41 34 24
52.5000 30.0000 -30.2657 41 37 28
53.5000 30.0000 -31.3169 35 32 25
54.5000 30.0000 -32.3601 29 28 23
55.5000 30.0000 -33.3915 29 30 25
56.5000 30.0000 -34.4154 32 34 31
57.5000 30.0000 -35.4425 30 35 31
58.5000 30.0000 -36.4864 25 29 28
59.5000 30.0000 -37.5608 19 23 22
60.5000 30.0000 -38.6784 22 24 23
61.5000 30.0000 -39.8500 21 23 22
62.5000 30.0000 -41.0853 20 22 21
63.5000 30.0000 -42.3961 18 20 19
64.5000 30.0000 -43.8017 17 19 18
65.5000 30.0000 -45.3339 15 17 16
66.5000 30.0000 -47.0368 14 16 15
67.5000 30.0000 -48.9525 13 14 16
68.5000 30.0000 -51.0945 23 23 25
69.5000 30.0000 -53.4180 19 19 21
70.5000 30.0000 -55.8043 13 13 15
75.5000 30.0000 -63.0783 13 13 13
-95.5000 29.0000 -53.1897 20 20 10
-94.5000 29.0000 -46.9344 26 28 14
-93.5000 29.0000 -41.3583 32 35 16
-92.5000 29.0000 -36.7363 35 38 17
-91.5000 29.0000 -33.1474 39 42 21
-90.5000 29.0000 -30.5136 45 48 27
-89.5000 29.0000 -28.6629 48 51 32
-88.5000 29.0000 -27.3922 48 49 31
-87.5000 29.0000 -26.5097 51 52 38
-86.5000 29.0000 -25.8584 56 57 43
-85.5000 29.0000 -25.3236 56 56 44
-84.5000 29.0000 -24.8307 51 53 40
-83.5000 29.0000 -24.3401 56 67 53
-82.5000 29.0000 -23.8374 56 68 54
-81.5000 29.0000 -23.3250 59 70 54
-80.5000 29.0000 -22.8132 64 73 56
-79.5000 29.0000 -22.3136 68 76 55
-78.5000 29.0000 -21.8356 73 78 55
-77.5000 29.0000 -21.3850 78 80 56
-76.5000 29.0000 -20.9644 81 81 55
-75.5000 29.0000 -20.5739 85 84 56
-74.5000 29.0000 -20.2117 89 88 60
-73.5000 29.0000 -19.8745 95 91 64
-72.5000 29.0000 -19.5576 98 92 66
-71.5000 29.0000 -19.2554 101 94 68
-70.5000 29.0000 -18.9625 106 94 72
-69.5000 29.0000 -18.6747 112 97 76
-68.5000 29.0000 -18.3906 116 101 80
-67.5000 29.0000 -18.1108 123 113 88
-66.5000 29.0000 -17.8381 120 113 87
-65.5000 29.0000 -17.5757 120 114 88
-64.5000 29.0000 -17.3272 122 116 90
-63.5000 29.0000 -17.0949 127 120 92
-62.5000 29.0000 -16.8805 135 126 97
-61.5000 29.0000 -16.6845 142 131 103
-60.5000 29.0000 -16.5064 149 134 105
-59.5000 29.0000 -16.3444 151 134 106
-58.5000 29.0000 -16.1961 155 136 106
-57.5000 29.0000 -16.0582 156 137 105
-56.5000 29.0000 -15.9275 153 137 104
-55.5000 29.0000 -15.8011 151 137 102
-54.5000 29.0000 -15.6770 149 139 103
-53.5000 29.0000 -15.5549 151 146 106
-52.5000 29.0000 -15.4359 157 150 108
-51.5000 29.0000 -15.3220 179 164 123
-50.5000 29.0000 -15.2158 179 160 118
-49.5000 29.0000 -15.1193 177 158 116
-48.5000 29.0000 -15.0337 178 159 117
-47.5000 29.0000 -14.9594 184 162 121
-46.5000 29.0000 -14.8963 186 165 122
-45.5000 29.0000 -14.8435 185 164 121
-44.5000 29.0000 -14.7992 183 162 119
-43.5000 29.0000 -14.7612 191 170 125
-42.5000 29.0000 -14.7264 183 162 117
-41.5000 29.0000 -14.6918 180 159 114
-40.5000 29.0000 -14.6554 185 164 117
-39.5000 29.0000 -14.6165 191 170 123
-38.5000 29.0000 -14.5764 192 171 124
-37.5000 29.0000 -14.5380 194 174 124
-36.5000 29.0000 -14.5046 198 177 130
-35.5000 29.0000 -14.4796 195 172 128
-34.5000 29.0000 -14.4651 199 175 131
-33.5000 29.0000 -14.4613 197 172 131
-32.5000 29.0000 -14.4670 195 167 127
-31.5000 29.0000 -14.4793 195 167 127
-30.5000 29.0000 -14.4951 196 168 128
-29.5000 29.0000 -14.5112 190 162 123
-28.5000 29.0000 -14.5258 180 152 113
-27.5000 29.0000 -14.5387 188 160 121
-26.5000 29.0000 -14.5522 184 159 119
-25.5000 29.0000 -14.5705 188 164 126
-24.5000 29.0000 -14.5989 197 175 136
-23.5000 29.0000 -14.6432 194 175 135
-22.5000 29.0000 -14.7082 183 164 124
-21.5000 29.0000 -14.7975 176 158 118
-20.5000 29.0000 -14.9127 177 159 121
-19.5000 29.0000 -15.0536 175 157 119
-18.5000 29.0000 -15.2177 179 161 125
-17.5000 29.0000 -15.3998 171 153 117
-16.5000 29.0000 -15.5928 162 144 108
-15.5000 29.0000 -15.7879 159 143 109
-14.5000 29.0000 -15.9765 148 134 99
-13.5000 29.0000 -16.1518 137 124 90
-12.5000 29.0000 -16.3106 140 127 93
-11.5000 29.0000 -16.4532 133 123 88
-10.5000 29.0000 -16.5834 140 129 97
-9.5000 29.0000 -16.7071 141 130 98
-8.5000 29.0000 -16.8315 134 125 94
-7.5000 29.0000 -16.9642 133 124 93
-6.5000 29.0000 -17.1130 135 129 97
-5.5000 29.0000 -17.2854 134 125 96
-4.5000 29.0000 -17.4892 126 117 88
-3.5000 29.0000 -17.7319 123 113 88
-2.5000 29.0000 -18.0219 120 109 87
-1.5000 29.0000 -18.3689 117 106 84
-0.5000 29.0000 -18.7843 115 107 86
0.5000 29.0000 -19.2800 113 105 84
1.5000 29.0000 -19.8648 104 96 77
2.5000 29.0000 -20.5403 88 81 62
3.5000 29.0000 -21.2965 76 69 51
4.5000 29.0000 -22.1114 59 54 35
5.5000 29.0000 -22.9540 55 52 35
6.5000 29.0000 -23.7896 56 53 38
7.5000 29.0000 -24.5849 59 57 42
8.5000 29.0000 -25.3102 55 53 40
9.5000 29.0000 -25.9400 43 44 30
10.5000 29.0000 -26.4524 39 40 26
11.5000 29.0000 -26.8298 41 41 29
12.5000 29.0000 -27.0601 38 38 30
13.5000 29.0000 -27.1367 49 49 41
14.5000 29.0000 -27.0583 48 45 36
15.5000 29.0000 -26.8268 40 38 26
16.5000 29.0000 -26.4467 44 41 26
17.5000 29.0000 -25.9270 45 40 21
18.5000 29.0000 -25.2837 47 40 21
19.5000 29.0000 -24.5415 61 53 32
20.5000 29.0000 -23.7345 73 63 38
21.5000 29.0000 -22.9032 84 74 47
22.5000 29.0000 -22.0902 103 89 63
23.5000 29.0000 -21.3351 115 101 74
24.5000 29.0000 -20.6700 121 105 79
25.5000 29.0000 -20.1161 123 107 81
26.5000 29.0000 -19.6829 124 108 82
27.5000 29.0000 -19.3694 125 110 81
28.5000 29.0000 -19.1664 113 96 66
29.5000 29.0000 -19.0604 118 102 69
30.5000 29.0000 -19.0365 121 102 72
31.5000 29.0000 -19.0801 118 99 69
32.5000 29.0000 -19.1786 119 98 71
33.5000 29.0000 -19.3212 123 102 75
34.5000 29.0000 -19.4990 122 101 74
35.5000 29.0000 -19.7052 117 95 71
36.5000 29.0000 -19.9349 114 92 69
37.5000 29.0000 -20.1858 108 88 64
38.5000 29.0000 -20.4586 101 83 61
39.5000 29.0000 -20.7575 100 84 61
40.5000 29.0000 -21.0896 101 86 63
41.5000 29.0000 -21.4636 97 85 63
42.5000 29.0000 -21.8889 88 77 55
43.5000 29.0000 -22.3739 79 71 50
44.5000 29.0000 -22.9263 76 71 52
45.5000 29.0000 -23.5525 70 64 48
46.5000 29.0000 -24.2575 64 58 42
47.5000 29.0000 -25.0433 63 57 41
48.5000 29.0000 -25.9075 64 59 40
49.5000 29.0000 -26.8418 62 55 37
50.5000 29.0000 -27.8315 54 47 29
51.5000 29.0000 -28.8576 46 41 22
52.5000 29.0000 -29.8996 43 40 23
53.5000 29.0000 -30.9399 40 38 23
54.5000 29.0000 -31.9673 35 35 23
55.5000 29.0000 -32.9795 30 33 22
56.5000 29.0000 -33.9826 25 31 21
57.5000 29.0000 -34.9890 20 30 22
58.5000 29.0000 -36.0138 20 29 24
59.5000 29.0000 -37.0711 19 28 25
60.5000 29.0000 -38.1721 18 24 22
61.5000 29.0000 -39.3246 20 24 23
62.5000 29.0000 -40.5341 20 24 25
63.5000 29.0000 -41.8087 20 24 25
64.5000 29.0000 -43.1655 18 22 23
65.5000 29.0000 -44.6373 16 20 21
66.5000 29.0000 -46.2715 13 17 18
67.5000 29.0000 -48.1161 11 15 18
68.5000 29.0000 -50.1913 14 15 19
69.5000 29.0000 -52.4592 12 13 17
-96.5000 28.0000 -58.1950 13 15 4
-95.5000 28.0000 -51.8901 21 21 9
-94.5000 28.0000 -45.8882 28 31 14
-93.5000 28.0000 -40.5953 36 37 19
-92.5000 28.0000 -36.2359 39 42 21
-91.5000 28.0000 -32.8519 42 44 23
-90.5000 28.0000 -30.3490 48 51 30
-89.5000 28.0000 -28.5603 51 52 34
-88.5000 28.0000 -27.3010 49 52 33
-87.5000 28.0000 -26.4022 52 53 39
-86.5000 28.0000 -25.7267 55 57 43
-85.5000 28.0000 -25.1719 55 55 43
-84.5000 28.0000 -24.6682 49 53 39
-83.5000 28.0000 -24.1750 52 63 49
-82.5000 28.0000 -23.6748 53 67 52
-81.5000 28.0000 -23.1668 59 72 55
-80.5000 28.0000 -22.6599 65 77 57
-79.5000 28.0000 -22.1655 71 81 57
-78.5000 28.0000 -21.6938 74 83 56
-77.5000 28.0000 -21.2510 77 83 55
-76.5000 28.0000 -20.8393 79 82 53
-75.5000 28.0000 -20.4574 87 88 57
-74.5000 28.0000 -20.1024 92 91 61
-73.5000 28.0000 -19.7697 99 94 65
-72.5000 28.0000 -19.4545 102 97 68
-71.5000 28.0000 -19.1517 106 95 73
-70.5000 28.0000 -18.8571 108 97 75
-69.5000 28.0000 -18.5678 114 101 82
-68.5000 28.0000 -18.2828 117 105 83
-67.5000 28.0000 -18.0032 122 115 89
-66.5000 28.0000 -17.7312 121 115 89
-65.5000 28.0000 -17.4696 122 116 90
-64.5000 28.0000 -17.2211 124 120 91
-63.5000 28.0000 -16.9878 129 124 94
-62.5000 28.0000 -16.7714 136 130 98
-61.5000 28.0000 -16.5724 144 133 103
-60.5000 28.0000 -16.3901 150 135 104
-59.5000 28.0000 -16.2230 153 134 104
-58.5000 28.0000 -16.0683 156 135 104
-57.5000 28.0000 -15.9230 158 138 105
-56.5000 28.0000 -15.7839 157 139 103
-55.5000 28.0000 -15.6489 153 139 102
-54.5000 28.0000 -15.5170 152 143 102
-53.5000 28.0000 -15.3884 153 150 107
-52.5000 28.0000 -15.2649 160 153 109
-51.5000 28.0000 -15.1488 182 165 122
-50.5000 28.0000 -15.0423 184 162 121
-49.5000 28.0000 -14.9471 182 160 119
-48.5000 28.0000 -14.8641 183 161 120
-47.5000 28.0000 -14.7932 186 165 122
-46.5000 28.0000 -14.7339 189 168 125
-45.5000 28.0000 -14.6851 190 169 126
-44.5000 28.0000 -14.6449 190 169 126
-43.5000 28.0000 -14.6110 192 171 126
-42.5000 28.0000 -14.5803 186 165 120
-41.5000 28.0000 -14.5500 184 163 116
-40.5000 28.0000 -14.5183 189 168 121
-39.5000 28.0000 -14.4845 192 171 124
-38.5000 28.0000 -14.4498 191 170 123
-37.5000 28.0000 -14.4166 193 173 123
-36.5000 28.0000 -14.3879 198 178 128
-35.5000 28.0000 -14.3664 196 173 129
-34.5000 28.0000 -14.3537 196 173 129
-33.5000 28.0000 -14.3501 193 168 127
-32.5000 28.0000 -14.3540 192 164 124
-31.5000 28.0000 -14.3632 197 168 128
-30.5000 28.0000 -14.3750 204 175 135
-29.5000 28.0000 -14.3871 203 173 135
-28.5000 28.0000 -14.3982 197 167 129
-27.5000 28.0000 -14.4088 190 160 124
-26.5000 28.0000 -14.4214 193 165 128
-25.5000 28.0000 -14.4403 194 168 131
-24.5000 28.0000 -14.4706 193 169 131
-23.5000 28.0000 -14.5177 191 169 132
-22.5000 28.0000 -14.5862 187 167 130
-21.5000 28.0000 -14.6791 182 164 126
-20.5000 28.0000 -14.7977 176 161 122
-19.5000 28.0000 -14.9412 174 160 123
-18.5000 28.0000 -15.1064 176 164 126
-17.5000 28.0000 -15.2876 167 155 117
-16.5000 28.0000 -15.4771 157 145 107
-15.5000 28.0000 -15.6656 156 143 108
-14.5000 28.0000 -15.8447 146 136 100
-13.5000 28.0000 -16.0076 137 127 92
-12.5000 28.0000 -16.1514 139 131 95
-11.5000 28.0000 -16.2767 141 133 97
-10.5000 28.0000 -16.3875 143 135 99
-9.5000 28.0000 -16.4901 141 132 99
-8.5000 28.0000 -16.5915 135 129 95
-7.5000 28.0000 -16.6990 133 127 95
-6.5000 28.0000 -16.8201 134 129 97
-5.5000 28.0000 -16.9622 134 128 96
-4.5000 28.0000 -17.1331 131 125 93
-3.5000 28.0000 -17.3414 133 121 95
-2.5000 28.0000 -17.5970 128 116 92
-1.5000 28.0000 -17.9123 123 111 87
-0.5000 28.0000 -18.3021 120 110 85
0.5000 28.0000 -18.7826 119 108 86
1.5000 28.0000 -19.3672 111 103 82
2.5000 28.0000 -20.0614 101 93 72
3.5000 28.0000 -20.8578 91 84 65
4.5000 28.0000 -21.7346 63 58 39
5.5000 28.0000 -22.6581 58 55 36
6.5000 28.0000 -23.5880 57 54 37
7.5000 28.0000 -24.4828 57 55 40
8.5000 28.0000 -25.3035 52 50 35
9.5000 28.0000 -26.0146 40 41 27
10.5000 28.0000 -26.5850 37 38 24
11.5000 28.0000 -26.9885 41 42 28
12.5000 28.0000 -27.2060 40 37 28
13.5000 28.0000 -27.2263 49 45 36
14.5000 28.0000 -27.0470 49 42 32
15.5000 28.0000 -26.6744 46 38 27
16.5000 28.0000 -26.1250 50 41 26
17.5000 28.0000 -25.4255 51 40 22
18.5000 28.0000 -24.6131 58 45 26
19.5000 28.0000 -23.7330 75 63 39
20.5000 28.0000 -22.8336 96 82 56
21.5000 28.0000 -21.9616 103 89 62
22.5000 28.0000 -21.1562 113 97 71
23.5000 28.0000 -20.4469 120 104 78
24.5000 28.0000 -19.8523 124 108 82
25.5000 28.0000 -19.3801 124 108 82
26.5000 28.0000 -19.0287 123 107 81
27.5000 28.0000 -18.7895 122 107 78
28.5000 28.0000 -18.6491 123 108 75
29.5000 28.0000 -18.5926 127 113 78
30.5000 28.0000 -18.6054 127 111 78
31.5000 28.0000 -18.6749 122 103 71
32.5000 28.0000 -18.7906 120 99 70
33.5000 28.0000 -18.9440 123 99 71
34.5000 28.0000 -19.1284 120 94 69
35.5000 28.0000 -19.3383 113 89 63
36.5000 28.0000 -19.5692 121 96 74
37.5000 28.0000 -19.8188 111 89 66
38.5000 28.0000 -20.0874 101 80 59
39.5000 28.0000 -20.3792 96 78 56
40.5000 28.0000 -20.7020 98 81 61
41.5000 28.0000 -21.0661 97 85 63
42.5000 28.0000 -21.4832 94 83 63
43.5000 28.0000 -21.9640 90 82 63
44.5000 28.0000 -22.5177 86 81 62
45.5000 28.0000 -23.1508 76 73 56
46.5000 28.0000 -23.8670 68 63 44
47.5000 28.0000 -24.6662 62 57 38
48.5000 28.0000 -25.5430 61 54 35
49.5000 28.0000 -26.4864 61 55 33
50.5000 28.0000 -27.4801 59 53 31
51.5000 28.0000 -28.5041 56 50 28
52.5000 28.0000 -29.5381 47 42 22
53.5000 28.0000 -30.5653 43 40 21
54.5000 28.0000 -31.5757 39 37 22
55.5000 28.0000 -32.5685 32 34 21
56.5000 28.0000 -33.5513 26 32 20
57.5000 28.0000 -34.5380 20 30 21
58.5000 28.0000 -35.5448 18 29 21
59.5000 28.0000 -36.5865 17 28 22
60.5000 28.0000 -37.6732 17 26 23
61.5000 28.0000 -38.8101 19 25 23
62.5000 28.0000 -39.9985 18 24 22
63.5000 28.0000 -41.2420 17 23 23
64.5000 28.0000 -42.5541 16 22 22
65.5000 28.0000 -43.9659 14 20 20
66.5000 28.0000 -45.5254 13 17 18
67.5000 28.0000 -47.2837 12 16 19
68.5000 28.0000 -49.2672 15 19 22
69.5000 28.0000 -51.4472 12 15 20
-96.5000 27.0000 -57.0166 14 17 6
-95.5000 27.0000 -50.8893 22 24 11
-94.5000 27.0000 -45.1232 29 33 16
-93.5000 27.0000 -40.0779 37 40 21
-92.5000 27.0000 -35.9341 41 46 26
-91.5000 27.0000 -32.7051 43 46 25
-90.5000 27.0000 -30.2882 49 54 32
-89.5000 27.0000 -28.5254 53 56 37
-88.5000 27.0000 -27.2513 50 55 35
-87.5000 27.0000 -26.3192 53 55 41
-86.5000 27.0000 -25.6099 55 59 44
-85.5000 27.0000 -25.0316 55 57 44
-84.5000 27.0000 -24.5182 47 53 39
-83.5000 27.0000 -24.0266 50 61 47
-82.5000 27.0000 -23.5345 53 65 51
-81.5000 27.0000 -23.0364 60 71 55
-80.5000 27.0000 -22.5381 67 79 59
-79.5000 27.0000 -22.0505 74 83 62
-78.5000 27.0000 -21.5844 77 85 61
-77.5000 27.0000 -21.1471 79 85 59
-76.5000 27.0000 -20.7411 81 84 55
-75.5000 27.0000 -20.3649 90 91 60
-74.5000 27.0000 -20.0144 94 93 63
-73.5000 27.0000 -19.6842 102 97 68
-72.5000 27.0000 -19.3690 105 100 71
-71.5000 27.0000 -19.0642 109 98 76
-70.5000 27.0000 -18.7666 112 101 79
-69.5000 27.0000 -18.4743 117 104 85
-68.5000 27.0000 -18.1873 121 109 87
-67.5000 27.0000 -17.9068 121 114 85
-66.5000 27.0000 -17.6348 122 117 85
-65.5000 27.0000 -17.3734 125 120 88
-64.5000 27.0000 -17.1246 129 125 90
-63.5000 27.0000 -16.8901 133 129 94
-62.5000 27.0000 -16.6712 138 132 96
-61.5000 27.0000 -16.4684 145 135 100
-60.5000 27.0000 -16.2810 150 136 101
-59.5000 27.0000 -16.1074 153 135 99
-58.5000 27.0000 -15.9449 156 136 99
-57.5000 27.0000 -15.7908 159 139 102
-56.5000 27.0000 -15.6428 159 141 101
-55.5000 27.0000 -15.4994 158 145 103
-54.5000 27.0000 -15.3608 158 150 104
-53.5000 27.0000 -15.2278 159 155 108
-52.5000 27.0000 -15.1024 165 159 111
-51.5000 27.0000 -14.9866 183 166 123
-50.5000 27.0000 -14.8822 187 164 123
-49.5000 27.0000 -14.7902 188 165 124
-48.5000 27.0000 -14.7110 188 165 124
-47.5000 27.0000 -14.6440 189 166 124
-46.5000 27.0000 -14.5887 192 169 127
-45.5000 27.0000 -14.5436 195 172 128
-44.5000 27.0000 -14.5070 198 175 131
-43.5000 27.0000 -14.4765 194 171 127
-42.5000 27.0000 -14.4494 191 168 124
-41.5000 27.0000 -14.4233 192 170 123
-40.5000 27.0000 -14.3962 196 174 127
-39.5000 27.0000 -14.3678 196 174 125
-38.5000 27.0000 -14.3386 192 170 121
-37.5000 27.0000 -14.3107 194 172 123
-36.5000 27.0000 -14.2864 200 178 129
-35.5000 27.0000 -14.2680 198 174 130
-34.5000 27.0000 -14.2567 198 174 130
-33.5000 27.0000 -14.2524 196 169 126
-32.5000 27.0000 -14.2540 195 168 125
-31.5000 27.0000 -14.2595 202 173 133
-30.5000 27.0000 -14.2666 210 181 141
-29.5000 27.0000 -14.2738 211 179 140
-28.5000 27.0000 -14.2808 202 173 133
-27.5000 27.0000 -14.2885 195 165 127
-26.5000 27.0000 -14.3001 201 173 134
-25.5000 27.0000 -14.3196 199 173 136
-24.5000 27.0000 -14.3520 190 166 128
-23.5000 27.0000 -14.4022 188 166 127
-22.5000 27.0000 -14.4741 191 172 132
-21.5000 27.0000 -14.5701 189 171 133
-20.5000 27.0000 -14.6908 181 163 125
-19.5000 27.0000 -14.8349 178 162 126
-18.5000 27.0000 -14.9987 178 164 127
-17.5000 27.0000 -15.1763 167 153 116
-16.5000 27.0000 -15.3595 158 144 107
-15.5000 27.0000 -15.5396 158 144 107
-14.5000 27.0000 -15.7083 150 138 100
-13.5000 27.0000 -15.8593 142 129 94
-12.5000 27.0000 -15.9899 144 134 98
-11.5000 27.0000 -16.1009 153 143 108
-10.5000 27.0000 -16.1963 148 138 103
-9.5000 27.0000 -16.2820 144 133 101
-8.5000 27.0000 -16.3644 142 133 100
-7.5000 27.0000 -16.4504 140 131 98
-6.5000 27.0000 -16.5468 136 130 96
-5.5000 27.0000 -16.6604 139 130 97
-4.5000 27.0000 -16.7990 142 133 100
-3.5000 27.0000 -16.9712 142 133 102
-2.5000 27.0000 -17.1882 136 127 96
-1.5000 27.0000 -17.4637 129 120 91
-0.5000 27.0000 -17.8152 124 117 88
0.5000 27.0000 -18.2623 124 117 89
1.5000 27.0000 -18.8228 121 115 89
2.5000 27.0000 -19.5069 115 111 86
3.5000 27.0000 -20.3119 109 107 84
4.5000 27.0000 -21.2192 73 71 50
5.5000 27.0000 -22.1955 60 59 39
6.5000 27.0000 -23.1976 51 50 32
7.5000 27.0000 -24.1775 48 49 33
8.5000 27.0000 -25.0869 48 50 36
9.5000 27.0000 -25.8791 43 45 32
10.5000 27.0000 -26.5115 40 42 29
11.5000 27.0000 -26.9475 40 42 29
12.5000 27.0000 -27.1590 41 38 29
13.5000 27.0000 -27.1299 45 41 32
14.5000 27.0000 -26.8577 46 39 29
15.5000 27.0000 -26.3558 50 42 29
16.5000 27.0000 -25.6548 54 45 28
17.5000 27.0000 -24.8014 57 46 26
18.5000 27.0000 -23.8540 70 58 36
19.5000 27.0000 -22.8758 95 80 57
20.5000 27.0000 -21.9255 116 100 75
21.5000 27.0000 -21.0506 117 101 75
22.5000 27.0000 -20.2832 120 103 77
23.5000 27.0000 -19.6403 124 107 79
24.5000 27.0000 -19.1264 127 110 82
25.5000 27.0000 -18.7370 129 112 84
26.5000 27.0000 -18.4620 127 112 83
27.5000 27.0000 -18.2874 126 111 80
28.5000 27.0000 -18.1983 126 107 75
29.5000 27.0000 -18.1799 131 112 79
30.5000 27.0000 -18.2195 132 111 80
31.5000 27.0000 -18.3066 129 106 75
32.5000 27.0000 -18.4331 128 102 75
33.5000 27.0000 -18.5928 130 104 77
34.5000 27.0000 -18.7807 129 101 77
35.5000 27.0000 -18.9923 123 95 71
36.5000 27.0000 -19.2236 123 95 74
37.5000 27.0000 -19.4722 115 88 67
38.5000 27.0000 -19.7380 107 82 62
39.5000 27.0000 -20.0250 101 80 59
40.5000 27.0000 -20.3411 101 83 63
41.5000 27.0000 -20.6980 103 86 66
42.5000 27.0000 -21.1086 101 86 67
43.5000 27.0000 -21.5858 96 85 67
44.5000 27.0000 -22.1398 91 84 66
45.5000 27.0000 -22.7777 84 78 62
46.5000 27.0000 -23.5021 76 69 51
47.5000 27.0000 -24.3106 69 62 44
48.5000 27.0000 -25.1954 65 57 38
49.5000 27.0000 -26.1431 63 55 36
50.5000 27.0000 -27.1356 61 53 32
51.5000 27.0000 -28.1526 60 52 31
52.5000 27.0000 -29.1744 51 43 24
53.5000 27.0000 -30.1855 47 41 25
54.5000 27.0000 -31.1778 41 38 23
55.5000 27.0000 -32.1515 34 34 22
56.5000 27.0000 -33.1155 29 32 21
57.5000 27.0000 -34.0845 24 29 22
58.5000 27.0000 -35.0756 22 29 22
59.5000 27.0000 -36.1037 19 29 21
60.5000 27.0000 -37.1785 20 26 22
61.5000 27.0000 -38.3025 19 25 21
62.5000 27.0000 -39.4735 18 23 19
63.5000 27.0000 -40.6902 16 20 19
64.5000 27.0000 -41.9620 15 19 18
65.5000 27.0000 -43.3159 14 18 17
66.5000 27.0000 -44.7981 13 17 16
67.5000 27.0000 -46.4602 13 17 18
68.5000 27.0000 -48.3339 19 20 22
69.5000 27.0000 -50.4019 17 18 22
70.5000 27.0000 -52.5818 13 14 18
-96.5000 26.0000 -56.0935 16 19 8
-95.5000 26.0000 -50.1513 23 27 13
-94.5000 26.0000 -44.6062 29 33 18
-93.5000 26.0000 -39.7753 34 38 21
-92.5000 26.0000 -35.8044 37 42 22
-91.5000 26.0000 -32.6873 40 45 25
-90.5000 26.0000 -30.3189 47 52 32
-89.5000 26.0000 -28.5533 52 57 37
-88.5000 26.0000 -27.2444 52 56 39
-87.5000 26.0000 -26.2661 54 58 43
-86.5000 26.0000 -25.5154 58 62 47
-85.5000 26.0000 -24.9103 57 61 47
-84.5000 26.0000 -24.3870 50 56 42
-83.5000 26.0000 -23.8993 50 61 47
-82.5000 26.0000 -23.4192 53 66 49
-81.5000 26.0000 -22.9350 59 70 53
-80.5000 26.0000 -22.4485 67 76 57
-79.5000 26.0000 -21.9689 74 82 61
-78.5000 26.0000 -21.5075 80 85 62
-77.5000 26.0000 -21.0730 83 87 62
-76.5000 26.0000 -20.6692 85 88 61
-75.5000 26.0000 -20.2949 89 89 61
-74.5000 26.0000 -19.9456 94 93 63
-73.5000 26.0000 -19.6154 102 97 68
-72.5000 26.0000 -19.2984 105 99 73
-71.5000 26.0000 -18.9904 110 100 75
-70.5000 26.0000 -18.6886 113 102 80
-69.5000 26.0000 -18.3924 118 105 86
-68.5000 26.0000 -18.1024 122 110 86
-67.5000 26.0000 -17.8201 122 113 82
-66.5000 26.0000 -17.5472 122 116 82
-65.5000 26.0000 -17.2852 126 120 84
-64.5000 26.0000 -17.0355 130 126 89
-63.5000 26.0000 -16.7992 134 130 92
-62.5000 26.0000 -16.5772 139 134 96
-61.5000 26.0000 -16.3697 144 135 96
-60.5000 26.0000 -16.1762 148 134 95
-59.5000 26.0000 -15.9950 154 136 96
-58.5000 26.0000 -15.8238 157 138 98
-57.5000 26.0000 -15.6606 160 141 99
-56.5000 26.0000 -15.5039 163 146 102
-55.5000 26.0000 -15.3533 164 151 106
-54.5000 26.0000 -15.2098 165 157 110
-53.5000 26.0000 -15.0749 166 163 112
-52.5000 26.0000 -14.9503 171 163 114
-51.5000 26.0000 -14.8374 182 163 120
-50.5000 26.0000 -14.7372 188 165 124
-49.5000 26.0000 -14.6501 191 168 127
-48.5000 26.0000 -14.5758 191 168 127
-47.5000 26.0000 -14.5135 190 167 125
-46.5000 26.0000 -14.4622 192 169 127
-45.5000 26.0000 -14.4207 198 175 131
-44.5000 26.0000 -14.3870 202 179 135
-43.5000 26.0000 -14.3592 196 173 129
-42.5000 26.0000 -14.3348 195 173 126
-41.5000 26.0000 -14.3119 198 176 129
-40.5000 26.0000 -14.2889 202 180 133
-39.5000 26.0000 -14.2650 199 177 128
-38.5000 26.0000 -14.2407 193 171 122
-37.5000 26.0000 -14.2174 194 172 123
-36.5000 26.0000 -14.1968 201 179 130
-35.5000 26.0000 -14.1808 201 177 131
-34.5000 26.0000 -14.1701 202 178 134
-33.5000 26.0000 -14.1648 203 176 133
-32.5000 26.0000 -14.1637 201 174 131
-31.5000 26.0000 -14.1651 206 177 135
-30.5000 26.0000 -14.1672 210 181 141
-29.5000 26.0000 -14.1693 206 174 135
-28.5000 26.0000 -14.1715 196 164 125
-27.5000 26.0000 -14.1760 206 174 136
-26.5000 26.0000 -14.1860 206 176 138
-25.5000 26.0000 -14.2061 203 175 138
-24.5000 26.0000 -14.2408 194 168 131
-23.5000 26.0000 -14.2943 192 168 130
-22.5000 26.0000 -14.3697 194 172 133
-21.5000 26.0000 -14.4685 193 174 134
-20.5000 26.0000 -14.5905 188 170 132
-19.5000 26.0000 -14.7336 183 165 127
-18.5000 26.0000 -14.8939 181 165 129
-17.5000 26.0000 -15.0653 168 152 116
-16.5000 26.0000 -15.2401 159 143 107
-15.5000 26.0000 -15.4102 161 145 109
-14.5000 26.0000 -15.5677 155 141 104
-13.5000 26.0000 -15.7074 148 134 99
-12.5000 26.0000 -15.8265 151 138 103
-11.5000 26.0000 -15.9258 159 146 112
-10.5000 26.0000 -16.0088 151 138 104
-9.5000 26.0000 -16.0806 148 135 101
-8.5000 26.0000 -16.1472 150 139 107
-7.5000 26.0000 -16.2146 147 136 104
-6.5000 26.0000 -16.2890 140 129 97
-5.5000 26.0000 -16.3768 140 129 97
-4.5000 26.0000 -16.4853 145 136 103
-3.5000 26.0000 -16.6230 147 139 103
-2.5000 26.0000 -16.8009 140 134 98
-1.5000 26.0000 -17.0335 134 128 94
-0.5000 26.0000 -17.3393 131 126 94
0.5000 26.0000 -17.7398 131 126 96
1.5000 26.0000 -18.2560 130 126 97
2.5000 26.0000 -18.9032 126 125 97
3.5000 26.0000 -19.6843 123 121 96
4.5000 26.0000 -20.5865 92 91 70
5.5000 26.0000 -21.5810 68 70 49
6.5000 26.0000 -22.6251 48 49 31
7.5000 26.0000 -23.6672 44 46 32
8.5000 26.0000 -24.6509 48 52 38
9.5000 26.0000 -25.5181 47 51 37
10.5000 26.0000 -26.2132 43 46 35
11.5000 26.0000 -26.6871 42 44 33
12.5000 26.0000 -26.9019 42 39 30
13.5000 26.0000 -26.8356 41 37 26
14.5000 26.0000 -26.4864 45 39 27
15.5000 26.0000 -25.8765 53 45 32
16.5000 26.0000 -25.0521 61 49 33
17.5000 26.0000 -24.0800 67 54 35
18.5000 26.0000 -23.0382 89 74 51
19.5000 26.0000 -22.0040 114 98 73
20.5000 26.0000 -21.0419 121 105 79
21.5000 26.0000 -20.1958 120 103 75
22.5000 26.0000 -19.4880 119 102 74
23.5000 26.0000 -18.9224 123 106 76
24.5000 26.0000 -18.4911 129 112 84
25.5000 26.0000 -18.1797 134 117 89
26.5000 26.0000 -17.9719 135 120 91
27.5000 26.0000 -17.8514 135 118 88
28.5000 26.0000 -17.8030 131 110 79
29.5000 26.0000 -17.8135 137 114 82
30.5000 26.0000 -17.8721 139 114 84
31.5000 26.0000 -17.9708 134 109 79
32.5000 26.0000 -18.1038 134 107 80
33.5000 26.0000 -18.2666 139 109 83
34.5000 26.0000 -18.4555 137 107 83
35.5000 26.0000 -18.6672 132 102 78
36.5000 26.0000 -18.8981 124 93 72
37.5000 26.0000 -19.1459 119 91 70
38.5000 26.0000 -19.4102 116 89 70
39.5000 26.0000 -19.6948 115 90 70
40.5000 26.0000 -20.0076 112 91 72
41.5000 26.0000 -20.3605 108 90 70
42.5000 26.0000 -20.7676 101 84 66
43.5000 26.0000 -21.2425 96 81 62
44.5000 26.0000 -21.7965 89 77 61
45.5000 26.0000 -22.4369 86 77 60
46.5000 26.0000 -23.1654 86 74 58
47.5000 26.0000 -23.9781 82 70 54
48.5000 26.0000 -24.8649 74 63 45
49.5000 26.0000 -25.8105 66 55 37
50.5000 26.0000 -26.7957 61 48 29
51.5000 26.0000 -27.8002 56 45 27
52.5000 26.0000 -28.8055 52 40 24
53.5000 26.0000 -29.7981 48 39 24
54.5000 26.0000 -30.7717 43 37 23
55.5000 26.0000 -31.7279 38 34 23
56.5000 26.0000 -32.6760 33 33 23
57.5000 26.0000 -33.6308 29 32 23
58.5000 26.0000 -34.6091 26 31 24
59.5000 26.0000 -35.6258 26 31 25
60.5000 26.0000 -36.6895 23 28 22
61.5000 26.0000 -37.8012 21 26 20
62.5000 26.0000 -38.9559 18 23 19
63.5000 26.0000 -40.1488 15 20 16
64.5000 26.0000 -41.3843 14 19 15
65.5000 26.0000 -42.6849 13 18 14
66.5000 26.0000 -44.0920 14 19 15
67.5000 26.0000 -45.6559 15 19 18
68.5000 26.0000 -47.4122 18 20 19
69.5000 26.0000 -49.3564 16 17 19
70.5000 26.0000 -51.4272 14 15 17
-96.5000 25.0000 -55.3493 15 21 9
-95.5000 25.0000 -49.6068 21 27 13
-94.5000 25.0000 -44.2758 25 32 16
-93.5000 25.0000 -39.6359 27 34 18
-92.5000 25.0000 -35.8066 28 35 17
-91.5000 25.0000 -32.7700 33 40 22
-90.5000 25.0000 -30.4245 41 48 30
-89.5000 25.0000 -28.6376 48 55 37
-88.5000 25.0000 -27.2817 50 57 39
-87.5000 25.0000 -26.2491 54 61 45
-86.5000 25.0000 -25.4515 60 67 51
-85.5000 25.0000 -24.8155 59 65 51
-84.5000 25.0000 -24.2797 54 60 46
-83.5000 25.0000 -23.7952 53 64 48
-82.5000 25.0000 -23.3277 54 65 49
-81.5000 25.0000 -22.8593 59 68 51
-80.5000 25.0000 -22.3864 63 72 53
-79.5000 25.0000 -21.9158 70 78 57
-78.5000 25.0000 -21.4585 79 84 61
-77.5000 25.0000 -21.0245 86 90 65
-76.5000 25.0000 -20.6195 90 93 66
-75.5000 25.0000 -20.2435 87 87 59
-74.5000 25.0000 -19.8923 92 91 63
-73.5000 25.0000 -19.5595 99 93 67
-72.5000 25.0000 -19.2391 103 97 71
-71.5000 25.0000 -18.9268 108 98 73
-70.5000 25.0000 -18.6203 111 101 76
-69.5000 25.0000 -18.3197 117 105 83
-68.5000 25.0000 -18.0261 121 109 85
-67.5000 25.0000 -17.7414 121 112 81
-66.5000 25.0000 -17.4670 122 116 80
-65.5000 25.0000 -17.2038 125 119 83
-64.5000 25.0000 -16.9526 130 124 88
-63.5000 25.0000 -16.7138 134 129 91
-62.5000 25.0000 -16.4879 140 132 95
-61.5000 25.0000 -16.2750 143 134 95
-60.5000 25.0000 -16.0746 148 134 95
-59.5000 25.0000 -15.8853 155 140 99
-58.5000 25.0000 -15.7054 159 141 101
-57.5000 25.0000 -15.5335 163 144 102
-56.5000 25.0000 -15.3692 167 150 106
-55.5000 25.0000 -15.2132 171 157 112
-54.5000 25.0000 -15.0669 174 164 115
-53.5000 25.0000 -14.9322 173 167 117
-52.5000 25.0000 -14.8105 175 167 118
-51.5000 25.0000 -14.7023 181 162 119
-50.5000 25.0000 -14.6080 189 164 123
-49.5000 25.0000 -14.5269 193 168 127
-48.5000 25.0000 -14.4582 194 169 128
-47.5000 25.0000 -14.4010 193 168 127
-46.5000 25.0000 -14.3540 194 169 128
-45.5000 25.0000 -14.3157 198 174 130
-44.5000 25.0000 -14.2843 202 178 134
-43.5000 25.0000 -14.2582 200 176 130
-42.5000 25.0000 -14.2354 199 175 129
-41.5000 25.0000 -14.2143 202 178 132
-40.5000 25.0000 -14.1938 205 181 133
-39.5000 25.0000 -14.1731 202 178 130
-38.5000 25.0000 -14.1525 195 171 123
-37.5000 25.0000 -14.1326 196 172 124
-36.5000 25.0000 -14.1148 203 179 131
-35.5000 25.0000 -14.1003 207 180 135
-34.5000 25.0000 -14.0899 208 181 136
-33.5000 25.0000 -14.0834 207 178 134
-32.5000 25.0000 -14.0797 201 172 128
-31.5000 25.0000 -14.0773 204 173 129
-30.5000 25.0000 -14.0748 208 176 135
-29.5000 25.0000 -14.0718 207 174 133
-28.5000 25.0000 -14.0694 200 168 127
-27.5000 25.0000 -14.0704 215 183 144
-26.5000 25.0000 -14.0788 207 178 138
-25.5000 25.0000 -14.0994 204 176 137
-24.5000 25.0000 -14.1365 203 178 138
-23.5000 25.0000 -14.1936 200 177 136
-22.5000 25.0000 -14.2727 194 172 131
-21.5000 25.0000 -14.3741 193 174 132
-20.5000 25.0000 -14.4968 197 178 138
-19.5000 25.0000 -14.6379 187 168 128
-18.5000 25.0000 -14.7930 186 166 129
-17.5000 25.0000 -14.9564 173 153 116
-16.5000 25.0000 -15.1211 164 146 108
-15.5000 25.0000 -15.2798 168 150 112
-14.5000 25.0000 -15.4259 164 146 108
-13.5000 25.0000 -15.5546 157 139 103
-12.5000 25.0000 -15.6634 158 142 106
-11.5000 25.0000 -15.7526 159 143 109
-10.5000 25.0000 -15.8250 152 138 103
-9.5000 25.0000 -15.8848 152 138 103
-8.5000 25.0000 -15.9373 158 143 110
-7.5000 25.0000 -15.9881 156 141 108
-6.5000 25.0000 -16.0431 146 133 99
-5.5000 25.0000 -16.1081 144 131 97
-4.5000 25.0000 -16.1901 146 136 101
-3.5000 25.0000 -16.2970 148 140 103
-2.5000 25.0000 -16.4393 143 138 98
-1.5000 25.0000 -16.6306 141 136 98
-0.5000 25.0000 -16.8891 139 135 98
0.5000 25.0000 -17.2364 139 135 100
1.5000 25.0000 -17.6956 137 134 101
2.5000 25.0000 -18.2854 132 131 101
3.5000 25.0000 -19.0151 129 128 100
4.5000 25.0000 -19.8795 113 113 89
5.5000 25.0000 -20.8567 92 94 73
6.5000 25.0000 -21.9087 71 72 54
7.5000 25.0000 -22.9836 57 59 45
8.5000 25.0000 -24.0192 47 51 37
9.5000 25.0000 -24.9475 41 44 33
10.5000 25.0000 -25.6998 39 45 35
11.5000 25.0000 -26.2136 45 48 37
12.5000 25.0000 -26.4401 44 42 30
13.5000 25.0000 -26.3511 41 37 25
14.5000 25.0000 -25.9463 46 40 26
15.5000 25.0000 -25.2567 56 49 33
16.5000 25.0000 -24.3442 66 55 37
17.5000 25.0000 -23.2938 80 68 46
18.5000 25.0000 -22.1999 107 91 66
19.5000 25.0000 -21.1494 128 111 85
20.5000 25.0000 -20.2080 124 107 79
21.5000 25.0000 -19.4134 124 105 75
22.5000 25.0000 -18.7771 122 103 73
23.5000 25.0000 -18.2912 126 107 75
24.5000 25.0000 -17.9377 130 113 83
25.5000 25.0000 -17.6956 136 119 89
26.5000 25.0000 -17.5450 138 121 91
27.5000 25.0000 -17.4687 140 121 89
28.5000 25.0000 -17.4525 145 122 90
29.5000 25.0000 -17.4849 149 125 91
30.5000 25.0000 -17.5575 148 121 91
31.5000 25.0000 -17.6642 143 114 84
32.5000 25.0000 -17.8010 139 109 81
33.5000 25.0000 -17.9648 140 109 81
34.5000 25.0000 -18.1533 136 104 79
35.5000 25.0000 -18.3638 129 99 75
36.5000 25.0000 -18.5934 131 100 79
37.5000 25.0000 -18.8401 127 99 77
38.5000 25.0000 -19.1038 123 96 75
39.5000 25.0000 -19.3879 120 95 73
40.5000 25.0000 -19.7002 116 94 73
41.5000 25.0000 -20.0525 110 89 68
42.5000 25.0000 -20.4588 105 84 65
43.5000 25.0000 -20.9331 98 81 63
44.5000 25.0000 -21.4871 89 76 60
45.5000 25.0000 -22.1278 88 76 60
46.5000 25.0000 -22.8564 88 75 59
47.5000 25.0000 -23.6677 83 70 53
48.5000 25.0000 -24.5502 75 62 45
49.5000 25.0000 -25.4872 66 53 36
50.5000 25.0000 -26.4591 61 45 29
51.5000 25.0000 -27.4461 55 42 25
52.5000 25.0000 -28.4317 51 39 23
53.5000 25.0000 -29.4047 47 38 23
54.5000 25.0000 -30.3608 44 36 23
55.5000 25.0000 -31.3027 41 34 24
56.5000 25.0000 -32.2396 37 34 25
57.5000 25.0000 -33.1852 34 34 26
58.5000 25.0000 -34.1548 33 34 28
59.5000 25.0000 -35.1619 33 36 29
60.5000 25.0000 -36.2144 26 29 22
61.5000 25.0000 -37.3124 24 27 20
62.5000 25.0000 -38.4499 21 23 18
63.5000 25.0000 -39.6199 18 20 15
64.5000 25.0000 -40.8232 17 19 14
65.5000 25.0000 -42.0767 17 19 14
66.5000 25.0000 -43.4162 17 19 14
67.5000 25.0000 -44.8881 18 20 17
68.5000 25.0000 -46.5311 16 18 15
69.5000 25.0000 -48.3530 15 17 16
70.5000 25.0000 -50.3142 13 15 14
-96.5000 24.0000 -54.6816 13 19 9
-95.5000 24.0000 -49.1590 18 24 12
-94.5000 24.0000 -44.0456 22 28 14
-93.5000 24.0000 -39.5877 24 30 16
-92.5000 24.0000 -35.8848 25 32 16
-91.5000 24.0000 -32.9141 29 36 20
-90.5000 24.0000 -30.5807 38 45 27
-89.5000 24.0000 -28.7662 46 53 35
-88.5000 24.0000 -27.3602 50 57 39
-87.5000 24.0000 -26.2710 55 62 46
-86.5000 24.0000 -25.4235 62 69 53
-85.5000 24.0000 -24.7525 61 67 53
-84.5000 24.0000 -24.1997 56 62 48
-83.5000 24.0000 -23.7143 57 65 50
-82.5000 24.0000 -23.2571 57 66 49
-81.5000 24.0000 -22.8036 58 67 50
-80.5000 24.0000 -22.3446 62 69 51
-79.5000 24.0000 -21.8832 70 75 55
-78.5000 24.0000 -21.4295 78 81 60
-77.5000 24.0000 -20.9946 86 88 66
-76.5000 24.0000 -20.5858 93 93 69
-75.5000 24.0000 -20.2050 86 84 59
-74.5000 24.0000 -19.8490 92 88 61
-73.5000 24.0000 -19.5116 98 92 66
-72.5000 24.0000 -19.1866 101 95 69
-71.5000 24.0000 -18.8695 107 97 72
-70.5000 24.0000 -18.5584 111 101 76
-69.5000 24.0000 -18.2536 117 105 81
-68.5000 24.0000 -17.9567 121 109 83
-67.5000 24.0000 -17.6695 125 114 84
-66.5000 24.0000 -17.3934 126 117 84
-65.5000 24.0000 -17.1286 128 119 86
-64.5000 24.0000 -16.8754 130 124 90
-63.5000 24.0000 -16.6335 135 129 93
-62.5000 24.0000 -16.4033 141 133 97
-61.5000 24.0000 -16.1847 145 135 99
-60.5000 24.0000 -15.9773 150 136 99
-59.5000 24.0000 -15.7802 159 144 105
-58.5000 24.0000 -15.5923 162 144 106
-57.5000 24.0000 -15.4130 166 147 107
-56.5000 24.0000 -15.2428 171 154 111
-55.5000 24.0000 -15.0831 176 161 118
-54.5000 24.0000 -14.9359 179 168 122
-53.5000 24.0000 -14.8030 178 172 124
-52.5000 24.0000 -14.6853 180 169 123
-51.5000 24.0000 -14.5829 185 164 121
-50.5000 24.0000 -14.4948 190 165 124
-49.5000 24.0000 -14.4200 195 170 129
-48.5000 24.0000 -14.3573 198 173 132
-47.5000 24.0000 -14.3051 198 173 132
-46.5000 24.0000 -14.2620 198 174 130
-45.5000 24.0000 -14.2263 198 174 130
-44.5000 24.0000 -14.1964 199 175 129
-43.5000 24.0000 -14.1708 204 180 134
-42.5000 24.0000 -14.1480 201 177 131
-41.5000 24.0000 -14.1271 201 177 129
-40.5000 24.0000 -14.1073 204 180 132
-39.5000 24.0000 -14.0881 203 179 131
-38.5000 24.0000 -14.0694 198 174 126
-37.5000 24.0000 -14.0517 199 175 127
-36.5000 24.0000 -14.0356 206 179 132
-35.5000 24.0000 -14.0223 207 180 133
-34.5000 24.0000 -14.0121 210 181 137
-33.5000 24.0000 -14.0048 206 177 133
-32.5000 24.0000 -13.9992 200 169 125
-31.5000 24.0000 -13.9940 198 167 123
-30.5000 24.0000 -13.9877 207 174 131
-29.5000 24.0000 -13.9806 214 181 140
-28.5000 24.0000 -13.9742 216 183 142
-27.5000 24.0000 -13.9721 220 186 148
-26.5000 24.0000 -13.9792 212 180 141
-25.5000 24.0000 -14.0005 209 180 140
-24.5000 24.0000 -14.0403 213 185 146
-23.5000 24.0000 -14.1013 209 184 144
-22.5000 24.0000 -14.1843 199 176 135
-21.5000 24.0000 -14.2885 195 173 132
-20.5000 24.0000 -14.4115 201 179 138
-19.5000 24.0000 -14.5497 192 170 131
-18.5000 24.0000 -14.6986 190 168 129
-17.5000 24.0000 -14.8527 178 156 117
-16.5000 24.0000 -15.0060 172 150 113
-15.5000 24.0000 -15.1527 178 156 119
-14.5000 24.0000 -15.2871 172 152 115
-13.5000 24.0000 -15.4050 163 143 108
-12.5000 24.0000 -15.5039 164 146 110
-11.5000 24.0000 -15.5835 159 141 105
-10.5000 24.0000 -15.6457 158 139 106
-9.5000 24.0000 -15.6940 159 140 107
-8.5000 24.0000 -15.7331 161 145 111
-7.5000 24.0000 -15.7686 160 144 111
-6.5000 24.0000 -15.8060 155 139 106
-5.5000 24.0000 -15.8514 152 136 103
-4.5000 24.0000 -15.9112 151 137 102
-3.5000 24.0000 -15.9928 151 142 103
-2.5000 24.0000 -16.1052 150 143 101
-1.5000 24.0000 -16.2607 148 143 103
-0.5000 24.0000 -16.4756 147 142 102
0.5000 24.0000 -16.7705 145 141 104
1.5000 24.0000 -17.1683 142 138 103
2.5000 24.0000 -17.6904 137 134 103
3.5000 24.0000 -18.3511 132 131 101
4.5000 24.0000 -19.1530 126 126 100
5.5000 24.0000 -20.0827 119 118 97
6.5000 24.0000 -21.1094 105 106 88
7.5000 24.0000 -22.1842 83 86 69
8.5000 24.0000 -23.2430 55 57 43
9.5000 24.0000 -24.2100 36 38 25
10.5000 24.0000 -25.0054 37 40 29
11.5000 24.0000 -25.5539 50 52 41
12.5000 24.0000 -25.7961 47 45 32
13.5000 24.0000 -25.6980 45 39 25
14.5000 24.0000 -25.2603 50 43 27
15.5000 24.0000 -24.5225 59 50 33
16.5000 24.0000 -23.5603 72 59 40
17.5000 24.0000 -22.4736 97 82 59
18.5000 24.0000 -21.3681 123 105 81
19.5000 24.0000 -20.3358 134 114 87
20.5000 24.0000 -19.4400 135 114 85
21.5000 24.0000 -18.7108 134 113 82
22.5000 24.0000 -18.1495 134 113 82
23.5000 24.0000 -17.7391 134 115 82
24.5000 24.0000 -17.4548 137 118 86
25.5000 24.0000 -17.2717 137 121 88
26.5000 24.0000 -17.1684 138 122 89
27.5000 24.0000 -17.1280 139 120 88
28.5000 24.0000 -17.1377 145 120 89
29.5000 24.0000 -17.1878 150 124 91
30.5000 24.0000 -17.2714 151 122 92
31.5000 24.0000 -17.3842 146 117 87
32.5000 24.0000 -17.5235 143 113 85
33.5000 24.0000 -17.6875 145 115 87
34.5000 24.0000 -17.8746 143 111 86
35.5000 24.0000 -18.0829 136 106 80
36.5000 24.0000 -18.3105 142 112 88
37.5000 24.0000 -18.5557 135 107 85
38.5000 24.0000 -18.8188 126 99 78
39.5000 24.0000 -19.1034 118 93 71
40.5000 24.0000 -19.4170 112 90 69
41.5000 24.0000 -19.7710 110 88 67
42.5000 24.0000 -20.1787 109 88 69
43.5000 24.0000 -20.6539 107 89 69
44.5000 24.0000 -21.2076 97 81 65
45.5000 24.0000 -21.8466 91 78 62
46.5000 24.0000 -22.5715 85 69 53
47.5000 24.0000 -23.3764 78 62 46
48.5000 24.0000 -24.2488 72 56 40
49.5000 24.0000 -25.1717 66 53 36
50.5000 24.0000 -26.1255 62 49 32
51.5000 24.0000 -27.0919 59 46 30
52.5000 24.0000 -28.0565 52 40 26
53.5000 24.0000 -29.0108 49 39 27
54.5000 24.0000 -29.9525 46 38 27
55.5000 24.0000 -30.8853 43 36 26
56.5000 24.0000 -31.8173 38 35 26
57.5000 24.0000 -32.7599 36 36 28
58.5000 24.0000 -33.7256 35 36 30
59.5000 24.0000 -34.7256 35 36 30
60.5000 24.0000 -35.7665 28 29 23
61.5000 24.0000 -36.8490 25 28 19
62.5000 24.0000 -37.9675 25 26 20
63.5000 24.0000 -39.1150 21 24 17
64.5000 24.0000 -40.2898 20 23 16
65.5000 24.0000 -41.5041 19 22 15
66.5000 24.0000 -42.7869 18 21 14
67.5000 24.0000 -44.1799 18 20 15
68.5000 24.0000 -45.7229 15 17 12
69.5000 24.0000 -47.4346 15 17 14
70.5000 24.0000 -49.2961 13 15 12
71.5000 24.0000 -51.2462 12 14 11
-95.5000 23.0000 -48.7059 16 19 10
-94.5000 23.0000 -43.8216 22 25 14
-93.5000 23.0000 -39.5504 27 30 19
-92.5000 23.0000 -35.9758 30 34 20
-91.5000 23.0000 -33.0734 31 35 21
-90.5000 23.0000 -30.7567 40 44 29
-89.5000 23.0000 -28.9211 48 52 37
-88.5000 23.0000 -27.4712 52 56 41
-87.5000 23.0000 -26.3295 57 61 46
-86.5000 23.0000 -25.4324 63 67 52
-85.5000 23.0000 -24.7233 62 66 51
-84.5000 23.0000 -24.1479 54 61 45
-83.5000 23.0000 -23.6556 56 63 47
-82.5000 23.0000 -23.2036 57 64 48
-81.5000 23.0000 -22.7618 59 66 50
-80.5000 23.0000 -22.3152 65 69 52
-79.5000 23.0000 -21.8626 70 75 55
-78.5000 23.0000 -21.4122 77 80 59
-77.5000 23.0000 -20.9753 84 86 64
-76.5000 23.0000 -20.5610 89 89 65
-75.5000 23.0000 -20.1732 86 84 59
-74.5000 23.0000 -19.8102 92 88 63
-73.5000 23.0000 -19.4666 98 92 66
-72.5000 23.0000 -19.1363 102 96 70
-71.5000 23.0000 -18.8147 108 98 73
-70.5000 23.0000 -18.4996 112 102 77
-69.5000 23.0000 -18.1915 117 107 82
-68.5000 23.0000 -17.8921 122 110 84
-67.5000 23.0000 -17.6032 131 119 93
-66.5000 23.0000 -17.3256 131 119 93
-65.5000 23.0000 -17.0595 131 122 93
-64.5000 23.0000 -16.8042 134 125 96
-63.5000 23.0000 -16.5593 137 131 99
-62.5000 23.0000 -16.3248 144 135 104
-61.5000 23.0000 -16.1007 150 139 107
-60.5000 23.0000 -15.8870 155 142 108
-59.5000 23.0000 -15.6833 163 147 113
-58.5000 23.0000 -15.4889 165 146 113
-57.5000 23.0000 -15.3040 169 149 114
-56.5000 23.0000 -15.1297 175 157 119
-55.5000 23.0000 -14.9681 180 165 126
-54.5000 23.0000 -14.8213 184 170 131
-53.5000 23.0000 -14.6909 181 172 129
-52.5000 23.0000 -14.5775 183 170 126
-51.5000 23.0000 -14.4804 189 167 126
-50.5000 23.0000 -14.3981 196 168 128
-49.5000 23.0000 -14.3290 200 173 130
-48.5000 23.0000 -14.2714 205 178 135
-47.5000 23.0000 -14.2236 208 181 138
-46.5000 23.0000 -14.1836 206 179 136
-45.5000 23.0000 -14.1496 202 175 132
-44.5000 23.0000 -14.1199 198 171 126
-43.5000 23.0000 -14.0932 209 182 137
-42.5000 23.0000 -14.0689 202 175 128
-41.5000 23.0000 -14.0463 200 173 126
-40.5000 23.0000 -14.0254 203 176 129
-39.5000 23.0000 -14.0057 205 179 130
-38.5000 23.0000 -13.9874 202 176 127
-37.5000 23.0000 -13.9705 203 177 128
-36.5000 23.0000 -13.9555 208 182 133
-35.5000 23.0000 -13.9431 201 173 125
-34.5000 23.0000 -13.9335 213 182 136
-33.5000 23.0000 -13.9262 216 185 139
-32.5000 23.0000 -13.9201 209 178 132
-31.5000 23.0000 -13.9134 205 172 127
-30.5000 23.0000 -13.9050 211 177 132
-29.5000 23.0000 -13.8952 219 184 142
-28.5000 23.0000 -13.8862 222 189 146
-27.5000 23.0000 -13.8822 217 184 143
-26.5000 23.0000 -13.8889 216 184 143
-25.5000 23.0000 -13.9115 218 186 145
-24.5000 23.0000 -13.9544 218 189 149
-23.5000 23.0000 -14.0195 213 188 147
-22.5000 23.0000 -14.1066 206 183 141
-21.5000 23.0000 -14.2135 200 177 135
-20.5000 23.0000 -14.3365 198 175 133
-19.5000 23.0000 -14.4713 194 171 130
-18.5000 23.0000 -14.6133 193 170 129
-17.5000 23.0000 -14.7575 182 159 118
-16.5000 23.0000 -14.8992 178 154 116
-15.5000 23.0000 -15.0334 185 161 123
-14.5000 23.0000 -15.1558 180 158 119
-13.5000 23.0000 -15.2627 170 148 111
-12.5000 23.0000 -15.3513 169 147 110
-11.5000 23.0000 -15.4207 164 142 105
-10.5000 23.0000 -15.4721 165 145 110
-9.5000 23.0000 -15.5082 166 146 111
-8.5000 23.0000 -15.5338 162 144 108
-7.5000 23.0000 -15.5543 162 143 110
-6.5000 23.0000 -15.5759 164 145 112
-5.5000 23.0000 -15.6047 164 145 112
-4.5000 23.0000 -15.6469 159 143 107
-3.5000 23.0000 -15.7089 160 148 108
-2.5000 23.0000 -15.7984 158 149 106
-1.5000 23.0000 -15.9257 157 148 107
-0.5000 23.0000 -16.1047 154 145 106
0.5000 23.0000 -16.3537 150 142 106
1.5000 23.0000 -16.6944 146 137 104
2.5000 23.0000 -17.1488 142 136 104
3.5000 23.0000 -17.7347 139 134 104
4.5000 23.0000 -18.4609 134 130 103
5.5000 23.0000 -19.3224 131 127 102
6.5000 23.0000 -20.2960 123 121 100
7.5000 23.0000 -21.3389 107 106 86
8.5000 23.0000 -22.3879 80 79 61
9.5000 23.0000 -23.3637 53 54 38
10.5000 23.0000 -24.1786 47 48 34
11.5000 23.0000 -24.7475 52 53 39
12.5000 23.0000 -25.0021 51 48 33
13.5000 23.0000 -24.9036 49 43 27
14.5000 23.0000 -24.4537 53 46 28
15.5000 23.0000 -23.6989 61 50 32
16.5000 23.0000 -22.7252 78 63 42
17.5000 23.0000 -21.6425 111 95 70
18.5000 23.0000 -20.5626 137 117 92
19.5000 23.0000 -19.5774 134 113 84
20.5000 23.0000 -18.7454 143 120 89
21.5000 23.0000 -18.0887 146 123 91
22.5000 23.0000 -17.6006 150 127 95
23.5000 23.0000 -17.2580 149 129 94
24.5000 23.0000 -17.0326 148 129 96
25.5000 23.0000 -16.8980 146 127 94
26.5000 23.0000 -16.8331 143 127 93
27.5000 23.0000 -16.8219 145 126 93
28.5000 23.0000 -16.8529 140 116 82
29.5000 23.0000 -16.9177 146 120 87
30.5000 23.0000 -17.0108 147 121 88
31.5000 23.0000 -17.1291 144 118 85
32.5000 23.0000 -17.2706 145 118 88
33.5000 23.0000 -17.4345 149 122 93
34.5000 23.0000 -17.6199 150 120 94
35.5000 23.0000 -17.8257 143 116 89
36.5000 23.0000 -18.0504 140 112 88
37.5000 23.0000 -18.2934 135 109 86
38.5000 23.0000 -18.5556 129 102 81
39.5000 23.0000 -18.8408 121 96 74
40.5000 23.0000 -19.1565 115 93 72
41.5000 23.0000 -19.5131 113 91 70
42.5000 23.0000 -19.9234 113 92 71
43.5000 23.0000 -20.3999 112 94 74
44.5000 23.0000 -20.9527 99 83 67
45.5000 23.0000 -21.5881 91 78 61
46.5000 23.0000 -22.3062 82 69 52
47.5000 23.0000 -23.1007 77 64 47
48.5000 23.0000 -23.9590 74 61 44
49.5000 23.0000 -24.8642 69 58 40
50.5000 23.0000 -25.7975 63 51 35
51.5000 23.0000 -26.7423 56 47 32
52.5000 23.0000 -27.6869 55 46 31
53.5000 23.0000 -28.6253 52 44 31
54.5000 23.0000 -29.5572 48 42 30
55.5000 23.0000 -30.4867 43 39 28
56.5000 23.0000 -31.4204 39 36 27
57.5000 23.0000 -32.3664 35 35 25
58.5000 23.0000 -33.3334 33 34 26
59.5000 23.0000 -34.3292 33 34 26
60.5000 23.0000 -35.3596 28 29 21
61.5000 23.0000 -36.4258 28 30 19
62.5000 23.0000 -37.5246 28 28 20
63.5000 23.0000 -38.6505 26 27 19
64.5000 23.0000 -39.8011 24 25 17
65.5000 23.0000 -40.9842 22 23 15
66.5000 23.0000 -42.2227 21 22 14
67.5000 23.0000 -43.5528 19 20 14
68.5000 23.0000 -45.0145 17 20 13
69.5000 23.0000 -46.6350 17 19 14
70.5000 23.0000 -48.4132 16 18 13
71.5000 23.0000 -50.3099 15 17 12
72.5000 23.0000 -52.2505 13 15 12
-95.5000 22.0000 -48.1660 14 15 7
-94.5000 22.0000 -43.5243 23 24 16
-93.5000 22.0000 -39.4537 31 32 24
-92.5000 22.0000 -36.0223 36 38 27
-91.5000 22.0000 -33.2044 33 35 24
-90.5000 22.0000 -30.9216 42 44 31
-89.5000 22.0000 -29.0815 50 52 39
-88.5000 22.0000 -27.6019 53 55 41
-87.5000 22.0000 -26.4172 57 59 45
-86.5000 22.0000 -25.4747 62 64 50
-85.5000 22.0000 -24.7262 60 62 48
-84.5000 22.0000 -24.1233 53 57 42
-83.5000 22.0000 -23.6174 56 60 45
-82.5000 22.0000 -23.1641 58 62 47
-81.5000 22.0000 -22.7292 62 66 49
-80.5000 22.0000 -22.2923 67 70 53
-79.5000 22.0000 -21.8474 72 75 56
-78.5000 22.0000 -21.3997 78 79 61
-77.5000 22.0000 -20.9603 83 82 62
-76.5000 22.0000 -20.5394 86 84 63
-75.5000 22.0000 -20.1430 89 84 62
-74.5000 22.0000 -19.7714 94 90 65
-73.5000 22.0000 -19.4205 100 94 70
-72.5000 22.0000 -19.0845 104 98 72
-71.5000 22.0000 -18.7588 108 101 75
-70.5000 22.0000 -18.4409 114 104 77
-69.5000 22.0000 -18.1310 119 109 82
-68.5000 22.0000 -17.8305 124 112 86
-67.5000 22.0000 -17.5411 138 123 100
-66.5000 22.0000 -17.2631 137 123 97
-65.5000 22.0000 -16.9962 136 124 98
-64.5000 22.0000 -16.7393 137 128 99
-63.5000 22.0000 -16.4920 139 132 103
-62.5000 22.0000 -16.2539 145 139 107
-61.5000 22.0000 -16.0255 154 143 113
-60.5000 22.0000 -15.8070 160 147 115
-59.5000 22.0000 -15.5983 165 149 116
-58.5000 22.0000 -15.3995 167 148 115
-57.5000 22.0000 -15.2111 171 151 118
-56.5000 22.0000 -15.0347 178 158 123
-55.5000 22.0000 -14.8725 185 167 131
-54.5000 22.0000 -14.7268 187 172 133
-53.5000 22.0000 -14.5989 184 172 132
-52.5000 22.0000 -14.4890 184 169 128
-51.5000 22.0000 -14.3960 194 171 130
-50.5000 22.0000 -14.3181 199 171 131
-49.5000 22.0000 -14.2533 204 175 133
-48.5000 22.0000 -14.1994 210 183 140
-47.5000 22.0000 -14.1543 215 186 144
-46.5000 22.0000 -14.1158 211 184 139
-45.5000 22.0000 -14.0820 204 175 131
-44.5000 22.0000 -14.0509 196 169 124
-43.5000 22.0000 -14.0218 212 184 137
-42.5000 22.0000 -13.9941 202 175 128
-41.5000 22.0000 -13.9683 198 170 123
-40.5000 22.0000 -13.9444 201 175 126
-39.5000 22.0000 -13.9228 206 178 130
-38.5000 22.0000 -13.9034 204 178 129
-37.5000 22.0000 -13.8864 206 178 130
-36.5000 22.0000 -13.8720 210 182 134
-35.5000 22.0000 -13.8606 196 165 118
-34.5000 22.0000 -13.8523 214 183 136
-33.5000 22.0000 -13.8462 227 196 149
-32.5000 22.0000 -13.8409 225 192 147
-31.5000 22.0000 -13.8347 218 184 139
-30.5000 22.0000 -13.8261 215 181 136
-29.5000 22.0000 -13.8156 216 182 137
-28.5000 22.0000 -13.8059 216 181 139
-27.5000 22.0000 -13.8018 214 179 137
-26.5000 22.0000 -13.8093 222 189 148
-25.5000 22.0000 -13.8343 226 193 152
-24.5000 22.0000 -13.8808 221 189 148
-23.5000 22.0000 -13.9501 215 188 145
-22.5000 22.0000 -14.0410 213 188 147
-21.5000 22.0000 -14.1500 205 180 139
-20.5000 22.0000 -14.2726 194 169 128
-19.5000 22.0000 -14.4038 196 171 131
-18.5000 22.0000 -14.5388 195 170 130
-17.5000 22.0000 -14.6733 185 160 120
-16.5000 22.0000 -14.8032 182 157 117
-15.5000 22.0000 -14.9251 190 165 125
-14.5000 22.0000 -15.0353 184 160 122
-13.5000 22.0000 -15.1304 173 149 111
-12.5000 22.0000 -15.2077 172 148 112
-11.5000 22.0000 -15.2656 169 145 109
-10.5000 22.0000 -15.3046 173 151 114
-9.5000 22.0000 -15.3273 171 148 114
-8.5000 22.0000 -15.3386 162 142 107
-7.5000 22.0000 -15.3445 163 143 108
-6.5000 22.0000 -15.3517 171 151 116
-5.5000 22.0000 -15.3667 173 153 120
-4.5000 22.0000 -15.3955 167 149 113
-3.5000 22.0000 -15.4436 169 154 115
-2.5000 22.0000 -15.5173 166 152 113
-1.5000 22.0000 -15.6247 163 149 110
-0.5000 22.0000 -15.7772 159 145 108
0.5000 22.0000 -15.9906 155 141 106
1.5000 22.0000 -16.2845 150 137 103
2.5000 22.0000 -16.6800 147 136 104
3.5000 22.0000 -17.1961 146 137 106
4.5000 22.0000 -17.8454 138 128 101
5.5000 22.0000 -18.6285 129 122 96
6.5000 22.0000 -19.5299 122 116 92
7.5000 22.0000 -20.5129 118 113 91
8.5000 22.0000 -21.5187 105 100 80
9.5000 22.0000 -22.4686 82 79 60
10.5000 22.0000 -23.2719 62 59 42
11.5000 22.0000 -23.8382 54 51 34
12.5000 22.0000 -24.0938 52 49 32
13.5000 22.0000 -23.9971 52 47 28
14.5000 22.0000 -23.5511 56 49 30
15.5000 22.0000 -22.8071 61 50 30
16.5000 22.0000 -21.8572 79 64 41
17.5000 22.0000 -20.8153 120 103 77
18.5000 22.0000 -19.7935 146 122 94
19.5000 22.0000 -18.8796 135 110 80
20.5000 22.0000 -18.1247 146 121 90
21.5000 22.0000 -17.5438 152 128 94
22.5000 22.0000 -17.1247 159 135 101
23.5000 22.0000 -16.8413 162 140 103
24.5000 22.0000 -16.6646 158 138 103
25.5000 22.0000 -16.5690 155 137 101
26.5000 22.0000 -16.5347 152 136 100
27.5000 22.0000 -16.5470 155 137 101
28.5000 22.0000 -16.5955 146 123 89
29.5000 22.0000 -16.6728 151 127 93
30.5000 22.0000 -16.7745 151 127 93
31.5000 22.0000 -16.8978 145 121 87
32.5000 22.0000 -17.0417 144 119 88
33.5000 22.0000 -17.2058 145 120 89
34.5000 22.0000 -17.3895 143 118 88
35.5000 22.0000 -17.5924 136 112 84
36.5000 22.0000 -17.8139 131 107 81
37.5000 22.0000 -18.0540 131 107 81
38.5000 22.0000 -18.3147 129 107 83
39.5000 22.0000 -18.6001 126 104 81
40.5000 22.0000 -18.9176 122 101 80
41.5000 22.0000 -19.2771 117 96 75
42.5000 22.0000 -19.6899 114 93 72
43.5000 22.0000 -20.1673 109 92 72
44.5000 22.0000 -20.7183 95 80 61
45.5000 22.0000 -21.3483 88 77 59
46.5000 22.0000 -22.0573 84 73 55
47.5000 22.0000 -22.8390 84 73 55
48.5000 22.0000 -23.6812 83 72 54
49.5000 22.0000 -24.5677 74 65 48
50.5000 22.0000 -25.4809 61 54 38
51.5000 22.0000 -26.4060 51 44 28
52.5000 22.0000 -27.3335 58 52 38
53.5000 22.0000 -28.2599 53 49 37
54.5000 22.0000 -29.1866 48 46 34
55.5000 22.0000 -30.1176 43 41 29
56.5000 22.0000 -31.0579 37 37 27
57.5000 22.0000 -32.0120 32 34 23
58.5000 22.0000 -32.9845 30 31 23
59.5000 22.0000 -33.9796 29 31 20
60.5000 22.0000 -35.0017 29 29 19
61.5000 22.0000 -36.0531 29 29 19
62.5000 22.0000 -37.1337 32 29 20
63.5000 22.0000 -38.2406 30 30 20
64.5000 22.0000 -39.3715 28 28 20
65.5000 22.0000 -40.5312 24 25 17
66.5000 22.0000 -41.7369 21 22 14
67.5000 22.0000 -43.0197 19 20 12
68.5000 22.0000 -44.4193 20 21 15
69.5000 22.0000 -45.9699 19 22 15
70.5000 22.0000 -47.6843 19 21 16
71.5000 22.0000 -49.5409 18 20 15
72.5000 22.0000 -51.4802 16 18 13
73.5000 22.0000 -53.4118 14 16 11
74.5000 22.0000 -55.2325 10 15 11
107.5000 22.0000 -68.9091 15 14 10
-96.5000 21.0000 -52.2704 15 14 9
-95.5000 21.0000 -47.4944 20 19 14
-94.5000 21.0000 -43.1046 25 25 17
-93.5000 21.0000 -39.2513 29 29 21
-92.5000 21.0000 -35.9845 31 31 23
-91.5000 21.0000 -33.2751 28 28 20
-90.5000 21.0000 -31.0507 35 35 25
-89.5000 21.0000 -29.2287 44 44 34
-88.5000 21.0000 -27.7380 53 53 41
-87.5000 21.0000 -26.5238 59 59 47
-86.5000 21.0000 -25.5430 65 65 53
-85.5000 21.0000 -24.7565 71 72 58
-84.5000 21.0000 -24.1226 75 76 62
-83.5000 21.0000 -23.5971 66 69 52
-82.5000 21.0000 -23.1362 65 68 51
-81.5000 21.0000 -22.7029 65 68 51
-80.5000 21.0000 -22.2721 67 68 52
-79.5000 21.0000 -21.8332 72 73 55
-78.5000 21.0000 -21.3878 80 79 61
-77.5000 21.0000 -20.9454 86 85 65
-76.5000 21.0000 -20.5174 91 89 68
-75.5000 21.0000 -20.1115 98 93 71
-74.5000 21.0000 -19.7302 98 94 69
-73.5000 21.0000 -19.3710 99 93 69
-72.5000 21.0000 -19.0290 101 95 69
-71.5000 21.0000 -18.6996 107 100 74
-70.5000 21.0000 -18.3800 113 106 78
-69.5000 21.0000 -18.0698 120 110 83
-68.5000 21.0000 -17.7700 125 114 86
-67.5000 21.0000 -17.4814 134 118 93
-66.5000 21.0000 -17.2043 137 121 96
-65.5000 21.0000 -16.9376 137 125 99
-64.5000 21.0000 -16.6803 137 128 99
-63.5000 21.0000 -16.4314 137 130 101
-62.5000 21.0000 -16.1912 142 136 104
-61.5000 21.0000 -15.9602 153 142 112
-60.5000 21.0000 -15.7389 162 149 117
-59.5000 21.0000 -15.5276 165 150 117
-58.5000 21.0000 -15.3268 175 156 123
-57.5000 21.0000 -15.1372 184 164 131
-56.5000 21.0000 -14.9604 189 169 134
-55.5000 21.0000 -14.7988 190 170 135
-54.5000 21.0000 -14.6543 190 172 134
-53.5000 21.0000 -14.5283 189 175 136
-52.5000 21.0000 -14.4206 195 178 135
-51.5000 21.0000 -14.3300 203 178 137
-50.5000 21.0000 -14.2545 207 178 136
-49.5000 21.0000 -14.1917 209 177 136
-48.5000 21.0000 -14.1393 207 178 136
-47.5000 21.0000 -14.0950 208 177 133
-46.5000 21.0000 -14.0562 203 174 130
-45.5000 21.0000 -14.0206 202 171 127
-44.5000 21.0000 -13.9866 199 171 124
-43.5000 21.0000 -13.9534 210 179 133
-42.5000 21.0000 -13.9212 215 187 140
-41.5000 21.0000 -13.8906 219 188 141
-40.5000 21.0000 -13.8626 211 183 135
-39.5000 21.0000 -13.8377 210 179 132
-38.5000 21.0000 -13.8162 213 185 135
-37.5000 21.0000 -13.7984 216 186 136
-36.5000 21.0000 -13.7844 213 183 133
-35.5000 21.0000 -13.7743 208 178 128
-34.5000 21.0000 -13.7680 219 187 138
-33.5000 21.0000 -13.7643 222 190 141
-32.5000 21.0000 -13.7615 217 183 137
-31.5000 21.0000 -13.7575 214 180 134
-30.5000 21.0000 -13.7509 219 182 137
-29.5000 21.0000 -13.7420 219 182 137
-28.5000 21.0000 -13.7338 214 177 133
-27.5000 21.0000 -13.7316 209 172 128
-26.5000 21.0000 -13.7417 220 185 143
-25.5000 21.0000 -13.7700 232 199 156
-24.5000 21.0000 -13.8204 232 201 157
-23.5000 21.0000 -13.8936 218 189 145
-22.5000 21.0000 -13.9876 205 178 135
-21.5000 21.0000 -14.0980 199 175 131
-20.5000 21.0000 -14.2195 199 175 131
-19.5000 21.0000 -14.3467 193 165 125
-18.5000 21.0000 -14.4748 194 166 126
-17.5000 21.0000 -14.5998 196 168 128
-16.5000 21.0000 -14.7185 198 170 130
-15.5000 21.0000 -14.8281 198 170 130
-14.5000 21.0000 -14.9258 191 166 126
-13.5000 21.0000 -15.0083 184 159 119
-12.5000 21.0000 -15.0729 178 154 116
-11.5000 21.0000 -15.1175 181 157 119
-10.5000 21.0000 -15.1425 176 152 114
-9.5000 21.0000 -15.1505 172 148 112
-8.5000 21.0000 -15.1469 174 152 115
-7.5000 21.0000 -15.1385 180 158 121
-6.5000 21.0000 -15.1328 183 161 124
-5.5000 21.0000 -15.1366 180 157 123
-4.5000 21.0000 -15.1558 173 153 116
-3.5000 21.0000 -15.1950 178 155 121
-2.5000 21.0000 -15.2591 176 156 121
-1.5000 21.0000 -15.3544 172 152 117
-0.5000 21.0000 -15.4902 167 149 113
0.5000 21.0000 -15.6798 169 150 117
1.5000 21.0000 -15.9405 171 155 122
2.5000 21.0000 -16.2913 166 149 119
3.5000 21.0000 -16.7501 156 141 112
4.5000 21.0000 -17.3300 150 136 107
5.5000 21.0000 -18.0347 144 133 105
6.5000 21.0000 -18.8530 144 132 106
7.5000 21.0000 -19.7547 123 113 88
8.5000 21.0000 -20.6870 109 98 76
9.5000 21.0000 -21.5759 100 92 69
10.5000 21.0000 -22.3330 73 65 44
11.5000 21.0000 -22.8682 60 54 32
12.5000 21.0000 -23.1072 51 46 26
13.5000 21.0000 -23.0086 53 48 28
14.5000 21.0000 -22.5773 56 48 27
15.5000 21.0000 -21.8670 67 55 33
16.5000 21.0000 -20.9709 96 80 55
17.5000 21.0000 -20.0016 128 108 81
18.5000 21.0000 -19.0655 145 120 90
19.5000 21.0000 -18.2422 144 117 87
20.5000 21.0000 -17.5745 167 138 106
21.5000 21.0000 -17.0711 169 140 106
22.5000 21.0000 -16.7165 165 139 104
23.5000 21.0000 -16.4845 160 136 98
24.5000 21.0000 -16.3477 160 140 103
25.5000 21.0000 -16.2829 166 148 110
26.5000 21.0000 -16.2723 161 146 107
27.5000 21.0000 -16.3030 155 137 99
28.5000 21.0000 -16.3655 156 134 97
29.5000 21.0000 -16.4533 157 135 98
30.5000 21.0000 -16.5623 158 135 101
31.5000 21.0000 -16.6903 157 134 100
32.5000 21.0000 -16.8366 151 131 98
33.5000 21.0000 -17.0009 146 126 93
34.5000 21.0000 -17.1831 140 121 89
35.5000 21.0000 -17.3831 137 118 88
36.5000 21.0000 -17.6011 130 110 83
37.5000 21.0000 -17.8381 125 108 80
38.5000 21.0000 -18.0967 122 105 79
39.5000 21.0000 -18.3818 121 104 78
40.5000 21.0000 -18.7006 120 102 78
41.5000 21.0000 -19.0623 118 100 76
42.5000 21.0000 -19.4769 113 95 73
43.5000 21.0000 -19.9542 106 91 68
44.5000 21.0000 -20.5020 103 91 69
45.5000 21.0000 -21.1252 96 88 67
46.5000 21.0000 -21.8237 88 80 59
47.5000 21.0000 -22.5918 79 72 53
48.5000 21.0000 -23.4182 72 65 46
49.5000 21.0000 -24.2875 66 61 42
50.5000 21.0000 -25.1835 61 58 41
51.5000 21.0000 -26.0929 60 57 42
52.5000 21.0000 -27.0077 53 51 38
53.5000 21.0000 -27.9262 47 48 34
54.5000 21.0000 -28.8509 42 44 31
55.5000 21.0000 -29.7859 39 41 28
56.5000 21.0000 -30.7345 37 39 28
57.5000 21.0000 -31.6984 33 36 25
58.5000 21.0000 -32.6783 28 31 20
59.5000 21.0000 -33.6752 25 28 17
60.5000 21.0000 -34.6921 38 35 26
61.5000 21.0000 -35.7323 35 33 21
62.5000 21.0000 -36.7985 32 28 17
63.5000 21.0000 -37.8904 27 25 13
64.5000 21.0000 -39.0065 24 21 12
65.5000 21.0000 -40.1490 20 20 10
66.5000 21.0000 -41.3307 20 20 10
67.5000 21.0000 -42.5789 19 21 10
68.5000 21.0000 -43.9329 21 22 14
69.5000 21.0000 -45.4329 19 20 12
70.5000 21.0000 -47.1026 15 18 11
71.5000 21.0000 -48.9336 13 16 9
72.5000 21.0000 -50.8766 10 15 8
73.5000 21.0000 -52.8455 10 15 8
74.5000 21.0000 -54.7336 10 15 9
75.5000 21.0000 -56.4380 13 15 10
84.5000 21.0000 -61.7355 18 13 10
90.5000 21.0000 -61.4303 8 15 8
91.5000 21.0000 -61.8693 10 17 10
92.5000 21.0000 -62.5664 14 15 10
111.5000 21.0000 -99.6785 17 13 14
112.5000 21.0000 -111.2029 19 15 16
-96.5000 20.0000 -51.2186 17 14 9
-95.5000 20.0000 -46.6830 22 19 14
-94.5000 20.0000 -42.5477 27 24 19
-93.5000 20.0000 -38.9260 31 28 23
-92.5000 20.0000 -35.8459 33 30 23
-91.5000 20.0000 -33.2708 34 31 26
-90.5000 20.0000 -31.1305 40 37 30
-89.5000 20.0000 -29.3503 47 44 37
-88.5000 20.0000 -27.8682 53 50 41
-87.5000 20.0000 -26.6389 58 56 44
-86.5000 20.0000 -25.6287 63 61 49
-85.5000 20.0000 -24.8073 68 66 53
-84.5000 20.0000 -24.1412 71 72 58
-83.5000 20.0000 -23.5918 67 68 52
-82.5000 20.0000 -23.1177 67 68 52
-81.5000 20.0000 -22.6809 66 67 51
-80.5000 20.0000 -22.2528 70 68 53
-79.5000 20.0000 -21.8179 74 73 55
-78.5000 20.0000 -21.3742 80 79 61
-77.5000 20.0000 -20.9291 87 84 67
-76.5000 20.0000 -20.4938 91 88 69
-75.5000 20.0000 -20.0779 99 94 74
-74.5000 20.0000 -19.6861 99 94 72
-73.5000 20.0000 -19.3178 100 94 70
-72.5000 20.0000 -18.9692 102 96 70
-71.5000 20.0000 -18.6361 107 100 74
-70.5000 20.0000 -18.3154 113 106 78
-69.5000 20.0000 -18.0060 120 111 82
-68.5000 20.0000 -17.7081 124 113 85
-67.5000 20.0000 -17.4219 131 115 89
-66.5000 20.0000 -17.1468 134 117 89
-65.5000 20.0000 -16.8816 135 121 92
-64.5000 20.0000 -16.6249 136 125 93
-63.5000 20.0000 -16.3761 140 131 98
-62.5000 20.0000 -16.1355 145 139 103
-61.5000 20.0000 -15.9039 155 147 111
-60.5000 20.0000 -15.6822 164 151 116
-59.5000 20.0000 -15.4709 162 148 111
-58.5000 20.0000 -15.2705 171 153 115
-57.5000 20.0000 -15.0818 180 160 123
-56.5000 20.0000 -14.9063 188 166 127
-55.5000 20.0000 -14.7460 189 170 130
-54.5000 20.0000 -14.6028 191 172 130
-53.5000 20.0000 -14.4778 191 176 133
-52.5000 20.0000 -14.3708 197 178 135
-51.5000 20.0000 -14.2806 204 177 134
-50.5000 20.0000 -14.2053 208 176 135
-49.5000 20.0000 -14.1423 209 177 136
-48.5000 20.0000 -14.0892 209 178 134
-47.5000 20.0000 -14.0434 208 177 133
-46.5000 20.0000 -14.0022 207 176 132
-45.5000 20.0000 -13.9632 205 174 128
-44.5000 20.0000 -13.9248 204 173 127
-43.5000 20.0000 -13.8865 211 180 134
-42.5000 20.0000 -13.8489 217 186 139
-41.5000 20.0000 -13.8130 220 189 142
-40.5000 20.0000 -13.7801 215 184 137
-39.5000 20.0000 -13.7513 213 183 133
-38.5000 20.0000 -13.7271 217 187 137
-37.5000 20.0000 -13.7079 219 189 139
-36.5000 20.0000 -13.6941 217 187 137
-35.5000 20.0000 -13.6856 213 181 132
-34.5000 20.0000 -13.6818 220 188 139
-33.5000 20.0000 -13.6816 224 190 142
-32.5000 20.0000 -13.6826 222 186 138
-31.5000 20.0000 -13.6825 217 181 133
-30.5000 20.0000 -13.6798 218 180 135
-29.5000 20.0000 -13.6747 220 182 137
-28.5000 20.0000 -13.6704 220 182 137
-27.5000 20.0000 -13.6721 230 191 148
-26.5000 20.0000 -13.6864 234 197 153
-25.5000 20.0000 -13.7189 233 199 154
-24.5000 20.0000 -13.7732 226 193 150
-23.5000 20.0000 -13.8496 213 182 138
-22.5000 20.0000 -13.9453 202 173 129
-21.5000 20.0000 -14.0557 200 173 128
-20.5000 20.0000 -14.1750 202 175 132
-19.5000 20.0000 -14.2975 193 164 122
-18.5000 20.0000 -14.4185 193 164 122
-17.5000 20.0000 -14.5341 192 164 124
-16.5000 20.0000 -14.6417 194 166 126
-15.5000 20.0000 -14.7391 194 166 126
-14.5000 20.0000 -14.8238 191 163 123
-13.5000 20.0000 -14.8929 183 158 118
-12.5000 20.0000 -14.9435 178 153 113
-11.5000 20.0000 -14.9735 181 158 117
-10.5000 20.0000 -14.9832 177 153 115
-9.5000 20.0000 -14.9758 173 149 111
-8.5000 20.0000 -14.9573 175 151 115
-7.5000 20.0000 -14.9355 180 158 121
-6.5000 20.0000 -14.9186 185 163 126
-5.5000 20.0000 -14.9138 187 165 128
-4.5000 20.0000 -14.9267 186 164 127
-3.5000 20.0000 -14.9613 180 156 122
-2.5000 20.0000 -15.0210 183 159 125
-1.5000 20.0000 -15.1109 182 158 124
-0.5000 20.0000 -15.2387 176 153 119
0.5000 20.0000 -15.4161 174 151 119
1.5000 20.0000 -15.6576 175 155 122
2.5000 20.0000 -15.9796 173 152 121
3.5000 20.0000 -16.3969 168 149 119
4.5000 20.0000 -16.9202 152 135 105
5.5000 20.0000 -17.5526 145 130 101
6.5000 20.0000 -18.2848 145 129 103
7.5000 20.0000 -19.0912 125 111 84
8.5000 20.0000 -19.9259 113 99 73
9.5000 20.0000 -20.7228 107 95 69
10.5000 20.0000 -21.4008 83 71 45
11.5000 20.0000 -21.8759 73 63 38
12.5000 20.0000 -22.0786 59 54 32
13.5000 20.0000 -21.9711 60 55 33
14.5000 20.0000 -21.5606 67 59 36
15.5000 20.0000 -20.9011 87 73 47
16.5000 20.0000 -20.0828 114 97 71
17.5000 20.0000 -19.2110 144 120 92
18.5000 20.0000 -18.3818 156 129 99
19.5000 20.0000 -17.6636 158 129 97
20.5000 20.0000 -17.0902 167 137 103
21.5000 20.0000 -16.6647 172 142 106
22.5000 20.0000 -16.3707 173 145 108
23.5000 20.0000 -16.1837 169 144 104
24.5000 20.0000 -16.0798 168 146 107
25.5000 20.0000 -16.0390 169 150 108
26.5000 20.0000 -16.0464 164 146 106
27.5000 20.0000 -16.0908 157 139 99
28.5000 20.0000 -16.1639 158 139 99
29.5000 20.0000 -16.2598 159 137 100
30.5000 20.0000 -16.3747 155 135 100
31.5000 20.0000 -16.5067 153 133 98
32.5000 20.0000 -16.6551 148 129 96
33.5000 20.0000 -16.8196 143 127 93
34.5000 20.0000 -17.0004 140 124 91
35.5000 20.0000 -17.1977 137 122 89
36.5000 20.0000 -17.4123 129 114 83
37.5000 20.0000 -17.6460 127 113 84
38.5000 20.0000 -17.9024 126 110 84
39.5000 20.0000 -18.1867 124 108 82
40.5000 20.0000 -18.5062 123 107 82
41.5000 20.0000 -18.8692 119 103 78
42.5000 20.0000 -19.2844 115 99 76
43.5000 20.0000 -19.7602 112 97 74
44.5000 20.0000 -20.3035 100 89 67
45.5000 20.0000 -20.9187 95 87 64
46.5000 20.0000 -21.6060 88 82 60
47.5000 20.0000 -22.3609 79 74 52
48.5000 20.0000 -23.1731 72 67 48
49.5000 20.0000 -24.0285 64 61 44
50.5000 20.0000 -24.9119 59 57 42
51.5000 20.0000 -25.8107 55 56 40
52.5000 20.0000 -26.7178 52 54 40
53.5000 20.0000 -27.6320 47 51 36
54.5000 20.0000 -28.5563 43 47 33
55.5000 20.0000 -29.4949 40 44 30
56.5000 20.0000 -30.4501 38 41 30
57.5000 20.0000 -31.4218 36 39 28
58.5000 20.0000 -32.4080 29 35 23
59.5000 20.0000 -33.4075 27 30 19
60.5000 20.0000 -34.4220 34 32 20
61.5000 20.0000 -35.4554 33 29 18
62.5000 20.0000 -36.5122 31 27 16
63.5000 20.0000 -37.5940 29 25 14
64.5000 20.0000 -38.6996 27 23 14
65.5000 20.0000 -39.8293 25 22 13
66.5000 20.0000 -40.9923 24 21 12
67.5000 20.0000 -42.2136 22 22 12
68.5000 20.0000 -43.5336 20 21 13
69.5000 20.0000 -44.9977 18 19 11
70.5000 20.0000 -46.6387 16 19 12
71.5000 20.0000 -48.4577 14 17 10
72.5000 20.0000 -50.4119 10 15 8
84.5000 20.0000 -61.8468 18 13 10
90.5000 20.0000 -61.5752 8 15 8
91.5000 20.0000 -61.9200 11 16 10
109.5000 20.0000 -78.5460 16 12 13
112.5000 20.0000 -109.6523 18 14 15
-96.5000 19.0000 -50.0669 16 15 10
-95.5000 19.0000 -45.7516 20 19 15
-94.5000 19.0000 -41.8673 25 24 20
-93.5000 19.0000 -38.4871 29 28 24
-92.5000 19.0000 -35.6123 32 31 26
-91.5000 19.0000 -33.1936 37 36 32
-90.5000 19.0000 -31.1599 40 39 34
-89.5000 19.0000 -29.4419 45 45 37
-88.5000 19.0000 -27.9857 48 48 38
-87.5000 19.0000 -26.7545 51 51 39
-86.5000 19.0000 -25.7237 55 55 43
-85.5000 19.0000 -24.8718 62 63 49
-84.5000 19.0000 -24.1737 66 67 53
-83.5000 19.0000 -23.5976 68 69 53
-82.5000 19.0000 -23.1061 69 68 50
-81.5000 19.0000 -22.6615 68 67 49
-80.5000 19.0000 -22.2328 71 68 51
-79.5000 19.0000 -21.8003 74 71 56
-78.5000 19.0000 -21.3579 80 77 60
-77.5000 19.0000 -20.9105 88 82 66
-76.5000 19.0000 -20.4687 92 87 68
-75.5000 19.0000 -20.0430 101 94 76
-74.5000 19.0000 -19.6401 101 94 75
-73.5000 19.0000 -19.2618 102 96 74
-72.5000 19.0000 -18.9056 104 98 72
-71.5000 19.0000 -18.5680 108 101 75
-70.5000 19.0000 -18.2460 113 106 78
-69.5000 19.0000 -17.9377 118 111 82
-68.5000 19.0000 -17.6424 123 112 82
-67.5000 19.0000 -17.3595 135 119 86
-66.5000 19.0000 -17.0875 136 117 84
-65.5000 19.0000 -16.8248 134 120 85
-64.5000 19.0000 -16.5701 135 125 89
-63.5000 19.0000 -16.3228 141 133 94
-62.5000 19.0000 -16.0836 147 142 100
-61.5000 19.0000 -15.8536 154 147 105
-60.5000 19.0000 -15.6338 157 148 105
-59.5000 19.0000 -15.4249 159 146 104
-58.5000 19.0000 -15.2272 167 150 107
-57.5000 19.0000 -15.0413 176 157 114
-56.5000 19.0000 -14.8683 184 163 118
-55.5000 19.0000 -14.7101 188 167 122
-54.5000 19.0000 -14.5681 190 172 124
-53.5000 19.0000 -14.4434 192 176 127
-52.5000 19.0000 -14.3359 198 177 130
-51.5000 19.0000 -14.2445 204 175 131
-50.5000 19.0000 -14.1674 208 175 132
-49.5000 19.0000 -14.1022 209 176 133
-48.5000 19.0000 -14.0465 210 177 134
-47.5000 19.0000 -13.9973 211 178 135
-46.5000 19.0000 -13.9520 210 177 132
-45.5000 19.0000 -13.9084 210 177 132
-44.5000 19.0000 -13.8648 209 176 131
-43.5000 19.0000 -13.8210 213 181 134
-42.5000 19.0000 -13.7778 219 187 140
-41.5000 19.0000 -13.7366 222 190 143
-40.5000 19.0000 -13.6989 219 187 138
-39.5000 19.0000 -13.6661 218 186 137
-38.5000 19.0000 -13.6390 222 190 141
-37.5000 19.0000 -13.6183 224 192 141
-36.5000 19.0000 -13.6045 224 192 141
-35.5000 19.0000 -13.5975 215 182 131
-34.5000 19.0000 -13.5967 217 184 133
-33.5000 19.0000 -13.6004 223 187 137
-32.5000 19.0000 -13.6061 224 188 138
-31.5000 19.0000 -13.6112 222 184 135
-30.5000 19.0000 -13.6139 222 181 135
-29.5000 19.0000 -13.6146 227 186 140
-28.5000 19.0000 -13.6161 233 195 148
-27.5000 19.0000 -13.6236 241 203 158
-26.5000 19.0000 -13.6433 238 201 156
-25.5000 19.0000 -13.6804 232 198 152
-24.5000 19.0000 -13.7381 222 189 144
-23.5000 19.0000 -13.8163 212 181 135
-22.5000 19.0000 -13.9120 204 176 129
-21.5000 19.0000 -14.0205 204 176 129
-20.5000 19.0000 -14.1359 205 176 132
-19.5000 19.0000 -14.2524 195 166 122
-18.5000 19.0000 -14.3652 193 164 120
-17.5000 19.0000 -14.4709 190 161 119
-16.5000 19.0000 -14.5670 190 161 119
-15.5000 19.0000 -14.6517 189 162 119
-14.5000 19.0000 -14.7228 187 160 117
-13.5000 19.0000 -14.7777 180 155 114
-12.5000 19.0000 -14.8135 175 150 109
-11.5000 19.0000 -14.8283 184 159 118
-10.5000 19.0000 -14.8226 182 157 117
-9.5000 19.0000 -14.8002 179 156 115
-8.5000 19.0000 -14.7679 179 155 117
-7.5000 19.0000 -14.7344 182 160 121
-6.5000 19.0000 -14.7086 187 165 126
-5.5000 19.0000 -14.6980 191 169 130
-4.5000 19.0000 -14.7076 194 170 132
-3.5000 19.0000 -14.7409 185 159 124
-2.5000 19.0000 -14.8005 192 163 129
-1.5000 19.0000 -14.8905 192 163 131
-0.5000 19.0000 -15.0177 183 157 124
0.5000 19.0000 -15.1926 180 154 121
1.5000 19.0000 -15.4275 181 156 125
2.5000 19.0000 -15.7354 182 157 126
3.5000 19.0000 -16.1266 178 155 124
4.5000 19.0000 -16.6073 163 142 111
5.5000 19.0000 -17.1767 152 133 103
6.5000 19.0000 -17.8248 150 131 101
7.5000 19.0000 -18.5290 128 111 83
8.5000 19.0000 -19.2502 116 99 71
9.5000 19.0000 -19.9322 111 96 67
10.5000 19.0000 -20.5053 90 74 48
11.5000 19.0000 -20.8965 82 70 44
12.5000 19.0000 -21.0457 64 58 34
13.5000 19.0000 -20.9218 63 57 33
14.5000 19.0000 -20.5352 77 67 42
15.5000 19.0000 -19.9382 103 89 62
16.5000 19.0000 -19.2141 131 111 84
17.5000 19.0000 -18.4565 150 125 95
18.5000 19.0000 -17.7476 160 131 99
19.5000 19.0000 -17.1431 165 132 99
20.5000 19.0000 -16.6672 169 136 101
21.5000 19.0000 -16.3189 176 144 106
22.5000 19.0000 -16.0818 179 149 111
23.5000 19.0000 -15.9347 178 150 110
24.5000 19.0000 -15.8580 174 151 110
25.5000 19.0000 -15.8360 170 151 108
26.5000 19.0000 -15.8566 165 148 105
27.5000 19.0000 -15.9107 161 144 101
28.5000 19.0000 -15.9912 162 143 103
29.5000 19.0000 -16.0929 161 139 100
30.5000 19.0000 -16.2122 156 136 99
31.5000 19.0000 -16.3473 152 132 95
32.5000 19.0000 -16.4972 148 130 94
33.5000 19.0000 -16.6618 144 128 92
34.5000 19.0000 -16.8413 141 127 92
35.5000 19.0000 -17.0362 140 127 93
36.5000 19.0000 -17.2478 132 119 87
37.5000 19.0000 -17.4787 130 119 87
38.5000 19.0000 -17.7328 132 118 89
39.5000 19.0000 -18.0160 129 115 86
40.5000 19.0000 -18.3353 125 111 84
41.5000 19.0000 -18.6983 120 106 79
42.5000 19.0000 -19.1126 118 102 77
43.5000 19.0000 -19.5854 116 102 76
44.5000 19.0000 -20.1227 98 88 63
45.5000 19.0000 -20.7289 94 86 63
46.5000 19.0000 -21.4049 89 83 61
47.5000 19.0000 -22.1474 82 77 55
48.5000 19.0000 -22.9477 73 70 51
49.5000 19.0000 -23.7929 64 63 45
50.5000 19.0000 -24.6684 55 58 41
51.5000 19.0000 -25.5619 51 55 40
52.5000 19.0000 -26.4657 53 57 43
53.5000 19.0000 -27.3785 47 53 39
54.5000 19.0000 -28.3027 43 49 37
55.5000 19.0000 -29.2424 40 46 34
56.5000 19.0000 -30.2000 39 45 31
57.5000 19.0000 -31.1747 36 42 28
58.5000 19.0000 -32.1637 32 38 24
59.5000 19.0000 -33.1647 31 33 20
60.5000 19.0000 -34.1784 31 27 16
61.5000 19.0000 -35.2090 33 26 16
62.5000 19.0000 -36.2615 33 26 18
63.5000 19.0000 -37.3379 31 27 18
64.5000 19.0000 -38.4363 30 26 17
65.5000 19.0000 -39.5551 27 24 15
66.5000 19.0000 -40.7012 25 22 15
67.5000 19.0000 -41.8987 22 22 14
68.5000 19.0000 -43.1903 18 19 13
69.5000 19.0000 -44.6274 17 18 12
70.5000 19.0000 -46.2509 16 19 12
71.5000 19.0000 -48.0691 15 18 11
72.5000 19.0000 -50.0434 11 16 10
91.5000 19.0000 -62.2157 10 15 9
-97.5000 18.0000 -53.3493 13 14 8
-96.5000 18.0000 -48.8547 16 17 11
-95.5000 18.0000 -44.7372 19 20 15
-94.5000 18.0000 -41.0961 23 24 19
-93.5000 18.0000 -37.9619 28 29 24
-92.5000 18.0000 -35.3048 32 33 28
-91.5000 18.0000 -33.0587 36 37 32
-90.5000 18.0000 -31.1480 39 40 35
-89.5000 18.0000 -29.5072 42 43 37
-88.5000 18.0000 -28.0895 44 45 37
-87.5000 18.0000 -26.8666 47 49 38
-86.5000 18.0000 -25.8225 52 54 41
-85.5000 18.0000 -24.9442 59 61 47
-84.5000 18.0000 -24.2151 64 67 50
-83.5000 18.0000 -23.6107 71 70 52
-82.5000 18.0000 -23.0984 71 68 51
-81.5000 18.0000 -22.6425 70 67 50
-80.5000 18.0000 -22.2102 71 68 51
-79.5000 18.0000 -21.7787 74 71 56
-78.5000 18.0000 -21.3378 80 77 62
-77.5000 18.0000 -20.8891 88 82 66
-76.5000 18.0000 -20.4419 91 85 69
-75.5000 18.0000 -20.0071 102 95 79
-74.5000 18.0000 -19.5933 102 95 76
-73.5000 18.0000 -19.2040 103 97 75
-72.5000 18.0000 -18.8390 106 100 76
-71.5000 18.0000 -18.4958 110 103 75
-70.5000 18.0000 -18.1714 114 107 78
-69.5000 18.0000 -17.8637 118 112 80
-68.5000 18.0000 -17.5710 123 112 80
-67.5000 18.0000 -17.2915 144 125 92
-66.5000 18.0000 -17.0232 141 123 87
-65.5000 18.0000 -16.7639 137 123 86
-64.5000 18.0000 -16.5122 137 128 87
-63.5000 18.0000 -16.2679 142 135 91
-62.5000 18.0000 -16.0317 145 141 96
-61.5000 18.0000 -15.8050 149 142 96
-60.5000 18.0000 -15.5891 149 141 95
-59.5000 18.0000 -15.3845 160 147 102
-58.5000 18.0000 -15.1912 167 150 104
-57.5000 18.0000 -15.0096 174 156 108
-56.5000 18.0000 -14.8403 181 160 113
-55.5000 18.0000 -14.6847 186 166 116
-54.5000 18.0000 -14.5440 189 169 119
-53.5000 18.0000 -14.4191 190 173 121
-52.5000 18.0000 -14.3103 193 173 122
-51.5000 18.0000 -14.2167 203 174 130
-50.5000 18.0000 -14.1366 207 174 131
-49.5000 18.0000 -14.0680 209 176 133
-48.5000 18.0000 -14.0083 210 177 134
-47.5000 18.0000 -13.9547 212 179 134
-46.5000 18.0000 -13.9046 213 180 135
-45.5000 18.0000 -13.8557 214 181 136
-44.5000 18.0000 -13.8069 214 182 135
-43.5000 18.0000 -13.7580 215 183 136
-42.5000 18.0000 -13.7099 219 187 140
-41.5000 18.0000 -13.6640 223 191 142
-40.5000 18.0000 -13.6222 223 191 142
-39.5000 18.0000 -13.5859 223 191 142
-38.5000 18.0000 -13.5562 225 193 144
-37.5000 18.0000 -13.5342 228 196 145
-36.5000 18.0000 -13.5204 231 198 147
-35.5000 18.0000 -13.5149 228 195 142
-34.5000 18.0000 -13.5170 226 190 138
-33.5000 18.0000 -13.5247 227 191 141
-32.5000 18.0000 -13.5354 230 192 143
-31.5000 18.0000 -13.5463 228 188 139
-30.5000 18.0000 -13.5554 220 180 131
-29.5000 18.0000 -13.5630 225 184 138
-28.5000 18.0000 -13.5717 236 195 149
-27.5000 18.0000 -13.5860 236 195 151
-26.5000 18.0000 -13.6116 233 195 150
-25.5000 18.0000 -13.6532 230 193 148
-24.5000 18.0000 -13.7132 225 191 145
-23.5000 18.0000 -13.7915 220 187 142
-22.5000 18.0000 -13.8851 216 185 139
-21.5000 18.0000 -13.9893 213 182 136
-20.5000 18.0000 -14.0984 209 181 134
-19.5000 18.0000 -14.2068 200 171 127
-18.5000 18.0000 -14.3097 195 166 122
-17.5000 18.0000 -14.4038 189 160 116
-16.5000 18.0000 -14.4871 186 159 114
-15.5000 18.0000 -14.5579 186 159 116
-14.5000 18.0000 -14.6146 184 157 114
-13.5000 18.0000 -14.6549 177 152 111
-12.5000 18.0000 -14.6759 172 147 106
-11.5000 18.0000 -14.6760 184 159 118
-10.5000 18.0000 -14.6561 184 161 119
-9.5000 18.0000 -14.6206 185 162 121
-8.5000 18.0000 -14.5769 186 163 122
-7.5000 18.0000 -14.5345 187 165 126
-6.5000 18.0000 -14.5027 189 167 128
-5.5000 18.0000 -14.4890 192 170 131
-4.5000 18.0000 -14.4983 195 171 133
-3.5000 18.0000 -14.5332 194 166 129
-2.5000 18.0000 -14.5960 196 166 130
-1.5000 18.0000 -14.6903 192 163 129
-0.5000 18.0000 -14.8228 187 158 124
0.5000 18.0000 -15.0029 186 160 125
1.5000 18.0000 -15.2411 189 163 130
2.5000 18.0000 -15.5465 186 162 128
3.5000 18.0000 -15.9244 178 155 123
4.5000 18.0000 -16.3745 162 142 109
5.5000 18.0000 -16.8906 150 129 98
6.5000 18.0000 -17.4600 146 127 97
7.5000 18.0000 -18.0613 127 110 80
8.5000 18.0000 -18.6621 119 102 72
9.5000 18.0000 -19.2170 119 102 72
10.5000 18.0000 -19.6700 103 88 59
11.5000 18.0000 -19.9626 99 88 60
12.5000 18.0000 -20.0473 77 70 44
13.5000 18.0000 -19.9021 75 69 43
14.5000 18.0000 -19.5408 92 82 55
15.5000 18.0000 -19.0123 124 108 82
16.5000 18.0000 -18.3904 149 128 99
17.5000 18.0000 -17.7544 159 132 102
18.5000 18.0000 -17.1707 163 133 99
19.5000 18.0000 -16.6814 168 134 99
20.5000 18.0000 -16.3018 172 138 101
21.5000 18.0000 -16.0274 178 144 106
22.5000 18.0000 -15.8431 183 151 112
23.5000 18.0000 -15.7315 180 153 110
24.5000 18.0000 -15.6777 174 151 109
25.5000 18.0000 -15.6703 168 149 106
26.5000 18.0000 -15.7004 166 149 105
27.5000 18.0000 -15.7611 165 148 104
28.5000 18.0000 -15.8466 164 142 101
29.5000 18.0000 -15.9522 163 141 102
30.5000 18.0000 -16.0746 161 139 102
31.5000 18.0000 -16.2119 155 135 98
32.5000 18.0000 -16.3629 151 133 97
33.5000 18.0000 -16.5275 146 130 94
34.5000 18.0000 -16.7060 143 129 94
35.5000 18.0000 -16.8989 141 128 93
36.5000 18.0000 -17.1082 137 124 90
37.5000 18.0000 -17.3366 136 125 93
38.5000 18.0000 -17.5886 134 123 93
39.5000 18.0000 -17.8703 132 118 89
40.5000 18.0000 -18.1883 126 112 85
41.5000 18.0000 -18.5498 121 105 79
42.5000 18.0000 -18.9615 118 100 76
43.5000 18.0000 -19.4296 116 100 75
44.5000 18.0000 -19.9595 98 86 62
45.5000 18.0000 -20.5558 94 87 61
46.5000 18.0000 -21.2204 90 84 60
47.5000 18.0000 -21.9514 84 79 59
48.5000 18.0000 -22.7416 75 72 53
49.5000 18.0000 -23.5794 66 65 47
50.5000 18.0000 -24.4506 55 57 43
51.5000 18.0000 -25.3425 50 54 39
52.5000 18.0000 -26.2465 51 55 41
53.5000 18.0000 -27.1595 46 52 38
54.5000 18.0000 -28.0832 42 48 36
55.5000 18.0000 -29.0211 39 45 33
56.5000 18.0000 -29.9761 40 44 30
57.5000 18.0000 -30.9483 38 42 28
58.5000 18.0000 -31.9354 34 38 24
59.5000 18.0000 -32.9355 32 32 20
60.5000 18.0000 -33.9491 34 27 17
61.5000 18.0000 -34.9800 35 26 19
62.5000 18.0000 -36.0324 36 27 20
63.5000 18.0000 -37.1071 35 28 20
64.5000 18.0000 -38.2006 33 26 18
65.5000 18.0000 -39.3088 28 23 17
66.5000 18.0000 -40.4371 25 20 14
67.5000 18.0000 -41.6102 23 20 13
68.5000 18.0000 -42.8746 18 17 12
69.5000 18.0000 -44.2884 17 18 12
70.5000 18.0000 -45.9004 17 20 13
71.5000 18.0000 -47.7257 16 18 13
72.5000 18.0000 -49.7294 12 17 11
-97.5000 17.0000 -52.0487 12 19 11
-96.5000 17.0000 -47.6289 15 22 14
-95.5000 17.0000 -43.6865 16 23 16
-94.5000 17.0000 -40.2766 19 25 21
-93.5000 17.0000 -37.3861 24 30 26
-92.5000 17.0000 -34.9514 28 34 30
-91.5000 17.0000 -32.8864 29 35 31
-90.5000 17.0000 -31.1085 32 39 32
-89.5000 17.0000 -29.5541 36 43 35
-88.5000 17.0000 -28.1832 39 47 36
-87.5000 17.0000 -26.9756 42 50 37
-86.5000 17.0000 -25.9232 48 56 41
-85.5000 17.0000 -25.0217 55 64 47
-84.5000 17.0000 -24.2624 64 68 51
-83.5000 17.0000 -23.6282 72 71 53
-82.5000 17.0000 -23.0921 73 68 49
-81.5000 17.0000 -22.6213 72 66 50
-80.5000 17.0000 -22.1828 73 67 51
-79.5000 17.0000 -21.7511 76 70 56
-78.5000 17.0000 -21.3119 81 75 61
-77.5000 17.0000 -20.8634 88 80 67
-76.5000 17.0000 -20.4127 91 84 68
-75.5000 17.0000 -19.9703 101 94 78
-74.5000 17.0000 -19.5460 102 95 77
-73.5000 17.0000 -19.1455 104 97 78
-72.5000 17.0000 -18.7707 107 101 77
-71.5000 17.0000 -18.4203 112 105 77
-70.5000 17.0000 -18.0921 116 109 80
-69.5000 17.0000 -17.7838 119 113 81
-68.5000 17.0000 -17.4927 124 114 79
-67.5000 17.0000 -17.2164 144 125 92
-66.5000 17.0000 -16.9518 143 123 88
-65.5000 17.0000 -16.6964 139 124 85
-64.5000 17.0000 -16.4486 141 129 89
-63.5000 17.0000 -16.2082 144 137 93
-62.5000 17.0000 -15.9763 147 143 98
-61.5000 17.0000 -15.7544 149 142 96
-60.5000 17.0000 -15.5436 149 141 95
-59.5000 17.0000 -15.3445 166 153 108
-58.5000 17.0000 -15.1568 170 153 107
-57.5000 17.0000 -14.9804 174 156 108
-56.5000 17.0000 -14.8155 180 159 112
-55.5000 17.0000 -14.6629 185 163 114
-54.5000 17.0000 -14.5236 187 167 117
-53.5000 17.0000 -14.3987 189 169 118
-52.5000 17.0000 -14.2885 190 168 118
-51.5000 17.0000 -14.1923 206 175 131
-50.5000 17.0000 -14.1090 209 174 132
-49.5000 17.0000 -14.0365 210 176 131
-48.5000 17.0000 -13.9725 212 178 133
-47.5000 17.0000 -13.9143 214 180 135
-46.5000 17.0000 -13.8594 216 182 137
-45.5000 17.0000 -13.8057 218 184 138
-44.5000 17.0000 -13.7523 219 185 139
-43.5000 17.0000 -13.6992 219 185 139
-42.5000 17.0000 -13.6473 221 187 139
-41.5000 17.0000 -13.5982 225 191 143
-40.5000 17.0000 -13.5535 228 194 146
-39.5000 17.0000 -13.5148 228 195 144
-38.5000 17.0000 -13.4834 228 195 144
-37.5000 17.0000 -13.4606 232 199 148
-36.5000 17.0000 -13.4471 236 203 152
-35.5000 17.0000 -13.4431 247 211 159
-34.5000 17.0000 -13.4478 240 203 150
-33.5000 17.0000 -13.4593 236 199 147
-32.5000 17.0000 -13.4747 235 198 146
-31.5000 17.0000 -13.4913 230 190 139
-30.5000 17.0000 -13.5070 221 179 129
-29.5000 17.0000 -13.5218 220 178 130
-28.5000 17.0000 -13.5378 226 186 137
-27.5000 17.0000 -13.5591 234 193 147
-26.5000 17.0000 -13.5901 230 192 145
-25.5000 17.0000 -13.6350 227 189 142
-24.5000 17.0000 -13.6958 225 189 141
-23.5000 17.0000 -13.7720 221 189 142
-22.5000 17.0000 -13.8610 219 188 141
-21.5000 17.0000 -13.9583 217 186 139
-20.5000 17.0000 -14.0584 213 185 137
-19.5000 17.0000 -14.1560 205 177 130
-18.5000 17.0000 -14.2464 197 170 123
-17.5000 17.0000 -14.3267 189 162 115
-16.5000 17.0000 -14.3950 187 160 113
-15.5000 17.0000 -14.4505 188 161 116
-14.5000 17.0000 -14.4920 184 160 114
-13.5000 17.0000 -14.5175 179 155 111
-12.5000 17.0000 -14.5246 173 149 105
-11.5000 17.0000 -14.5118 177 154 110
-10.5000 17.0000 -14.4803 182 159 115
-9.5000 17.0000 -14.4348 188 165 123
-8.5000 17.0000 -14.3833 193 172 129
-7.5000 17.0000 -14.3357 196 174 133
-6.5000 17.0000 -14.3015 197 175 134
-5.5000 17.0000 -14.2879 196 177 135
-4.5000 17.0000 -14.2995 198 176 135
-3.5000 17.0000 -14.3385 199 174 133
-2.5000 17.0000 -14.4071 197 169 129
-1.5000 17.0000 -14.5090 191 163 124
-0.5000 17.0000 -14.6510 188 160 121
0.5000 17.0000 -14.8418 193 167 130
1.5000 17.0000 -15.0901 197 171 134
2.5000 17.0000 -15.4012 188 164 128
3.5000 17.0000 -15.7745 173 150 116
4.5000 17.0000 -16.2031 153 133 100
5.5000 17.0000 -16.6744 140 119 88
6.5000 17.0000 -17.1719 138 119 89
7.5000 17.0000 -17.6749 126 109 79
8.5000 17.0000 -18.1568 124 107 79
9.5000 17.0000 -18.5833 128 113 84
10.5000 17.0000 -18.9129 119 103 77
11.5000 17.0000 -19.1030 122 111 83
12.5000 17.0000 -19.1201 100 93 65
13.5000 17.0000 -18.9523 100 95 66
14.5000 17.0000 -18.6165 118 109 80
15.5000 17.0000 -18.1575 148 133 104
16.5000 17.0000 -17.6378 168 147 116
17.5000 17.0000 -17.1214 173 147 114
18.5000 17.0000 -16.6589 174 141 106
19.5000 17.0000 -16.2793 177 141 105
20.5000 17.0000 -15.9899 177 142 104
21.5000 17.0000 -15.7837 179 144 104
22.5000 17.0000 -15.6471 181 148 107
23.5000 17.0000 -15.5669 179 150 106
24.5000 17.0000 -15.5325 172 148 104
25.5000 17.0000 -15.5367 168 147 102
26.5000 17.0000 -15.5738 166 149 103
27.5000 17.0000 -15.6390 169 152 108
28.5000 17.0000 -15.7278 165 142 101
29.5000 17.0000 -15.8362 166 140 103
30.5000 17.0000 -15.9610 165 141 103
31.5000 17.0000 -16.0998 163 141 102
32.5000 17.0000 -16.2517 156 138 100
33.5000 17.0000 -16.4163 150 134 98
34.5000 17.0000 -16.5939 144 130 95
35.5000 17.0000 -16.7855 140 127 92
36.5000 17.0000 -16.9930 141 128 94
37.5000 17.0000 -17.2196 140 127 95
38.5000 17.0000 -17.4698 137 123 94
39.5000 17.0000 -17.7494 133 118 89
40.5000 17.0000 -18.0652 127 110 84
41.5000 17.0000 -18.4235 121 104 78
42.5000 17.0000 -18.8307 118 98 73
43.5000 17.0000 -19.2923 113 96 70
44.5000 17.0000 -19.8137 101 87 61
45.5000 17.0000 -20.3995 98 86 62
46.5000 17.0000 -21.0525 95 84 62
47.5000 17.0000 -21.7721 89 81 62
48.5000 17.0000 -22.5529 80 75 56
49.5000 17.0000 -23.3842 69 66 49
50.5000 17.0000 -24.2526 58 59 45
51.5000 17.0000 -25.1446 52 54 41
52.5000 17.0000 -26.0502 49 52 41
53.5000 17.0000 -26.9643 45 48 37
54.5000 17.0000 -27.8868 41 44 33
55.5000 17.0000 -28.8207 39 42 31
56.5000 17.0000 -29.7692 40 42 29
57.5000 17.0000 -30.7341 38 40 27
58.5000 17.0000 -31.7153 35 36 22
59.5000 17.0000 -32.7123 33 31 19
60.5000 17.0000 -33.7260 38 29 22
61.5000 17.0000 -34.7594 39 28 24
62.5000 17.0000 -35.8149 39 28 24
63.5000 17.0000 -36.8911 37 28 23
64.5000 17.0000 -37.9812 33 26 20
65.5000 17.0000 -39.0788 27 22 18
66.5000 17.0000 -40.1881 23 18 14
67.5000 17.0000 -41.3354 20 17 12
68.5000 17.0000 -42.5717 19 18 14
69.5000 17.0000 -43.9625 19 20 15
70.5000 17.0000 -45.5652 18 20 15
71.5000 17.0000 -47.4025 17 19 16
72.5000 17.0000 -49.4444 12 17 13
-98.5000 16.0000 -55.6676 6 18 6
-97.5000 16.0000 -50.8091 13 25 15
-96.5000 16.0000 -46.4392 15 27 17
-95.5000 16.0000 -42.6479 15 26 20
-94.5000 16.0000 -39.4509 16 27 21
-93.5000 16.0000 -36.7934 21 32 28
-92.5000 16.0000 -34.5774 25 36 32
-91.5000 16.0000 -32.6946 23 34 30
-90.5000 16.0000 -31.0534 27 38 32
-89.5000 16.0000 -29.5905 32 43 35
-88.5000 16.0000 -28.2715 37 49 37
-87.5000 16.0000 -27.0837 40 52 38
-86.5000 16.0000 -26.0268 46 59 41
-85.5000 16.0000 -25.1041 53 66 48
-84.5000 16.0000 -24.3147 61 70 49
-83.5000 16.0000 -23.6488 72 71 51
-82.5000 16.0000 -23.0859 74 69 50
-81.5000 16.0000 -22.5966 73 67 51
-80.5000 16.0000 -22.1491 73 67 51
-79.5000 16.0000 -21.7157 76 70 56
-78.5000 16.0000 -21.2786 81 75 61
-77.5000 16.0000 -20.8320 87 79 66
-76.5000 16.0000 -20.3799 91 83 70
-75.5000 16.0000 -19.9319 100 93 77
-74.5000 16.0000 -19.4985 101 94 76
-73.5000 16.0000 -19.0872 104 97 78
-72.5000 16.0000 -18.7019 109 103 79
-71.5000 16.0000 -18.3432 114 107 79
-70.5000 16.0000 -18.0097 119 113 81
-69.5000 16.0000 -17.6991 122 116 84
-68.5000 16.0000 -17.4085 127 117 82
-67.5000 16.0000 -17.1343 138 117 86
-66.5000 16.0000 -16.8731 141 118 86
-65.5000 16.0000 -16.6218 139 123 87
-64.5000 16.0000 -16.3783 143 131 93
-63.5000 16.0000 -16.1426 147 139 100
-62.5000 16.0000 -15.9157 151 146 104
-61.5000 16.0000 -15.6992 156 149 105
-60.5000 16.0000 -15.4942 158 149 106
-59.5000 16.0000 -15.3010 170 157 113
-58.5000 16.0000 -15.1193 173 156 112
-57.5000 16.0000 -14.9484 175 157 111
-56.5000 16.0000 -14.7882 180 159 114
-55.5000 16.0000 -14.6390 186 164 117
-54.5000 16.0000 -14.5017 189 167 120
-53.5000 16.0000 -14.3771 188 168 118
-52.5000 16.0000 -14.2659 190 166 118
-51.5000 16.0000 -14.1676 208 177 133
-50.5000 16.0000 -14.0814 210 175 133
-49.5000 16.0000 -14.0056 211 177 132
-48.5000 16.0000 -13.9379 212 178 133
-47.5000 16.0000 -13.8757 215 181 136
-46.5000 16.0000 -13.8167 218 184 139
-45.5000 16.0000 -13.7593 220 186 140
-44.5000 16.0000 -13.7025 222 188 142
-43.5000 16.0000 -13.6465 222 188 140
-42.5000 16.0000 -13.5925 223 189 141
-41.5000 16.0000 -13.5417 226 192 144
-40.5000 16.0000 -13.4958 230 196 148
-39.5000 16.0000 -13.4564 231 198 147
-38.5000 16.0000 -13.4247 229 196 145
-37.5000 16.0000 -13.4020 232 199 148
-36.5000 16.0000 -13.3893 240 204 152
-35.5000 16.0000 -13.3869 244 207 155
-34.5000 16.0000 -13.3940 238 201 148
-33.5000 16.0000 -13.4087 234 197 145
-32.5000 16.0000 -13.4283 237 197 146
-31.5000 16.0000 -13.4498 238 196 146
-30.5000 16.0000 -13.4713 234 192 142
-29.5000 16.0000 -13.4924 232 190 142
-28.5000 16.0000 -13.5148 232 190 142
-27.5000 16.0000 -13.5416 241 198 153
-26.5000 16.0000 -13.5765 235 194 148
-25.5000 16.0000 -13.6228 226 188 141
-24.5000 16.0000 -13.6820 220 184 136
-23.5000 16.0000 -13.7537 215 181 135
-22.5000 16.0000 -13.8355 214 182 135
-21.5000 16.0000 -13.9232 214 183 136
-20.5000 16.0000 -14.0116 213 185 137
-19.5000 16.0000 -14.0956 207 179 132
-18.5000 16.0000 -14.1708 198 171 124
-17.5000 16.0000 -14.2347 191 164 117
-16.5000 16.0000 -14.2862 191 164 117
-15.5000 16.0000 -14.3251 193 169 123
-14.5000 16.0000 -14.3509 193 169 123
-13.5000 16.0000 -14.3621 187 163 119
-12.5000 16.0000 -14.3568 179 156 112
-11.5000 16.0000 -14.3337 176 153 109
-10.5000 16.0000 -14.2941 181 158 114
-9.5000 16.0000 -14.2429 189 168 125
-8.5000 16.0000 -14.1881 199 178 135
-7.5000 16.0000 -14.1396 207 185 144
-6.5000 16.0000 -14.1067 210 188 147
-5.5000 16.0000 -14.0963 207 188 146
-4.5000 16.0000 -14.1126 207 186 143
-3.5000 16.0000 -14.1579 203 179 135
-2.5000 16.0000 -14.2343 200 176 130
-1.5000 16.0000 -14.3462 196 169 126
-0.5000 16.0000 -14.5005 193 169 125
0.5000 16.0000 -14.7055 199 174 133
1.5000 16.0000 -14.9679 200 177 136
2.5000 16.0000 -15.2892 187 165 126
3.5000 16.0000 -15.6630 168 148 111
4.5000 16.0000 -16.0759 158 138 103
5.5000 16.0000 -16.5090 141 122 90
6.5000 16.0000 -16.9422 138 121 91
7.5000 16.0000 -17.3552 128 113 84
8.5000 16.0000 -17.7268 125 110 81
9.5000 16.0000 -18.0331 127 113 86
10.5000 16.0000 -18.2465 120 104 78
11.5000 16.0000 -18.3397 125 113 87
12.5000 16.0000 -18.2934 112 107 78
13.5000 16.0000 -18.1050 117 112 82
14.5000 16.0000 -17.7940 134 125 94
15.5000 16.0000 -17.4007 157 142 111
16.5000 16.0000 -16.9761 175 152 121
17.5000 16.0000 -16.5696 179 150 118
18.5000 16.0000 -16.2169 178 144 109
19.5000 16.0000 -15.9355 175 140 102
20.5000 16.0000 -15.7264 183 145 106
21.5000 16.0000 -15.5804 181 144 102
22.5000 16.0000 -15.4860 180 145 103
23.5000 16.0000 -15.4331 181 150 106
24.5000 16.0000 -15.4154 174 150 104
25.5000 16.0000 -15.4293 169 148 101
26.5000 16.0000 -15.4720 167 150 104
27.5000 16.0000 -15.5408 172 154 108
28.5000 16.0000 -15.6322 166 141 101
29.5000 16.0000 -15.7429 170 142 105
30.5000 16.0000 -15.8696 169 143 106
31.5000 16.0000 -16.0098 167 143 105
32.5000 16.0000 -16.1624 163 141 104
33.5000 16.0000 -16.3270 154 136 98
34.5000 16.0000 -16.5040 146 130 94
35.5000 16.0000 -16.6947 142 128 93
36.5000 16.0000 -16.9011 143 128 95
37.5000 16.0000 -17.1263 139 124 91
38.5000 16.0000 -17.3748 136 119 89
39.5000 16.0000 -17.6522 132 115 87
40.5000 16.0000 -17.9647 132 112 87
41.5000 16.0000 -18.3185 128 106 82
42.5000 16.0000 -18.7197 123 99 75
43.5000 16.0000 -19.1736 115 93 69
44.5000 16.0000 -19.6854 105 87 63
45.5000 16.0000 -20.2601 103 88 65
46.5000 16.0000 -20.9012 98 86 64
47.5000 16.0000 -21.6092 93 82 64
48.5000 16.0000 -22.3798 83 76 58
49.5000 16.0000 -23.2037 73 67 53
50.5000 16.0000 -24.0683 62 60 47
51.5000 16.0000 -24.9597 55 55 43
52.5000 16.0000 -25.8665 49 51 40
53.5000 16.0000 -26.7814 45 47 36
54.5000 16.0000 -27.7023 42 44 33
55.5000 16.0000 -28.6309 40 42 31
56.5000 16.0000 -29.5710 40 40 28
57.5000 16.0000 -30.5262 41 39 27
58.5000 16.0000 -31.4993 38 34 22
59.5000 16.0000 -32.4918 37 30 20
60.5000 16.0000 -33.5059 41 32 25
61.5000 16.0000 -34.5436 41 30 26
62.5000 16.0000 -35.6051 40 29 25
63.5000 16.0000 -36.6854 37 26 22
64.5000 16.0000 -37.7744 33 23 21
65.5000 16.0000 -38.8628 29 21 18
66.5000 16.0000 -39.9540 23 18 14
67.5000 16.0000 -41.0757 21 18 13
68.5000 16.0000 -42.2840 25 21 18
69.5000 16.0000 -43.6519 21 22 17
70.5000 16.0000 -45.2459 20 20 18
71.5000 16.0000 -47.0981 17 19 16
72.5000 16.0000 -49.1859 12 17 13
-98.5000 15.0000 -54.6145 7 23 10
-97.5000 15.0000 -49.6707 14 30 19
-96.5000 15.0000 -45.3285 16 32 21
-95.5000 15.0000 -41.6606 14 29 22
-94.5000 15.0000 -38.6506 13 28 21
-93.5000 15.0000 -36.2067 17 32 27
-92.5000 15.0000 -34.1975 22 37 32
-91.5000 15.0000 -32.4919 19 34 29
-90.5000 15.0000 -30.9872 24 39 32
-89.5000 15.0000 -29.6185 31 47 37
-88.5000 15.0000 -28.3555 36 52 39
-87.5000 15.0000 -27.1916 39 56 40
-86.5000 15.0000 -26.1336 43 60 41
-85.5000 15.0000 -25.1916 48 65 46
-84.5000 15.0000 -24.3723 56 68 46
-83.5000 15.0000 -23.6733 73 72 52
-82.5000 15.0000 -23.0804 76 69 51
-81.5000 15.0000 -22.5692 74 67 51
-80.5000 15.0000 -22.1097 74 67 51
-79.5000 15.0000 -21.6729 77 69 56
-78.5000 15.0000 -21.2378 82 74 61
-77.5000 15.0000 -20.7943 87 79 68
-76.5000 15.0000 -20.3431 90 82 69
-75.5000 15.0000 -19.8919 98 91 75
-74.5000 15.0000 -19.4512 100 93 75
-73.5000 15.0000 -19.0302 104 97 78
-72.5000 15.0000 -18.6346 110 104 80
-71.5000 15.0000 -18.2669 116 109 81
-70.5000 15.0000 -17.9268 121 115 83
-69.5000 15.0000 -17.6125 124 118 86
-68.5000 15.0000 -17.3207 129 118 86
-67.5000 15.0000 -17.0477 136 115 86
-66.5000 15.0000 -16.7891 142 118 90
-65.5000 15.0000 -16.5414 145 126 96
-64.5000 15.0000 -16.3024 147 132 99
-63.5000 15.0000 -16.0715 148 140 104
-62.5000 15.0000 -15.8498 151 146 108
-61.5000 15.0000 -15.6387 158 150 111
-60.5000 15.0000 -15.4393 163 154 115
-59.5000 15.0000 -15.2520 170 158 118
-58.5000 15.0000 -15.0760 171 156 115
-57.5000 15.0000 -14.9106 175 156 114
-56.5000 15.0000 -14.7551 180 158 117
-55.5000 15.0000 -14.6097 188 165 123
-54.5000 15.0000 -14.4750 192 169 127
-53.5000 15.0000 -14.3517 192 171 128
-52.5000 15.0000 -14.2403 193 169 125
-51.5000 15.0000 -14.1410 211 178 135
-50.5000 15.0000 -14.0530 214 177 133
-49.5000 15.0000 -13.9748 214 177 133
-48.5000 15.0000 -13.9043 215 178 134
-47.5000 15.0000 -13.8393 217 180 136
-46.5000 15.0000 -13.7776 220 183 139
-45.5000 15.0000 -13.7177 223 186 141
-44.5000 15.0000 -13.6590 225 188 143
-43.5000 15.0000 -13.6019 227 191 143
-42.5000 15.0000 -13.5473 226 190 142
-41.5000 15.0000 -13.4968 229 193 143
-40.5000 15.0000 -13.4516 234 198 148
-39.5000 15.0000 -13.4131 234 198 148
-38.5000 15.0000 -13.3826 230 194 144
-37.5000 15.0000 -13.3613 234 198 148
-36.5000 15.0000 -13.3502 241 205 153
-35.5000 15.0000 -13.3496 237 200 148
-34.5000 15.0000 -13.3590 235 198 145
-33.5000 15.0000 -13.3764 234 194 142
-32.5000 15.0000 -13.3991 235 195 143
-31.5000 15.0000 -13.4242 244 203 151
-30.5000 15.0000 -13.4497 249 208 156
-29.5000 15.0000 -13.4751 246 202 153
-28.5000 15.0000 -13.5014 236 194 144
-27.5000 15.0000 -13.5311 236 194 146
-26.5000 15.0000 -13.5671 233 193 144
-25.5000 15.0000 -13.6118 228 190 143
-24.5000 15.0000 -13.6667 222 186 138
-23.5000 15.0000 -13.7312 215 181 133
-22.5000 15.0000 -13.8033 211 179 130
-21.5000 15.0000 -13.8789 209 179 129
-20.5000 15.0000 -13.9532 208 180 132
-19.5000 15.0000 -14.0213 204 176 129
-18.5000 15.0000 -14.0793 197 170 123
-17.5000 15.0000 -14.1251 190 166 118
-16.5000 15.0000 -14.1587 194 170 122
-15.5000 15.0000 -14.1806 202 178 130
-14.5000 15.0000 -14.1911 205 181 133
-13.5000 15.0000 -14.1895 199 177 130
-12.5000 15.0000 -14.1740 192 170 123
-11.5000 15.0000 -14.1438 189 166 122
-10.5000 15.0000 -14.1001 190 169 124
-9.5000 15.0000 -14.0475 196 175 132
-8.5000 15.0000 -13.9940 206 185 142
-7.5000 15.0000 -13.9489 213 194 151
-6.5000 15.0000 -13.9208 217 198 155
-5.5000 15.0000 -13.9164 214 195 152
-4.5000 15.0000 -13.9396 211 190 145
-3.5000 15.0000 -13.9927 202 180 131
-2.5000 15.0000 -14.0786 207 185 135
-1.5000 15.0000 -14.2021 209 185 137
-0.5000 15.0000 -14.3706 204 182 133
0.5000 15.0000 -14.5916 202 180 133
1.5000 15.0000 -14.8699 198 177 132
2.5000 15.0000 -15.2030 185 166 124
3.5000 15.0000 -15.5794 172 154 114
4.5000 15.0000 -15.9793 159 141 105
5.5000 15.0000 -16.3791 140 124 91
6.5000 15.0000 -16.7555 137 122 91
7.5000 15.0000 -17.0889 129 115 86
8.5000 15.0000 -17.3633 126 112 85
9.5000 15.0000 -17.5638 125 113 87
10.5000 15.0000 -17.6754 119 104 81
11.5000 15.0000 -17.6844 126 116 91
12.5000 15.0000 -17.5836 116 111 82
13.5000 15.0000 -17.3786 126 121 91
14.5000 15.0000 -17.0911 142 131 101
15.5000 15.0000 -16.7562 157 142 109
16.5000 15.0000 -16.4148 172 149 117
17.5000 15.0000 -16.1029 181 152 118
18.5000 15.0000 -15.8439 180 146 109
19.5000 15.0000 -15.6458 175 137 100
20.5000 15.0000 -15.5046 188 149 110
21.5000 15.0000 -15.4101 182 145 103
22.5000 15.0000 -15.3518 181 146 104
23.5000 15.0000 -15.3229 185 154 108
24.5000 15.0000 -15.3201 182 158 110
25.5000 15.0000 -15.3428 175 155 105
26.5000 15.0000 -15.3907 170 152 104
27.5000 15.0000 -15.4628 174 153 108
28.5000 15.0000 -15.5568 172 144 105
29.5000 15.0000 -15.6698 175 143 105
30.5000 15.0000 -15.7983 172 142 106
31.5000 15.0000 -15.9399 167 141 104
32.5000 15.0000 -16.0931 163 139 103
33.5000 15.0000 -16.2575 158 136 99
34.5000 15.0000 -16.4339 152 132 97
35.5000 15.0000 -16.6238 149 130 97
36.5000 15.0000 -16.8295 146 127 95
37.5000 15.0000 -17.0539 137 121 88
38.5000 15.0000 -17.3011 134 115 85
39.5000 15.0000 -17.5763 135 114 85
40.5000 15.0000 -17.8852 139 115 89
41.5000 15.0000 -18.2340 139 113 88
42.5000 15.0000 -18.6283 132 104 82
43.5000 15.0000 -19.0737 123 97 74
44.5000 15.0000 -19.5755 112 90 67
45.5000 15.0000 -20.1390 107 89 67
46.5000 15.0000 -20.7678 103 86 66
47.5000 15.0000 -21.4632 95 82 63
48.5000 15.0000 -22.2220 85 76 59
49.5000 15.0000 -23.0362 76 68 55
50.5000 15.0000 -23.8940 66 62 50
51.5000 15.0000 -24.7821 61 59 47
52.5000 15.0000 -25.6880 53 50 41
53.5000 15.0000 -26.6025 48 48 40
54.5000 15.0000 -27.5213 44 44 34
55.5000 15.0000 -28.4445 45 42 33
56.5000 15.0000 -29.3760 46 42 31
57.5000 15.0000 -30.3212 44 40 29
58.5000 15.0000 -31.2857 43 37 25
59.5000 15.0000 -32.2740 40 31 22
60.5000 15.0000 -33.2894 42 31 27
61.5000 15.0000 -34.3333 43 29 28
62.5000 15.0000 -35.4035 38 27 25
63.5000 15.0000 -36.4914 35 24 22
64.5000 15.0000 -37.5832 32 22 21
65.5000 15.0000 -38.6666 29 21 19
66.5000 15.0000 -39.7439 26 21 18
67.5000 15.0000 -40.8441 25 21 18
68.5000 15.0000 -42.0273 28 24 23
69.5000 15.0000 -43.3738 24 24 22
70.5000 15.0000 -44.9599 21 21 21
71.5000 15.0000 -46.8284 17 19 18
72.5000 15.0000 -48.9676 12 16 15
73.5000 15.0000 -51.3064 9 15 13
-99.5000 14.0000 -59.2596 3 19 9
-98.5000 14.0000 -53.6884 9 27 15
-97.5000 14.0000 -48.6570 16 34 22
-96.5000 14.0000 -44.3204 18 34 23
-95.5000 14.0000 -40.7444 15 31 21
-94.5000 14.0000 -37.8896 13 29 19
-93.5000 14.0000 -35.6327 19 32 25
-92.5000 14.0000 -33.8122 24 37 30
-91.5000 14.0000 -32.2743 22 35 28
-90.5000 14.0000 -30.9037 28 41 32
-89.5000 14.0000 -29.6315 35 48 38
-88.5000 14.0000 -28.4289 40 54 41
-87.5000 14.0000 -27.2942 43 57 42
-86.5000 14.0000 -26.2396 45 59 42
-85.5000 14.0000 -25.2818 49 64 45
-84.5000 14.0000 -24.4342 54 66 46
-83.5000 14.0000 -23.7018 71 73 52
-82.5000 14.0000 -23.0772 75 70 50
-81.5000 14.0000 -22.5414 73 68 48
-80.5000 14.0000 -22.0670 73 68 49
-79.5000 14.0000 -21.6249 76 71 52
-78.5000 14.0000 -21.1912 78 75 56
-77.5000 14.0000 -20.7517 85 79 63
-76.5000 14.0000 -20.3032 87 84 67
-75.5000 14.0000 -19.8511 95 89 73
-74.5000 14.0000 -19.4055 98 93 74
-73.5000 14.0000 -18.9763 103 98 78
-72.5000 14.0000 -18.5713 109 104 82
-71.5000 14.0000 -18.1946 116 110 84
-70.5000 14.0000 -17.8471 122 115 87
-69.5000 14.0000 -17.5277 126 119 90
-68.5000 14.0000 -17.2334 131 120 90
-67.5000 14.0000 -16.9600 137 120 92
-66.5000 14.0000 -16.7030 144 124 97
-65.5000 14.0000 -16.4582 148 131 103
-64.5000 14.0000 -16.2231 150 136 107
-63.5000 14.0000 -15.9966 149 138 106
-62.5000 14.0000 -15.7796 151 143 107
-61.5000 14.0000 -15.5734 157 147 111
-60.5000 14.0000 -15.3791 163 151 113
-59.5000 14.0000 -15.1969 171 157 120
-58.5000 14.0000 -15.0262 173 155 117
-57.5000 14.0000 -14.8659 176 154 115
-56.5000 14.0000 -14.7154 182 158 120
-55.5000 14.0000 -14.5744 189 166 125
-54.5000 14.0000 -14.4431 196 171 131
-53.5000 14.0000 -14.3221 197 174 133
-52.5000 14.0000 -14.2120 199 171 131
-51.5000 14.0000 -14.1129 212 181 137
-50.5000 14.0000 -14.0243 213 179 133
-49.5000 14.0000 -13.9449 213 179 133
-48.5000 14.0000 -13.8729 214 180 134
-47.5000 14.0000 -13.8063 216 182 136
-46.5000 14.0000 -13.7432 221 184 139
-45.5000 14.0000 -13.6823 224 188 140
-44.5000 14.0000 -13.6232 226 190 142
-43.5000 14.0000 -13.5665 229 193 143
-42.5000 14.0000 -13.5132 226 190 140
-41.5000 14.0000 -13.4645 229 193 143
-40.5000 14.0000 -13.4218 235 199 147
-39.5000 14.0000 -13.3859 232 199 146
-38.5000 14.0000 -13.3581 228 195 142
-37.5000 14.0000 -13.3393 231 198 145
-36.5000 14.0000 -13.3306 239 206 153
-35.5000 14.0000 -13.3322 246 209 157
-34.5000 14.0000 -13.3436 244 207 155
-33.5000 14.0000 -13.3628 238 201 149
-32.5000 14.0000 -13.3872 236 196 145
-31.5000 14.0000 -13.4140 243 203 152
-30.5000 14.0000 -13.4410 249 209 158
-29.5000 14.0000 -13.4676 240 200 151
-28.5000 14.0000 -13.4944 223 183 134
-27.5000 14.0000 -13.5233 219 181 132
-26.5000 14.0000 -13.5566 223 187 139
-25.5000 14.0000 -13.5963 228 192 144
-24.5000 14.0000 -13.6437 227 193 145
-23.5000 14.0000 -13.6983 220 188 139
-22.5000 14.0000 -13.7582 212 182 132
-21.5000 14.0000 -13.8198 204 176 126
-20.5000 14.0000 -13.8784 200 174 125
-19.5000 14.0000 -13.9295 199 172 125
-18.5000 14.0000 -13.9695 194 167 120
-17.5000 14.0000 -13.9973 192 165 120
-16.5000 14.0000 -14.0134 197 173 125
-15.5000 14.0000 -14.0194 210 183 136
-14.5000 14.0000 -14.0164 213 189 141
-13.5000 14.0000 -14.0040 209 185 139
-12.5000 14.0000 -13.9812 203 179 133
-11.5000 14.0000 -13.9471 207 185 138
-10.5000 14.0000 -13.9029 205 183 136
-9.5000 14.0000 -13.8532 205 183 136
-8.5000 14.0000 -13.8049 211 189 142
-7.5000 14.0000 -13.7667 218 197 150
-6.5000 14.0000 -13.7465 220 199 152
-5.5000 14.0000 -13.7503 216 195 148
-4.5000 14.0000 -13.7819 211 189 140
-3.5000 14.0000 -13.8441 201 178 128
-2.5000 14.0000 -13.9406 214 191 141
-1.5000 14.0000 -14.0770 221 197 149
-0.5000 14.0000 -14.2607 214 192 143
0.5000 14.0000 -14.4986 203 182 137
1.5000 14.0000 -14.7930 193 174 131
2.5000 14.0000 -15.1376 184 167 124
3.5000 14.0000 -15.5162 176 161 122
4.5000 14.0000 -15.9041 142 126 90
5.5000 14.0000 -16.2738 126 111 78
6.5000 14.0000 -16.6002 128 115 83
7.5000 14.0000 -16.8650 125 114 84
8.5000 14.0000 -17.0569 129 118 90
9.5000 14.0000 -17.1689 133 123 96
10.5000 14.0000 -17.1963 130 118 92
11.5000 14.0000 -17.1365 142 132 105
12.5000 14.0000 -16.9923 126 120 88
13.5000 14.0000 -16.7756 141 133 97
14.5000 14.0000 -16.5093 155 142 107
15.5000 14.0000 -16.2237 164 148 112
16.5000 14.0000 -15.9509 178 156 119
17.5000 14.0000 -15.7162 190 162 125
18.5000 14.0000 -15.5330 191 157 120
19.5000 14.0000 -15.4024 181 146 106
20.5000 14.0000 -15.3166 189 151 112
21.5000 14.0000 -15.2647 182 147 105
22.5000 14.0000 -15.2374 183 150 107
23.5000 14.0000 -15.2297 189 161 114
24.5000 14.0000 -15.2410 189 165 119
25.5000 14.0000 -15.2725 181 159 112
26.5000 14.0000 -15.3260 172 154 106
27.5000 14.0000 -15.4018 173 152 107
28.5000 14.0000 -15.4988 176 148 108
29.5000 14.0000 -15.6141 175 146 106
30.5000 14.0000 -15.7444 172 142 104
31.5000 14.0000 -15.8872 167 139 100
32.5000 14.0000 -16.0406 162 136 99
33.5000 14.0000 -16.2047 158 134 96
34.5000 14.0000 -16.3803 156 134 97
35.5000 14.0000 -16.5695 155 132 98
36.5000 14.0000 -16.7747 145 125 92
37.5000 14.0000 -16.9988 138 118 85
38.5000 14.0000 -17.2455 132 111 80
39.5000 14.0000 -17.5192 135 114 83
40.5000 14.0000 -17.8251 144 120 92
41.5000 14.0000 -18.1689 146 120 93
42.5000 14.0000 -18.5565 138 112 87
43.5000 14.0000 -18.9935 128 104 80
44.5000 14.0000 -19.4855 113 93 69
45.5000 14.0000 -20.0377 108 92 69
46.5000 14.0000 -20.6540 103 88 67
47.5000 14.0000 -21.3357 95 82 63
48.5000 14.0000 -22.0806 85 77 58
49.5000 14.0000 -22.8819 77 70 54
50.5000 14.0000 -23.7292 68 65 50
51.5000 14.0000 -24.6102 63 61 48
52.5000 14.0000 -25.5120 55 53 41
53.5000 14.0000 -26.4242 52 49 40
54.5000 14.0000 -27.3401 47 47 35
55.5000 14.0000 -28.2581 47 45 33
56.5000 14.0000 -29.1817 47 45 33
57.5000 14.0000 -30.1177 47 43 32
58.5000 14.0000 -31.0746 43 39 27
59.5000 14.0000 -32.0596 42 35 25
60.5000 14.0000 -33.0778 41 30 24
61.5000 14.0000 -34.1303 39 28 24
62.5000 14.0000 -35.2126 36 25 21
63.5000 14.0000 -36.3127 33 24 19
64.5000 14.0000 -37.4132 32 22 20
65.5000 14.0000 -38.4989 31 23 20
66.5000 14.0000 -39.5702 29 24 20
67.5000 14.0000 -40.6562 29 25 22
68.5000 14.0000 -41.8202 31 27 24
69.5000 14.0000 -43.1488 27 26 24
70.5000 14.0000 -44.7278 22 22 22
71.5000 14.0000 -46.6121 17 19 18
72.5000 14.0000 -48.8031 12 16 15
73.5000 14.0000 -51.2401 9 15 13
74.5000 14.0000 -53.8095 10 14 15
75.5000 14.0000 -56.3653 10 14 13
112.5000 14.0000 -113.9482 18 12 14
-98.5000 13.0000 -52.8876 5 22 12
-97.5000 13.0000 -47.7663 15 31 21
-96.5000 13.0000 -43.4137 21 34 24
-95.5000 13.0000 -39.8977 19 31 21
-94.5000 13.0000 -37.1639 16 26 15
-93.5000 13.0000 -35.0642 17 25 14
-92.5000 13.0000 -33.4108 19 25 13
-91.5000 13.0000 -32.0285 27 33 21
-90.5000 13.0000 -30.7878 34 37 26
-89.5000 13.0000 -29.6138 39 43 29
-88.5000 13.0000 -28.4770 41 45 31
-87.5000 13.0000 -27.3781 39 45 33
-86.5000 13.0000 -26.3338 45 51 39
-85.5000 13.0000 -25.3664 54 62 49
-84.5000 13.0000 -24.4953 65 72 56
-83.5000 13.0000 -23.7322 70 72 51
-82.5000 13.0000 -23.0767 78 78 54
-81.5000 13.0000 -22.5153 81 84 57
-80.5000 13.0000 -22.0244 80 83 54
-79.5000 13.0000 -21.5753 76 79 50
-78.5000 13.0000 -21.1421 74 79 49
-77.5000 13.0000 -20.7068 80 83 56
-76.5000 13.0000 -20.2624 84 88 63
-75.5000 13.0000 -19.8116 89 91 69
-74.5000 13.0000 -19.3633 100 102 80
-73.5000 13.0000 -18.9281 107 106 86
-72.5000 13.0000 -18.5149 106 104 83
-71.5000 13.0000 -18.1295 112 107 85
-70.5000 13.0000 -17.7742 125 119 95
-69.5000 13.0000 -17.4487 133 127 101
-68.5000 13.0000 -17.1504 133 126 98
-67.5000 13.0000 -16.8752 137 125 99
-66.5000 13.0000 -16.6183 143 129 102
-65.5000 13.0000 -16.3753 147 133 104
-64.5000 13.0000 -16.1430 149 136 104
-63.5000 13.0000 -15.9200 151 138 104
-62.5000 13.0000 -15.7068 155 142 107
-61.5000 13.0000 -15.5045 162 148 111
-60.5000 13.0000 -15.3142 169 154 115
-59.5000 13.0000 -15.1363 167 149 109
-58.5000 13.0000 -14.9702 175 153 114
-57.5000 13.0000 -14.8150 183 160 119
-56.5000 13.0000 -14.6698 189 164 124
-55.5000 13.0000 -14.5339 194 166 129
-54.5000 13.0000 -14.4073 198 170 133
-53.5000 13.0000 -14.2901 204 174 138
-52.5000 13.0000 -14.1827 207 178 138
-51.5000 13.0000 -14.0852 206 178 131
-50.5000 13.0000 -13.9972 211 183 133
-49.5000 13.0000 -13.9178 217 187 137
-48.5000 13.0000 -13.8454 216 186 136
-47.5000 13.0000 -13.7783 213 181 130
-46.5000 13.0000 -13.7149 214 181 130
-45.5000 13.0000 -13.6543 219 186 133
-44.5000 13.0000 -13.5961 224 191 138
-43.5000 13.0000 -13.5412 226 190 138
-42.5000 13.0000 -13.4905 229 194 140
-41.5000 13.0000 -13.4453 231 198 144
-40.5000 13.0000 -13.4063 234 201 147
-39.5000 13.0000 -13.3744 233 202 145
-38.5000 13.0000 -13.3503 232 201 144
-37.5000 13.0000 -13.3348 228 199 141
-36.5000 13.0000 -13.3287 227 196 141
-35.5000 13.0000 -13.3323 245 209 159
-34.5000 13.0000 -13.3450 240 202 155
-33.5000 13.0000 -13.3649 234 196 149
-32.5000 13.0000 -13.3893 230 194 146
-31.5000 13.0000 -13.4152 232 196 148
-30.5000 13.0000 -13.4407 234 198 150
-29.5000 13.0000 -13.4648 232 198 150
-28.5000 13.0000 -13.4881 230 198 149
-27.5000 13.0000 -13.5121 218 188 138
-26.5000 13.0000 -13.5387 220 192 144
-25.5000 13.0000 -13.5698 219 191 143
-24.5000 13.0000 -13.6065 213 187 138
-23.5000 13.0000 -13.6487 211 188 138
-22.5000 13.0000 -13.6947 211 189 139
-21.5000 13.0000 -13.7411 205 183 133
-20.5000 13.0000 -13.7836 194 172 122
-19.5000 13.0000 -13.8178 202 175 130
-18.5000 13.0000 -13.8410 204 175 131
-17.5000 13.0000 -13.8524 206 177 135
-16.5000 13.0000 -13.8534 205 178 133
-15.5000 13.0000 -13.8462 207 178 134
-14.5000 13.0000 -13.8325 207 180 135
-13.5000 13.0000 -13.8125 207 180 133
-12.5000 13.0000 -13.7853 206 179 132
-11.5000 13.0000 -13.7503 209 183 134
-10.5000 13.0000 -13.7088 214 188 139
-9.5000 13.0000 -13.6647 216 190 141
-8.5000 13.0000 -13.6246 214 188 137
-7.5000 13.0000 -13.5959 219 193 142
-6.5000 13.0000 -13.5855 228 202 151
-5.5000 13.0000 -13.5988 232 206 155
-4.5000 13.0000 -13.6399 230 204 153
-3.5000 13.0000 -13.7120 205 177 130
-2.5000 13.0000 -13.8199 218 189 145
-1.5000 13.0000 -13.9701 220 193 150
-0.5000 13.0000 -14.1699 207 183 139
0.5000 13.0000 -14.4250 200 177 136
1.5000 13.0000 -14.7350 198 179 139
2.5000 13.0000 -15.0899 190 172 134
3.5000 13.0000 -15.4693 175 159 123
4.5000 13.0000 -15.8448 146 132 97
5.5000 13.0000 -16.1864 127 114 80
6.5000 13.0000 -16.4685 127 116 84
7.5000 13.0000 -16.6749 128 119 86
8.5000 13.0000 -16.7983 137 128 97
9.5000 13.0000 -16.8385 141 135 103
10.5000 13.0000 -16.7988 130 121 90
11.5000 13.0000 -16.6853 133 124 91
12.5000 13.0000 -16.5084 140 128 88
13.5000 13.0000 -16.2844 155 142 98
14.5000 13.0000 -16.0364 170 155 112
15.5000 13.0000 -15.7907 180 161 119
16.5000 13.0000 -15.5721 186 165 122
17.5000 13.0000 -15.3974 189 164 123
18.5000 13.0000 -15.2731 185 156 116
19.5000 13.0000 -15.1951 175 146 104
20.5000 13.0000 -15.1532 185 153 112
21.5000 13.0000 -15.1363 183 151 110
22.5000 13.0000 -15.1356 180 151 109
23.5000 13.0000 -15.1477 180 153 108
24.5000 13.0000 -15.1729 182 158 114
25.5000 13.0000 -15.2140 182 159 115
26.5000 13.0000 -15.2741 182 159 115
27.5000 13.0000 -15.3546 180 157 113
28.5000 13.0000 -15.4549 188 165 121
29.5000 13.0000 -15.5727 177 153 109
30.5000 13.0000 -15.7048 165 140 99
31.5000 13.0000 -15.8484 162 137 96
32.5000 13.0000 -16.0018 165 140 100
33.5000 13.0000 -16.1650 166 141 101
34.5000 13.0000 -16.3397 159 133 96
35.5000 13.0000 -16.5282 151 125 88
36.5000 13.0000 -16.7333 150 126 90
37.5000 13.0000 -16.9579 141 117 83
38.5000 13.0000 -17.2050 141 118 86
39.5000 13.0000 -17.4783 139 119 86
40.5000 13.0000 -17.7824 131 110 79
41.5000 13.0000 -18.1224 130 109 78
42.5000 13.0000 -18.5040 130 109 80
43.5000 13.0000 -18.9333 117 100 72
44.5000 13.0000 -19.4160 113 101 75
45.5000 13.0000 -19.9573 106 96 71
46.5000 13.0000 -20.5608 96 88 65
47.5000 13.0000 -21.2280 89 81 58
48.5000 13.0000 -21.9570 83 77 55
49.5000 13.0000 -22.7423 77 72 52
50.5000 13.0000 -23.5755 69 66 47
51.5000 13.0000 -24.4453 64 63 45
52.5000 13.0000 -25.3396 60 58 43
53.5000 13.0000 -26.2468 58 59 43
54.5000 13.0000 -27.1583 51 53 39
55.5000 13.0000 -28.0708 41 43 29
56.5000 13.0000 -28.9870 40 42 28
57.5000 13.0000 -29.9149 44 46 32
58.5000 13.0000 -30.8652 42 44 31
59.5000 13.0000 -31.8484 35 36 22
60.5000 13.0000 -32.8714 47 41 29
61.5000 13.0000 -33.9355 40 32 21
62.5000 13.0000 -35.0342 37 29 18
63.5000 13.0000 -36.1526 40 32 21
64.5000 13.0000 -37.2695 38 29 20
65.5000 13.0000 -38.3664 28 21 13
66.5000 13.0000 -39.4410 19 15 6
67.5000 13.0000 -40.5220 18 15 8
68.5000 13.0000 -41.6738 24 20 17
69.5000 13.0000 -42.9883 22 21 17
70.5000 13.0000 -44.5600 21 21 19
71.5000 13.0000 -46.4562 18 20 19
72.5000 13.0000 -48.6914 16 18 17
73.5000 13.0000 -51.2164 11 15 16
-98.5000 12.0000 -52.1900 4 19 12
-97.5000 12.0000 -46.9761 17 30 21
-96.5000 12.0000 -42.5896 23 35 25
-95.5000 12.0000 -39.1057 25 33 22
-94.5000 12.0000 -36.4613 23 29 17
-93.5000 12.0000 -34.4896 25 29 15
-92.5000 12.0000 -32.9804 28 30 17
-91.5000 12.0000 -31.7390 36 37 23
-90.5000 12.0000 -30.6219 40 41 27
-89.5000 12.0000 -29.5462 43 44 30
-88.5000 12.0000 -28.4797 43 44 30
-87.5000 12.0000 -27.4241 42 42 30
-86.5000 12.0000 -26.3992 44 46 35
-85.5000 12.0000 -25.4312 52 53 45
-84.5000 12.0000 -24.5449 60 62 49
-83.5000 12.0000 -23.7579 69 71 50
-82.5000 12.0000 -23.0757 74 76 52
-81.5000 12.0000 -22.4908 80 83 54
-80.5000 12.0000 -21.9834 79 84 52
-79.5000 12.0000 -21.5265 75 80 48
-78.5000 12.0000 -21.0930 73 80 46
-77.5000 12.0000 -20.6620 77 84 51
-76.5000 12.0000 -20.2229 82 89 58
-75.5000 12.0000 -19.7753 90 96 70
-74.5000 12.0000 -19.3265 97 101 78
-73.5000 12.0000 -18.8872 103 105 84
-72.5000 12.0000 -18.4673 107 106 85
-71.5000 12.0000 -18.0738 114 109 89
-70.5000 12.0000 -17.7105 122 117 95
-69.5000 12.0000 -17.3780 130 124 98
-68.5000 12.0000 -17.0743 134 127 99
-67.5000 12.0000 -16.7958 138 128 101
-66.5000 12.0000 -16.5375 141 132 103
-65.5000 12.0000 -16.2948 146 135 107
-64.5000 12.0000 -16.0638 149 138 106
-63.5000 12.0000 -15.8429 154 139 106
-62.5000 12.0000 -15.6321 158 144 107
-61.5000 12.0000 -15.4325 168 150 114
-60.5000 12.0000 -15.2453 173 155 115
-59.5000 12.0000 -15.0709 172 150 111
-58.5000 12.0000 -14.9092 177 155 114
-57.5000 12.0000 -14.7592 185 160 120
-56.5000 12.0000 -14.6198 190 165 125
-55.5000 12.0000 -14.4901 196 166 130
-54.5000 12.0000 -14.3694 199 169 133
-53.5000 12.0000 -14.2576 205 172 137
-52.5000 12.0000 -14.1544 206 177 137
-51.5000 12.0000 -14.0599 211 185 136
-50.5000 12.0000 -13.9738 210 185 131
-49.5000 12.0000 -13.8952 210 185 131
-48.5000 12.0000 -13.8233 213 186 133
-47.5000 12.0000 -13.7565 217 187 135
-46.5000 12.0000 -13.6937 221 190 136
-45.5000 12.0000 -13.6342 222 189 136
-44.5000 12.0000 -13.5780 222 189 135
-43.5000 12.0000 -13.5259 229 194 140
-42.5000 12.0000 -13.4789 230 195 141
-41.5000 12.0000 -13.4379 231 198 144
-40.5000 12.0000 -13.4035 234 202 145
-39.5000 12.0000 -13.3761 233 202 145
-38.5000 12.0000 -13.3560 232 203 143
-37.5000 12.0000 -13.3437 230 201 141
-36.5000 12.0000 -13.3399 229 200 144
-35.5000 12.0000 -13.3448 239 205 157
-34.5000 12.0000 -13.3577 237 200 155
-33.5000 12.0000 -13.3765 229 195 149
-32.5000 12.0000 -13.3985 225 191 145
-31.5000 12.0000 -13.4208 223 189 143
-30.5000 12.0000 -13.4414 223 191 144
-29.5000 12.0000 -13.4593 222 191 144
-28.5000 12.0000 -13.4751 220 192 144
-27.5000 12.0000 -13.4903 213 185 137
-26.5000 12.0000 -13.5067 214 188 139
-25.5000 12.0000 -13.5261 210 187 137
-24.5000 12.0000 -13.5498 204 182 132
-23.5000 12.0000 -13.5779 205 183 133
-22.5000 12.0000 -13.6090 208 186 136
-21.5000 12.0000 -13.6400 204 184 133
-20.5000 12.0000 -13.6669 197 175 126
-19.5000 12.0000 -13.6860 196 169 124
-18.5000 12.0000 -13.6948 202 173 131
-17.5000 12.0000 -13.6931 213 184 142
-16.5000 12.0000 -13.6829 224 195 151
-15.5000 12.0000 -13.6665 227 198 154
-14.5000 12.0000 -13.6460 224 196 149
-13.5000 12.0000 -13.6217 219 191 144
-12.5000 12.0000 -13.5931 216 188 140
-11.5000 12.0000 -13.5597 218 190 140
-10.5000 12.0000 -13.5230 223 195 145
-9.5000 12.0000 -13.4866 224 197 144
-8.5000 12.0000 -13.4562 222 195 142
-7.5000 12.0000 -13.4380 224 197 142
-6.5000 12.0000 -13.4383 230 203 148
-5.5000 12.0000 -13.4617 231 204 149
-4.5000 12.0000 -13.5125 228 201 148
-3.5000 12.0000 -13.5951 213 184 140
-2.5000 12.0000 -13.7150 218 191 148
-1.5000 12.0000 -13.8798 214 189 148
-0.5000 12.0000 -14.0965 204 181 139
0.5000 12.0000 -14.3691 201 179 140
1.5000 12.0000 -14.6942 201 181 144
2.5000 12.0000 -15.0581 187 171 135
3.5000 12.0000 -15.4367 169 155 120
4.5000 12.0000 -15.7990 146 131 98
5.5000 12.0000 -16.1137 129 116 82
6.5000 12.0000 -16.3561 130 119 87
7.5000 12.0000 -16.5122 132 121 89
8.5000 12.0000 -16.5789 139 130 97
9.5000 12.0000 -16.5612 144 135 102
10.5000 12.0000 -16.4689 131 122 89
11.5000 12.0000 -16.3144 138 125 90
12.5000 12.0000 -16.1135 149 134 91
13.5000 12.0000 -15.8854 163 146 100
14.5000 12.0000 -15.6528 176 158 112
15.5000 12.0000 -15.4384 183 162 117
16.5000 12.0000 -15.2610 188 165 121
17.5000 12.0000 -15.1316 191 167 123
18.5000 12.0000 -15.0513 186 159 116
19.5000 12.0000 -15.0132 178 149 107
20.5000 12.0000 -15.0056 183 151 110
21.5000 12.0000 -15.0173 180 151 109
22.5000 12.0000 -15.0401 180 151 109
23.5000 12.0000 -15.0709 181 154 111
24.5000 12.0000 -15.1107 184 157 114
25.5000 12.0000 -15.1629 183 159 115
26.5000 12.0000 -15.2311 180 156 112
27.5000 12.0000 -15.3174 177 154 110
28.5000 12.0000 -15.4218 180 159 112
29.5000 12.0000 -15.5423 171 150 103
30.5000 12.0000 -15.6759 162 139 95
31.5000 12.0000 -15.8200 159 136 92
32.5000 12.0000 -15.9730 165 137 97
33.5000 12.0000 -16.1354 165 137 97
34.5000 12.0000 -16.3092 161 133 94
35.5000 12.0000 -16.4973 155 127 90
36.5000 12.0000 -16.7030 156 130 95
37.5000 12.0000 -16.9289 145 121 85
38.5000 12.0000 -17.1776 144 120 86
39.5000 12.0000 -17.4519 140 120 85
40.5000 12.0000 -17.7555 131 111 78
41.5000 12.0000 -18.0929 128 109 76
42.5000 12.0000 -18.4699 124 108 75
43.5000 12.0000 -18.8925 112 99 67
44.5000 12.0000 -19.3666 112 102 75
45.5000 12.0000 -19.8974 103 97 71
46.5000 12.0000 -20.4881 95 89 65
47.5000 12.0000 -21.1400 88 82 58
48.5000 12.0000 -21.8515 82 77 55
49.5000 12.0000 -22.6186 75 73 50
50.5000 12.0000 -23.4344 69 67 46
51.5000 12.0000 -24.2896 64 63 42
52.5000 12.0000 -25.1727 57 58 40
53.5000 12.0000 -26.0718 55 58 39
54.5000 12.0000 -26.9768 48 51 34
55.5000 12.0000 -27.8824 39 43 26
56.5000 12.0000 -28.7907 35 42 26
57.5000 12.0000 -29.7105 39 46 30
58.5000 12.0000 -30.6551 36 42 28
59.5000 12.0000 -31.6377 33 35 21
60.5000 12.0000 -32.6679 38 35 20
61.5000 12.0000 -33.7472 35 28 12
62.5000 12.0000 -34.8678 34 26 13
63.5000 12.0000 -36.0113 37 31 17
64.5000 12.0000 -37.1527 38 32 20
65.5000 12.0000 -38.2696 29 25 14
66.5000 12.0000 -39.3565 25 21 12
67.5000 12.0000 -40.4402 25 22 15
68.5000 12.0000 -41.5857 22 21 16
69.5000 12.0000 -42.8884 22 21 17
70.5000 12.0000 -44.4501 21 21 19
71.5000 12.0000 -46.3487 19 19 17
72.5000 12.0000 -48.6109 16 17 19
73.5000 12.0000 -51.1971 13 14 16
-98.5000 11.0000 -51.5677 6 19 12
-97.5000 11.0000 -46.2614 19 30 22
-96.5000 11.0000 -41.8296 27 37 28
-95.5000 11.0000 -38.3571 29 37 26
-94.5000 11.0000 -35.7759 29 35 23
-93.5000 11.0000 -33.9049 33 35 22
-92.5000 11.0000 -32.5160 36 37 23
-91.5000 11.0000 -31.3978 27 28 14
-90.5000 11.0000 -30.3936 34 32 19
-89.5000 11.0000 -29.4125 39 37 24
-88.5000 11.0000 -28.4183 40 41 27
-87.5000 11.0000 -27.4124 43 43 31
-86.5000 11.0000 -26.4162 48 50 37
-85.5000 11.0000 -25.4589 57 59 48
-84.5000 11.0000 -24.5689 65 67 54
-83.5000 11.0000 -23.7680 69 68 50
-82.5000 11.0000 -23.0671 74 73 52
-81.5000 11.0000 -22.4636 80 80 54
-80.5000 11.0000 -21.9420 79 82 53
-79.5000 11.0000 -21.4778 75 80 48
-78.5000 11.0000 -21.0441 74 79 47
-77.5000 11.0000 -20.6177 77 82 52
-76.5000 11.0000 -20.1849 81 86 56
-75.5000 11.0000 -19.7424 95 99 74
-74.5000 11.0000 -19.2954 97 99 75
-73.5000 11.0000 -18.8540 104 103 82
-72.5000 11.0000 -18.4287 111 109 88
-71.5000 11.0000 -18.0278 116 111 89
-70.5000 11.0000 -17.6563 120 114 90
-69.5000 11.0000 -17.3160 128 121 93
-68.5000 11.0000 -17.0058 135 128 100
-67.5000 11.0000 -16.7225 140 130 103
-66.5000 11.0000 -16.4612 142 133 104
-65.5000 11.0000 -16.2170 147 136 108
-64.5000 11.0000 -15.9858 150 139 107
-63.5000 11.0000 -15.7655 157 142 109
-62.5000 11.0000 -15.5558 161 147 110
-61.5000 11.0000 -15.3579 170 152 116
-60.5000 11.0000 -15.1729 174 156 116
-59.5000 11.0000 -15.0017 176 154 115
-58.5000 11.0000 -14.8442 181 159 118
-57.5000 11.0000 -14.6997 188 163 123
-56.5000 11.0000 -14.5668 192 167 127
-55.5000 11.0000 -14.4443 196 166 130
-54.5000 11.0000 -14.3310 198 168 132
-53.5000 11.0000 -14.2259 204 171 136
-52.5000 11.0000 -14.1284 205 176 136
-51.5000 11.0000 -14.0381 213 189 141
-50.5000 11.0000 -13.9547 208 185 133
-49.5000 11.0000 -13.8779 205 182 130
-48.5000 11.0000 -13.8069 211 186 132
-47.5000 11.0000 -13.7410 222 192 140
-46.5000 11.0000 -13.6794 226 194 143
-45.5000 11.0000 -13.6217 224 191 140
-44.5000 11.0000 -13.5681 220 187 134
-43.5000 11.0000 -13.5193 233 197 145
-42.5000 11.0000 -13.4764 233 198 144
-41.5000 11.0000 -13.4399 234 199 145
-40.5000 11.0000 -13.4101 232 199 145
-39.5000 11.0000 -13.3870 232 199 145
-38.5000 11.0000 -13.3703 232 201 144
-37.5000 11.0000 -13.3605 232 201 144
-36.5000 11.0000 -13.3578 232 201 146
-35.5000 11.0000 -13.3625 232 200 151
-34.5000 11.0000 -13.3735 230 198 151
-33.5000 11.0000 -13.3891 225 193 146
-32.5000 11.0000 -13.4062 219 187 140
-31.5000 11.0000 -13.4220 214 182 135
-30.5000 11.0000 -13.4345 212 181 134
-29.5000 11.0000 -13.4430 214 183 136
-28.5000 11.0000 -13.4482 214 186 138
-27.5000 11.0000 -13.4517 213 185 137
-26.5000 11.0000 -13.4554 213 187 138
-25.5000 11.0000 -13.4613 210 184 135
-24.5000 11.0000 -13.4708 205 182 132
-23.5000 11.0000 -13.4842 208 185 135
-22.5000 11.0000 -13.5004 213 190 140
-21.5000 11.0000 -13.5168 212 189 139
-20.5000 11.0000 -13.5300 208 184 136
-19.5000 11.0000 -13.5365 203 174 130
-18.5000 11.0000 -13.5344 206 177 135
-17.5000 11.0000 -13.5238 218 189 145
-16.5000 11.0000 -13.5067 234 205 161
-15.5000 11.0000 -13.4856 238 209 165
-14.5000 11.0000 -13.4622 230 202 155
-13.5000 11.0000 -13.4371 224 196 149
-12.5000 11.0000 -13.4097 224 196 148
-11.5000 11.0000 -13.3801 227 199 149
-10.5000 11.0000 -13.3496 233 205 155
-9.5000 11.0000 -13.3216 234 207 154
-8.5000 11.0000 -13.3012 230 203 150
-7.5000 11.0000 -13.2937 230 203 148
-6.5000 11.0000 -13.3043 232 205 150
-5.5000 11.0000 -13.3376 229 202 147
-4.5000 11.0000 -13.3979 222 197 143
-3.5000 11.0000 -13.4909 219 195 149
-2.5000 11.0000 -13.6234 218 195 151
-1.5000 11.0000 -13.8035 211 190 147
-0.5000 11.0000 -14.0378 201 182 139
0.5000 11.0000 -14.3284 200 182 142
1.5000 11.0000 -14.6686 199 184 145
2.5000 11.0000 -15.0408 185 169 133
3.5000 11.0000 -15.4176 164 150 115
4.5000 11.0000 -15.7662 147 132 99
5.5000 11.0000 -16.0551 132 117 84
6.5000 11.0000 -16.2612 136 123 91
7.5000 11.0000 -16.3732 138 125 93
8.5000 11.0000 -16.3919 146 131 98
9.5000 11.0000 -16.3268 150 135 102
10.5000 11.0000 -16.1926 139 124 91
11.5000 11.0000 -16.0065 144 128 92
12.5000 11.0000 -15.7878 162 143 101
13.5000 11.0000 -15.5577 175 154 109
14.5000 11.0000 -15.3376 184 161 117
15.5000 11.0000 -15.1472 188 164 120
16.5000 11.0000 -15.0006 193 166 123
17.5000 11.0000 -14.9043 196 167 125
18.5000 11.0000 -14.8562 194 162 121
19.5000 11.0000 -14.8475 186 154 113
20.5000 11.0000 -14.8664 185 152 111
21.5000 11.0000 -14.9014 184 151 110
22.5000 11.0000 -14.9449 184 151 110
23.5000 11.0000 -14.9938 185 153 112
24.5000 11.0000 -15.0490 187 155 114
25.5000 11.0000 -15.1139 184 155 113
26.5000 11.0000 -15.1920 181 152 110
27.5000 11.0000 -15.2857 175 151 107
28.5000 11.0000 -15.3951 173 150 106
29.5000 11.0000 -15.5188 167 146 101
30.5000 11.0000 -15.6541 162 139 97
31.5000 11.0000 -15.7986 159 136 94
32.5000 11.0000 -15.9514 162 134 95
33.5000 11.0000 -16.1133 162 134 95
34.5000 11.0000 -16.2869 161 133 96
35.5000 11.0000 -16.4756 158 130 93
36.5000 11.0000 -16.6828 161 135 100
37.5000 11.0000 -16.9110 150 126 92
38.5000 11.0000 -17.1624 147 122 91
39.5000 11.0000 -17.4388 141 121 88
40.5000 11.0000 -17.7429 131 110 79
41.5000 11.0000 -18.0789 126 107 75
42.5000 11.0000 -18.4522 122 105 75
43.5000 11.0000 -18.8690 110 96 67
44.5000 11.0000 -19.3353 111 101 74
45.5000 11.0000 -19.8559 102 96 70
46.5000 11.0000 -20.4338 94 88 64
47.5000 11.0000 -21.0698 88 82 58
48.5000 11.0000 -21.7628 82 77 55
49.5000 11.0000 -22.5099 75 73 50
50.5000 11.0000 -23.3061 70 68 47
51.5000 11.0000 -24.1437 65 64 43
52.5000 11.0000 -25.0124 56 57 39
53.5000 11.0000 -25.9000 53 56 37
54.5000 11.0000 -26.7953 46 49 32
55.5000 11.0000 -27.6917 38 42 25
56.5000 11.0000 -28.5904 35 42 26
57.5000 11.0000 -29.5013 37 44 28
58.5000 11.0000 -30.4401 34 40 26
59.5000 11.0000 -31.4233 32 34 20
60.5000 11.0000 -32.4630 37 34 19
61.5000 11.0000 -33.5617 34 28 14
62.5000 11.0000 -34.7096 32 26 14
63.5000 11.0000 -35.8849 36 30 18
64.5000 11.0000 -37.0580 37 30 20
65.5000 11.0000 -38.2017 31 27 16
66.5000 11.0000 -39.3071 27 23 14
67.5000 11.0000 -40.3984 25 22 15
68.5000 11.0000 -41.5405 22 21 16
69.5000 11.0000 -42.8309 22 21 17
70.5000 11.0000 -44.3769 21 21 19
71.5000 11.0000 -46.2638 19 19 17
72.5000 11.0000 -48.5270 16 17 19
73.5000 11.0000 -51.1340 13 14 16
-98.5000 10.0000 -51.0052 11 22 16
-97.5000 10.0000 -45.6131 24 34 26
-96.5000 10.0000 -41.1328 33 40 32
-95.5000 10.0000 -37.6581 34 40 30
-94.5000 10.0000 -35.1184 34 38 24
-93.5000 10.0000 -33.3222 38 38 26
-92.5000 10.0000 -32.0279 42 40 27
-91.5000 10.0000 -31.0107 35 33 20
-90.5000 10.0000 -30.1034 38 36 23
-89.5000 10.0000 -29.2072 42 40 27
-88.5000 10.0000 -28.2825 43 41 28
-87.5000 10.0000 -27.3292 44 42 30
-86.5000 10.0000 -26.3695 46 46 34
-85.5000 10.0000 -25.4339 52 52 42
-84.5000 10.0000 -24.5526 57 57 45
-83.5000 10.0000 -23.7499 69 66 51
-82.5000 10.0000 -23.0402 73 70 51
-81.5000 10.0000 -22.4252 79 77 54
-80.5000 10.0000 -21.8937 80 80 54
-79.5000 10.0000 -21.4243 77 80 51
-78.5000 10.0000 -20.9913 75 80 48
-77.5000 10.0000 -20.5706 78 81 52
-76.5000 10.0000 -20.1456 80 83 54
-75.5000 10.0000 -19.7102 98 100 76
-74.5000 10.0000 -19.2674 97 97 73
-73.5000 10.0000 -18.8260 103 101 80
-72.5000 10.0000 -18.3968 115 110 88
-71.5000 10.0000 -17.9892 119 113 89
-70.5000 10.0000 -17.6094 119 112 86
-69.5000 10.0000 -17.2607 126 119 90
-68.5000 10.0000 -16.9430 139 130 101
-67.5000 10.0000 -16.6536 139 130 101
-66.5000 10.0000 -16.3879 141 132 103
-65.5000 10.0000 -16.1407 145 134 104
-64.5000 10.0000 -15.9079 149 138 106
-63.5000 10.0000 -15.6869 157 142 109
-62.5000 10.0000 -15.4774 163 149 112
-61.5000 10.0000 -15.2805 171 153 115
-60.5000 10.0000 -15.0975 174 156 116
-59.5000 10.0000 -14.9295 180 158 117
-58.5000 10.0000 -14.7765 184 162 121
-57.5000 10.0000 -14.6378 191 166 126
-56.5000 10.0000 -14.5121 194 169 129
-55.5000 10.0000 -14.3976 197 167 131
-54.5000 10.0000 -14.2925 198 168 132
-53.5000 10.0000 -14.1951 203 170 135
-52.5000 10.0000 -14.1042 203 174 134
-51.5000 10.0000 -14.0191 207 185 136
-50.5000 10.0000 -13.9393 205 184 131
-49.5000 10.0000 -13.8649 205 183 133
-48.5000 10.0000 -13.7955 210 187 135
-47.5000 10.0000 -13.7309 218 190 140
-46.5000 10.0000 -13.6708 223 193 141
-45.5000 10.0000 -13.6152 222 190 139
-44.5000 10.0000 -13.5643 220 187 136
-43.5000 10.0000 -13.5190 236 200 150
-42.5000 10.0000 -13.4799 234 198 146
-41.5000 10.0000 -13.4474 232 196 144
-40.5000 10.0000 -13.4214 230 195 141
-39.5000 10.0000 -13.4015 229 194 140
-38.5000 10.0000 -13.3870 227 194 140
-37.5000 10.0000 -13.3781 228 195 141
-36.5000 10.0000 -13.3749 228 197 143
-35.5000 10.0000 -13.3773 225 195 145
-34.5000 10.0000 -13.3845 223 195 147
-33.5000 10.0000 -13.3944 220 192 144
-32.5000 10.0000 -13.4041 214 186 138
-31.5000 10.0000 -13.4109 211 180 133
-30.5000 10.0000 -13.4130 208 180 132
-29.5000 10.0000 -13.4098 211 183 135
-28.5000 10.0000 -13.4025 216 188 140
-27.5000 10.0000 -13.3927 218 190 142
-26.5000 10.0000 -13.3828 218 190 142
-25.5000 10.0000 -13.3747 217 189 141
-24.5000 10.0000 -13.3701 217 191 142
-23.5000 10.0000 -13.3695 223 195 147
-22.5000 10.0000 -13.3722 225 199 150
-21.5000 10.0000 -13.3759 226 198 150
-20.5000 10.0000 -13.3777 224 196 148
-19.5000 10.0000 -13.3747 222 193 149
-18.5000 10.0000 -13.3653 217 188 144
-17.5000 10.0000 -13.3498 220 191 147
-16.5000 10.0000 -13.3300 229 201 154
-15.5000 10.0000 -13.3081 230 202 155
-14.5000 10.0000 -13.2854 222 194 147
-13.5000 10.0000 -13.2624 221 193 145
-12.5000 10.0000 -13.2385 227 199 151
-11.5000 10.0000 -13.2140 231 203 153
-10.5000 10.0000 -13.1905 237 209 159
-9.5000 10.0000 -13.1710 240 213 160
-8.5000 10.0000 -13.1600 236 209 156
-7.5000 10.0000 -13.1623 234 207 152
-6.5000 10.0000 -13.1824 234 207 152
-5.5000 10.0000 -13.2246 229 202 147
-4.5000 10.0000 -13.2940 221 196 142
-3.5000 10.0000 -13.3971 223 201 152
-2.5000 10.0000 -13.5423 223 202 157
-1.5000 10.0000 -13.7383 217 196 151
-0.5000 10.0000 -13.9911 206 187 144
0.5000 10.0000 -14.3004 199 182 139
1.5000 10.0000 -14.6560 193 178 139
2.5000 10.0000 -15.0365 178 164 127
3.5000 10.0000 -15.4115 163 149 114
4.5000 10.0000 -15.7466 146 131 98
5.5000 10.0000 -16.0109 134 119 86
6.5000 10.0000 -16.1834 141 126 95
7.5000 10.0000 -16.2558 143 128 97
8.5000 10.0000 -16.2327 149 133 100
9.5000 10.0000 -16.1273 154 138 105
10.5000 10.0000 -15.9584 146 127 95
11.5000 10.0000 -15.7469 154 134 99
12.5000 10.0000 -15.5146 176 154 113
13.5000 10.0000 -15.2834 185 162 118
14.5000 10.0000 -15.0734 192 168 124
15.5000 10.0000 -14.9012 194 167 124
16.5000 10.0000 -14.7773 197 168 126
17.5000 10.0000 -14.7048 203 171 130
18.5000 10.0000 -14.6795 201 168 127
19.5000 10.0000 -14.6920 195 160 120
20.5000 10.0000 -14.7306 194 156 117
21.5000 10.0000 -14.7844 189 154 114
22.5000 10.0000 -14.8460 186 151 111
23.5000 10.0000 -14.9121 184 151 110
24.5000 10.0000 -14.9834 185 152 111
25.5000 10.0000 -15.0624 184 152 111
26.5000 10.0000 -15.1522 183 151 110
27.5000 10.0000 -15.2550 178 149 107
28.5000 10.0000 -15.3710 172 149 105
29.5000 10.0000 -15.4988 169 148 105
30.5000 10.0000 -15.6363 166 143 101
31.5000 10.0000 -15.7818 163 140 99
32.5000 10.0000 -15.9350 163 135 96
33.5000 10.0000 -16.0974 161 133 96
34.5000 10.0000 -16.2720 160 132 95
35.5000 10.0000 -16.4626 160 131 97
36.5000 10.0000 -16.6726 163 137 104
37.5000 10.0000 -16.9043 151 126 95
38.5000 10.0000 -17.1592 148 123 92
39.5000 10.0000 -17.4382 141 120 89
40.5000 10.0000 -17.7435 131 110 79
41.5000 10.0000 -18.0786 127 108 78
42.5000 10.0000 -18.4488 123 106 76
43.5000 10.0000 -18.8603 112 97 68
44.5000 10.0000 -19.3191 110 100 73
45.5000 10.0000 -19.8297 102 96 70
46.5000 10.0000 -20.3946 94 88 64
47.5000 10.0000 -21.0143 88 82 58
48.5000 10.0000 -21.6881 82 77 55
49.5000 10.0000 -22.4141 78 73 51
50.5000 10.0000 -23.1888 70 68 47
51.5000 10.0000 -24.0064 65 64 43
52.5000 10.0000 -24.8576 59 60 42
53.5000 10.0000 -25.7301 54 55 37
54.5000 10.0000 -26.6122 47 50 33
55.5000 10.0000 -27.4962 41 45 28
56.5000 10.0000 -28.3831 39 43 28
57.5000 10.0000 -29.2837 37 44 28
58.5000 10.0000 -30.2164 35 41 27
59.5000 10.0000 -31.2011 34 38 24
60.5000 10.0000 -32.2525 41 39 26
61.5000 10.0000 -33.3740 40 34 20
62.5000 10.0000 -34.5539 36 30 18
63.5000 10.0000 -35.7660 33 29 17
64.5000 10.0000 -36.9753 32 28 17
65.5000 10.0000 -38.1496 27 24 15
66.5000 10.0000 -39.2759 23 20 13
67.5000 10.0000 -40.3764 20 17 12
68.5000 10.0000 -41.5152 22 21 17
69.5000 10.0000 -42.7912 22 21 17
70.5000 10.0000 -44.3142 21 21 19
71.5000 10.0000 -46.1734 19 19 17
72.5000 10.0000 -48.4081 16 17 19
73.5000 10.0000 -50.9893 13 14 16
-99.5000 9.0000 -56.6428 9 18 13
-98.5000 9.0000 -50.5092 20 26 22
-97.5000 9.0000 -45.0460 31 38 31
-96.5000 9.0000 -40.5205 38 43 36
-95.5000 9.0000 -37.0346 39 40 32
-94.5000 9.0000 -34.5170 38 38 26
-93.5000 9.0000 -32.7693 40 38 26
-92.5000 9.0000 -31.5410 43 39 27
-91.5000 9.0000 -30.5980 38 35 20
-90.5000 9.0000 -29.7652 41 38 23
-89.5000 9.0000 -28.9383 44 40 28
-88.5000 9.0000 -28.0743 45 43 30
-87.5000 9.0000 -27.1719 46 44 32
-86.5000 9.0000 -26.2527 48 48 36
-85.5000 9.0000 -25.3470 52 52 42
-84.5000 9.0000 -24.4851 56 56 44
-83.5000 9.0000 -23.6920 68 64 52
-82.5000 9.0000 -22.9837 72 69 52
-81.5000 9.0000 -22.3650 78 76 55
-80.5000 9.0000 -21.8288 80 80 56
-79.5000 9.0000 -21.3575 81 81 53
-78.5000 9.0000 -20.9272 78 81 52
-77.5000 9.0000 -20.5137 81 81 53
-76.5000 9.0000 -20.0987 81 81 53
-75.5000 9.0000 -19.6729 99 99 75
-74.5000 9.0000 -19.2369 97 97 73
-73.5000 9.0000 -18.7980 102 100 77
-72.5000 9.0000 -18.3667 114 109 87
-71.5000 9.0000 -17.9532 120 113 87
-70.5000 9.0000 -17.5655 121 111 84
-69.5000 9.0000 -17.2081 128 119 88
-68.5000 9.0000 -16.8823 140 131 98
-67.5000 9.0000 -16.5860 139 130 101
-66.5000 9.0000 -16.3148 140 131 102
-65.5000 9.0000 -16.0637 143 132 102
-64.5000 9.0000 -15.8282 148 137 105
-63.5000 9.0000 -15.6059 157 142 109
-62.5000 9.0000 -15.3963 163 149 112
-61.5000 9.0000 -15.2005 171 153 115
-60.5000 9.0000 -15.0197 174 156 116
-59.5000 9.0000 -14.8552 184 162 121
-58.5000 9.0000 -14.7071 188 167 124
-57.5000 9.0000 -14.5745 194 169 128
-56.5000 9.0000 -14.4562 196 171 130
-55.5000 9.0000 -14.3499 199 169 131
-54.5000 9.0000 -14.2532 199 169 131
-53.5000 9.0000 -14.1640 203 170 135
-52.5000 9.0000 -14.0802 202 174 135
-51.5000 9.0000 -14.0007 196 175 128
-50.5000 9.0000 -13.9252 199 182 130
-49.5000 9.0000 -13.8537 207 187 137
-48.5000 9.0000 -13.7864 210 188 138
-47.5000 9.0000 -13.7235 212 186 137
-46.5000 9.0000 -13.6652 213 185 135
-45.5000 9.0000 -13.6117 218 186 137
-44.5000 9.0000 -13.5634 222 188 140
-43.5000 9.0000 -13.5209 236 200 152
-42.5000 9.0000 -13.4849 234 196 147
-41.5000 9.0000 -13.4554 231 193 144
-40.5000 9.0000 -13.4319 227 190 138
-39.5000 9.0000 -13.4136 225 188 136
-38.5000 9.0000 -13.3997 223 187 135
-37.5000 9.0000 -13.3899 224 188 136
-36.5000 9.0000 -13.3843 221 190 136
-35.5000 9.0000 -13.3826 220 192 142
-34.5000 9.0000 -13.3839 220 194 143
-33.5000 9.0000 -13.3862 218 192 141
-32.5000 9.0000 -13.3866 215 189 138
-31.5000 9.0000 -13.3828 212 184 134
-30.5000 9.0000 -13.3730 213 185 135
-29.5000 9.0000 -13.3573 218 190 140
-28.5000 9.0000 -13.3369 224 196 146
-27.5000 9.0000 -13.3140 221 193 143
-26.5000 9.0000 -13.2909 220 192 142
-25.5000 9.0000 -13.2700 223 195 145
-24.5000 9.0000 -13.2528 229 201 151
-23.5000 9.0000 -13.2400 236 206 156
-22.5000 9.0000 -13.2312 234 206 156
-21.5000 9.0000 -13.2246 234 204 154
-20.5000 9.0000 -13.2176 230 202 154
-19.5000 9.0000 -13.2079 234 206 159
-18.5000 9.0000 -13.1944 227 200 153
-17.5000 9.0000 -13.1772 225 198 151
-16.5000 9.0000 -13.1579 229 202 155
-15.5000 9.0000 -13.1381 228 201 154
-14.5000 9.0000 -13.1187 223 197 148
-13.5000 9.0000 -13.0999 223 197 148
-12.5000 9.0000 -13.0811 229 203 154
-11.5000 9.0000 -13.0627 230 204 153
-10.5000 9.0000 -13.0462 237 211 160
-9.5000 9.0000 -13.0348 240 215 161
-8.5000 9.0000 -13.0324 238 213 159
-7.5000 9.0000 -13.0432 236 211 157
-6.5000 9.0000 -13.0714 236 211 157
-5.5000 9.0000 -13.1214 231 206 150
-4.5000 9.0000 -13.1989 223 198 144
-3.5000 9.0000 -13.3119 223 201 151
-2.5000 9.0000 -13.4697 229 208 161
-1.5000 9.0000 -13.6817 228 207 162
-0.5000 9.0000 -13.9533 215 196 153
0.5000 9.0000 -14.2817 198 181 138
1.5000 9.0000 -14.6533 183 168 129
2.5000 9.0000 -15.0429 171 157 120
3.5000 9.0000 -15.4168 163 149 114
4.5000 9.0000 -15.7396 145 132 98
5.5000 9.0000 -15.9811 134 121 89
6.5000 9.0000 -16.1225 143 128 97
7.5000 9.0000 -16.1589 145 130 99
8.5000 9.0000 -16.0981 150 134 101
9.5000 9.0000 -15.9573 158 139 107
10.5000 9.0000 -15.7584 153 133 100
11.5000 9.0000 -15.5255 166 144 107
12.5000 9.0000 -15.2821 185 162 120
13.5000 9.0000 -15.0503 195 168 123
14.5000 9.0000 -14.8483 200 171 127
15.5000 9.0000 -14.6900 202 171 127
16.5000 9.0000 -14.5826 205 172 129
17.5000 9.0000 -14.5268 209 174 132
18.5000 9.0000 -14.5172 210 173 131
19.5000 9.0000 -14.5442 204 167 125
20.5000 9.0000 -14.5969 202 163 122
21.5000 9.0000 -14.6651 197 158 117
22.5000 9.0000 -14.7418 191 152 111
23.5000 9.0000 -14.8238 187 150 108
24.5000 9.0000 -14.9109 187 150 108
25.5000 9.0000 -15.0050 186 151 109
26.5000 9.0000 -15.1082 186 151 109
27.5000 9.0000 -15.2219 183 151 110
28.5000 9.0000 -15.3460 175 150 109
29.5000 9.0000 -15.4792 173 151 110
30.5000 9.0000 -15.6200 171 148 107
31.5000 9.0000 -15.7676 167 143 105
32.5000 9.0000 -15.9225 165 137 100
33.5000 9.0000 -16.0868 161 132 98
34.5000 9.0000 -16.2642 160 131 97
35.5000 9.0000 -16.4584 161 132 100
36.5000 9.0000 -16.6727 161 134 104
37.5000 9.0000 -16.9089 149 124 94
38.5000 9.0000 -17.1678 146 121 91
39.5000 9.0000 -17.4497 140 119 90
40.5000 9.0000 -17.7561 130 109 80
41.5000 9.0000 -18.0903 128 108 81
42.5000 9.0000 -18.4575 126 109 81
43.5000 9.0000 -18.8640 116 100 74
44.5000 9.0000 -19.3154 109 99 72
45.5000 9.0000 -19.8159 102 95 69
46.5000 9.0000 -20.3675 94 88 64
47.5000 9.0000 -20.9704 88 82 58
48.5000 9.0000 -21.6243 83 78 56
49.5000 9.0000 -22.3280 78 73 51
50.5000 9.0000 -23.0798 71 69 48
51.5000 9.0000 -23.8750 66 65 44
52.5000 9.0000 -24.7055 63 64 46
53.5000 9.0000 -25.5595 56 57 39
54.5000 9.0000 -26.4248 49 52 35
55.5000 9.0000 -27.2934 45 49 32
56.5000 9.0000 -28.1664 43 47 32
57.5000 9.0000 -29.0559 41 45 30
58.5000 9.0000 -29.9825 37 43 29
59.5000 9.0000 -30.9695 38 42 28
60.5000 9.0000 -32.0343 41 39 26
61.5000 9.0000 -33.1806 40 36 24
62.5000 9.0000 -34.3946 35 31 20
63.5000 9.0000 -35.6452 31 27 16
64.5000 9.0000 -36.8917 30 26 17
65.5000 9.0000 -38.0966 28 25 16
66.5000 9.0000 -39.2434 24 21 14
67.5000 9.0000 -40.3523 17 16 11
68.5000 9.0000 -41.4873 22 21 17
69.5000 9.0000 -42.7472 22 21 17
70.5000 9.0000 -44.2421 21 21 19
71.5000 9.0000 -46.0607 19 19 17
72.5000 9.0000 -48.2416 16 17 19
73.5000 9.0000 -50.7551 13 14 16
-99.5000 8.0000 -56.2876 15 21 17
-98.5000 8.0000 -50.1050 25 30 24
-97.5000 8.0000 -44.5909 36 41 34
-96.5000 8.0000 -40.0271 42 45 36
-95.5000 8.0000 -36.5227 42 42 32
-94.5000 8.0000 -34.0075 41 39 27
-93.5000 8.0000 -32.2808 42 38 26
-92.5000 8.0000 -31.0873 43 40 25
-91.5000 8.0000 -30.1881 36 33 18
-90.5000 8.0000 -29.4034 38 35 20
-89.5000 8.0000 -28.6253 43 39 27
-88.5000 8.0000 -27.8083 47 43 31
-87.5000 8.0000 -26.9498 51 49 37
-86.5000 8.0000 -26.0701 56 54 42
-85.5000 8.0000 -25.1982 59 59 49
-84.5000 8.0000 -24.3627 64 62 50
-83.5000 8.0000 -23.5873 70 63 53
-82.5000 8.0000 -22.8884 74 68 54
-81.5000 8.0000 -22.2730 79 74 55
-80.5000 8.0000 -21.7373 82 80 59
-79.5000 8.0000 -21.2674 84 82 57
-78.5000 8.0000 -20.8422 83 83 55
-77.5000 8.0000 -20.4381 82 82 54
-76.5000 8.0000 -20.0354 81 81 53
-75.5000 8.0000 -19.6222 95 95 71
-74.5000 8.0000 -19.1962 98 96 73
-73.5000 8.0000 -18.7627 105 100 78
-72.5000 8.0000 -18.3317 113 107 83
-71.5000 8.0000 -17.9143 121 111 84
-70.5000 8.0000 -17.5196 124 115 86
-69.5000 8.0000 -17.1541 133 122 90
-68.5000 8.0000 -16.8201 141 130 98
-67.5000 8.0000 -16.5165 140 131 100
-66.5000 8.0000 -16.2394 140 131 100
-65.5000 8.0000 -15.9839 143 132 102
-64.5000 8.0000 -15.7456 149 139 104
-63.5000 8.0000 -15.5220 159 145 110
-62.5000 8.0000 -15.3126 166 152 115
-61.5000 8.0000 -15.1183 173 155 117
-60.5000 8.0000 -14.9404 175 158 115
-59.5000 8.0000 -14.7799 186 165 122
-58.5000 8.0000 -14.6369 189 168 125
-57.5000 8.0000 -14.5105 196 171 130
-56.5000 8.0000 -14.3993 197 172 131
-55.5000 8.0000 -14.3007 200 170 132
-54.5000 8.0000 -14.2120 200 170 132
-53.5000 8.0000 -14.1305 204 171 136
-52.5000 8.0000 -14.0536 203 175 136
-51.5000 8.0000 -13.9799 190 172 124
-50.5000 8.0000 -13.9089 196 180 129
-49.5000 8.0000 -13.8407 205 187 137
-48.5000 8.0000 -13.7759 209 189 139
-47.5000 8.0000 -13.7151 208 184 136
-46.5000 8.0000 -13.6588 210 182 134
-45.5000 8.0000 -13.6073 217 185 138
-44.5000 8.0000 -13.5611 223 189 141
-43.5000 8.0000 -13.5208 231 195 147
-42.5000 8.0000 -13.4868 231 193 146
-41.5000 8.0000 -13.4588 228 190 143
-40.5000 8.0000 -13.4363 225 187 138
-39.5000 8.0000 -13.4180 223 185 136
-38.5000 8.0000 -13.4031 223 186 134
-37.5000 8.0000 -13.3910 223 186 134
-36.5000 8.0000 -13.3816 221 188 137
-35.5000 8.0000 -13.3744 221 193 143
-34.5000 8.0000 -13.3685 219 193 142
-33.5000 8.0000 -13.3620 218 192 141
-32.5000 8.0000 -13.3523 217 191 140
-31.5000 8.0000 -13.3373 217 191 140
-30.5000 8.0000 -13.3157 220 194 143
-29.5000 8.0000 -13.2878 227 199 149
-28.5000 8.0000 -13.2553 231 203 153
-27.5000 8.0000 -13.2206 225 197 147
-26.5000 8.0000 -13.1861 223 195 145
-25.5000 8.0000 -13.1542 228 198 148
-24.5000 8.0000 -13.1267 236 206 156
-23.5000 8.0000 -13.1042 241 211 161
-22.5000 8.0000 -13.0864 239 209 159
-21.5000 8.0000 -13.0719 235 205 155
-20.5000 8.0000 -13.0586 232 204 154
-19.5000 8.0000 -13.0447 234 208 159
-18.5000 8.0000 -13.0292 236 210 161
-17.5000 8.0000 -13.0124 239 212 165
-16.5000 8.0000 -12.9954 240 214 165
-15.5000 8.0000 -12.9793 240 214 165
-14.5000 8.0000 -12.9646 239 213 164
-13.5000 8.0000 -12.9511 236 210 161
-12.5000 8.0000 -12.9382 234 208 157
-11.5000 8.0000 -12.9262 232 206 155
-10.5000 8.0000 -12.9167 239 213 162
-9.5000 8.0000 -12.9127 242 217 163
-8.5000 8.0000 -12.9178 240 215 161
-7.5000 8.0000 -12.9358 239 214 160
-6.5000 8.0000 -12.9708 240 215 161
-5.5000 8.0000 -13.0273 236 211 155
-4.5000 8.0000 -13.1121 229 204 150
-3.5000 8.0000 -13.2341 229 203 154
-2.5000 8.0000 -13.4041 237 210 163
-1.5000 8.0000 -13.6317 238 214 168
-0.5000 8.0000 -13.9217 225 202 160
0.5000 8.0000 -14.2693 201 182 140
1.5000 8.0000 -14.6572 178 163 124
2.5000 8.0000 -15.0566 166 150 114
3.5000 8.0000 -15.4309 160 145 112
4.5000 8.0000 -15.7434 143 130 98
5.5000 8.0000 -15.9646 134 121 89
6.5000 8.0000 -16.0778 142 129 97
7.5000 8.0000 -16.0812 144 129 96
8.5000 8.0000 -15.9862 149 133 100
9.5000 8.0000 -15.8132 157 141 107
10.5000 8.0000 -15.5877 158 139 106
11.5000 8.0000 -15.3361 174 154 117
12.5000 8.0000 -15.0833 191 166 125
13.5000 8.0000 -14.8509 200 173 128
14.5000 8.0000 -14.6555 205 176 132
15.5000 8.0000 -14.5078 206 175 131
16.5000 8.0000 -14.4125 209 176 133
17.5000 8.0000 -14.3683 214 179 137
18.5000 8.0000 -14.3689 215 178 136
19.5000 8.0000 -14.4052 211 172 131
20.5000 8.0000 -14.4670 210 168 128
21.5000 8.0000 -14.5455 205 163 123
22.5000 8.0000 -14.6342 196 157 116
23.5000 8.0000 -14.7300 192 153 112
24.5000 8.0000 -14.8320 190 153 111
25.5000 8.0000 -14.9413 188 153 111
26.5000 8.0000 -15.0588 187 152 110
27.5000 8.0000 -15.1847 184 152 111
28.5000 8.0000 -15.3183 177 152 111
29.5000 8.0000 -15.4583 174 152 111
30.5000 8.0000 -15.6039 172 148 110
31.5000 8.0000 -15.7549 168 144 106
32.5000 8.0000 -15.9130 167 138 104
33.5000 8.0000 -16.0811 163 134 100
34.5000 8.0000 -16.2630 161 132 100
35.5000 8.0000 -16.4626 160 131 101
36.5000 8.0000 -16.6825 158 131 102
37.5000 8.0000 -16.9241 146 121 91
38.5000 8.0000 -17.1874 143 117 90
39.5000 8.0000 -17.4722 138 117 88
40.5000 8.0000 -17.7796 129 108 81
41.5000 8.0000 -18.1128 129 109 82
42.5000 8.0000 -18.4771 128 111 85
43.5000 8.0000 -18.8784 119 103 78
44.5000 8.0000 -19.3224 109 99 74
45.5000 8.0000 -19.8125 101 94 68
46.5000 8.0000 -20.3504 94 86 63
47.5000 8.0000 -20.9360 88 82 58
48.5000 8.0000 -21.5691 84 78 56
49.5000 8.0000 -22.2494 79 74 52
50.5000 8.0000 -22.9764 74 69 49
51.5000 8.0000 -23.7467 68 66 45
52.5000 8.0000 -24.5534 67 66 48
53.5000 8.0000 -25.3853 57 58 40
54.5000 8.0000 -26.2308 50 51 35
55.5000 8.0000 -27.0819 48 51 34
56.5000 8.0000 -27.9403 46 48 34
57.5000 8.0000 -28.8190 41 45 30
58.5000 8.0000 -29.7408 39 43 29
59.5000 8.0000 -30.7316 40 44 30
60.5000 8.0000 -31.8104 36 36 24
61.5000 8.0000 -32.9814 37 35 23
62.5000 8.0000 -34.2281 34 30 19
63.5000 8.0000 -35.5150 28 25 16
64.5000 8.0000 -36.7957 28 25 16
65.5000 8.0000 -38.0280 30 27 20
66.5000 8.0000 -39.1928 26 25 20
67.5000 8.0000 -40.3095 20 19 14
68.5000 8.0000 -41.4419 22 21 17
69.5000 8.0000 -42.6880 22 21 17
70.5000 8.0000 -44.1553 21 21 19
71.5000 8.0000 -45.9286 19 19 17
72.5000 8.0000 -48.0412 16 18 17
73.5000 8.0000 -50.4597 13 14 16
-99.5000 7.0000 -56.0317 17 22 18
-98.5000 7.0000 -49.8270 28 30 25
-97.5000 7.0000 -44.2810 40 41 35
-96.5000 7.0000 -39.6846 46 46 38
-95.5000 7.0000 -36.1532 46 43 34
-94.5000 7.0000 -33.6201 43 39 28
-93.5000 7.0000 -31.8858 43 39 27
-92.5000 7.0000 -30.6955 47 41 27
-91.5000 7.0000 -29.8090 49 43 29
-90.5000 7.0000 -29.0446 50 44 28
-89.5000 7.0000 -28.2927 50 47 32
-88.5000 7.0000 -27.5062 52 49 34
-87.5000 7.0000 -26.6808 53 51 38
-86.5000 7.0000 -25.8352 55 53 40
-85.5000 7.0000 -24.9957 54 54 42
-84.5000 7.0000 -24.1884 57 55 43
-83.5000 7.0000 -23.4347 70 63 53
-82.5000 7.0000 -22.7500 75 67 56
-81.5000 7.0000 -22.1423 80 73 57
-80.5000 7.0000 -21.6108 85 80 61
-79.5000 7.0000 -21.1452 86 84 61
-78.5000 7.0000 -20.7273 86 84 59
-77.5000 7.0000 -20.3348 85 84 56
-76.5000 7.0000 -19.9470 83 82 54
-75.5000 7.0000 -19.5496 91 89 66
-74.5000 7.0000 -19.1372 100 95 73
-73.5000 7.0000 -18.7129 107 101 77
-72.5000 7.0000 -18.2858 111 104 78
-71.5000 7.0000 -17.8670 119 110 81
-70.5000 7.0000 -17.4675 129 118 88
-69.5000 7.0000 -17.0951 139 126 92
-68.5000 7.0000 -16.7538 141 131 96
-67.5000 7.0000 -16.4433 144 135 104
-66.5000 7.0000 -16.1606 143 134 103
-65.5000 7.0000 -15.9009 146 135 105
-64.5000 7.0000 -15.6601 152 142 107
-63.5000 7.0000 -15.4357 164 150 115
-62.5000 7.0000 -15.2272 171 157 118
-61.5000 7.0000 -15.0352 178 160 120
-60.5000 7.0000 -14.8609 179 162 119
-59.5000 7.0000 -14.7048 186 165 122
-58.5000 7.0000 -14.5669 190 169 126
-57.5000 7.0000 -14.4464 197 172 131
-56.5000 7.0000 -14.3414 198 173 132
-55.5000 7.0000 -14.2494 201 172 132
-54.5000 7.0000 -14.1676 202 173 133
-53.5000 7.0000 -14.0925 206 174 136
-52.5000 7.0000 -14.0217 205 177 137
-51.5000 7.0000 -13.9532 193 175 129
-50.5000 7.0000 -13.8866 194 180 131
-49.5000 7.0000 -13.8219 202 184 136
-48.5000 7.0000 -13.7600 209 189 139
-47.5000 7.0000 -13.7016 212 188 140
-46.5000 7.0000 -13.6473 215 188 141
-45.5000 7.0000 -13.5977 218 187 141
-44.5000 7.0000 -13.5532 221 187 141
-43.5000 7.0000 -13.5143 225 188 143
-42.5000 7.0000 -13.4812 226 188 141
-41.5000 7.0000 -13.4537 228 187 141
-40.5000 7.0000 -13.4309 227 186 140
-39.5000 7.0000 -13.4117 228 187 141
-38.5000 7.0000 -13.3949 229 189 140
-37.5000 7.0000 -13.3797 230 190 141
-36.5000 7.0000 -13.3658 228 192 142
-35.5000 7.0000 -13.3527 226 196 146
-34.5000 7.0000 -13.3394 221 193 143
-33.5000 7.0000 -13.3240 219 191 141
-32.5000 7.0000 -13.3044 219 191 141
-31.5000 7.0000 -13.2789 222 194 144
-30.5000 7.0000 -13.2466 227 199 149
-29.5000 7.0000 -13.2082 231 203 153
-28.5000 7.0000 -13.1655 233 205 155
-27.5000 7.0000 -13.1211 237 209 159
-26.5000 7.0000 -13.0775 232 204 154
-25.5000 7.0000 -13.0371 233 205 155
-24.5000 7.0000 -13.0016 240 212 162
-23.5000 7.0000 -12.9718 244 216 166
-22.5000 7.0000 -12.9475 241 213 163
-21.5000 7.0000 -12.9274 238 210 160
-20.5000 7.0000 -12.9097 240 212 162
-19.5000 7.0000 -12.8932 235 209 158
-18.5000 7.0000 -12.8769 245 219 168
-17.5000 7.0000 -12.8614 249 223 174
-16.5000 7.0000 -12.8472 245 219 168
-15.5000 7.0000 -12.8353 245 219 168
-14.5000 7.0000 -12.8256 250 224 173
-13.5000 7.0000 -12.8175 247 221 170
-12.5000 7.0000 -12.8106 237 211 160
-11.5000 7.0000 -12.8049 238 212 161
-10.5000 7.0000 -12.8021 244 219 165
-9.5000 7.0000 -12.8047 246 221 167
-8.5000 7.0000 -12.8161 244 219 165
-7.5000 7.0000 -12.8400 243 218 164
-6.5000 7.0000 -12.8804 245 220 166
-5.5000 7.0000 -12.9424 241 216 162
-4.5000 7.0000 -13.0335 236 209 156
-3.5000 7.0000 -13.1637 238 206 157
-2.5000 7.0000 -13.3447 243 211 164
-1.5000 7.0000 -13.5868 243 212 168
-0.5000 7.0000 -13.8941 232 205 162
0.5000 7.0000 -14.2598 209 186 145
1.5000 7.0000 -14.6637 183 163 126
2.5000 7.0000 -15.0736 162 146 112
3.5000 7.0000 -15.4500 151 136 103
4.5000 7.0000 -15.7548 141 128 96
5.5000 7.0000 -15.9588 131 120 88
6.5000 7.0000 -16.0472 139 129 94
7.5000 7.0000 -16.0210 139 129 94
8.5000 7.0000 -15.8950 145 132 97
9.5000 7.0000 -15.6929 156 142 105
10.5000 7.0000 -15.4434 162 146 110
11.5000 7.0000 -15.1753 183 165 125
12.5000 7.0000 -14.9143 191 168 124
13.5000 7.0000 -14.6815 202 175 130
14.5000 7.0000 -14.4915 208 179 135
15.5000 7.0000 -14.3523 210 179 135
16.5000 7.0000 -14.2661 213 180 137
17.5000 7.0000 -14.2298 219 184 142
18.5000 7.0000 -14.2369 219 182 140
19.5000 7.0000 -14.2785 213 176 134
20.5000 7.0000 -14.3457 210 171 130
21.5000 7.0000 -14.4308 206 167 126
22.5000 7.0000 -14.5283 202 163 122
23.5000 7.0000 -14.6353 200 161 120
24.5000 7.0000 -14.7506 197 160 118
25.5000 7.0000 -14.8742 193 158 116
26.5000 7.0000 -15.0057 188 153 111
27.5000 7.0000 -15.1442 182 150 109
28.5000 7.0000 -15.2880 173 148 108
29.5000 7.0000 -15.4359 169 147 108
30.5000 7.0000 -15.5873 168 144 108
31.5000 7.0000 -15.7431 166 142 106
32.5000 7.0000 -15.9059 167 138 106
33.5000 7.0000 -16.0793 165 136 104
34.5000 7.0000 -16.2674 161 132 102
35.5000 7.0000 -16.4737 159 130 100
36.5000 7.0000 -16.7005 158 131 102
37.5000 7.0000 -16.9482 146 120 93
38.5000 7.0000 -17.2162 142 116 91
39.5000 7.0000 -17.5041 136 115 88
40.5000 7.0000 -17.8126 128 106 82
41.5000 7.0000 -18.1450 127 107 82
42.5000 7.0000 -18.5065 127 109 85
43.5000 7.0000 -18.9030 118 102 77
44.5000 7.0000 -19.3396 109 97 73
45.5000 7.0000 -19.8194 101 94 68
46.5000 7.0000 -20.3431 94 86 63
47.5000 7.0000 -20.9107 87 81 57
48.5000 7.0000 -21.5220 84 78 56
49.5000 7.0000 -22.1775 79 74 52
50.5000 7.0000 -22.8775 74 69 49
51.5000 7.0000 -23.6202 69 67 46
52.5000 7.0000 -24.3998 66 65 47
53.5000 7.0000 -25.2067 55 56 38
54.5000 7.0000 -26.0300 48 49 33
55.5000 7.0000 -26.8629 47 50 33
56.5000 7.0000 -27.7077 46 48 34
57.5000 7.0000 -28.5783 39 43 28
58.5000 7.0000 -29.4985 37 41 27
59.5000 7.0000 -30.4952 39 43 29
60.5000 7.0000 -31.5886 38 38 26
61.5000 7.0000 -32.7821 38 38 28
62.5000 7.0000 -34.0571 35 32 23
63.5000 7.0000 -35.3741 25 25 17
64.5000 7.0000 -36.6824 24 24 16
65.5000 7.0000 -37.9369 27 26 21
66.5000 7.0000 -39.1170 25 24 19
67.5000 7.0000 -40.2425 18 17 12
68.5000 7.0000 -41.3772 21 22 17
69.5000 7.0000 -42.6174 21 21 19
70.5000 7.0000 -44.0658 21 21 19
71.5000 7.0000 -45.7997 19 19 17
72.5000 7.0000 -47.8444 17 17 17
73.5000 7.0000 -50.1603 14 14 14
84.5000 7.0000 -61.8775 13 14 9
-99.5000 6.0000 -55.9283 18 20 15
-98.5000 6.0000 -49.7127 28 29 23
-97.5000 6.0000 -44.1425 41 41 33
-96.5000 6.0000 -39.5124 48 45 36
-95.5000 6.0000 -35.9417 47 43 32
-94.5000 6.0000 -33.3688 45 41 29
-93.5000 6.0000 -31.5993 47 41 27
-92.5000 6.0000 -30.3823 49 43 29
-91.5000 6.0000 -29.4795 46 40 24
-90.5000 6.0000 -28.7098 47 41 25
-89.5000 6.0000 -27.9628 49 46 31
-88.5000 6.0000 -27.1900 53 50 35
-87.5000 6.0000 -26.3854 57 55 42
-86.5000 6.0000 -25.5652 59 60 46
-85.5000 6.0000 -24.7530 61 61 49
-84.5000 6.0000 -23.9713 63 61 49
-83.5000 6.0000 -23.2387 72 63 54
-82.5000 6.0000 -22.5692 76 66 56
-81.5000 6.0000 -21.9710 81 73 60
-80.5000 6.0000 -21.4456 86 81 62
-79.5000 6.0000 -20.9859 89 84 62
-78.5000 6.0000 -20.5768 88 86 61
-77.5000 6.0000 -20.1975 86 85 57
-76.5000 6.0000 -19.8269 83 82 54
-75.5000 6.0000 -19.4484 90 85 63
-74.5000 6.0000 -19.0537 101 96 74
-73.5000 6.0000 -18.6431 109 101 78
-72.5000 6.0000 -18.2242 109 102 76
-71.5000 6.0000 -17.8081 118 107 79
-70.5000 6.0000 -17.4069 132 121 89
-69.5000 6.0000 -17.0299 142 129 95
-68.5000 6.0000 -16.6827 140 130 95
-67.5000 6.0000 -16.3664 149 138 108
-66.5000 6.0000 -16.0787 147 138 107
-65.5000 6.0000 -15.8155 149 138 106
-64.5000 6.0000 -15.5730 155 145 110
-63.5000 6.0000 -15.3486 168 154 119
-62.5000 6.0000 -15.1418 175 161 122
-61.5000 6.0000 -14.9529 182 164 124
-60.5000 6.0000 -14.7825 182 165 122
-59.5000 6.0000 -14.6310 187 166 123
-58.5000 6.0000 -14.4979 190 169 126
-57.5000 6.0000 -14.3823 197 172 131
-56.5000 6.0000 -14.2824 199 174 133
-55.5000 6.0000 -14.1957 202 173 133
-54.5000 6.0000 -14.1189 203 174 134
-53.5000 6.0000 -14.0487 207 175 137
-52.5000 6.0000 -13.9825 206 178 138
-51.5000 6.0000 -13.9182 198 181 135
-50.5000 6.0000 -13.8553 195 181 132
-49.5000 6.0000 -13.7940 198 182 133
-48.5000 6.0000 -13.7350 208 187 140
-47.5000 6.0000 -13.6792 217 195 146
-46.5000 6.0000 -13.6271 222 195 148
-45.5000 6.0000 -13.5794 221 190 144
-44.5000 6.0000 -13.5363 218 184 139
-43.5000 6.0000 -13.4984 221 184 139
-42.5000 6.0000 -13.4658 223 185 140
-41.5000 6.0000 -13.4382 227 186 140
-40.5000 6.0000 -13.4149 229 188 142
-39.5000 6.0000 -13.3945 232 189 144
-38.5000 6.0000 -13.3757 235 192 147
-37.5000 6.0000 -13.3577 235 195 146
-36.5000 6.0000 -13.3398 234 196 147
-35.5000 6.0000 -13.3213 230 198 149
-34.5000 6.0000 -13.3012 224 194 144
-33.5000 6.0000 -13.2779 220 190 140
-32.5000 6.0000 -13.2498 221 191 141
-31.5000 6.0000 -13.2153 226 196 146
-30.5000 6.0000 -13.1743 229 201 151
-29.5000 6.0000 -13.1276 232 204 154
-28.5000 6.0000 -13.0771 232 204 154
-27.5000 6.0000 -13.0254 250 222 172
-26.5000 6.0000 -12.9751 242 214 164
-25.5000 6.0000 -12.9286 240 212 162
-24.5000 6.0000 -12.8874 245 219 168
-23.5000 6.0000 -12.8524 248 222 171
-22.5000 6.0000 -12.8233 245 219 168
-21.5000 6.0000 -12.7992 245 219 168
-20.5000 6.0000 -12.7786 249 223 172
-19.5000 6.0000 -12.7603 240 214 163
-18.5000 6.0000 -12.7438 252 227 173
-17.5000 6.0000 -12.7294 252 226 175
-16.5000 6.0000 -12.7178 240 215 161
-15.5000 6.0000 -12.7095 240 214 163
-14.5000 6.0000 -12.7041 250 224 173
-13.5000 6.0000 -12.7009 248 222 171
-12.5000 6.0000 -12.6993 236 210 159
-11.5000 6.0000 -12.6994 244 219 165
-10.5000 6.0000 -12.7024 249 224 170
-9.5000 6.0000 -12.7108 250 225 171
-8.5000 6.0000 -12.7275 247 222 168
-7.5000 6.0000 -12.7562 246 221 167
-6.5000 6.0000 -12.8008 248 223 169
-5.5000 6.0000 -12.8672 245 220 166
-4.5000 6.0000 -12.9635 240 213 160
-3.5000 6.0000 -13.1007 247 211 161
-2.5000 6.0000 -13.2914 247 209 162
-1.5000 6.0000 -13.5461 243 209 164
-0.5000 6.0000 -13.8685 235 203 162
0.5000 6.0000 -14.2505 215 190 150
1.5000 6.0000 -14.6693 190 168 131
2.5000 6.0000 -15.0898 160 144 110
3.5000 6.0000 -15.4699 143 130 96
4.5000 6.0000 -15.7699 138 127 95
5.5000 6.0000 -15.9604 130 119 87
6.5000 6.0000 -16.0279 137 129 93
7.5000 6.0000 -15.9760 137 127 91
8.5000 6.0000 -15.8223 143 131 93
9.5000 6.0000 -15.5943 156 142 103
10.5000 6.0000 -15.3235 164 150 111
11.5000 6.0000 -15.0408 188 171 128
12.5000 6.0000 -14.7729 191 168 124
13.5000 6.0000 -14.5400 202 175 130
14.5000 6.0000 -14.3548 208 181 136
15.5000 6.0000 -14.2228 210 181 137
16.5000 6.0000 -14.1437 215 184 140
17.5000 6.0000 -14.1133 220 187 144
18.5000 6.0000 -14.1243 219 184 142
19.5000 6.0000 -14.1686 215 178 136
20.5000 6.0000 -14.2385 208 171 129
21.5000 6.0000 -14.3274 207 170 128
22.5000 6.0000 -14.4310 206 169 127
23.5000 6.0000 -14.5466 206 169 127
24.5000 6.0000 -14.6729 202 167 125
25.5000 6.0000 -14.8090 195 162 119
26.5000 6.0000 -14.9532 187 154 111
27.5000 6.0000 -15.1033 177 148 106
28.5000 6.0000 -15.2569 167 144 103
29.5000 6.0000 -15.4126 164 142 103
30.5000 6.0000 -15.5703 163 139 103
31.5000 6.0000 -15.7317 163 139 103
32.5000 6.0000 -15.9002 166 137 105
33.5000 6.0000 -16.0801 166 137 105
34.5000 6.0000 -16.2755 162 133 103
35.5000 6.0000 -16.4897 159 130 100
36.5000 6.0000 -16.7240 159 132 105
37.5000 6.0000 -16.9783 146 120 93
38.5000 6.0000 -17.2516 142 116 91
39.5000 6.0000 -17.5431 136 115 88
40.5000 6.0000 -17.8534 126 104 80
41.5000 6.0000 -18.1859 125 105 80
42.5000 6.0000 -18.5455 125 107 83
43.5000 6.0000 -18.9379 116 100 75
44.5000 6.0000 -19.3677 109 97 73
45.5000 6.0000 -19.8372 102 92 67
46.5000 6.0000 -20.3469 94 86 63
47.5000 6.0000 -20.8961 88 80 57
48.5000 6.0000 -21.4848 85 77 56
49.5000 6.0000 -22.1140 80 74 52
50.5000 6.0000 -22.7849 75 70 50
51.5000 6.0000 -23.4972 71 66 46
52.5000 6.0000 -24.2468 66 63 46
53.5000 6.0000 -25.0259 54 53 35
54.5000 6.0000 -25.8258 46 47 31
55.5000 6.0000 -26.6413 47 48 32
56.5000 6.0000 -27.4756 44 46 32
57.5000 6.0000 -28.3428 38 40 26
58.5000 6.0000 -29.2665 35 39 25
59.5000 6.0000 -30.2730 39 41 28
60.5000 6.0000 -31.3817 44 46 35
61.5000 6.0000 -32.5949 43 44 36
62.5000 6.0000 -33.8918 37 37 29
63.5000 6.0000 -35.2306 25 26 20
64.5000 6.0000 -36.5583 22 21 16
65.5000 6.0000 -37.8288 23 24 18
66.5000 6.0000 -39.0223 20 19 14
68.5000 6.0000 -41.3054 21 21 19
69.5000 6.0000 -42.5528 21 21 19
70.5000 6.0000 -43.9979 21 21 19
71.5000 6.0000 -45.7086 19 19 17
72.5000 6.0000 -47.6998 17 17 17
73.5000 6.0000 -49.9241 14 14 14
84.5000 6.0000 -61.2586 15 14 10
91.5000 6.0000 -64.5793 18 13 10
-98.5000 5.0000 -49.8035 21 20 15
-97.5000 5.0000 -44.1960 33 33 25
-96.5000 5.0000 -39.5170 44 41 32
-95.5000 5.0000 -35.8874 47 43 32
-94.5000 5.0000 -33.2505 45 41 29
-93.5000 5.0000 -31.4193 45 39 25
-92.5000 5.0000 -30.1491 44 38 22
-91.5000 5.0000 -29.2058 50 44 28
-90.5000 5.0000 -28.4098 49 43 27
-89.5000 5.0000 -27.6500 47 44 27
-88.5000 5.0000 -26.8766 49 46 29
-87.5000 5.0000 -26.0812 53 51 36
-86.5000 5.0000 -25.2771 56 57 41
-85.5000 5.0000 -24.4847 59 61 47
-84.5000 5.0000 -23.7231 62 63 49
-83.5000 5.0000 -23.0081 73 66 56
-82.5000 5.0000 -22.3517 79 69 59
-81.5000 5.0000 -21.7623 83 75 62
-80.5000 5.0000 -21.2430 87 82 63
-79.5000 5.0000 -20.7895 89 84 62
-78.5000 5.0000 -20.3896 87 85 60
-77.5000 5.0000 -20.0243 85 84 56
-76.5000 5.0000 -19.6726 83 82 54
-75.5000 5.0000 -19.3159 90 85 63
-74.5000 5.0000 -18.9429 96 91 69
-73.5000 5.0000 -18.5508 106 98 75
-72.5000 5.0000 -18.1451 113 106 80
-71.5000 5.0000 -17.7365 122 111 83
-70.5000 5.0000 -17.3376 129 118 86
-69.5000 5.0000 -16.9591 140 127 93
-68.5000 5.0000 -16.6082 145 135 100
-67.5000 5.0000 -16.2877 152 141 109
-66.5000 5.0000 -15.9962 149 140 109
-65.5000 5.0000 -15.7304 151 140 108
-64.5000 5.0000 -15.4870 160 150 114
-63.5000 5.0000 -15.2635 174 160 123
-62.5000 5.0000 -15.0589 180 166 127
-61.5000 5.0000 -14.8733 181 163 123
-60.5000 5.0000 -14.7068 177 160 117
-59.5000 5.0000 -14.5594 184 163 120
-58.5000 5.0000 -14.4304 189 168 123
-57.5000 5.0000 -14.3188 197 173 129
-56.5000 5.0000 -14.2227 200 176 132
-55.5000 5.0000 -14.1394 203 174 134
-54.5000 5.0000 -14.0658 202 173 133
-53.5000 5.0000 -13.9986 205 173 134
-52.5000 5.0000 -13.9352 203 175 135
-51.5000 5.0000 -13.8738 198 181 135
-50.5000 5.0000 -13.8136 195 181 132
-49.5000 5.0000 -13.7551 197 181 132
-48.5000 5.0000 -13.6989 201 180 133
-47.5000 5.0000 -13.6457 204 182 133
-46.5000 5.0000 -13.5961 211 184 137
-45.5000 5.0000 -13.5504 218 187 141
-44.5000 5.0000 -13.5089 222 188 143
-43.5000 5.0000 -13.4722 231 194 149
-42.5000 5.0000 -13.4404 233 195 150
-41.5000 5.0000 -13.4132 236 195 149
-40.5000 5.0000 -13.3900 233 192 146
-39.5000 5.0000 -13.3693 232 189 144
-38.5000 5.0000 -13.3497 232 189 144
-37.5000 5.0000 -13.3300 235 195 146
-36.5000 5.0000 -13.3093 238 200 151
-35.5000 5.0000 -13.2868 242 206 156
-34.5000 5.0000 -13.2614 234 201 150
-33.5000 5.0000 -13.2319 232 200 149
-32.5000 5.0000 -13.1969 239 207 156
-31.5000 5.0000 -13.1557 240 208 157
-30.5000 5.0000 -13.1082 235 205 153
-29.5000 5.0000 -13.0555 237 207 155
-28.5000 5.0000 -12.9997 242 215 162
-27.5000 5.0000 -12.9430 254 227 174
-26.5000 5.0000 -12.8881 250 225 171
-25.5000 5.0000 -12.8373 250 225 171
-24.5000 5.0000 -12.7920 250 227 173
-23.5000 5.0000 -12.7533 248 225 171
-22.5000 5.0000 -12.7209 243 220 166
-21.5000 5.0000 -12.6939 244 223 168
-20.5000 5.0000 -12.6710 251 230 175
-19.5000 5.0000 -12.6513 245 222 168
-18.5000 5.0000 -12.6343 250 228 171
-17.5000 5.0000 -12.6205 252 229 175
-16.5000 5.0000 -12.6105 250 228 171
-15.5000 5.0000 -12.6045 252 229 175
-14.5000 5.0000 -12.6022 255 232 178
-13.5000 5.0000 -12.6028 253 230 176
-12.5000 5.0000 -12.6056 247 224 170
-11.5000 5.0000 -12.6104 246 223 169
-10.5000 5.0000 -12.6183 248 225 171
-9.5000 5.0000 -12.6313 249 226 172
-8.5000 5.0000 -12.6523 247 224 170
-7.5000 5.0000 -12.6846 242 219 165
-6.5000 5.0000 -12.7326 240 217 163
-5.5000 5.0000 -12.8023 241 218 164
-4.5000 5.0000 -12.9028 246 219 166
-3.5000 5.0000 -13.0457 235 199 149
-2.5000 5.0000 -13.2442 250 210 161
-1.5000 5.0000 -13.5092 241 204 159
-0.5000 5.0000 -13.8441 224 193 149
0.5000 5.0000 -14.2396 212 187 147
1.5000 5.0000 -14.6715 189 167 130
2.5000 5.0000 -15.1021 154 138 104
3.5000 5.0000 -15.4871 138 125 91
4.5000 5.0000 -15.7850 138 127 95
5.5000 5.0000 -15.9659 134 125 92
6.5000 5.0000 -16.0169 138 128 93
7.5000 5.0000 -15.9434 144 134 98
8.5000 5.0000 -15.7660 149 137 99
9.5000 5.0000 -15.5154 157 143 104
10.5000 5.0000 -15.2259 176 161 120
11.5000 5.0000 -14.9307 197 180 136
12.5000 5.0000 -14.6572 197 176 129
13.5000 5.0000 -14.4247 202 180 131
14.5000 5.0000 -14.2440 209 185 137
15.5000 5.0000 -14.1184 216 189 142
16.5000 5.0000 -14.0455 219 191 144
17.5000 5.0000 -14.0197 218 187 141
18.5000 5.0000 -14.0336 215 182 137
19.5000 5.0000 -14.0795 213 179 134
20.5000 5.0000 -14.1505 219 185 140
21.5000 5.0000 -14.2415 214 180 135
22.5000 5.0000 -14.3490 211 177 132
23.5000 5.0000 -14.4710 210 177 132
24.5000 5.0000 -14.6060 210 177 132
25.5000 5.0000 -14.7521 205 174 128
26.5000 5.0000 -14.9065 195 164 118
27.5000 5.0000 -15.0661 182 155 110
28.5000 5.0000 -15.2279 167 144 103
29.5000 5.0000 -15.3902 161 139 100
30.5000 5.0000 -15.5536 158 134 98
31.5000 5.0000 -15.7205 162 138 102
32.5000 5.0000 -15.8951 171 142 110
33.5000 5.0000 -16.0820 169 140 108
34.5000 5.0000 -16.2852 158 129 99
35.5000 5.0000 -16.5076 148 119 89
36.5000 5.0000 -16.7499 151 124 97
37.5000 5.0000 -17.0115 145 119 92
38.5000 5.0000 -17.2908 139 113 88
39.5000 5.0000 -17.5868 132 111 84
40.5000 5.0000 -17.9003 130 108 84
41.5000 5.0000 -18.2342 126 106 81
42.5000 5.0000 -18.5935 120 102 78
43.5000 5.0000 -18.9832 116 100 75
44.5000 5.0000 -19.4073 104 92 68
45.5000 5.0000 -19.8676 103 93 68
46.5000 5.0000 -20.3637 101 90 68
47.5000 5.0000 -20.8947 95 87 64
48.5000 5.0000 -21.4606 89 81 60
49.5000 5.0000 -22.0626 83 77 55
50.5000 5.0000 -22.7031 78 73 53
51.5000 5.0000 -23.3829 76 71 51
52.5000 5.0000 -24.1001 63 60 43
53.5000 5.0000 -24.8497 59 58 40
54.5000 5.0000 -25.6259 53 54 38
55.5000 5.0000 -26.4260 48 49 33
56.5000 5.0000 -27.2541 44 46 32
57.5000 5.0000 -28.1243 44 46 32
58.5000 5.0000 -29.0582 47 49 36
59.5000 5.0000 -30.0797 49 51 40
60.5000 5.0000 -31.2057 37 38 30
61.5000 5.0000 -32.4363 34 37 30
62.5000 5.0000 -33.7492 31 32 26
63.5000 5.0000 -35.1016 26 28 23
64.5000 5.0000 -36.4407 24 25 20
65.5000 5.0000 -37.7218 21 23 18
66.5000 5.0000 -38.9276 21 22 17
67.5000 5.0000 -40.0815 20 21 16
68.5000 5.0000 -41.2482 25 25 23
69.5000 5.0000 -42.5180 24 24 22
70.5000 5.0000 -43.9791 23 23 21
71.5000 5.0000 -45.6886 21 21 19
72.5000 5.0000 -47.6498 19 19 19
73.5000 5.0000 -49.8067 17 17 17
74.5000 5.0000 -52.0541 15 15 15
75.5000 5.0000 -54.2584 13 15 14
90.5000 5.0000 -63.5030 18 13 10
91.5000 5.0000 -64.6875 18 13 10
-98.5000 4.0000 -50.1442 21 21 13
-97.5000 4.0000 -44.4594 35 32 25
-96.5000 4.0000 -39.6980 43 40 31
-95.5000 4.0000 -35.9789 47 43 32
-94.5000 4.0000 -33.2498 45 42 27
-93.5000 4.0000 -31.3311 46 40 26
-92.5000 4.0000 -29.9850 45 39 23
-91.5000 4.0000 -28.9819 47 41 25
-90.5000 4.0000 -28.1438 47 44 27
-89.5000 4.0000 -27.3588 50 47 30
-88.5000 4.0000 -26.5745 53 52 34
-87.5000 4.0000 -25.7795 56 57 41
-86.5000 4.0000 -24.9837 58 61 44
-85.5000 4.0000 -24.2039 59 63 48
-84.5000 4.0000 -23.4561 62 64 50
-83.5000 4.0000 -22.7535 74 67 57
-82.5000 4.0000 -22.1067 78 70 59
-81.5000 4.0000 -21.5239 85 78 62
-80.5000 4.0000 -21.0093 90 85 66
-79.5000 4.0000 -20.5612 91 89 66
-78.5000 4.0000 -20.1699 92 90 65
-77.5000 4.0000 -19.8186 91 90 62
-76.5000 4.0000 -19.4865 90 89 61
-75.5000 4.0000 -19.1537 92 90 67
-74.5000 4.0000 -18.8057 99 94 72
-73.5000 4.0000 -18.4367 108 102 78
-72.5000 4.0000 -18.0494 117 110 84
-71.5000 4.0000 -17.6533 126 117 88
-70.5000 4.0000 -17.2610 133 122 92
-69.5000 4.0000 -16.8845 140 127 93
-68.5000 4.0000 -16.5326 142 132 97
-67.5000 4.0000 -16.2097 150 141 108
-66.5000 4.0000 -15.9158 150 141 108
-65.5000 4.0000 -15.6486 153 143 108
-64.5000 4.0000 -15.4051 161 151 115
-63.5000 4.0000 -15.1829 173 159 122
-62.5000 4.0000 -14.9807 179 166 124
-61.5000 4.0000 -14.7981 182 165 122
-60.5000 4.0000 -14.6349 179 162 118
-59.5000 4.0000 -14.4909 190 169 124
-58.5000 4.0000 -14.3650 194 173 128
-57.5000 4.0000 -14.2562 202 178 134
-56.5000 4.0000 -14.1624 205 181 137
-55.5000 4.0000 -14.0810 208 179 139
-54.5000 4.0000 -14.0088 207 178 138
-53.5000 4.0000 -13.9428 210 178 139
-52.5000 4.0000 -13.8805 208 181 138
-51.5000 4.0000 -13.8203 199 181 133
-50.5000 4.0000 -13.7619 197 183 134
-49.5000 4.0000 -13.7054 202 184 136
-48.5000 4.0000 -13.6516 206 186 136
-47.5000 4.0000 -13.6011 210 186 138
-46.5000 4.0000 -13.5540 214 187 140
-45.5000 4.0000 -13.5108 218 187 141
-44.5000 4.0000 -13.4717 220 186 140
-43.5000 4.0000 -13.4371 228 191 146
-42.5000 4.0000 -13.4072 232 194 147
-41.5000 4.0000 -13.3819 237 196 150
-40.5000 4.0000 -13.3604 237 196 150
-39.5000 4.0000 -13.3411 236 195 149
-38.5000 4.0000 -13.3225 235 195 146
-37.5000 4.0000 -13.3030 238 198 149
-36.5000 4.0000 -13.2814 238 200 151
-35.5000 4.0000 -13.2566 241 203 154
-34.5000 4.0000 -13.2277 238 202 152
-33.5000 4.0000 -13.1937 239 203 153
-32.5000 4.0000 -13.1539 242 209 158
-31.5000 4.0000 -13.1079 245 212 161
-30.5000 4.0000 -13.0561 245 213 162
-29.5000 4.0000 -12.9997 247 217 165
-28.5000 4.0000 -12.9405 249 222 169
-27.5000 4.0000 -12.8809 245 218 165
-26.5000 4.0000 -12.8231 244 219 165
-25.5000 4.0000 -12.7694 247 224 170
-24.5000 4.0000 -12.7214 253 232 177
-23.5000 4.0000 -12.6801 252 231 176
-22.5000 4.0000 -12.6451 245 226 170
-21.5000 4.0000 -12.6158 245 226 170
-20.5000 4.0000 -12.5909 250 231 173
-19.5000 4.0000 -12.5696 248 227 170
-18.5000 4.0000 -12.5515 255 233 175
-17.5000 4.0000 -12.5373 255 235 178
-16.5000 4.0000 -12.5274 254 232 175
-15.5000 4.0000 -12.5222 255 233 176
-14.5000 4.0000 -12.5215 255 236 179
-13.5000 4.0000 -12.5243 255 233 179
-12.5000 4.0000 -12.5300 250 227 173
-11.5000 4.0000 -12.5382 251 228 174
-10.5000 4.0000 -12.5498 253 230 176
-9.5000 4.0000 -12.5665 254 231 177
-8.5000 4.0000 -12.5907 253 230 176
-7.5000 4.0000 -12.6257 249 226 172
-6.5000 4.0000 -12.6761 246 223 169
-5.5000 4.0000 -12.7484 247 224 170
-4.5000 4.0000 -12.8521 251 224 171
-3.5000 4.0000 -12.9993 243 207 155
-2.5000 4.0000 -13.2038 253 216 164
-1.5000 4.0000 -13.4766 242 208 162
-0.5000 4.0000 -13.8208 226 195 151
0.5000 4.0000 -14.2269 214 189 148
1.5000 4.0000 -14.6693 189 169 132
2.5000 4.0000 -15.1089 155 139 105
3.5000 4.0000 -15.4994 137 124 90
4.5000 4.0000 -15.7977 134 123 91
5.5000 4.0000 -15.9726 133 122 90
6.5000 4.0000 -16.0115 138 128 93
7.5000 4.0000 -15.9208 147 134 99
8.5000 4.0000 -15.7237 153 137 101
9.5000 4.0000 -15.4538 162 144 104
10.5000 4.0000 -15.1484 179 160 118
11.5000 4.0000 -14.8427 197 176 133
12.5000 4.0000 -14.5648 201 180 133
13.5000 4.0000 -14.3332 203 183 133
14.5000 4.0000 -14.1571 208 186 137
15.5000 4.0000 -14.0376 212 188 140
16.5000 4.0000 -13.9705 215 188 141
17.5000 4.0000 -13.9491 216 188 141
18.5000 4.0000 -13.9655 217 184 139
19.5000 4.0000 -14.0126 215 182 137
20.5000 4.0000 -14.0843 219 185 140
21.5000 4.0000 -14.1767 215 181 136
22.5000 4.0000 -14.2870 210 177 132
23.5000 4.0000 -14.4137 210 177 132
24.5000 4.0000 -14.5550 209 178 132
25.5000 4.0000 -14.7084 204 173 127
26.5000 4.0000 -14.8701 192 164 117
27.5000 4.0000 -15.0363 183 156 111
28.5000 4.0000 -15.2035 184 161 120
29.5000 4.0000 -15.3704 175 153 114
30.5000 4.0000 -15.5380 168 144 108
31.5000 4.0000 -15.7095 165 141 105
32.5000 4.0000 -15.8896 171 142 110
33.5000 4.0000 -16.0833 171 142 110
34.5000 4.0000 -16.2943 165 136 106
35.5000 4.0000 -16.5250 159 130 100
36.5000 4.0000 -16.7756 151 124 95
37.5000 4.0000 -17.0451 146 120 93
38.5000 4.0000 -17.3314 139 113 88
39.5000 4.0000 -17.6335 132 111 84
40.5000 4.0000 -17.9518 130 108 84
41.5000 4.0000 -18.2892 126 106 81
42.5000 4.0000 -18.6500 120 102 78
43.5000 4.0000 -19.0388 116 100 75
44.5000 4.0000 -19.4590 114 102 78
45.5000 4.0000 -19.9114 108 98 73
46.5000 4.0000 -20.3952 101 90 68
47.5000 4.0000 -20.9092 94 83 61
48.5000 4.0000 -21.4531 87 76 56
49.5000 4.0000 -22.0285 80 72 51
50.5000 4.0000 -22.6383 75 68 49
51.5000 4.0000 -23.2848 71 66 46
52.5000 4.0000 -23.9687 69 63 47
53.5000 4.0000 -24.6882 64 61 44
54.5000 4.0000 -25.4413 59 57 42
55.5000 4.0000 -26.2282 52 53 37
56.5000 4.0000 -27.0550 49 50 36
57.5000 4.0000 -27.9345 46 48 34
58.5000 4.0000 -28.8859 46 48 35
59.5000 4.0000 -29.9286 47 49 38
60.5000 4.0000 -31.0754 38 41 34
61.5000 4.0000 -32.3232 34 39 33
62.5000 4.0000 -33.6483 32 34 29
63.5000 4.0000 -35.0082 28 30 25
64.5000 4.0000 -36.3524 25 27 22
65.5000 4.0000 -37.6397 23 25 20
66.5000 4.0000 -38.8569 22 24 19
67.5000 4.0000 -40.0310 21 23 18
68.5000 4.0000 -41.2273 24 24 22
69.5000 4.0000 -42.5326 23 23 21
70.5000 4.0000 -44.0276 22 22 20
71.5000 4.0000 -45.7581 20 20 18
72.5000 4.0000 -47.7158 18 18 18
73.5000 4.0000 -49.8359 16 16 16
74.5000 4.0000 -52.0098 14 14 14
-98.5000 3.0000 -50.7686 20 20 12
-97.5000 3.0000 -44.9449 34 31 24
-96.5000 3.0000 -40.0500 42 39 30
-95.5000 3.0000 -36.2003 46 42 31
-94.5000 3.0000 -33.3462 45 42 27
-93.5000 3.0000 -31.3139 44 41 26
-92.5000 3.0000 -29.8720 44 41 24
-91.5000 3.0000 -28.7944 43 40 21
-90.5000 3.0000 -27.9037 47 44 25
-89.5000 3.0000 -27.0860 52 51 31
-88.5000 3.0000 -26.2852 55 56 38
-87.5000 3.0000 -25.4857 57 61 44
-86.5000 3.0000 -24.6931 58 65 47
-85.5000 3.0000 -23.9206 60 67 51
-84.5000 3.0000 -23.1813 62 66 51
-83.5000 3.0000 -22.4864 73 69 57
-82.5000 3.0000 -21.8453 79 73 59
-81.5000 3.0000 -21.2663 86 81 62
-80.5000 3.0000 -20.7545 91 89 68
-79.5000 3.0000 -20.3103 96 94 69
-78.5000 3.0000 -19.9265 97 97 69
-77.5000 3.0000 -19.5882 98 98 70
-76.5000 3.0000 -19.2755 97 97 69
-75.5000 3.0000 -18.9672 96 96 72
-74.5000 3.0000 -18.6465 100 98 75
-73.5000 3.0000 -18.3040 109 104 82
-72.5000 3.0000 -17.9395 119 113 89
-71.5000 3.0000 -17.5606 130 120 93
-70.5000 3.0000 -17.1792 136 127 98
-69.5000 3.0000 -16.8083 140 129 97
-68.5000 3.0000 -16.4582 140 130 95
-67.5000 3.0000 -16.1349 149 140 107
-66.5000 3.0000 -15.8402 152 143 110
-65.5000 3.0000 -15.5727 157 147 112
-64.5000 3.0000 -15.3298 163 154 115
-63.5000 3.0000 -15.1091 172 158 119
-62.5000 3.0000 -14.9090 177 164 122
-61.5000 3.0000 -14.7287 183 166 123
-60.5000 3.0000 -14.5678 184 167 123
-59.5000 3.0000 -14.4259 190 169 124
-58.5000 3.0000 -14.3019 194 173 126
-57.5000 3.0000 -14.1946 201 177 131
-56.5000 3.0000 -14.1019 204 180 134
-55.5000 3.0000 -14.0211 207 178 136
-54.5000 3.0000 -13.9490 206 177 135
-53.5000 3.0000 -13.8828 210 178 137
-52.5000 3.0000 -13.8202 208 181 138
-51.5000 3.0000 -13.7600 202 184 136
-50.5000 3.0000 -13.7022 204 188 137
-49.5000 3.0000 -13.6470 208 190 140
-48.5000 3.0000 -13.5952 213 193 143
-47.5000 3.0000 -13.5471 216 192 144
-46.5000 3.0000 -13.5030 219 191 143
-45.5000 3.0000 -13.4630 220 188 141
-44.5000 3.0000 -13.4274 220 186 138
-43.5000 3.0000 -13.3964 227 191 143
-42.5000 3.0000 -13.3703 232 194 147
-41.5000 3.0000 -13.3489 237 199 152
-40.5000 3.0000 -13.3312 239 201 152
-39.5000 3.0000 -13.3156 239 201 152
-38.5000 3.0000 -13.3001 238 201 149
-37.5000 3.0000 -13.2828 238 201 149
-36.5000 3.0000 -13.2621 238 201 149
-35.5000 3.0000 -13.2368 245 208 156
-34.5000 3.0000 -13.2062 246 210 158
-33.5000 3.0000 -13.1695 245 209 157
-32.5000 3.0000 -13.1266 240 207 154
-31.5000 3.0000 -13.0776 241 208 155
-30.5000 3.0000 -13.0232 243 212 158
-29.5000 3.0000 -12.9648 244 214 160
-28.5000 3.0000 -12.9041 240 213 158
-27.5000 3.0000 -12.8430 237 210 155
-26.5000 3.0000 -12.7838 239 214 158
-25.5000 3.0000 -12.7285 247 225 168
-24.5000 3.0000 -12.6788 255 236 179
-23.5000 3.0000 -12.6356 255 238 180
-22.5000 3.0000 -12.5987 248 232 173
-21.5000 3.0000 -12.5673 246 230 171
-20.5000 3.0000 -12.5404 251 232 174
-19.5000 3.0000 -12.5169 249 229 170
-18.5000 3.0000 -12.4969 255 235 174
-17.5000 3.0000 -12.4808 255 238 179
-16.5000 3.0000 -12.4695 255 235 176
-15.5000 3.0000 -12.4634 254 234 175
-14.5000 3.0000 -12.4624 255 236 177
-13.5000 3.0000 -12.4657 254 233 176
-12.5000 3.0000 -12.4727 249 228 171
-11.5000 3.0000 -12.4829 251 230 173
-10.5000 3.0000 -12.4969 253 232 175
-9.5000 3.0000 -12.5160 255 234 179
-8.5000 3.0000 -12.5425 255 234 179
-7.5000 3.0000 -12.5795 252 231 178
-6.5000 3.0000 -12.6316 249 228 175
-5.5000 3.0000 -12.7058 248 227 174
-4.5000 3.0000 -12.8118 251 226 172
-3.5000 3.0000 -12.9623 250 219 164
-2.5000 3.0000 -13.1710 254 221 167
-1.5000 3.0000 -13.4491 243 213 163
-0.5000 3.0000 -13.7998 227 200 153
0.5000 3.0000 -14.2133 215 194 151
1.5000 3.0000 -14.6636 192 174 134
2.5000 3.0000 -15.1106 159 145 110
3.5000 3.0000 -15.5068 136 126 91
4.5000 3.0000 -15.8072 129 118 86
5.5000 3.0000 -15.9794 131 120 88
6.5000 3.0000 -16.0100 140 125 92
7.5000 3.0000 -15.9063 148 132 98
8.5000 3.0000 -15.6934 157 137 100
9.5000 3.0000 -15.4074 168 144 106
10.5000 3.0000 -15.0886 186 158 118
11.5000 3.0000 -14.7742 197 173 129
12.5000 3.0000 -14.4930 206 184 135
13.5000 3.0000 -14.2629 206 186 135
14.5000 3.0000 -14.0914 209 187 137
15.5000 3.0000 -13.9777 211 188 138
16.5000 3.0000 -13.9163 214 188 139
17.5000 3.0000 -13.8992 215 187 139
18.5000 3.0000 -13.9184 218 186 139
19.5000 3.0000 -13.9669 218 186 139
20.5000 3.0000 -14.0396 217 185 138
21.5000 3.0000 -14.1332 213 181 134
22.5000 3.0000 -14.2458 210 178 131
23.5000 3.0000 -14.3761 209 177 130
24.5000 3.0000 -14.5219 208 177 130
25.5000 3.0000 -14.6800 202 171 124
26.5000 3.0000 -14.8462 190 162 114
27.5000 3.0000 -15.0157 181 154 107
28.5000 3.0000 -15.1854 184 161 119
29.5000 3.0000 -15.3543 176 154 113
30.5000 3.0000 -15.5240 170 146 108
31.5000 3.0000 -15.6986 165 141 103
32.5000 3.0000 -15.8832 166 137 103
33.5000 3.0000 -16.0828 164 135 101
34.5000 3.0000 -16.3012 159 130 98
35.5000 3.0000 -16.5401 155 126 96
36.5000 3.0000 -16.7995 152 125 96
37.5000 3.0000 -17.0776 146 121 91
38.5000 3.0000 -17.3723 139 113 86
39.5000 3.0000 -17.6820 132 111 82
40.5000 3.0000 -18.0071 129 108 81
41.5000 3.0000 -18.3499 125 105 78
42.5000 3.0000 -18.7142 119 102 76
43.5000 3.0000 -19.1040 115 99 74
44.5000 3.0000 -19.5219 112 97 74
45.5000 3.0000 -19.9683 103 91 67
46.5000 3.0000 -20.4418 94 82 60
47.5000 3.0000 -20.9408 88 77 55
48.5000 3.0000 -21.4649 87 76 56
49.5000 3.0000 -22.0157 85 77 56
50.5000 3.0000 -22.5965 82 75 56
51.5000 3.0000 -23.2111 78 73 53
52.5000 3.0000 -23.8623 72 66 50
53.5000 3.0000 -24.5524 68 65 48
54.5000 3.0000 -25.2833 63 61 46
55.5000 3.0000 -26.0593 57 58 42
56.5000 3.0000 -26.8882 53 54 40
57.5000 3.0000 -27.7825 49 50 36
58.5000 3.0000 -28.7575 46 46 34
59.5000 3.0000 -29.8275 43 45 34
60.5000 3.0000 -30.9996 37 42 35
61.5000 3.0000 -32.2664 34 40 36
62.5000 3.0000 -33.6027 32 37 33
63.5000 3.0000 -34.9671 28 33 29
64.5000 3.0000 -36.3124 24 29 25
65.5000 3.0000 -37.6024 22 27 23
66.5000 3.0000 -38.8293 23 25 22
67.5000 3.0000 -40.0242 22 24 21
68.5000 3.0000 -41.2538 22 24 21
69.5000 3.0000 -42.6023 21 23 20
70.5000 3.0000 -44.1436 20 20 18
71.5000 3.0000 -45.9132 18 18 16
72.5000 3.0000 -47.8918 17 16 14
73.5000 3.0000 -50.0050 15 14 12
74.5000 3.0000 -52.1397 14 13 11
-98.5000 2.0000 -51.6725 19 19 11
-97.5000 2.0000 -45.6435 33 30 21
-96.5000 2.0000 -40.5582 41 39 27
-95.5000 2.0000 -36.5321 45 41 29
-94.5000 2.0000 -33.5181 45 42 27
-93.5000 2.0000 -31.3472 44 41 24
-92.5000 2.0000 -29.7921 45 42 23
-91.5000 2.0000 -28.6290 42 39 20
-90.5000 2.0000 -27.6794 45 44 24
-89.5000 2.0000 -26.8259 49 51 30
-88.5000 2.0000 -26.0072 53 56 35
-87.5000 2.0000 -25.2018 54 62 41
-86.5000 2.0000 -24.4105 56 65 46
-85.5000 2.0000 -23.6425 60 69 52
-84.5000 2.0000 -22.9082 63 70 54
-83.5000 2.0000 -22.2174 75 73 58
-82.5000 2.0000 -21.5791 80 77 60
-81.5000 2.0000 -21.0015 86 84 63
-80.5000 2.0000 -20.4909 92 92 68
-79.5000 2.0000 -20.0490 97 97 69
-78.5000 2.0000 -19.6710 98 101 72
-77.5000 2.0000 -19.3440 101 101 73
-76.5000 2.0000 -19.0491 101 101 73
-75.5000 2.0000 -18.7646 100 100 76
-74.5000 2.0000 -18.4715 100 100 76
-73.5000 2.0000 -18.1572 104 102 79
-72.5000 2.0000 -17.8184 114 109 87
-71.5000 2.0000 -17.4601 127 120 94
-70.5000 2.0000 -17.0934 137 127 100
-69.5000 2.0000 -16.7315 141 132 101
-68.5000 2.0000 -16.3862 141 132 99
-67.5000 2.0000 -16.0650 150 141 108
-66.5000 2.0000 -15.7712 154 146 110
-65.5000 2.0000 -15.5045 161 151 116
-64.5000 2.0000 -15.2627 166 157 118
-63.5000 2.0000 -15.0434 172 158 119
-62.5000 2.0000 -14.8448 176 163 119
-61.5000 2.0000 -14.6657 184 167 123
-60.5000 2.0000 -14.5058 188 171 125
-59.5000 2.0000 -14.3645 194 173 126
-58.5000 2.0000 -14.2411 198 177 130
-57.5000 2.0000 -14.1341 204 180 134
-56.5000 2.0000 -14.0414 206 182 136
-55.5000 2.0000 -13.9602 209 180 138
-54.5000 2.0000 -13.8874 209 180 138
-53.5000 2.0000 -13.8202 213 181 140
-52.5000 2.0000 -13.7565 212 185 140
-51.5000 2.0000 -13.6957 211 191 141
-50.5000 2.0000 -13.6378 210 193 141
-49.5000 2.0000 -13.5835 214 194 144
-48.5000 2.0000 -13.5334 217 195 145
-47.5000 2.0000 -13.4878 221 195 146
-46.5000 2.0000 -13.4471 222 194 144
-45.5000 2.0000 -13.4112 224 192 143
-44.5000 2.0000 -13.3803 224 190 142
-43.5000 2.0000 -13.3548 234 198 150
-42.5000 2.0000 -13.3346 236 198 149
-41.5000 2.0000 -13.3193 238 200 151
-40.5000 2.0000 -13.3076 239 202 150
-39.5000 2.0000 -13.2976 239 202 150
-38.5000 2.0000 -13.2871 237 201 149
-37.5000 2.0000 -13.2736 237 201 149
-36.5000 2.0000 -13.2555 236 200 148
-35.5000 2.0000 -13.2312 238 202 150
-34.5000 2.0000 -13.2002 244 208 156
-33.5000 2.0000 -13.1622 243 207 155
-32.5000 2.0000 -13.1175 234 201 148
-31.5000 2.0000 -13.0668 234 201 148
-30.5000 2.0000 -13.0113 239 208 154
-29.5000 2.0000 -12.9523 239 209 155
-28.5000 2.0000 -12.8915 232 205 150
-27.5000 2.0000 -12.8306 236 211 155
-26.5000 2.0000 -12.7713 240 215 159
-25.5000 2.0000 -12.7157 249 227 170
-24.5000 2.0000 -12.6652 255 239 182
-23.5000 2.0000 -12.6209 255 241 183
-22.5000 2.0000 -12.5825 253 234 176
-21.5000 2.0000 -12.5492 250 231 173
-20.5000 2.0000 -12.5198 253 234 175
-19.5000 2.0000 -12.4936 247 227 166
-18.5000 2.0000 -12.4704 254 234 173
-17.5000 2.0000 -12.4509 255 237 176
-16.5000 2.0000 -12.4364 253 233 172
-15.5000 2.0000 -12.4274 251 231 172
-14.5000 2.0000 -12.4242 253 233 174
-13.5000 2.0000 -12.4262 252 231 174
-12.5000 2.0000 -12.4328 247 226 169
-11.5000 2.0000 -12.4435 248 227 170
-10.5000 2.0000 -12.4586 250 229 172
-9.5000 2.0000 -12.4790 252 231 176
-8.5000 2.0000 -12.5069 253 232 177
-7.5000 2.0000 -12.5453 251 230 177
-6.5000 2.0000 -12.5988 249 228 175
-5.5000 2.0000 -12.6744 247 226 173
-4.5000 2.0000 -12.7823 248 223 169
-3.5000 2.0000 -12.9350 255 225 170
-2.5000 2.0000 -13.1465 254 223 168
-1.5000 2.0000 -13.4279 241 214 161
-0.5000 2.0000 -13.7825 227 204 154
0.5000 2.0000 -14.2006 214 195 152
1.5000 2.0000 -14.6563 195 180 139
2.5000 2.0000 -15.1091 165 152 117
3.5000 2.0000 -15.5105 139 128 96
4.5000 2.0000 -15.8141 129 118 88
5.5000 2.0000 -15.9860 132 119 87
6.5000 2.0000 -16.0118 137 122 91
7.5000 2.0000 -15.8989 146 127 94
8.5000 2.0000 -15.6736 158 134 98
9.5000 2.0000 -15.3746 174 146 107
10.5000 2.0000 -15.0448 192 160 119
11.5000 2.0000 -14.7231 203 174 130
12.5000 2.0000 -14.4393 207 183 135
13.5000 2.0000 -14.2107 208 186 136
14.5000 2.0000 -14.0435 211 188 138
15.5000 2.0000 -13.9354 213 190 140
16.5000 2.0000 -13.8792 217 189 141
17.5000 2.0000 -13.8663 218 187 140
18.5000 2.0000 -13.8884 218 186 139
19.5000 2.0000 -13.9387 218 184 138
20.5000 2.0000 -14.0127 214 180 134
21.5000 2.0000 -14.1079 212 178 132
22.5000 2.0000 -14.2227 209 175 129
23.5000 2.0000 -14.3558 207 175 128
24.5000 2.0000 -14.5048 204 172 125
25.5000 2.0000 -14.6657 197 166 119
26.5000 2.0000 -14.8337 188 157 110
27.5000 2.0000 -15.0039 178 151 104
28.5000 2.0000 -15.1734 173 150 106
29.5000 2.0000 -15.3417 171 149 108
30.5000 2.0000 -15.5115 171 148 107
31.5000 2.0000 -15.6875 170 146 108
32.5000 2.0000 -15.8752 169 141 104
33.5000 2.0000 -16.0800 162 133 99
34.5000 2.0000 -16.3053 154 125 91
35.5000 2.0000 -16.5526 147 118 86
36.5000 2.0000 -16.8213 152 125 95
37.5000 2.0000 -17.1092 146 121 91
38.5000 2.0000 -17.4137 139 114 84
39.5000 2.0000 -17.7329 131 110 81
40.5000 2.0000 -18.0664 128 107 78
41.5000 2.0000 -18.4163 124 104 77
42.5000 2.0000 -18.7856 118 101 73
43.5000 2.0000 -19.1777 113 97 71
44.5000 2.0000 -19.5947 107 93 67
45.5000 2.0000 -20.0366 97 85 61
46.5000 2.0000 -20.5019 89 77 55
47.5000 2.0000 -20.9887 87 75 53
48.5000 2.0000 -21.4962 89 78 58
49.5000 2.0000 -22.0259 90 79 59
50.5000 2.0000 -22.5813 85 77 58
51.5000 2.0000 -23.1669 80 73 54
52.5000 2.0000 -23.7881 73 67 51
53.5000 2.0000 -24.4505 71 65 49
54.5000 2.0000 -25.1608 65 62 47
55.5000 2.0000 -25.9272 60 58 43
56.5000 2.0000 -26.7603 57 55 42
57.5000 2.0000 -27.6722 49 50 36
58.5000 2.0000 -28.6749 43 43 31
59.5000 2.0000 -29.7767 37 39 28
60.5000 2.0000 -30.9782 36 41 35
61.5000 2.0000 -32.2671 33 39 35
62.5000 2.0000 -33.6155 29 35 33
63.5000 2.0000 -34.9832 25 31 27
64.5000 2.0000 -36.3269 23 27 26
65.5000 2.0000 -37.6162 21 26 22
66.5000 2.0000 -38.8491 21 23 20
67.5000 2.0000 -40.0617 21 23 20
68.5000 2.0000 -41.3228 21 23 20
69.5000 2.0000 -42.7154 20 22 19
70.5000 2.0000 -44.3082 19 19 17
71.5000 2.0000 -46.1287 17 17 15
72.5000 2.0000 -48.1473 16 15 13
73.5000 2.0000 -50.2796 14 13 11
-98.5000 1.0000 -52.7896 17 18 10
-97.5000 1.0000 -46.5099 29 29 19
-96.5000 1.0000 -41.1897 37 37 25
-95.5000 1.0000 -36.9488 43 41 28
-94.5000 1.0000 -33.7450 43 41 26
-93.5000 1.0000 -31.4140 44 43 25
-92.5000 1.0000 -29.7319 45 44 24
-91.5000 1.0000 -28.4757 42 41 21
-90.5000 1.0000 -27.4642 44 46 24
-89.5000 1.0000 -26.5748 46 51 29
-88.5000 1.0000 -25.7394 47 55 32
-87.5000 1.0000 -24.9296 48 57 36
-86.5000 1.0000 -24.1400 51 63 41
-85.5000 1.0000 -23.3757 57 70 50
-84.5000 1.0000 -22.6449 66 75 56
-83.5000 1.0000 -21.9564 77 78 60
-82.5000 1.0000 -21.3190 83 80 61
-81.5000 1.0000 -20.7413 88 86 63
-80.5000 1.0000 -20.2306 93 93 67
-79.5000 1.0000 -19.7899 95 98 69
-78.5000 1.0000 -19.4161 97 102 70
-77.5000 1.0000 -19.0982 100 103 74
-76.5000 1.0000 -18.8185 100 103 74
-75.5000 1.0000 -18.5552 100 102 78
-74.5000 1.0000 -18.2877 99 99 75
-73.5000 1.0000 -18.0009 100 98 77
-72.5000 1.0000 -17.6883 108 103 81
-71.5000 1.0000 -17.3526 120 114 90
-70.5000 1.0000 -17.0034 133 126 100
-69.5000 1.0000 -16.6538 141 134 105
-68.5000 1.0000 -16.3162 146 137 106
-67.5000 1.0000 -15.9997 151 142 109
-66.5000 1.0000 -15.7089 156 148 112
-65.5000 1.0000 -15.4444 164 154 119
-64.5000 1.0000 -15.2043 167 158 119
-63.5000 1.0000 -14.9862 172 158 119
-62.5000 1.0000 -14.7882 176 163 119
-61.5000 1.0000 -14.6092 186 169 125
-60.5000 1.0000 -14.4487 191 174 128
-59.5000 1.0000 -14.3066 200 179 132
-58.5000 1.0000 -14.1822 203 182 135
-57.5000 1.0000 -14.0743 209 185 139
-56.5000 1.0000 -13.9807 211 187 141
-55.5000 1.0000 -13.8986 214 185 141
-54.5000 1.0000 -13.8248 215 186 142
-53.5000 1.0000 -13.7564 219 187 146
-52.5000 1.0000 -13.6919 220 191 147
-51.5000 1.0000 -13.6305 219 197 147
-50.5000 1.0000 -13.5727 219 198 145
-49.5000 1.0000 -13.5191 218 196 146
-48.5000 1.0000 -13.4707 219 196 144
-47.5000 1.0000 -13.4279 223 195 145
-46.5000 1.0000 -13.3910 226 196 144
-45.5000 1.0000 -13.3601 229 197 146
-44.5000 1.0000 -13.3355 231 198 147
-43.5000 1.0000 -13.3170 242 206 156
-42.5000 1.0000 -13.3046 240 204 152
-41.5000 1.0000 -13.2972 238 202 150
-40.5000 1.0000 -13.2933 236 201 147
-39.5000 1.0000 -13.2905 235 200 146
-38.5000 1.0000 -13.2861 232 199 145
-37.5000 1.0000 -13.2776 232 199 145
-36.5000 1.0000 -13.2628 232 199 145
-35.5000 1.0000 -13.2405 223 190 137
-34.5000 1.0000 -13.2100 230 197 144
-33.5000 1.0000 -13.1716 232 199 146
-32.5000 1.0000 -13.1262 229 198 144
-31.5000 1.0000 -13.0750 233 202 148
-30.5000 1.0000 -13.0195 243 213 159
-29.5000 1.0000 -12.9613 248 218 164
-28.5000 1.0000 -12.9018 242 215 160
-27.5000 1.0000 -12.8424 242 217 161
-26.5000 1.0000 -12.7846 244 219 163
-25.5000 1.0000 -12.7300 251 229 172
-24.5000 1.0000 -12.6800 255 238 181
-23.5000 1.0000 -12.6353 255 238 181
-22.5000 1.0000 -12.5958 253 232 175
-21.5000 1.0000 -12.5605 251 230 173
-20.5000 1.0000 -12.5283 255 235 176
-19.5000 1.0000 -12.4983 247 227 166
-18.5000 1.0000 -12.4705 255 236 173
-17.5000 1.0000 -12.4461 255 240 177
-16.5000 1.0000 -12.4264 255 236 173
-15.5000 1.0000 -12.4126 253 233 172
-14.5000 1.0000 -12.4053 255 235 174
-13.5000 1.0000 -12.4041 254 234 175
-12.5000 1.0000 -12.4087 251 231 172
-11.5000 1.0000 -12.4184 251 230 173
-10.5000 1.0000 -12.4333 251 230 173
-9.5000 1.0000 -12.4542 252 231 176
-8.5000 1.0000 -12.4828 253 232 177
-7.5000 1.0000 -12.5221 253 232 179
-6.5000 1.0000 -12.5767 252 231 178
-5.5000 1.0000 -12.6537 250 229 176
-4.5000 1.0000 -12.7631 251 226 172
-3.5000 1.0000 -12.9175 255 226 169
-2.5000 1.0000 -13.1305 252 220 163
-1.5000 1.0000 -13.4135 242 212 160
-0.5000 1.0000 -13.7698 227 204 154
0.5000 1.0000 -14.1902 213 194 151
1.5000 1.0000 -14.6491 197 182 141
2.5000 1.0000 -15.1062 171 158 123
3.5000 1.0000 -15.5123 144 133 101
4.5000 1.0000 -15.8198 129 120 89
5.5000 1.0000 -15.9934 131 120 88
6.5000 1.0000 -16.0173 135 120 89
7.5000 1.0000 -15.8985 141 122 89
8.5000 1.0000 -15.6642 155 131 93
9.5000 1.0000 -15.3549 177 148 108
10.5000 1.0000 -15.0157 199 166 123
11.5000 1.0000 -14.6878 210 179 133
12.5000 1.0000 -14.4014 207 181 132
13.5000 1.0000 -14.1739 208 185 135
14.5000 1.0000 -14.0102 215 189 140
15.5000 1.0000 -13.9066 220 192 144
16.5000 1.0000 -13.8550 222 191 144
17.5000 1.0000 -13.8458 220 188 141
18.5000 1.0000 -13.8705 217 183 137
19.5000 1.0000 -13.9227 216 179 134
20.5000 1.0000 -13.9984 213 176 131
21.5000 1.0000 -14.0954 211 174 129
22.5000 1.0000 -14.2124 209 172 127
23.5000 1.0000 -14.3480 207 170 125
24.5000 1.0000 -14.4992 201 167 121
25.5000 1.0000 -14.6615 193 161 114
26.5000 1.0000 -14.8295 185 153 106
27.5000 1.0000 -14.9984 176 148 101
28.5000 1.0000 -15.1656 175 152 108
29.5000 1.0000 -15.3316 173 152 109
30.5000 1.0000 -15.4999 174 151 109
31.5000 1.0000 -15.6760 173 150 109
32.5000 1.0000 -15.8660 174 146 107
33.5000 1.0000 -16.0754 168 140 103
34.5000 1.0000 -16.3076 160 132 95
35.5000 1.0000 -16.5637 155 126 92
36.5000 1.0000 -16.8427 152 126 93
37.5000 1.0000 -17.1417 146 121 90
38.5000 1.0000 -17.4575 139 114 83
39.5000 1.0000 -17.7875 131 110 79
40.5000 1.0000 -18.1308 128 107 76
41.5000 1.0000 -18.4887 123 104 74
42.5000 1.0000 -18.8636 117 100 70
43.5000 1.0000 -19.2585 112 97 68
44.5000 1.0000 -19.6752 111 97 71
45.5000 1.0000 -20.1137 104 89 66
46.5000 1.0000 -20.5725 94 82 60
47.5000 1.0000 -21.0497 91 79 57
48.5000 1.0000 -21.5443 90 79 59
49.5000 1.0000 -22.0573 86 75 55
50.5000 1.0000 -22.5919 76 68 49
51.5000 1.0000 -23.1532 68 61 42
52.5000 1.0000 -23.7484 72 66 50
53.5000 1.0000 -24.3863 68 62 46
54.5000 1.0000 -25.0777 62 59 44
55.5000 1.0000 -25.8353 59 57 42
56.5000 1.0000 -26.6728 56 54 41
57.5000 1.0000 -27.6027 51 49 36
58.5000 1.0000 -28.6340 41 41 29
59.5000 1.0000 -29.7696 34 35 27
60.5000 1.0000 -31.0030 32 38 34
61.5000 1.0000 -32.3159 28 37 34
62.5000 1.0000 -33.6774 24 33 32
63.5000 1.0000 -35.0475 20 29 26
64.5000 1.0000 -36.3869 19 25 25
65.5000 1.0000 -37.6709 17 23 21
66.5000 1.0000 -38.9042 17 21 20
67.5000 1.0000 -40.1280 16 20 19
68.5000 1.0000 -41.4145 20 22 21
69.5000 1.0000 -42.8471 19 21 20
70.5000 1.0000 -44.4915 19 19 17
71.5000 1.0000 -46.3691 17 17 15
72.5000 1.0000 -48.4411 15 14 12
-98.5000 -0.0000 -53.9945 17 19 8
-97.5000 -0.0000 -47.4630 28 28 18
-96.5000 -0.0000 -41.8937 36 37 23
-95.5000 -0.0000 -37.4192 41 39 26
-94.5000 -0.0000 -34.0076 43 42 24
-93.5000 -0.0000 -31.5027 44 43 25
-92.5000 -0.0000 -29.6849 44 46 25
-91.5000 -0.0000 -28.3315 43 45 23
-90.5000 -0.0000 -27.2577 46 50 27
-89.5000 -0.0000 -26.3342 47 55 32
-88.5000 -0.0000 -25.4848 47 57 33
-87.5000 -0.0000 -24.6729 46 58 36
-86.5000 -0.0000 -23.8865 49 63 40
-85.5000 -0.0000 -23.1263 57 72 51
-84.5000 -0.0000 -22.3984 66 78 56
-83.5000 -0.0000 -21.7112 79 82 61
-82.5000 -0.0000 -21.0739 84 83 62
-81.5000 -0.0000 -20.4958 89 89 63
-80.5000 -0.0000 -19.9846 92 95 66
-79.5000 -0.0000 -19.5446 96 101 69
-78.5000 -0.0000 -19.1737 100 105 73
-77.5000 -0.0000 -18.8626 102 107 77
-76.5000 -0.0000 -18.5944 103 108 78
-75.5000 -0.0000 -18.3481 102 106 81
-74.5000 -0.0000 -18.1021 100 102 78
-73.5000 -0.0000 -17.8395 100 99 78
-72.5000 -0.0000 -17.5516 104 102 81
-71.5000 -0.0000 -17.2385 115 110 88
-70.5000 -0.0000 -16.9083 128 122 98
-69.5000 -0.0000 -16.5735 140 133 105
-68.5000 -0.0000 -16.2466 146 139 110
-67.5000 -0.0000 -15.9377 154 145 112
-66.5000 -0.0000 -15.6522 158 150 114
-65.5000 -0.0000 -15.3913 164 154 118
-64.5000 -0.0000 -15.1536 167 158 119
-63.5000 -0.0000 -14.9367 173 159 120
-62.5000 -0.0000 -14.7387 178 165 121
-61.5000 -0.0000 -14.5585 188 171 127
-60.5000 -0.0000 -14.3961 193 176 130
-59.5000 -0.0000 -14.2517 194 173 126
-58.5000 -0.0000 -14.1250 197 176 129
-57.5000 -0.0000 -14.0150 202 178 132
-56.5000 -0.0000 -13.9198 204 180 134
-55.5000 -0.0000 -13.8363 206 177 133
-54.5000 -0.0000 -13.7616 208 179 135
-53.5000 -0.0000 -13.6928 213 181 140
-52.5000 -0.0000 -13.6281 214 185 141
-51.5000 -0.0000 -13.5670 223 200 150
-50.5000 -0.0000 -13.5099 222 199 147
-49.5000 -0.0000 -13.4578 221 198 146
-48.5000 -0.0000 -13.4116 222 197 143
-47.5000 -0.0000 -13.3720 226 196 144
-46.5000 -0.0000 -13.3396 230 198 147
-45.5000 -0.0000 -13.3147 234 201 150
-44.5000 -0.0000 -13.2973 237 204 151
-43.5000 -0.0000 -13.2873 246 210 158
-42.5000 -0.0000 -13.2839 241 206 152
-41.5000 -0.0000 -13.2858 236 201 147
-40.5000 -0.0000 -13.2905 231 198 144
-39.5000 -0.0000 -13.2956 230 197 143
-38.5000 -0.0000 -13.2978 229 198 141
-37.5000 -0.0000 -13.2944 228 197 140
-36.5000 -0.0000 -13.2833 226 197 139
-35.5000 -0.0000 -13.2631 226 197 141
-34.5000 -0.0000 -13.2336 229 199 145
-33.5000 -0.0000 -13.1955 231 201 147
-32.5000 -0.0000 -13.1500 232 202 148
-31.5000 -0.0000 -13.0992 236 206 152
-30.5000 -0.0000 -13.0449 241 214 159
-29.5000 -0.0000 -12.9887 245 218 163
-28.5000 -0.0000 -12.9320 245 218 163
-27.5000 -0.0000 -12.8758 242 217 161
-26.5000 -0.0000 -12.8211 244 219 163
-25.5000 -0.0000 -12.7691 251 226 170
-24.5000 -0.0000 -12.7207 255 233 177
-23.5000 -0.0000 -12.6765 255 233 177
-22.5000 -0.0000 -12.6362 252 227 171
-21.5000 -0.0000 -12.5987 249 227 170
-20.5000 -0.0000 -12.5629 254 232 174
-19.5000 -0.0000 -12.5281 248 228 167
-18.5000 -0.0000 -12.4945 255 238 175
-17.5000 -0.0000 -12.4634 255 244 181
-16.5000 -0.0000 -12.4369 255 240 177
-15.5000 -0.0000 -12.4164 255 237 176
-14.5000 -0.0000 -12.4031 255 238 177
-13.5000 -0.0000 -12.3972 255 240 181
-12.5000 -0.0000 -12.3981 255 238 179
-11.5000 -0.0000 -12.4055 255 237 180
-10.5000 -0.0000 -12.4192 255 235 178
-9.5000 -0.0000 -12.4396 254 233 178
-8.5000 -0.0000 -12.4685 255 234 179
-7.5000 -0.0000 -12.5084 255 236 183
-6.5000 -0.0000 -12.5641 255 236 183
-5.5000 -0.0000 -12.6424 255 235 182
-4.5000 -0.0000 -12.7531 255 233 179
-3.5000 -0.0000 -12.9085 255 223 167
-2.5000 -0.0000 -13.1222 253 216 161
-1.5000 -0.0000 -13.4052 244 211 160
-0.5000 -0.0000 -13.7616 229 201 153
0.5000 -0.0000 -14.1823 211 188 144
1.5000 -0.0000 -14.6428 196 178 138
2.5000 -0.0000 -15.1029 172 159 125
3.5000 -0.0000 -15.5133 146 135 103
4.5000 -0.0000 -15.8255 130 121 90
5.5000 -0.0000 -16.0026 132 121 91
6.5000 -0.0000 -16.0274 133 120 88
7.5000 -0.0000 -15.9060 138 119 86
8.5000 -0.0000 -15.6658 153 131 92
9.5000 -0.0000 -15.3487 180 152 112
10.5000 -0.0000 -15.0017 203 172 128
11.5000 -0.0000 -14.6677 214 183 137
12.5000 -0.0000 -14.3782 207 179 131
13.5000 -0.0000 -14.1504 211 183 135
14.5000 -0.0000 -13.9886 218 187 140
15.5000 -0.0000 -13.8880 222 191 144
16.5000 -0.0000 -13.8395 223 191 144
17.5000 -0.0000 -13.8330 220 186 140
18.5000 -0.0000 -13.8599 217 180 135
19.5000 -0.0000 -13.9138 214 176 131
20.5000 -0.0000 -13.9912 215 174 130
21.5000 -0.0000 -14.0901 215 174 130
22.5000 -0.0000 -14.2094 213 172 128
23.5000 -0.0000 -14.3472 208 170 125
24.5000 -0.0000 -14.5001 202 165 120
25.5000 -0.0000 -14.6629 194 157 112
26.5000 -0.0000 -14.8298 184 150 104
27.5000 -0.0000 -14.9962 177 146 99
28.5000 -0.0000 -15.1601 178 154 108
29.5000 -0.0000 -15.3228 171 150 105
30.5000 -0.0000 -15.4888 166 143 101
31.5000 -0.0000 -15.6645 163 140 98
32.5000 -0.0000 -15.8566 166 138 99
33.5000 -0.0000 -16.0707 166 138 99
34.5000 -0.0000 -16.3103 163 135 98
35.5000 -0.0000 -16.5762 159 131 94
36.5000 -0.0000 -16.8666 152 126 91
37.5000 -0.0000 -17.1781 146 122 88
38.5000 -0.0000 -17.5064 139 114 83
39.5000 -0.0000 -17.8483 131 111 78
40.5000 -0.0000 -18.2021 127 106 75
41.5000 -0.0000 -18.5681 122 103 71
42.5000 -0.0000 -18.9484 115 98 68
43.5000 -0.0000 -19.3457 111 96 67
44.5000 -0.0000 -19.7616 106 90 65
45.5000 -0.0000 -20.1967 101 86 63
46.5000 -0.0000 -20.6500 94 82 60
47.5000 -0.0000 -21.1196 92 80 58
48.5000 -0.0000 -21.6045 89 78 58
49.5000 -0.0000 -22.1050 85 74 54
50.5000 -0.0000 -22.6239 76 68 49
51.5000 -0.0000 -23.1664 69 62 43
52.5000 -0.0000 -23.7408 71 64 48
53.5000 -0.0000 -24.3583 66 60 44
54.5000 -0.0000 -25.0335 59 56 41
55.5000 -0.0000 -25.7832 58 55 40
56.5000 -0.0000 -26.6242 57 55 42
57.5000 -0.0000 -27.5701 53 51 38
58.5000 -0.0000 -28.6282 43 43 31
59.5000 -0.0000 -29.7960 35 36 28
60.5000 -0.0000 -31.0605 30 36 32
61.5000 -0.0000 -32.3968 26 35 34
62.5000 -0.0000 -33.7701 23 32 31
63.5000 -0.0000 -35.1401 19 28 27
64.5000 -0.0000 -36.4711 18 24 24
65.5000 -0.0000 -37.7444 15 21 21
66.5000 -0.0000 -38.9713 15 19 18
67.5000 -0.0000 -40.1990 15 19 18
68.5000 -0.0000 -41.5037 20 22 21
69.5000 -0.0000 -42.9708 19 21 20
70.5000 -0.0000 -44.6650 19 19 17
71.5000 -0.0000 -46.6027 17 17 15
72.5000 -0.0000 -48.7367 16 15 13
73.5000 -0.0000 -50.9593 14 13 11
-98.5000 -1.0000 -55.1444 15 18 7
-97.5000 -1.0000 -48.4121 26 28 17
-96.5000 -1.0000 -42.6171 34 36 22
-95.5000 -1.0000 -37.9149 39 40 26
-94.5000 -1.0000 -34.2929 41 42 24
-93.5000 -1.0000 -31.6092 43 44 26
-92.5000 -1.0000 -29.6523 44 46 25
-91.5000 -1.0000 -28.2007 45 49 26
-90.5000 -1.0000 -27.0659 50 55 32
-89.5000 -1.0000 -26.1108 53 61 38
-88.5000 -1.0000 -25.2499 54 64 40
-87.5000 -1.0000 -24.4378 50 64 41
-86.5000 -1.0000 -23.6555 51 66 43
-85.5000 -1.0000 -22.8995 56 74 52
-84.5000 -1.0000 -22.1742 66 80 57
-83.5000 -1.0000 -21.4879 79 84 61
-82.5000 -1.0000 -20.8506 84 86 62
-81.5000 -1.0000 -20.2723 89 92 63
-80.5000 -1.0000 -19.7613 95 100 68
-79.5000 -1.0000 -19.3223 101 106 74
-78.5000 -1.0000 -18.9539 105 112 78
-77.5000 -1.0000 -18.6473 109 116 83
-76.5000 -1.0000 -18.3869 111 118 87
-75.5000 -1.0000 -18.1520 106 112 86
-74.5000 -1.0000 -17.9216 106 110 87
-73.5000 -1.0000 -17.6778 106 108 87
-72.5000 -1.0000 -17.4105 109 108 87
-71.5000 -1.0000 -17.1182 116 111 91
-70.5000 -1.0000 -16.8073 125 120 98
-69.5000 -1.0000 -16.4889 136 130 104
-68.5000 -1.0000 -16.1754 145 138 109
-67.5000 -1.0000 -15.8767 157 148 115
-66.5000 -1.0000 -15.5987 159 151 115
-65.5000 -1.0000 -15.3431 164 154 118
-64.5000 -1.0000 -15.1087 167 158 119
-63.5000 -1.0000 -14.8932 174 160 121
-62.5000 -1.0000 -14.6948 180 167 123
-61.5000 -1.0000 -14.5128 189 172 128
-60.5000 -1.0000 -14.3475 194 177 131
-59.5000 -1.0000 -14.1996 192 171 124
-58.5000 -1.0000 -14.0694 195 175 125
-57.5000 -1.0000 -13.9563 200 176 128
-56.5000 -1.0000 -13.8587 200 176 128
-55.5000 -1.0000 -13.7739 203 174 130
-54.5000 -1.0000 -13.6986 205 176 132
-53.5000 -1.0000 -13.6302 210 178 137
-52.5000 -1.0000 -13.5666 212 183 139
-51.5000 -1.0000 -13.5071 223 197 146
-50.5000 -1.0000 -13.4521 223 198 144
-49.5000 -1.0000 -13.4024 224 199 145
-48.5000 -1.0000 -13.3592 227 200 147
-47.5000 -1.0000 -13.3236 231 201 149
-46.5000 -1.0000 -13.2964 234 203 149
-45.5000 -1.0000 -13.2782 237 204 151
-44.5000 -1.0000 -13.2690 238 205 151
-43.5000 -1.0000 -13.2683 241 206 152
-42.5000 -1.0000 -13.2748 237 202 148
-41.5000 -1.0000 -13.2863 232 199 145
-40.5000 -1.0000 -13.3000 230 198 141
-39.5000 -1.0000 -13.3128 230 199 142
-38.5000 -1.0000 -13.3213 228 199 139
-37.5000 -1.0000 -13.3227 225 196 136
-36.5000 -1.0000 -13.3148 220 194 135
-35.5000 -1.0000 -13.2965 231 205 148
-34.5000 -1.0000 -13.2679 228 202 145
-33.5000 -1.0000 -13.2302 228 202 145
-32.5000 -1.0000 -13.1853 231 205 148
-31.5000 -1.0000 -13.1357 233 207 150
-30.5000 -1.0000 -13.0835 232 206 149
-29.5000 -1.0000 -13.0305 234 208 151
-28.5000 -1.0000 -12.9780 238 212 155
-27.5000 -1.0000 -12.9265 236 210 153
-26.5000 -1.0000 -12.8765 238 212 155
-25.5000 -1.0000 -12.8286 246 220 163
-24.5000 -1.0000 -12.7830 255 229 172
-23.5000 -1.0000 -12.7401 255 229 172
-22.5000 -1.0000 -12.6991 248 222 165
-21.5000 -1.0000 -12.6592 247 221 164
-20.5000 -1.0000 -12.6191 250 226 166
-19.5000 -1.0000 -12.5784 241 221 158
-18.5000 -1.0000 -12.5377 251 233 167
-17.5000 -1.0000 -12.4988 255 240 174
-16.5000 -1.0000 -12.4639 255 237 171
-15.5000 -1.0000 -12.4355 252 234 170
-14.5000 -1.0000 -12.4149 254 236 174
-13.5000 -1.0000 -12.4028 255 238 179
-12.5000 -1.0000 -12.3990 255 237 178
-11.5000 -1.0000 -12.4029 255 240 182
-10.5000 -1.0000 -12.4144 255 236 178
-9.5000 -1.0000 -12.4338 252 233 177
-8.5000 -1.0000 -12.4623 251 232 176
-7.5000 -1.0000 -12.5027 254 234 181
-6.5000 -1.0000 -12.5593 255 237 184
-5.5000 -1.0000 -12.6388 255 237 186
-4.5000 -1.0000 -12.7505 255 234 181
-3.5000 -1.0000 -12.9063 255 222 167
-2.5000 -1.0000 -13.1195 255 213 158
-1.5000 -1.0000 -13.4012 250 210 159
-0.5000 -1.0000 -13.7558 233 199 153
0.5000 -1.0000 -14.1754 208 181 138
1.5000 -1.0000 -14.6361 190 171 131
2.5000 -1.0000 -15.0985 170 155 122
3.5000 -1.0000 -15.5133 143 132 100
4.5000 -1.0000 -15.8313 128 119 88
5.5000 -1.0000 -16.0142 131 122 91
6.5000 -1.0000 -16.0431 132 121 89
7.5000 -1.0000 -15.9227 137 123 88
8.5000 -1.0000 -15.6801 154 136 96
9.5000 -1.0000 -15.3577 180 159 114
10.5000 -1.0000 -15.0041 202 178 132
11.5000 -1.0000 -14.6639 212 184 137
12.5000 -1.0000 -14.3698 210 179 132
13.5000 -1.0000 -14.1395 213 183 133
14.5000 -1.0000 -13.9771 218 186 137
15.5000 -1.0000 -13.8773 221 187 139
16.5000 -1.0000 -13.8301 223 187 139
17.5000 -1.0000 -13.8248 221 183 136
18.5000 -1.0000 -13.8529 219 178 132
19.5000 -1.0000 -13.9081 217 176 130
20.5000 -1.0000 -13.9870 219 176 131
21.5000 -1.0000 -14.0879 220 177 132
22.5000 -1.0000 -14.2095 218 175 130
23.5000 -1.0000 -14.3495 215 172 127
24.5000 -1.0000 -14.5037 208 167 121
25.5000 -1.0000 -14.6665 197 159 112
26.5000 -1.0000 -14.8318 190 152 105
27.5000 -1.0000 -14.9953 182 148 102
28.5000 -1.0000 -15.1556 178 154 108
29.5000 -1.0000 -15.3150 168 147 100
30.5000 -1.0000 -15.4790 161 138 94
31.5000 -1.0000 -15.6547 159 136 92
32.5000 -1.0000 -15.8494 165 137 97
33.5000 -1.0000 -16.0691 165 137 97
34.5000 -1.0000 -16.3171 160 132 93
35.5000 -1.0000 -16.5940 155 127 90
36.5000 -1.0000 -16.8972 153 127 92
37.5000 -1.0000 -17.2223 146 122 86
38.5000 -1.0000 -17.5641 139 115 81
39.5000 -1.0000 -17.9183 130 110 75
40.5000 -1.0000 -18.2823 127 107 74
41.5000 -1.0000 -18.6559 121 102 69
42.5000 -1.0000 -19.0406 114 98 65
43.5000 -1.0000 -19.4388 110 95 64
44.5000 -1.0000 -19.8527 102 86 61
45.5000 -1.0000 -20.2834 98 83 60
46.5000 -1.0000 -20.7308 92 80 58
47.5000 -1.0000 -21.1937 89 77 55
48.5000 -1.0000 -21.6710 86 75 55
49.5000 -1.0000 -22.1627 83 72 52
50.5000 -1.0000 -22.6709 79 71 52
51.5000 -1.0000 -23.2005 76 69 50
52.5000 -1.0000 -23.7601 72 65 49
53.5000 -1.0000 -24.3627 65 59 43
54.5000 -1.0000 -25.0255 58 55 40
55.5000 -1.0000 -25.7687 58 55 40
56.5000 -1.0000 -26.6121 58 56 43
57.5000 -1.0000 -27.5710 57 55 42
58.5000 -1.0000 -28.6513 48 48 36
59.5000 -1.0000 -29.8466 41 42 34
60.5000 -1.0000 -31.1375 32 38 36
61.5000 -1.0000 -32.4927 27 37 38
62.5000 -1.0000 -33.8733 23 33 34
63.5000 -1.0000 -35.2384 19 29 30
64.5000 -1.0000 -36.5555 17 26 25
65.5000 -1.0000 -37.8120 15 24 23
66.5000 -1.0000 -39.0264 15 21 21
67.5000 -1.0000 -40.2523 16 20 21
68.5000 -1.0000 -41.5706 21 23 22
69.5000 -1.0000 -43.0693 20 22 21
70.5000 -1.0000 -44.8128 20 20 18
71.5000 -1.0000 -46.8133 17 17 15
72.5000 -1.0000 -49.0143 16 15 13
73.5000 -1.0000 -51.2952 14 13 11
-98.5000 -2.0000 -56.1452 15 18 9
-97.5000 -2.0000 -49.3011 25 27 16
-96.5000 -2.0000 -43.3318 33 35 22
-95.5000 -2.0000 -38.4255 38 39 25
-94.5000 -2.0000 -34.6008 40 41 25
-93.5000 -2.0000 -31.7390 43 44 26
-92.5000 -2.0000 -29.6422 45 47 26
-91.5000 -2.0000 -28.0929 46 49 28
-90.5000 -2.0000 -26.8986 53 58 36
-89.5000 -2.0000 -25.9139 61 66 44
-88.5000 -2.0000 -25.0430 62 70 47
-87.5000 -2.0000 -24.2311 59 69 45
-86.5000 -2.0000 -23.4526 57 69 45
-85.5000 -2.0000 -22.6999 61 75 50
-84.5000 -2.0000 -21.9762 68 78 54
-83.5000 -2.0000 -21.2902 82 84 60
-82.5000 -2.0000 -20.6530 88 86 61
-81.5000 -2.0000 -20.0754 93 93 65
-80.5000 -2.0000 -19.5660 100 101 70
-79.5000 -2.0000 -19.1292 108 109 77
-78.5000 -2.0000 -18.7634 113 117 84
-77.5000 -2.0000 -18.4598 119 120 89
-76.5000 -2.0000 -18.2034 120 123 92
-75.5000 -2.0000 -17.9745 113 113 87
-74.5000 -2.0000 -17.7527 115 115 91
-73.5000 -2.0000 -17.5210 117 115 92
-72.5000 -2.0000 -17.2689 119 114 92
-71.5000 -2.0000 -16.9938 120 114 92
-70.5000 -2.0000 -16.7006 125 119 95
-69.5000 -2.0000 -16.3992 135 128 102
-68.5000 -2.0000 -16.1007 144 135 106
-67.5000 -2.0000 -15.8144 160 150 115
-66.5000 -2.0000 -15.5461 161 151 115
-65.5000 -2.0000 -15.2973 165 153 115
-64.5000 -2.0000 -15.0671 170 156 117
-63.5000 -2.0000 -14.8535 175 162 120
-62.5000 -2.0000 -14.6549 183 168 125
-61.5000 -2.0000 -14.4710 190 173 129
-60.5000 -2.0000 -14.3024 194 176 130
-59.5000 -2.0000 -14.1505 204 183 136
-58.5000 -2.0000 -14.0162 208 186 137
-57.5000 -2.0000 -13.8994 211 187 139
-56.5000 -2.0000 -13.7990 212 188 140
-55.5000 -2.0000 -13.7125 214 187 140
-54.5000 -2.0000 -13.6371 217 189 142
-53.5000 -2.0000 -13.5699 220 191 147
-52.5000 -2.0000 -13.5086 224 196 149
-51.5000 -2.0000 -13.4521 220 192 142
-50.5000 -2.0000 -13.4005 223 196 143
-49.5000 -2.0000 -13.3544 226 199 146
-48.5000 -2.0000 -13.3154 232 202 150
-47.5000 -2.0000 -13.2846 235 204 150
-46.5000 -2.0000 -13.2634 237 204 150
-45.5000 -2.0000 -13.2525 237 204 150
-44.5000 -2.0000 -13.2521 239 204 148
-43.5000 -2.0000 -13.2611 235 200 144
-42.5000 -2.0000 -13.2776 233 198 142
-41.5000 -2.0000 -13.2988 232 197 141
-40.5000 -2.0000 -13.3211 231 199 142
-39.5000 -2.0000 -13.3410 231 200 143
-38.5000 -2.0000 -13.3550 229 200 142
-37.5000 -2.0000 -13.3602 224 195 137
-36.5000 -2.0000 -13.3546 217 191 134
-35.5000 -2.0000 -13.3376 225 196 140
-34.5000 -2.0000 -13.3096 219 190 134
-33.5000 -2.0000 -13.2723 220 190 136
-32.5000 -2.0000 -13.2283 227 201 144
-31.5000 -2.0000 -13.1802 232 202 148
-30.5000 -2.0000 -13.1308 229 200 144
-29.5000 -2.0000 -13.0820 233 203 149
-28.5000 -2.0000 -13.0346 241 212 156
-27.5000 -2.0000 -12.9890 229 199 145
-26.5000 -2.0000 -12.9451 233 204 148
-25.5000 -2.0000 -12.9024 243 213 159
-24.5000 -2.0000 -12.8607 253 224 168
-23.5000 -2.0000 -12.8195 254 224 170
-22.5000 -2.0000 -12.7781 247 218 162
-21.5000 -2.0000 -12.7353 245 215 161
-20.5000 -2.0000 -12.6904 246 220 163
-19.5000 -2.0000 -12.6431 233 212 149
-18.5000 -2.0000 -12.5946 243 224 158
-17.5000 -2.0000 -12.5470 251 232 166
-16.5000 -2.0000 -12.5032 248 228 165
-15.5000 -2.0000 -12.4660 245 225 162
-14.5000 -2.0000 -12.4375 248 228 167
-13.5000 -2.0000 -12.4186 251 231 172
-12.5000 -2.0000 -12.4092 251 230 173
-11.5000 -2.0000 -12.4091 255 236 179
-10.5000 -2.0000 -12.4177 252 231 174
-9.5000 -2.0000 -12.4353 246 227 171
-8.5000 -2.0000 -12.4632 245 226 170
-7.5000 -2.0000 -12.5037 248 229 173
-6.5000 -2.0000 -12.5611 252 233 177
-5.5000 -2.0000 -12.6414 254 235 179
-4.5000 -2.0000 -12.7536 255 232 176
-3.5000 -2.0000 -12.9089 255 221 167
-2.5000 -2.0000 -13.1202 255 212 158
-1.5000 -2.0000 -13.3989 252 211 159
-0.5000 -2.0000 -13.7501 234 198 150
0.5000 -2.0000 -14.1669 204 175 131
1.5000 -2.0000 -14.6267 187 164 123
2.5000 -2.0000 -15.0910 170 152 116
3.5000 -2.0000 -15.5108 142 129 95
4.5000 -2.0000 -15.8364 126 115 85
5.5000 -2.0000 -16.0280 131 120 90
6.5000 -2.0000 -16.0648 135 122 90
7.5000 -2.0000 -15.9499 139 125 90
8.5000 -2.0000 -15.7088 157 139 99
9.5000 -2.0000 -15.3841 182 163 120
10.5000 -2.0000 -15.0252 202 180 133
11.5000 -2.0000 -14.6783 210 183 136
12.5000 -2.0000 -14.3776 213 182 135
13.5000 -2.0000 -14.1420 215 183 136
14.5000 -2.0000 -13.9760 216 184 137
15.5000 -2.0000 -13.8740 217 183 137
16.5000 -2.0000 -13.8257 220 182 135
17.5000 -2.0000 -13.8200 219 181 134
18.5000 -2.0000 -13.8482 219 178 132
19.5000 -2.0000 -13.9041 218 177 131
20.5000 -2.0000 -13.9844 223 180 135
21.5000 -2.0000 -14.0873 223 180 135
22.5000 -2.0000 -14.2113 222 179 134
23.5000 -2.0000 -14.3533 218 177 131
24.5000 -2.0000 -14.5087 209 171 126
25.5000 -2.0000 -14.6713 200 162 117
26.5000 -2.0000 -14.8349 193 155 110
27.5000 -2.0000 -14.9956 186 152 106
28.5000 -2.0000 -15.1528 185 158 113
29.5000 -2.0000 -15.3098 177 153 107
30.5000 -2.0000 -15.4728 172 148 102
31.5000 -2.0000 -15.6497 174 150 104
32.5000 -2.0000 -15.8485 180 153 110
33.5000 -2.0000 -16.0751 177 150 107
34.5000 -2.0000 -16.3330 165 137 97
35.5000 -2.0000 -16.6220 152 127 87
36.5000 -2.0000 -16.9389 153 127 92
37.5000 -2.0000 -17.2782 146 122 88
38.5000 -2.0000 -17.6336 138 115 83
39.5000 -2.0000 -17.9999 130 110 77
40.5000 -2.0000 -18.3735 125 106 73
41.5000 -2.0000 -18.7535 119 103 70
42.5000 -2.0000 -19.1409 114 98 65
43.5000 -2.0000 -19.5382 109 94 63
44.5000 -2.0000 -19.9480 110 96 70
45.5000 -2.0000 -20.3725 106 91 68
46.5000 -2.0000 -20.8127 97 85 63
47.5000 -2.0000 -21.2686 87 76 54
48.5000 -2.0000 -21.7395 80 69 49
49.5000 -2.0000 -22.2252 73 65 44
50.5000 -2.0000 -22.7272 72 64 45
51.5000 -2.0000 -23.2497 71 64 45
52.5000 -2.0000 -23.8012 72 67 48
53.5000 -2.0000 -24.3953 64 61 42
54.5000 -2.0000 -25.0508 59 56 39
55.5000 -2.0000 -25.7902 59 56 39
56.5000 -2.0000 -26.6356 62 59 44
57.5000 -2.0000 -27.6038 61 59 44
58.5000 -2.0000 -28.7001 55 53 38
59.5000 -2.0000 -29.9152 48 48 36
60.5000 -2.0000 -31.2243 35 40 36
61.5000 -2.0000 -32.5907 29 38 35
62.5000 -2.0000 -33.9711 28 34 34
63.5000 -2.0000 -35.3245 24 30 28
64.5000 -2.0000 -36.6216 21 27 25
65.5000 -2.0000 -37.8564 19 25 23
66.5000 -2.0000 -39.0546 18 22 21
67.5000 -2.0000 -40.2767 18 22 21
68.5000 -2.0000 -41.6087 21 23 20
69.5000 -2.0000 -43.1407 22 22 20
70.5000 -2.0000 -44.9364 20 21 16
71.5000 -2.0000 -47.0028 18 19 14
72.5000 -2.0000 -49.2733 17 16 12
73.5000 -2.0000 -51.6135 15 14 10
-98.5000 -3.0000 -57.0057 13 14 8
-97.5000 -3.0000 -50.1464 22 23 17
-96.5000 -3.0000 -44.0579 28 29 21
-95.5000 -3.0000 -38.9722 34 34 24
-94.5000 -3.0000 -34.9510 38 38 26
-93.5000 -3.0000 -31.9095 45 46 32
-92.5000 -3.0000 -29.6698 50 51 35
-91.5000 -3.0000 -28.0209 50 51 33
-90.5000 -3.0000 -26.7666 53 55 34
-89.5000 -3.0000 -25.7521 56 58 37
-88.5000 -3.0000 -24.8706 58 60 38
-87.5000 -3.0000 -24.0576 60 62 38
-86.5000 -3.0000 -23.2809 66 68 44
-85.5000 -3.0000 -22.5295 73 75 51
-84.5000 -3.0000 -21.8058 80 80 54
-83.5000 -3.0000 -21.1193 88 80 57
-82.5000 -3.0000 -20.4824 96 86 61
-81.5000 -3.0000 -19.9066 104 94 67
-80.5000 -3.0000 -19.4006 111 101 74
-79.5000 -3.0000 -18.9679 115 105 78
-78.5000 -3.0000 -18.6056 118 111 83
-77.5000 -3.0000 -18.3043 125 116 87
-76.5000 -3.0000 -18.0489 126 119 90
-75.5000 -3.0000 -17.8207 125 116 87
-74.5000 -3.0000 -17.6011 126 116 89
-73.5000 -3.0000 -17.3745 126 116 89
-72.5000 -3.0000 -17.1312 127 118 89
-71.5000 -3.0000 -16.8688 131 120 92
-70.5000 -3.0000 -16.5909 136 125 97
-69.5000 -3.0000 -16.3057 144 133 103
-68.5000 -3.0000 -16.0227 151 138 106
-67.5000 -3.0000 -15.7500 167 153 118
-66.5000 -3.0000 -15.4924 161 146 107
-65.5000 -3.0000 -15.2516 162 144 106
-64.5000 -3.0000 -15.0267 171 153 113
-63.5000 -3.0000 -14.8157 179 161 121
-62.5000 -3.0000 -14.6177 184 165 123
-61.5000 -3.0000 -14.4324 189 170 127
-60.5000 -3.0000 -14.2612 196 175 130
-59.5000 -3.0000 -14.1056 204 183 136
-58.5000 -3.0000 -13.9671 210 188 141
-57.5000 -3.0000 -13.8464 218 194 146
-56.5000 -3.0000 -13.7429 220 196 148
-55.5000 -3.0000 -13.6547 222 196 147
-54.5000 -3.0000 -13.5793 220 194 145
-53.5000 -3.0000 -13.5137 220 194 145
-52.5000 -3.0000 -13.4554 221 193 145
-51.5000 -3.0000 -13.4028 225 197 147
-50.5000 -3.0000 -13.3556 228 198 148
-49.5000 -3.0000 -13.3142 232 200 149
-48.5000 -3.0000 -13.2802 235 202 149
-47.5000 -3.0000 -13.2551 237 204 150
-46.5000 -3.0000 -13.2405 240 205 149
-45.5000 -3.0000 -13.2376 242 206 148
-44.5000 -3.0000 -13.2463 241 205 147
-43.5000 -3.0000 -13.2652 235 199 141
-42.5000 -3.0000 -13.2916 234 198 140
-41.5000 -3.0000 -13.3220 233 198 142
-40.5000 -3.0000 -13.3522 232 200 143
-39.5000 -3.0000 -13.3783 233 200 147
-38.5000 -3.0000 -13.3967 230 199 145
-37.5000 -3.0000 -13.4046 224 194 142
-36.5000 -3.0000 -13.4004 221 189 138
-35.5000 -3.0000 -13.3838 233 200 149
-34.5000 -3.0000 -13.3558 232 196 144
-33.5000 -3.0000 -13.3186 230 194 144
-32.5000 -3.0000 -13.2752 229 196 143
-31.5000 -3.0000 -13.2288 237 201 151
-30.5000 -3.0000 -13.1824 239 206 153
-29.5000 -3.0000 -13.1378 240 207 156
-28.5000 -3.0000 -13.0961 240 207 154
-27.5000 -3.0000 -13.0570 240 208 157
-26.5000 -3.0000 -13.0197 241 210 156
-25.5000 -3.0000 -12.9830 242 210 159
-24.5000 -3.0000 -12.9457 243 212 158
-23.5000 -3.0000 -12.9067 243 211 160
-22.5000 -3.0000 -12.8649 242 211 157
-21.5000 -3.0000 -12.8193 240 208 157
-20.5000 -3.0000 -12.7694 238 208 154
-19.5000 -3.0000 -12.7155 231 207 147
-18.5000 -3.0000 -12.6592 238 217 154
-17.5000 -3.0000 -12.6031 248 227 164
-16.5000 -3.0000 -12.5506 253 231 171
-15.5000 -3.0000 -12.5049 254 229 172
-14.5000 -3.0000 -12.4686 253 228 172
-13.5000 -3.0000 -12.4429 253 231 174
-12.5000 -3.0000 -12.4279 255 233 179
-11.5000 -3.0000 -12.4234 252 229 175
-10.5000 -3.0000 -12.4288 255 234 180
-9.5000 -3.0000 -12.4443 249 228 171
-8.5000 -3.0000 -12.4710 247 226 169
-7.5000 -3.0000 -12.5111 255 236 177
-6.5000 -3.0000 -12.5687 251 232 173
-5.5000 -3.0000 -12.6493 240 224 164
-4.5000 -3.0000 -12.7610 250 226 166
-3.5000 -3.0000 -12.9145 255 215 159
-2.5000 -3.0000 -13.1223 255 218 163
-1.5000 -3.0000 -13.3961 250 209 155
-0.5000 -3.0000 -13.7419 236 200 148
0.5000 -3.0000 -14.1542 227 197 147
1.5000 -3.0000 -14.6118 198 174 128
2.5000 -3.0000 -15.0777 163 144 102
3.5000 -3.0000 -15.5033 150 134 98
4.5000 -3.0000 -15.8385 135 120 87
5.5000 -3.0000 -16.0424 133 118 87
6.5000 -3.0000 -16.0919 137 120 90
7.5000 -3.0000 -15.9876 139 120 87
8.5000 -3.0000 -15.7531 145 125 88
9.5000 -3.0000 -15.4297 174 153 110
10.5000 -3.0000 -15.0672 202 178 132
11.5000 -3.0000 -14.7133 207 180 133
12.5000 -3.0000 -14.4040 207 178 134
13.5000 -3.0000 -14.1601 213 182 138
14.5000 -3.0000 -13.9871 215 184 138
15.5000 -3.0000 -13.8797 217 184 139
16.5000 -3.0000 -13.8277 223 189 143
17.5000 -3.0000 -13.8199 229 192 147
18.5000 -3.0000 -13.8471 226 188 141
19.5000 -3.0000 -13.9031 217 179 132
20.5000 -3.0000 -13.9845 221 183 136
21.5000 -3.0000 -14.0893 219 181 134
22.5000 -3.0000 -14.2155 214 177 132
23.5000 -3.0000 -14.3596 212 175 130
24.5000 -3.0000 -14.5161 206 172 127
25.5000 -3.0000 -14.6785 198 165 120
26.5000 -3.0000 -14.8408 187 154 111
27.5000 -3.0000 -14.9994 178 147 103
28.5000 -3.0000 -15.1546 188 157 113
29.5000 -3.0000 -15.3105 185 154 110
30.5000 -3.0000 -15.4743 182 151 105
31.5000 -3.0000 -15.6544 178 150 103
32.5000 -3.0000 -15.8590 176 148 101
33.5000 -3.0000 -16.0942 171 144 99
34.5000 -3.0000 -16.3631 166 139 96
35.5000 -3.0000 -16.6650 159 134 94
36.5000 -3.0000 -16.9960 146 122 86
37.5000 -3.0000 -17.3493 138 115 83
38.5000 -3.0000 -17.7178 128 107 76
39.5000 -3.0000 -18.0952 124 105 75
40.5000 -3.0000 -18.4770 124 105 75
41.5000 -3.0000 -18.8618 121 105 72
42.5000 -3.0000 -19.2501 115 99 66
43.5000 -3.0000 -19.6443 109 94 63
44.5000 -3.0000 -20.0478 102 88 62
45.5000 -3.0000 -20.4639 100 85 64
46.5000 -3.0000 -20.8951 94 81 62
47.5000 -3.0000 -21.3429 89 78 58
48.5000 -3.0000 -21.8077 82 74 53
49.5000 -3.0000 -22.2895 77 71 49
50.5000 -3.0000 -22.7891 73 68 46
51.5000 -3.0000 -23.3103 70 68 45
52.5000 -3.0000 -23.8607 68 66 45
53.5000 -3.0000 -24.4534 63 61 40
54.5000 -3.0000 -25.1077 59 57 36
55.5000 -3.0000 -25.8469 59 57 36
56.5000 -3.0000 -26.6947 61 59 38
57.5000 -3.0000 -27.6688 61 56 36
58.5000 -3.0000 -28.7745 54 49 29
59.5000 -3.0000 -30.0003 44 41 24
60.5000 -3.0000 -31.3176 34 34 26
61.5000 -3.0000 -32.6852 23 26 19
62.5000 -3.0000 -34.0569 25 26 21
63.5000 -3.0000 -35.3915 26 27 21
64.5000 -3.0000 -36.6637 21 22 16
65.5000 -3.0000 -37.8739 24 25 19
66.5000 -3.0000 -39.0557 26 27 21
67.5000 -3.0000 -40.2764 19 20 14
68.5000 -3.0000 -41.6265 20 21 15
69.5000 -3.0000 -43.1976 21 20 15
70.5000 -3.0000 -45.0507 21 20 15
71.5000 -3.0000 -47.1858 21 20 15
72.5000 -3.0000 -49.5252 19 18 13
73.5000 -3.0000 -51.9206 16 15 10
79.5000 -3.0000 -59.8182 15 14 12
80.5000 -3.0000 -59.9929 15 14 12
-98.5000 -4.0000 -57.8459 13 14 9
-97.5000 -4.0000 -51.0419 21 22 16
-96.5000 -4.0000 -44.8679 28 29 21
-95.5000 -4.0000 -39.6092 35 35 27
-94.5000 -4.0000 -35.3831 41 41 29
-93.5000 -4.0000 -32.1491 46 46 34
-92.5000 -4.0000 -29.7552 49 50 34
-91.5000 -4.0000 -27.9987 52 50 35
-90.5000 -4.0000 -26.6792 55 54 34
-89.5000 -4.0000 -25.6311 59 56 37
-88.5000 -4.0000 -24.7358 61 59 36
-87.5000 -4.0000 -23.9187 64 62 39
-86.5000 -4.0000 -23.1407 69 67 42
-85.5000 -4.0000 -22.3880 78 74 47
-84.5000 -4.0000 -21.6624 85 79 53
-83.5000 -4.0000 -20.9746 92 82 57
-82.5000 -4.0000 -20.3382 99 87 63
-81.5000 -4.0000 -19.7656 106 94 68
-80.5000 -4.0000 -19.2649 113 101 75
-79.5000 -4.0000 -18.8382 116 104 78
-78.5000 -4.0000 -18.4807 120 108 82
-77.5000 -4.0000 -18.1816 124 113 85
-76.5000 -4.0000 -17.9251 127 116 88
-75.5000 -4.0000 -17.6937 124 113 83
-74.5000 -4.0000 -17.4708 127 116 86
-73.5000 -4.0000 -17.2431 129 118 88
-72.5000 -4.0000 -17.0030 131 120 90
-71.5000 -4.0000 -16.7485 134 123 91
-70.5000 -4.0000 -16.4825 139 128 96
-69.5000 -4.0000 -16.2117 146 135 103
-68.5000 -4.0000 -15.9434 153 140 106
-67.5000 -4.0000 -15.6841 164 148 112
-66.5000 -4.0000 -15.4377 161 143 105
-65.5000 -4.0000 -15.2054 163 144 104
-64.5000 -4.0000 -14.9863 171 152 112
-63.5000 -4.0000 -14.7789 177 158 116
-62.5000 -4.0000 -14.5825 181 162 120
-61.5000 -4.0000 -14.3972 188 167 124
-60.5000 -4.0000 -14.2244 195 174 129
-59.5000 -4.0000 -14.0661 205 183 136
-58.5000 -4.0000 -13.9243 209 187 140
-57.5000 -4.0000 -13.8000 216 192 144
-56.5000 -4.0000 -13.6935 220 196 148
-55.5000 -4.0000 -13.6035 223 197 148
-54.5000 -4.0000 -13.5279 222 196 145
-53.5000 -4.0000 -13.4638 221 195 144
-52.5000 -4.0000 -13.4085 221 195 144
-51.5000 -4.0000 -13.3600 227 197 147
-50.5000 -4.0000 -13.3174 228 198 148
-49.5000 -4.0000 -13.2812 231 199 148
-48.5000 -4.0000 -13.2528 234 201 148
-47.5000 -4.0000 -13.2340 238 203 149
-46.5000 -4.0000 -13.2267 239 204 148
-45.5000 -4.0000 -13.2322 241 205 147
-44.5000 -4.0000 -13.2501 244 205 146
-43.5000 -4.0000 -13.2788 238 199 140
-42.5000 -4.0000 -13.3148 234 198 140
-41.5000 -4.0000 -13.3538 231 196 140
-40.5000 -4.0000 -13.3911 231 196 142
-39.5000 -4.0000 -13.4224 230 197 144
-38.5000 -4.0000 -13.4440 227 195 144
-37.5000 -4.0000 -13.4535 222 192 142
-36.5000 -4.0000 -13.4497 219 187 138
-35.5000 -4.0000 -13.4326 230 194 144
-34.5000 -4.0000 -13.4039 231 193 144
-33.5000 -4.0000 -13.3662 232 194 145
-32.5000 -4.0000 -13.3230 233 197 147
-31.5000 -4.0000 -13.2779 236 200 150
-30.5000 -4.0000 -13.2339 238 202 152
-29.5000 -4.0000 -13.1932 238 202 152
-28.5000 -4.0000 -13.1566 235 202 151
-27.5000 -4.0000 -13.1237 228 195 144
-26.5000 -4.0000 -13.0930 228 196 145
-25.5000 -4.0000 -13.0624 229 197 146
-24.5000 -4.0000 -13.0298 232 200 149
-23.5000 -4.0000 -12.9933 235 203 152
-22.5000 -4.0000 -12.9515 237 207 155
-21.5000 -4.0000 -12.9036 240 210 158
-20.5000 -4.0000 -12.8492 242 212 158
-19.5000 -4.0000 -12.7895 235 209 150
-18.5000 -4.0000 -12.7263 236 212 150
-17.5000 -4.0000 -12.6628 241 217 157
-16.5000 -4.0000 -12.6029 247 223 163
-15.5000 -4.0000 -12.5500 254 227 172
-14.5000 -4.0000 -12.5070 255 230 175
-13.5000 -4.0000 -12.4754 255 232 178
-12.5000 -4.0000 -12.4555 255 232 178
-11.5000 -4.0000 -12.4468 255 230 176
-10.5000 -4.0000 -12.4490 255 234 180
-9.5000 -4.0000 -12.4620 250 228 171
-8.5000 -4.0000 -12.4870 247 227 168
-7.5000 -4.0000 -12.5261 254 234 175
-6.5000 -4.0000 -12.5830 248 230 168
-5.5000 -4.0000 -12.6628 240 222 158
-4.5000 -4.0000 -12.7728 246 222 160
-3.5000 -4.0000 -12.9229 240 203 148
-2.5000 -4.0000 -13.1254 248 205 152
-1.5000 -4.0000 -13.3921 241 202 147
-0.5000 -4.0000 -13.7301 232 199 145
0.5000 -4.0000 -14.1357 227 200 147
1.5000 -4.0000 -14.5895 200 178 129
2.5000 -4.0000 -15.0560 166 147 104
3.5000 -4.0000 -15.4879 149 134 95
4.5000 -4.0000 -15.8350 137 123 88
5.5000 -4.0000 -16.0549 134 119 88
6.5000 -4.0000 -16.1224 137 120 90
7.5000 -4.0000 -16.0348 136 120 86
8.5000 -4.0000 -15.8126 142 124 86
9.5000 -4.0000 -15.4952 168 149 106
10.5000 -4.0000 -15.1320 198 176 127
11.5000 -4.0000 -14.7716 204 180 132
12.5000 -4.0000 -14.4523 213 186 141
13.5000 -4.0000 -14.1973 217 188 146
14.5000 -4.0000 -14.0138 220 189 145
15.5000 -4.0000 -13.8980 218 187 141
16.5000 -4.0000 -13.8397 221 188 143
17.5000 -4.0000 -13.8278 224 190 144
18.5000 -4.0000 -13.8528 221 185 137
19.5000 -4.0000 -13.9082 211 175 127
20.5000 -4.0000 -13.9903 223 187 139
21.5000 -4.0000 -14.0967 218 182 134
22.5000 -4.0000 -14.2250 210 176 130
23.5000 -4.0000 -14.3708 203 171 124
24.5000 -4.0000 -14.5283 198 167 123
25.5000 -4.0000 -14.6908 192 161 117
26.5000 -4.0000 -14.8523 183 154 112
27.5000 -4.0000 -15.0100 178 149 107
28.5000 -4.0000 -15.1648 188 157 113
29.5000 -4.0000 -15.3217 186 153 110
30.5000 -4.0000 -15.4884 181 148 103
31.5000 -4.0000 -15.6738 177 146 99
32.5000 -4.0000 -15.8861 173 145 97
33.5000 -4.0000 -16.1313 169 142 95
34.5000 -4.0000 -16.4122 162 138 92
35.5000 -4.0000 -16.7274 158 135 93
36.5000 -4.0000 -17.0719 150 126 90
37.5000 -4.0000 -17.4384 139 119 86
38.5000 -4.0000 -17.8186 129 108 79
39.5000 -4.0000 -18.2053 123 103 76
40.5000 -4.0000 -18.5935 119 102 72
41.5000 -4.0000 -18.9811 115 98 68
42.5000 -4.0000 -19.3683 107 92 59
43.5000 -4.0000 -19.7576 101 86 55
44.5000 -4.0000 -20.1527 102 87 64
45.5000 -4.0000 -20.5583 98 85 66
46.5000 -4.0000 -20.9788 94 81 62
47.5000 -4.0000 -21.4174 87 79 58
48.5000 -4.0000 -21.8760 82 74 55
49.5000 -4.0000 -22.3553 76 71 51
50.5000 -4.0000 -22.8561 73 68 48
51.5000 -4.0000 -23.3811 70 68 47
52.5000 -4.0000 -23.9368 68 67 46
53.5000 -4.0000 -24.5354 64 63 42
54.5000 -4.0000 -25.1949 61 59 38
55.5000 -4.0000 -25.9384 60 58 37
56.5000 -4.0000 -26.7900 61 56 36
57.5000 -4.0000 -27.7676 58 53 33
58.5000 -4.0000 -28.8767 53 46 27
59.5000 -4.0000 -30.1046 46 40 24
60.5000 -4.0000 -31.4204 40 38 26
61.5000 -4.0000 -32.7799 27 28 20
62.5000 -4.0000 -34.1352 28 28 20
63.5000 -4.0000 -35.4459 27 28 20
64.5000 -4.0000 -36.6907 22 22 14
65.5000 -4.0000 -37.8768 23 24 16
66.5000 -4.0000 -39.0453 26 26 18
67.5000 -4.0000 -40.2699 17 18 10
68.5000 -4.0000 -41.6448 22 22 14
69.5000 -4.0000 -43.2614 21 22 14
70.5000 -4.0000 -45.1757 22 22 14
71.5000 -4.0000 -47.3789 20 21 13
72.5000 -4.0000 -49.7816 18 18 10
73.5000 -4.0000 -52.2232 14 15 7
79.5000 -4.0000 -59.9475 13 13 13
-98.5000 -5.0000 -58.8442 13 14 9
-97.5000 -5.0000 -52.1213 19 20 14
-96.5000 -5.0000 -45.8597 27 28 20
-95.5000 -5.0000 -40.4068 37 37 29
-94.5000 -5.0000 -35.9468 44 44 32
-93.5000 -5.0000 -32.4919 48 48 36
-92.5000 -5.0000 -29.9205 49 50 34
-91.5000 -5.0000 -28.0395 53 51 36
-90.5000 -5.0000 -26.6431 55 54 34
-89.5000 -5.0000 -25.5534 59 56 37
-88.5000 -5.0000 -24.6382 61 59 36
-87.5000 -5.0000 -23.8121 64 62 39
-86.5000 -5.0000 -23.0294 69 67 42
-85.5000 -5.0000 -22.2728 78 74 47
-84.5000 -5.0000 -21.5440 85 79 53
-83.5000 -5.0000 -20.8545 92 85 59
-82.5000 -5.0000 -20.2191 100 90 65
-81.5000 -5.0000 -19.6508 108 98 71
-80.5000 -5.0000 -19.1570 113 103 76
-79.5000 -5.0000 -18.7379 116 106 79
-78.5000 -5.0000 -18.3864 118 108 81
-77.5000 -5.0000 -18.0895 121 112 83
-76.5000 -5.0000 -17.8310 123 114 85
-75.5000 -5.0000 -17.5939 121 112 81
-74.5000 -5.0000 -17.3639 126 117 86
-73.5000 -5.0000 -17.1309 131 122 91
-72.5000 -5.0000 -16.8893 135 126 95
-71.5000 -5.0000 -16.6385 137 128 95
-70.5000 -5.0000 -16.3810 141 132 99
-69.5000 -5.0000 -16.1218 147 138 105
-68.5000 -5.0000 -15.8664 153 143 108
-67.5000 -5.0000 -15.6195 165 149 113
-66.5000 -5.0000 -15.3836 164 146 108
-65.5000 -5.0000 -15.1596 167 149 109
-64.5000 -5.0000 -14.9466 174 156 116
-63.5000 -5.0000 -14.7435 180 161 119
-62.5000 -5.0000 -14.5499 181 162 120
-61.5000 -5.0000 -14.3662 190 169 126
-60.5000 -5.0000 -14.1936 199 178 133
-59.5000 -5.0000 -14.0342 204 182 135
-58.5000 -5.0000 -13.8901 207 185 138
-57.5000 -5.0000 -13.7631 213 189 141
-56.5000 -5.0000 -13.6539 219 195 147
-55.5000 -5.0000 -13.5620 225 199 150
-54.5000 -5.0000 -13.4857 225 199 150
-53.5000 -5.0000 -13.4224 224 198 147
-52.5000 -5.0000 -13.3693 222 196 145
-51.5000 -5.0000 -13.3242 228 198 148
-50.5000 -5.0000 -13.2859 229 199 149
-49.5000 -5.0000 -13.2547 230 198 147
-48.5000 -5.0000 -13.2319 232 199 146
-47.5000 -5.0000 -13.2197 236 201 147
-46.5000 -5.0000 -13.2201 238 203 147
-45.5000 -5.0000 -13.2342 240 204 146
-44.5000 -5.0000 -13.2615 241 205 147
-43.5000 -5.0000 -13.2998 238 202 144
-42.5000 -5.0000 -13.3449 234 198 140
-41.5000 -5.0000 -13.3917 229 194 138
-40.5000 -5.0000 -13.4352 227 192 138
-39.5000 -5.0000 -13.4705 224 191 138
-38.5000 -5.0000 -13.4943 223 191 140
-37.5000 -5.0000 -13.5043 219 189 139
-36.5000 -5.0000 -13.4999 217 185 136
-35.5000 -5.0000 -13.4816 222 189 138
-34.5000 -5.0000 -13.4515 227 191 139
-33.5000 -5.0000 -13.4128 231 195 143
-32.5000 -5.0000 -13.3691 231 198 145
-31.5000 -5.0000 -13.3244 232 199 146
-30.5000 -5.0000 -13.2819 230 199 145
-29.5000 -5.0000 -13.2441 229 198 144
-28.5000 -5.0000 -13.2117 229 198 144
-27.5000 -5.0000 -13.1840 230 199 145
-26.5000 -5.0000 -13.1591 227 197 143
-25.5000 -5.0000 -13.1341 223 193 139
-24.5000 -5.0000 -13.1061 219 192 137
-23.5000 -5.0000 -13.0725 220 193 138
-22.5000 -5.0000 -13.0315 223 196 141
-21.5000 -5.0000 -12.9822 227 200 145
-20.5000 -5.0000 -12.9249 229 203 146
-19.5000 -5.0000 -12.8609 238 212 153
-18.5000 -5.0000 -12.7929 234 208 147
-17.5000 -5.0000 -12.7243 234 208 149
-16.5000 -5.0000 -12.6591 241 215 156
-15.5000 -5.0000 -12.6013 252 225 170
-14.5000 -5.0000 -12.5536 255 233 178
-13.5000 -5.0000 -12.5177 255 232 179
-12.5000 -5.0000 -12.4939 255 229 176
-11.5000 -5.0000 -12.4818 255 232 178
-10.5000 -5.0000 -12.4809 255 234 180
-9.5000 -5.0000 -12.4914 251 229 172
-8.5000 -5.0000 -12.5142 248 228 169
-7.5000 -5.0000 -12.5515 252 232 173
-6.5000 -5.0000 -12.6066 248 228 167
-5.5000 -5.0000 -12.6842 240 220 157
-4.5000 -5.0000 -12.7909 243 219 159
-3.5000 -5.0000 -12.9358 236 201 147
-2.5000 -5.0000 -13.1308 240 203 150
-1.5000 -5.0000 -13.3881 235 202 148
-0.5000 -5.0000 -13.7156 234 204 150
0.5000 -5.0000 -14.1115 228 205 153
1.5000 -5.0000 -14.5588 203 185 135
2.5000 -5.0000 -15.0243 166 152 107
3.5000 -5.0000 -15.4621 144 132 92
4.5000 -5.0000 -15.8227 137 127 91
5.5000 -5.0000 -16.0623 130 122 86
6.5000 -5.0000 -16.1531 131 121 86
7.5000 -5.0000 -16.0887 132 119 84
8.5000 -5.0000 -15.8856 135 121 82
9.5000 -5.0000 -15.5801 160 146 101
10.5000 -5.0000 -15.2202 189 173 122
11.5000 -5.0000 -14.8552 200 180 130
12.5000 -5.0000 -14.5256 212 188 142
13.5000 -5.0000 -14.2574 219 190 148
14.5000 -5.0000 -14.0608 223 192 148
15.5000 -5.0000 -13.9335 220 189 143
16.5000 -5.0000 -13.8664 221 188 143
17.5000 -5.0000 -13.8484 224 190 144
18.5000 -5.0000 -13.8698 220 184 136
19.5000 -5.0000 -13.9237 212 176 128
20.5000 -5.0000 -14.0058 226 190 142
21.5000 -5.0000 -14.1134 220 184 136
22.5000 -5.0000 -14.2431 208 174 128
23.5000 -5.0000 -14.3903 199 167 120
24.5000 -5.0000 -14.5487 192 161 117
25.5000 -5.0000 -14.7114 188 157 113
26.5000 -5.0000 -14.8731 182 153 111
27.5000 -5.0000 -15.0313 180 151 109
28.5000 -5.0000 -15.1877 188 156 115
29.5000 -5.0000 -15.3478 184 153 109
30.5000 -5.0000 -15.5197 179 148 102
31.5000 -5.0000 -15.7124 175 144 98
32.5000 -5.0000 -15.9341 171 143 95
33.5000 -5.0000 -16.1905 167 140 93
34.5000 -5.0000 -16.4837 161 137 93
35.5000 -5.0000 -16.8118 156 133 92
36.5000 -5.0000 -17.1690 148 124 90
37.5000 -5.0000 -17.5470 138 117 86
38.5000 -5.0000 -17.9368 128 107 78
39.5000 -5.0000 -18.3307 121 101 74
40.5000 -5.0000 -18.7232 116 99 71
41.5000 -5.0000 -19.1116 112 95 65
42.5000 -5.0000 -19.4958 104 89 56
43.5000 -5.0000 -19.8784 97 82 53
44.5000 -5.0000 -20.2636 100 85 64
45.5000 -5.0000 -20.6574 96 83 66
46.5000 -5.0000 -21.0658 94 81 64
47.5000 -5.0000 -21.4945 87 79 60
48.5000 -5.0000 -21.9468 82 73 56
49.5000 -5.0000 -22.4246 76 71 52
50.5000 -5.0000 -22.9290 73 68 49
51.5000 -5.0000 -23.4619 69 66 47
52.5000 -5.0000 -24.0286 66 65 45
53.5000 -5.0000 -24.6392 64 63 43
54.5000 -5.0000 -25.3101 62 59 40
55.5000 -5.0000 -26.0630 60 57 38
56.5000 -5.0000 -26.9209 59 53 37
57.5000 -5.0000 -27.9016 55 49 33
58.5000 -5.0000 -29.0104 51 44 28
59.5000 -5.0000 -30.2343 47 41 27
60.5000 -5.0000 -31.5415 41 41 31
61.5000 -5.0000 -32.8865 29 32 25
62.5000 -5.0000 -34.2211 29 30 24
63.5000 -5.0000 -35.5064 28 31 24
64.5000 -5.0000 -36.7253 22 23 17
65.5000 -5.0000 -37.8910 22 25 18
66.5000 -5.0000 -39.0515 24 25 19
67.5000 -5.0000 -40.2858 15 18 11
68.5000 -5.0000 -41.6907 23 24 18
69.5000 -5.0000 -43.3551 21 24 17
70.5000 -5.0000 -45.3285 21 22 16
71.5000 -5.0000 -47.5921 18 21 14
72.5000 -5.0000 -50.0449 16 17 11
-97.5000 -6.0000 -53.4901 17 18 12
-96.5000 -6.0000 -47.1093 26 27 19
-95.5000 -6.0000 -41.4206 38 38 30
-94.5000 -6.0000 -36.6825 46 46 34
-93.5000 -6.0000 -32.9664 49 49 37
-92.5000 -6.0000 -30.1848 48 49 33
-91.5000 -6.0000 -28.1543 53 51 36
-90.5000 -6.0000 -26.6629 56 55 35
-89.5000 -6.0000 -25.5188 60 57 38
-88.5000 -6.0000 -24.5748 62 60 37
-87.5000 -6.0000 -23.7339 64 62 39
-86.5000 -6.0000 -22.9428 70 68 43
-85.5000 -6.0000 -22.1807 79 75 48
-84.5000 -6.0000 -21.4481 85 81 54
-83.5000 -6.0000 -20.7573 94 88 62
-82.5000 -6.0000 -20.1239 100 94 68
-81.5000 -6.0000 -19.5609 108 101 73
-80.5000 -6.0000 -19.0750 112 107 78
-79.5000 -6.0000 -18.6642 115 108 80
-78.5000 -6.0000 -18.3192 114 109 80
-77.5000 -6.0000 -18.0247 117 110 81
-76.5000 -6.0000 -17.7635 117 112 82
-75.5000 -6.0000 -17.5197 117 111 79
-74.5000 -6.0000 -17.2809 123 118 86
-73.5000 -6.0000 -17.0400 133 127 95
-72.5000 -6.0000 -16.7941 136 131 99
-71.5000 -6.0000 -16.5438 139 133 99
-70.5000 -6.0000 -16.2917 141 137 102
-69.5000 -6.0000 -16.0414 147 141 107
-68.5000 -6.0000 -15.7965 154 146 110
-67.5000 -6.0000 -15.5599 168 154 117
-66.5000 -6.0000 -15.3331 171 153 115
-65.5000 -6.0000 -15.1165 176 158 118
-64.5000 -6.0000 -14.9095 183 165 125
-63.5000 -6.0000 -14.7113 186 167 127
-62.5000 -6.0000 -14.5216 187 168 126
-61.5000 -6.0000 -14.3408 196 175 132
-60.5000 -6.0000 -14.1701 207 186 143
-59.5000 -6.0000 -14.0113 203 180 136
-58.5000 -6.0000 -13.8666 206 184 137
-57.5000 -6.0000 -13.7378 212 188 140
-56.5000 -6.0000 -13.6264 219 195 147
-55.5000 -6.0000 -13.5325 226 200 151
-54.5000 -6.0000 -13.4549 228 202 153
-53.5000 -6.0000 -13.3914 226 200 149
-52.5000 -6.0000 -13.3392 225 197 147
-51.5000 -6.0000 -13.2961 227 199 149
-50.5000 -6.0000 -13.2610 229 199 149
-49.5000 -6.0000 -13.2340 230 198 147
-48.5000 -6.0000 -13.2165 231 200 146
-47.5000 -6.0000 -13.2109 233 200 146
-46.5000 -6.0000 -13.2190 237 202 146
-45.5000 -6.0000 -13.2419 240 203 148
-44.5000 -6.0000 -13.2786 241 205 147
-43.5000 -6.0000 -13.3260 238 202 144
-42.5000 -6.0000 -13.3795 233 197 139
-41.5000 -6.0000 -13.4332 226 191 135
-40.5000 -6.0000 -13.4816 220 187 133
-39.5000 -6.0000 -13.5200 218 187 133
-38.5000 -6.0000 -13.5449 218 186 135
-37.5000 -6.0000 -13.5545 216 186 136
-36.5000 -6.0000 -13.5488 214 184 132
-35.5000 -6.0000 -13.5287 218 187 133
-34.5000 -6.0000 -13.4968 222 191 137
-33.5000 -6.0000 -13.4564 226 195 141
-32.5000 -6.0000 -13.4116 227 196 142
-31.5000 -6.0000 -13.3665 225 194 140
-30.5000 -6.0000 -13.3246 223 193 139
-29.5000 -6.0000 -13.2885 225 195 141
-28.5000 -6.0000 -13.2590 226 199 144
-27.5000 -6.0000 -13.2353 224 197 142
-26.5000 -6.0000 -13.2151 221 194 139
-25.5000 -6.0000 -13.1950 217 190 135
-24.5000 -6.0000 -13.1713 213 188 132
-23.5000 -6.0000 -13.1408 215 190 134
-22.5000 -6.0000 -13.1015 219 197 140
-21.5000 -6.0000 -13.0526 228 203 147
-20.5000 -6.0000 -12.9944 233 208 151
-19.5000 -6.0000 -12.9289 237 211 152
-18.5000 -6.0000 -12.8588 236 210 149
-17.5000 -6.0000 -12.7880 240 211 153
-16.5000 -6.0000 -12.7207 244 218 159
-15.5000 -6.0000 -12.6606 252 225 170
-14.5000 -6.0000 -12.6108 255 230 175
-13.5000 -6.0000 -12.5727 255 230 177
-12.5000 -6.0000 -12.5467 255 228 175
-11.5000 -6.0000 -12.5322 255 233 179
-10.5000 -6.0000 -12.5289 255 232 178
-9.5000 -6.0000 -12.5367 254 229 173
-8.5000 -6.0000 -12.5568 251 229 171
-7.5000 -6.0000 -12.5913 253 231 173
-6.5000 -6.0000 -12.6434 250 230 169
-5.5000 -6.0000 -12.7171 246 225 162
-4.5000 -6.0000 -12.8186 246 222 162
-3.5000 -6.0000 -12.9563 248 215 161
-2.5000 -6.0000 -13.1415 247 211 159
-1.5000 -6.0000 -13.3865 240 209 155
-0.5000 -6.0000 -13.7004 238 211 158
0.5000 -6.0000 -14.0832 230 209 156
1.5000 -6.0000 -14.5206 205 189 138
2.5000 -6.0000 -14.9821 168 155 110
3.5000 -6.0000 -15.4244 140 131 90
4.5000 -6.0000 -15.7988 136 128 91
5.5000 -6.0000 -16.0609 126 120 84
6.5000 -6.0000 -16.1800 128 120 84
7.5000 -6.0000 -16.1454 127 119 82
8.5000 -6.0000 -15.9687 130 118 76
9.5000 -6.0000 -15.6821 152 141 95
10.5000 -6.0000 -15.3311 182 170 120
11.5000 -6.0000 -14.9649 197 181 130
12.5000 -6.0000 -14.6263 205 183 136
13.5000 -6.0000 -14.3442 215 188 143
14.5000 -6.0000 -14.1324 219 190 146
15.5000 -6.0000 -13.9911 220 189 143
16.5000 -6.0000 -13.9127 222 190 143
17.5000 -6.0000 -13.8866 225 193 144
18.5000 -6.0000 -13.9028 222 188 140
19.5000 -6.0000 -13.9541 217 181 133
20.5000 -6.0000 -14.0354 226 190 142
21.5000 -6.0000 -14.1431 219 185 137
22.5000 -6.0000 -14.2735 209 177 130
23.5000 -6.0000 -14.4215 199 168 121
24.5000 -6.0000 -14.5804 192 161 115
25.5000 -6.0000 -14.7438 185 156 112
26.5000 -6.0000 -14.9065 182 155 112
27.5000 -6.0000 -15.0667 180 153 110
28.5000 -6.0000 -15.2267 184 155 113
29.5000 -6.0000 -15.3921 181 152 110
30.5000 -6.0000 -15.5714 180 149 105
31.5000 -6.0000 -15.7732 175 147 100
32.5000 -6.0000 -16.0055 172 145 98
33.5000 -6.0000 -16.2736 165 141 93
34.5000 -6.0000 -16.5790 159 135 91
35.5000 -6.0000 -16.9190 153 130 89
36.5000 -6.0000 -17.2873 142 119 85
37.5000 -6.0000 -17.6748 133 112 81
38.5000 -6.0000 -18.0721 124 104 77
39.5000 -6.0000 -18.4708 118 101 73
40.5000 -6.0000 -18.8653 117 100 72
41.5000 -6.0000 -19.2525 115 98 70
42.5000 -6.0000 -19.6323 107 92 61
43.5000 -6.0000 -20.0069 102 87 58
44.5000 -6.0000 -20.3813 98 83 64
45.5000 -6.0000 -20.7627 95 82 66
46.5000 -6.0000 -21.1588 93 80 64
47.5000 -6.0000 -21.5772 87 78 61
48.5000 -6.0000 -22.0234 83 74 57
49.5000 -6.0000 -22.5004 76 70 54
50.5000 -6.0000 -23.0097 73 67 51
51.5000 -6.0000 -23.5531 69 66 49
52.5000 -6.0000 -24.1344 62 60 45
53.5000 -6.0000 -24.7620 62 60 45
54.5000 -6.0000 -25.4498 61 58 43
55.5000 -6.0000 -26.2173 58 55 40
56.5000 -6.0000 -27.0856 57 51 39
57.5000 -6.0000 -28.0714 53 47 35
58.5000 -6.0000 -29.1798 52 44 33
59.5000 -6.0000 -30.3977 48 44 33
60.5000 -6.0000 -31.6935 40 41 33
61.5000 -6.0000 -33.0222 29 32 25
62.5000 -6.0000 -34.3364 28 31 24
63.5000 -6.0000 -35.5994 28 31 24
64.5000 -6.0000 -36.7978 22 25 18
65.5000 -6.0000 -37.9498 23 26 19
66.5000 -6.0000 -39.1085 25 28 21
67.5000 -6.0000 -40.3568 17 20 13
68.5000 -6.0000 -41.7919 23 26 19
69.5000 -6.0000 -43.4991 22 25 18
70.5000 -6.0000 -45.5203 20 23 16
71.5000 -6.0000 -47.8263 17 20 13
72.5000 -6.0000 -50.3071 13 16 9
-97.5000 -7.0000 -55.1620 16 17 11
-96.5000 -7.0000 -48.6255 26 27 19
-95.5000 -7.0000 -42.6600 38 38 30
-94.5000 -7.0000 -37.6020 46 46 34
-93.5000 -7.0000 -33.5850 49 49 37
-92.5000 -7.0000 -30.5580 49 50 34
-91.5000 -7.0000 -28.3492 54 52 37
-90.5000 -7.0000 -26.7405 56 55 35
-89.5000 -7.0000 -25.5255 60 57 38
-88.5000 -7.0000 -24.5418 62 60 37
-87.5000 -7.0000 -23.6795 65 63 40
-86.5000 -7.0000 -22.8767 70 68 43
-85.5000 -7.0000 -22.1081 80 76 49
-84.5000 -7.0000 -21.3724 85 81 54
-83.5000 -7.0000 -20.6815 94 90 63
-82.5000 -7.0000 -20.0513 100 96 69
-81.5000 -7.0000 -19.4946 109 104 75
-80.5000 -7.0000 -19.0169 113 109 80
-79.5000 -7.0000 -18.6144 115 110 81
-78.5000 -7.0000 -18.2755 113 109 80
-77.5000 -7.0000 -17.9831 115 110 80
-76.5000 -7.0000 -17.7192 114 111 80
-75.5000 -7.0000 -17.4684 116 111 79
-74.5000 -7.0000 -17.2207 124 121 88
-73.5000 -7.0000 -16.9712 135 130 98
-72.5000 -7.0000 -16.7196 138 135 102
-71.5000 -7.0000 -16.4679 140 136 101
-70.5000 -7.0000 -16.2187 141 138 103
-69.5000 -7.0000 -15.9745 147 143 108
-68.5000 -7.0000 -15.7375 154 148 112
-67.5000 -7.0000 -15.5090 169 155 118
-66.5000 -7.0000 -15.2895 170 155 116
-65.5000 -7.0000 -15.0792 175 160 121
-64.5000 -7.0000 -14.8776 183 168 127
-63.5000 -7.0000 -14.6844 187 169 129
-62.5000 -7.0000 -14.4994 188 169 127
-61.5000 -7.0000 -14.3228 197 176 133
-60.5000 -7.0000 -14.1555 207 186 143
-59.5000 -7.0000 -13.9988 202 179 135
-58.5000 -7.0000 -13.8548 206 184 137
-57.5000 -7.0000 -13.7254 213 189 141
-56.5000 -7.0000 -13.6124 221 194 147
-55.5000 -7.0000 -13.5165 227 199 151
-54.5000 -7.0000 -13.4369 229 201 153
-53.5000 -7.0000 -13.3719 228 200 152
-52.5000 -7.0000 -13.3192 228 200 152
-51.5000 -7.0000 -13.2766 228 200 150
-50.5000 -7.0000 -13.2431 230 200 150
-49.5000 -7.0000 -13.2192 231 199 148
-48.5000 -7.0000 -13.2064 232 201 147
-47.5000 -7.0000 -13.2069 234 201 147
-46.5000 -7.0000 -13.2227 237 202 146
-45.5000 -7.0000 -13.2542 239 202 147
-44.5000 -7.0000 -13.2999 240 203 148
-43.5000 -7.0000 -13.3560 237 200 145
-42.5000 -7.0000 -13.4169 231 194 139
-41.5000 -7.0000 -13.4764 223 188 134
-40.5000 -7.0000 -13.5285 217 184 130
-39.5000 -7.0000 -13.5686 215 184 130
-38.5000 -7.0000 -13.5936 216 184 133
-37.5000 -7.0000 -13.6022 214 184 134
-36.5000 -7.0000 -13.5946 213 183 131
-35.5000 -7.0000 -13.5724 217 187 133
-34.5000 -7.0000 -13.5383 220 191 135
-33.5000 -7.0000 -13.4961 222 193 137
-32.5000 -7.0000 -13.4498 221 192 136
-31.5000 -7.0000 -13.4038 220 191 135
-30.5000 -7.0000 -13.3619 219 193 136
-29.5000 -7.0000 -13.3267 224 198 141
-28.5000 -7.0000 -13.2992 227 202 145
-27.5000 -7.0000 -13.2784 231 206 149
-26.5000 -7.0000 -13.2619 227 202 145
-25.5000 -7.0000 -13.2457 221 196 139
-24.5000 -7.0000 -13.2259 216 194 136
-23.5000 -7.0000 -13.1988 216 194 136
-22.5000 -7.0000 -13.1624 220 200 141
-21.5000 -7.0000 -13.1156 227 205 147
-20.5000 -7.0000 -13.0591 231 209 151
-19.5000 -7.0000 -12.9950 235 206 148
-18.5000 -7.0000 -12.9262 242 213 153
-17.5000 -7.0000 -12.8567 251 220 163
-16.5000 -7.0000 -12.7907 254 225 167
-15.5000 -7.0000 -12.7317 254 224 170
-14.5000 -7.0000 -12.6826 253 223 169
-13.5000 -7.0000 -12.6448 252 225 172
-12.5000 -7.0000 -12.6183 254 227 174
-11.5000 -7.0000 -12.6027 255 230 177
-10.5000 -7.0000 -12.5974 253 228 174
-9.5000 -7.0000 -12.6027 253 228 172
-8.5000 -7.0000 -12.6196 255 230 173
-7.5000 -7.0000 -12.6503 255 231 174
-6.5000 -7.0000 -12.6977 254 232 172
-5.5000 -7.0000 -12.7659 254 230 168
-4.5000 -7.0000 -12.8601 251 225 166
-3.5000 -7.0000 -12.9883 254 221 168
-2.5000 -7.0000 -13.1612 246 213 162
-1.5000 -7.0000 -13.3911 241 209 158
-0.5000 -7.0000 -13.6879 237 210 157
0.5000 -7.0000 -14.0535 226 205 152
1.5000 -7.0000 -14.4765 204 188 137
2.5000 -7.0000 -14.9302 172 159 114
3.5000 -7.0000 -15.3741 144 135 92
4.5000 -7.0000 -15.7615 135 127 90
5.5000 -7.0000 -16.0476 127 119 83
6.5000 -7.0000 -16.1990 127 119 83
7.5000 -7.0000 -16.2004 126 118 81
8.5000 -7.0000 -16.0577 127 115 75
9.5000 -7.0000 -15.7977 146 135 89
10.5000 -7.0000 -15.4625 176 164 114
11.5000 -7.0000 -15.1003 194 178 127
12.5000 -7.0000 -14.7554 202 180 133
13.5000 -7.0000 -14.4603 212 185 140
14.5000 -7.0000 -14.2323 218 189 145
15.5000 -7.0000 -14.0751 216 188 141
16.5000 -7.0000 -13.9831 219 188 141
17.5000 -7.0000 -13.9468 222 190 141
18.5000 -7.0000 -13.9561 221 187 139
19.5000 -7.0000 -14.0032 216 183 132
20.5000 -7.0000 -14.0824 221 188 137
21.5000 -7.0000 -14.1892 218 185 134
22.5000 -7.0000 -14.3194 212 180 131
23.5000 -7.0000 -14.4673 204 173 126
24.5000 -7.0000 -14.6265 196 165 119
25.5000 -7.0000 -14.7907 187 159 112
26.5000 -7.0000 -14.9552 182 155 110
27.5000 -7.0000 -15.1189 180 153 110
28.5000 -7.0000 -15.2841 181 154 111
29.5000 -7.0000 -15.4567 179 152 109
30.5000 -7.0000 -15.6447 179 150 106
31.5000 -7.0000 -15.8567 177 150 103
32.5000 -7.0000 -16.1001 174 147 100
33.5000 -7.0000 -16.3797 166 142 96
34.5000 -7.0000 -16.6964 155 132 90
35.5000 -7.0000 -17.0470 147 125 86
36.5000 -7.0000 -17.4246 142 119 87
37.5000 -7.0000 -17.8196 133 112 81
38.5000 -7.0000 -18.2221 123 103 76
39.5000 -7.0000 -18.6236 118 101 75
40.5000 -7.0000 -19.0181 117 100 74
41.5000 -7.0000 -19.4025 114 99 70
42.5000 -7.0000 -19.7764 108 93 62
43.5000 -7.0000 -20.1425 103 87 61
44.5000 -7.0000 -20.5063 96 80 64
45.5000 -7.0000 -20.8757 93 79 66
46.5000 -7.0000 -21.2602 92 78 65
47.5000 -7.0000 -21.6691 87 78 63
48.5000 -7.0000 -22.1094 83 74 59
49.5000 -7.0000 -22.5857 77 71 57
50.5000 -7.0000 -23.1003 73 67 53
51.5000 -7.0000 -23.6548 68 65 50
52.5000 -7.0000 -24.2525 59 57 44
53.5000 -7.0000 -24.9001 58 56 43
54.5000 -7.0000 -25.6094 58 54 42
55.5000 -7.0000 -26.3970 56 52 40
56.5000 -7.0000 -27.2814 55 48 38
57.5000 -7.0000 -28.2774 53 46 36
58.5000 -7.0000 -29.3889 54 45 36
59.5000 -7.0000 -30.6030 51 47 38
60.5000 -7.0000 -31.8892 36 37 29
61.5000 -7.0000 -33.2042 24 29 22
62.5000 -7.0000 -34.5028 25 30 23
63.5000 -7.0000 -35.7507 26 31 24
64.5000 -7.0000 -36.9375 20 25 18
65.5000 -7.0000 -38.0846 23 28 21
66.5000 -7.0000 -39.2481 25 30 23
67.5000 -7.0000 -40.5121 18 23 16
68.5000 -7.0000 -41.9726 22 27 20
69.5000 -7.0000 -43.7099 20 25 18
70.5000 -7.0000 -45.7579 17 22 15
71.5000 -7.0000 -48.0788 14 19 12
72.5000 -7.0000 -50.5568 10 15 8
-97.5000 -8.0000 -57.0376 16 17 11
-96.5000 -8.0000 -50.3334 25 26 18
-95.5000 -8.0000 -44.0779 36 36 28
-94.5000 -8.0000 -38.6811 44 44 32
-93.5000 -8.0000 -34.3389 48 48 36
-92.5000 -8.0000 -31.0392 50 51 35
-91.5000 -8.0000 -28.6251 54 52 37
-90.5000 -8.0000 -26.8755 57 56 36
-89.5000 -8.0000 -25.5716 61 58 39
-88.5000 -8.0000 -24.5357 63 61 38
-87.5000 -8.0000 -23.6448 65 63 40
-86.5000 -8.0000 -22.8274 71 69 44
-85.5000 -8.0000 -22.0522 80 76 49
-84.5000 -8.0000 -21.3148 86 82 55
-83.5000 -8.0000 -20.6259 95 91 64
-82.5000 -8.0000 -20.0005 101 97 70
-81.5000 -8.0000 -19.4508 109 105 76
-80.5000 -8.0000 -18.9810 114 110 81
-79.5000 -8.0000 -18.5859 115 111 82
-78.5000 -8.0000 -18.2520 114 110 81
-77.5000 -8.0000 -17.9609 113 110 79
-76.5000 -8.0000 -17.6942 114 111 80
-75.5000 -8.0000 -17.4371 117 114 81
-74.5000 -8.0000 -17.1810 126 123 90
-73.5000 -8.0000 -16.9236 136 133 100
-72.5000 -8.0000 -16.6662 140 137 104
-71.5000 -8.0000 -16.4120 138 135 100
-70.5000 -8.0000 -16.1639 140 137 102
-69.5000 -8.0000 -15.9236 146 143 108
-68.5000 -8.0000 -15.6919 155 149 113
-67.5000 -8.0000 -15.4692 163 151 113
-66.5000 -8.0000 -15.2553 164 149 110
-65.5000 -8.0000 -15.0500 169 154 115
-64.5000 -8.0000 -14.8532 178 163 124
-63.5000 -8.0000 -14.6648 184 166 126
-62.5000 -8.0000 -14.4848 185 167 127
-61.5000 -8.0000 -14.3132 193 171 130
-60.5000 -8.0000 -14.1503 200 179 136
-59.5000 -8.0000 -13.9970 201 178 134
-58.5000 -8.0000 -13.8548 208 184 140
-57.5000 -8.0000 -13.7258 218 191 146
-56.5000 -8.0000 -13.6118 224 197 150
-55.5000 -8.0000 -13.5139 226 198 151
-54.5000 -8.0000 -13.4320 226 198 150
-53.5000 -8.0000 -13.3647 228 200 152
-52.5000 -8.0000 -13.3100 230 202 154
-51.5000 -8.0000 -13.2664 228 200 150
-50.5000 -8.0000 -13.2332 229 201 151
-49.5000 -8.0000 -13.2112 233 203 151
-48.5000 -8.0000 -13.2022 236 204 153
-47.5000 -8.0000 -13.2083 237 204 151
-46.5000 -8.0000 -13.2313 237 204 150
-45.5000 -8.0000 -13.2711 238 203 149
-44.5000 -8.0000 -13.3253 238 201 146
-43.5000 -8.0000 -13.3892 234 197 144
-42.5000 -8.0000 -13.4565 228 193 139
-41.5000 -8.0000 -13.5205 219 186 132
-40.5000 -8.0000 -13.5750 216 183 130
-39.5000 -8.0000 -13.6156 215 183 132
-38.5000 -8.0000 -13.6397 214 184 132
-37.5000 -8.0000 -13.6466 212 184 134
-36.5000 -8.0000 -13.6368 211 184 131
-35.5000 -8.0000 -13.6123 218 188 134
-34.5000 -8.0000 -13.5761 218 189 133
-33.5000 -8.0000 -13.5321 219 190 134
-32.5000 -8.0000 -13.4845 217 191 134
-31.5000 -8.0000 -13.4378 218 192 135
-30.5000 -8.0000 -13.3959 221 195 138
-29.5000 -8.0000 -13.3616 226 200 143
-28.5000 -8.0000 -13.3357 229 204 147
-27.5000 -8.0000 -13.3173 239 214 157
-26.5000 -8.0000 -13.3036 233 211 153
-25.5000 -8.0000 -13.2907 228 206 148
-24.5000 -8.0000 -13.2742 223 201 143
-23.5000 -8.0000 -13.2507 220 198 140
-22.5000 -8.0000 -13.2179 219 199 140
-21.5000 -8.0000 -13.1749 221 201 142
-20.5000 -8.0000 -13.1226 226 202 142
-19.5000 -8.0000 -13.0629 233 204 146
-18.5000 -8.0000 -12.9989 243 213 153
-17.5000 -8.0000 -12.9345 253 222 165
-16.5000 -8.0000 -12.8733 255 225 170
-15.5000 -8.0000 -12.8189 252 222 168
-14.5000 -8.0000 -12.7736 249 219 165
-13.5000 -8.0000 -12.7384 248 221 168
-12.5000 -8.0000 -12.7133 251 224 171
-11.5000 -8.0000 -12.6976 254 227 174
-10.5000 -8.0000 -12.6909 249 222 169
-9.5000 -8.0000 -12.6934 251 226 170
-8.5000 -8.0000 -12.7065 255 230 174
-7.5000 -8.0000 -12.7322 253 228 171
-6.5000 -8.0000 -12.7736 255 231 171
-5.5000 -8.0000 -12.8343 255 232 170
-4.5000 -8.0000 -12.9192 252 223 165
-3.5000 -8.0000 -13.0356 248 212 160
-2.5000 -8.0000 -13.1938 239 203 153
-1.5000 -8.0000 -13.4056 235 202 151
-0.5000 -8.0000 -13.6816 233 203 151
0.5000 -8.0000 -14.0257 220 197 145
1.5000 -8.0000 -14.4297 205 185 135
2.5000 -8.0000 -14.8707 181 164 120
3.5000 -8.0000 -15.3123 155 142 100
4.5000 -8.0000 -15.7103 141 128 93
5.5000 -8.0000 -16.0204 129 119 84
6.5000 -8.0000 -16.2068 131 118 84
7.5000 -8.0000 -16.2492 131 118 84
8.5000 -8.0000 -16.1475 126 112 75
9.5000 -8.0000 -15.9221 139 126 84
10.5000 -8.0000 -15.6106 168 154 107
11.5000 -8.0000 -15.2591 186 170 121
12.5000 -8.0000 -14.9126 201 179 132
13.5000 -8.0000 -14.6068 210 186 140
14.5000 -8.0000 -14.3630 216 189 142
15.5000 -8.0000 -14.1888 215 187 139
16.5000 -8.0000 -14.0813 212 184 136
17.5000 -8.0000 -14.0325 215 185 135
18.5000 -8.0000 -14.0328 214 182 131
19.5000 -8.0000 -14.0739 209 177 126
20.5000 -8.0000 -14.1494 215 182 131
21.5000 -8.0000 -14.2541 214 182 131
22.5000 -8.0000 -14.3829 211 181 131
23.5000 -8.0000 -14.5301 203 175 125
24.5000 -8.0000 -14.6892 195 167 120
25.5000 -8.0000 -14.8543 187 160 113
26.5000 -8.0000 -15.0213 180 156 110
27.5000 -8.0000 -15.1893 178 154 110
28.5000 -8.0000 -15.3608 176 151 110
29.5000 -8.0000 -15.5415 175 150 109
30.5000 -8.0000 -15.7390 173 149 105
31.5000 -8.0000 -15.9613 172 148 102
32.5000 -8.0000 -16.2152 169 145 99
33.5000 -8.0000 -16.5052 161 139 92
34.5000 -8.0000 -16.8318 150 129 86
35.5000 -8.0000 -17.1912 141 122 82
36.5000 -8.0000 -17.5760 141 121 88
37.5000 -8.0000 -17.9764 132 113 83
38.5000 -8.0000 -18.3822 121 104 78
39.5000 -8.0000 -18.7847 117 100 74
40.5000 -8.0000 -19.1777 114 98 72
41.5000 -8.0000 -19.5583 110 94 68
42.5000 -8.0000 -19.9260 104 89 60
43.5000 -8.0000 -20.2839 98 82 56
44.5000 -8.0000 -20.6379 94 79 60
45.5000 -8.0000 -20.9971 92 79 63
46.5000 -8.0000 -21.3719 92 78 65
47.5000 -8.0000 -21.7729 87 78 63
48.5000 -8.0000 -22.2083 83 74 59
49.5000 -8.0000 -22.6840 77 71 57
50.5000 -8.0000 -23.2031 73 67 53
51.5000 -8.0000 -23.7680 68 64 52
52.5000 -8.0000 -24.3820 60 58 45
53.5000 -8.0000 -25.0512 57 55 42
54.5000 -8.0000 -25.7856 55 51 40
55.5000 -8.0000 -26.5988 53 49 38
56.5000 -8.0000 -27.5062 54 47 39
57.5000 -8.0000 -28.5195 54 47 39
58.5000 -8.0000 -29.6405 54 45 38
59.5000 -8.0000 -30.8563 49 44 38
60.5000 -8.0000 -32.1377 34 37 30
61.5000 -8.0000 -33.4444 21 28 20
62.5000 -8.0000 -34.7344 23 28 21
63.5000 -8.0000 -35.9767 24 31 23
64.5000 -8.0000 -37.1630 20 25 18
65.5000 -8.0000 -38.3158 22 29 21
66.5000 -8.0000 -39.4910 26 31 24
67.5000 -8.0000 -40.7716 17 24 16
68.5000 -8.0000 -42.2497 21 26 19
69.5000 -8.0000 -44.0001 18 25 17
70.5000 -8.0000 -46.0490 16 21 14
71.5000 -8.0000 -48.3522 11 18 10
-97.5000 -9.0000 -58.9427 16 17 11
-96.5000 -9.0000 -52.1032 25 26 18
-95.5000 -9.0000 -45.5887 33 33 25
-94.5000 -9.0000 -39.8713 41 41 29
-93.5000 -9.0000 -35.2050 47 47 35
-92.5000 -9.0000 -31.6196 51 52 36
-91.5000 -9.0000 -28.9795 55 53 38
-90.5000 -9.0000 -27.0671 57 56 36
-89.5000 -9.0000 -25.6557 61 58 39
-88.5000 -9.0000 -24.5544 63 61 38
-87.5000 -9.0000 -23.6274 66 64 41
-86.5000 -9.0000 -22.7923 71 69 44
-85.5000 -9.0000 -22.0107 80 76 49
-84.5000 -9.0000 -21.2736 86 82 55
-83.5000 -9.0000 -20.5887 95 89 63
-82.5000 -9.0000 -19.9697 102 96 70
-81.5000 -9.0000 -19.4274 110 105 76
-80.5000 -9.0000 -18.9648 116 111 82
-79.5000 -9.0000 -18.5756 117 112 83
-78.5000 -9.0000 -18.2452 116 111 82
-77.5000 -9.0000 -17.9544 115 110 80
-76.5000 -9.0000 -17.6847 115 110 80
-75.5000 -9.0000 -17.4220 120 115 83
-74.5000 -9.0000 -17.1591 129 124 92
-73.5000 -9.0000 -16.8948 138 133 101
-72.5000 -9.0000 -16.6322 140 135 103
-71.5000 -9.0000 -16.3753 138 134 99
-70.5000 -9.0000 -16.1269 139 135 100
-69.5000 -9.0000 -15.8886 146 142 107
-68.5000 -9.0000 -15.6604 155 149 113
-67.5000 -9.0000 -15.4416 163 150 115
-66.5000 -9.0000 -15.2317 161 147 110
-65.5000 -9.0000 -15.0303 165 151 112
-64.5000 -9.0000 -14.8376 176 161 122
-63.5000 -9.0000 -14.6537 185 167 127
-62.5000 -9.0000 -14.4787 186 168 128
-61.5000 -9.0000 -14.3123 191 169 128
-60.5000 -9.0000 -14.1544 196 175 132
-59.5000 -9.0000 -14.0052 200 177 133
-58.5000 -9.0000 -13.8658 210 186 142
-57.5000 -9.0000 -13.7380 222 195 150
-56.5000 -9.0000 -13.6236 226 199 152
-55.5000 -9.0000 -13.5241 224 196 149
-54.5000 -9.0000 -13.4397 225 194 148
-53.5000 -9.0000 -13.3694 229 198 151
-52.5000 -9.0000 -13.3119 234 203 156
-51.5000 -9.0000 -13.2662 228 200 150
-50.5000 -9.0000 -13.2323 230 203 150
-49.5000 -9.0000 -13.2113 236 206 154
-48.5000 -9.0000 -13.2052 239 207 156
-47.5000 -9.0000 -13.2164 241 208 155
-46.5000 -9.0000 -13.2462 239 206 153
-45.5000 -9.0000 -13.2937 238 202 150
-44.5000 -9.0000 -13.3557 236 201 147
-43.5000 -9.0000 -13.4265 229 193 141
-42.5000 -9.0000 -13.4990 225 189 137
-41.5000 -9.0000 -13.5661 219 186 133
-40.5000 -9.0000 -13.6217 216 183 130
-39.5000 -9.0000 -13.6618 216 184 133
-38.5000 -9.0000 -13.6843 215 185 133
-37.5000 -9.0000 -13.6889 212 185 132
-36.5000 -9.0000 -13.6766 211 184 131
-35.5000 -9.0000 -13.6498 216 186 132
-34.5000 -9.0000 -13.6118 217 186 131
-33.5000 -9.0000 -13.5664 218 187 132
-32.5000 -9.0000 -13.5181 220 191 135
-31.5000 -9.0000 -13.4715 225 196 140
-30.5000 -9.0000 -13.4305 227 201 144
-29.5000 -9.0000 -13.3977 228 202 145
-28.5000 -9.0000 -13.3740 229 203 146
-27.5000 -9.0000 -13.3580 226 200 143
-26.5000 -9.0000 -13.3468 225 200 143
-25.5000 -9.0000 -13.3364 225 200 143
-24.5000 -9.0000 -13.3226 224 202 144
-23.5000 -9.0000 -13.3023 225 203 145
-22.5000 -9.0000 -13.2734 227 205 147
-21.5000 -9.0000 -13.2354 228 206 148
-20.5000 -9.0000 -13.1891 231 207 147
-19.5000 -9.0000 -13.1367 234 203 146
-18.5000 -9.0000 -13.0808 239 207 148
-17.5000 -9.0000 -13.0250 244 212 155
-16.5000 -9.0000 -12.9725 248 217 162
-15.5000 -9.0000 -12.9261 248 218 164
-14.5000 -9.0000 -12.8875 249 219 165
-13.5000 -9.0000 -12.8573 247 220 167
-12.5000 -9.0000 -12.8351 247 219 169
-11.5000 -9.0000 -12.8202 251 225 174
-10.5000 -9.0000 -12.8122 244 219 165
-9.5000 -9.0000 -12.8116 247 222 166
-8.5000 -9.0000 -12.8199 251 226 170
-7.5000 -9.0000 -12.8395 248 222 165
-6.5000 -9.0000 -12.8733 251 225 166
-5.5000 -9.0000 -12.9247 252 226 165
-4.5000 -9.0000 -12.9985 246 215 158
-3.5000 -9.0000 -13.1013 243 206 153
-2.5000 -9.0000 -13.2424 237 197 146
-1.5000 -9.0000 -13.4336 238 201 149
-0.5000 -9.0000 -13.6856 237 204 153
0.5000 -9.0000 -14.0042 224 194 144
1.5000 -9.0000 -14.3843 210 184 135
2.5000 -9.0000 -14.8075 191 168 124
3.5000 -9.0000 -15.2420 169 147 108
4.5000 -9.0000 -15.6470 150 131 98
5.5000 -9.0000 -15.9794 137 121 88
6.5000 -9.0000 -16.2014 139 120 90
7.5000 -9.0000 -16.2884 138 119 89
8.5000 -9.0000 -16.2335 128 109 77
9.5000 -9.0000 -16.0505 135 117 81
10.5000 -9.0000 -15.7710 160 141 101
11.5000 -9.0000 -15.4379 177 156 113
12.5000 -9.0000 -15.0961 195 172 128
13.5000 -9.0000 -14.7837 205 181 135
14.5000 -9.0000 -14.5259 211 187 139
15.5000 -9.0000 -14.3345 210 184 135
16.5000 -9.0000 -14.2100 209 181 133
17.5000 -9.0000 -14.1465 213 183 133
18.5000 -9.0000 -14.1355 212 182 130
19.5000 -9.0000 -14.1684 208 178 126
20.5000 -9.0000 -14.2384 208 176 125
21.5000 -9.0000 -14.3394 208 178 126
22.5000 -9.0000 -14.4658 207 177 127
23.5000 -9.0000 -14.6115 200 172 122
24.5000 -9.0000 -14.7702 190 163 116
25.5000 -9.0000 -14.9362 181 157 109
26.5000 -9.0000 -15.1059 178 154 108
27.5000 -9.0000 -15.2785 177 154 110
28.5000 -9.0000 -15.4566 174 151 109
29.5000 -9.0000 -15.6453 170 147 105
30.5000 -9.0000 -15.8517 165 142 98
31.5000 -9.0000 -16.0832 162 139 95
32.5000 -9.0000 -16.3462 158 135 91
33.5000 -9.0000 -16.6447 152 131 86
34.5000 -9.0000 -16.9788 146 124 83
35.5000 -9.0000 -17.3447 139 119 82
36.5000 -9.0000 -17.7345 134 113 82
37.5000 -9.0000 -18.1382 126 106 79
38.5000 -9.0000 -18.5456 116 98 74
39.5000 -9.0000 -18.9478 112 94 70
40.5000 -9.0000 -19.3387 110 94 69
41.5000 -9.0000 -19.7151 107 91 65
42.5000 -9.0000 -20.0772 101 86 57
43.5000 -9.0000 -20.4282 96 80 54
44.5000 -9.0000 -20.7748 92 77 58
45.5000 -9.0000 -21.1266 91 78 61
46.5000 -9.0000 -21.4949 91 78 62
47.5000 -9.0000 -21.8907 87 78 61
48.5000 -9.0000 -22.3230 84 75 58
49.5000 -9.0000 -22.7984 77 71 55
50.5000 -9.0000 -23.3213 72 66 50
51.5000 -9.0000 -23.8954 67 64 49
52.5000 -9.0000 -24.5249 65 63 48
53.5000 -9.0000 -25.2162 60 58 45
54.5000 -9.0000 -25.9783 54 50 39
55.5000 -9.0000 -26.8223 51 47 36
56.5000 -9.0000 -27.7596 54 47 37
57.5000 -9.0000 -28.7977 53 46 36
58.5000 -9.0000 -29.9355 50 41 34
59.5000 -9.0000 -31.1589 44 39 33
60.5000 -9.0000 -32.4405 35 38 31
61.5000 -9.0000 -33.7439 20 30 22
62.5000 -9.0000 -35.0320 22 29 22
63.5000 -9.0000 -36.2777 21 31 23
64.5000 -9.0000 -37.4745 17 24 17
65.5000 -9.0000 -38.6443 17 27 19
66.5000 -9.0000 -39.8402 22 29 22
67.5000 -9.0000 -41.1406 12 22 14
68.5000 -9.0000 -42.6315 18 25 18
69.5000 -9.0000 -44.3805 14 24 16
70.5000 -9.0000 -46.4068 13 20 13
71.5000 -9.0000 -48.6618 8 18 10
-97.5000 -10.0000 -60.7116 17 18 12
-96.5000 -10.0000 -53.8133 25 26 18
-95.5000 -10.0000 -47.1135 32 32 24
-94.5000 -10.0000 -41.1285 38 38 26
-93.5000 -10.0000 -36.1636 46 46 34
-92.5000 -10.0000 -32.2935 51 52 36
-91.5000 -10.0000 -29.4129 55 53 38
-90.5000 -10.0000 -27.3175 57 56 36
-89.5000 -10.0000 -25.7794 61 58 39
-88.5000 -10.0000 -24.5988 63 61 38
-87.5000 -10.0000 -23.6271 66 64 41
-86.5000 -10.0000 -22.7710 71 69 44
-85.5000 -10.0000 -21.9827 81 77 50
-84.5000 -10.0000 -21.2473 86 82 55
-83.5000 -10.0000 -20.5684 94 88 62
-82.5000 -10.0000 -19.9569 102 95 69
-81.5000 -10.0000 -19.4219 111 104 76
-80.5000 -10.0000 -18.9654 117 110 82
-79.5000 -10.0000 -18.5802 118 111 83
-78.5000 -10.0000 -18.2513 117 110 82
-77.5000 -10.0000 -17.9596 116 109 80
-76.5000 -10.0000 -17.6868 116 109 80
-75.5000 -10.0000 -17.4194 123 117 85
-74.5000 -10.0000 -17.1510 131 125 93
-73.5000 -10.0000 -16.8815 140 134 102
-72.5000 -10.0000 -16.6147 141 135 103
-71.5000 -10.0000 -16.3551 137 131 97
-70.5000 -10.0000 -16.1059 138 132 98
-69.5000 -10.0000 -15.8683 146 140 106
-68.5000 -10.0000 -15.6419 157 149 113
-67.5000 -10.0000 -15.4257 168 155 120
-66.5000 -10.0000 -15.2186 164 150 113
-65.5000 -10.0000 -15.0204 166 152 115
-64.5000 -10.0000 -14.8311 177 163 124
-63.5000 -10.0000 -14.6513 187 172 133
-62.5000 -10.0000 -14.4809 191 173 133
-61.5000 -10.0000 -14.3196 193 174 134
-60.5000 -10.0000 -14.1667 198 176 135
-59.5000 -10.0000 -14.0220 199 176 134
-58.5000 -10.0000 -13.8859 212 188 144
-57.5000 -10.0000 -13.7600 225 198 155
-56.5000 -10.0000 -13.6460 228 199 155
-55.5000 -10.0000 -13.5454 225 194 150
-54.5000 -10.0000 -13.4586 223 192 146
-53.5000 -10.0000 -13.3853 229 196 151
-52.5000 -10.0000 -13.3248 236 204 157
-51.5000 -10.0000 -13.2766 228 200 150
-50.5000 -10.0000 -13.2414 231 204 151
-49.5000 -10.0000 -13.2208 238 208 156
-48.5000 -10.0000 -13.2172 241 211 159
-47.5000 -10.0000 -13.2330 242 210 159
-46.5000 -10.0000 -13.2689 240 207 154
-45.5000 -10.0000 -13.3236 238 202 152
-44.5000 -10.0000 -13.3926 235 199 147
-43.5000 -10.0000 -13.4694 227 191 141
-42.5000 -10.0000 -13.5461 222 189 136
-41.5000 -10.0000 -13.6153 218 185 134
-40.5000 -10.0000 -13.6711 216 184 133
-39.5000 -10.0000 -13.7099 216 186 134
-38.5000 -10.0000 -13.7301 214 187 134
-37.5000 -10.0000 -13.7319 213 186 133
-36.5000 -10.0000 -13.7171 211 184 129
-35.5000 -10.0000 -13.6881 215 184 130
-34.5000 -10.0000 -13.6485 216 183 129
-33.5000 -10.0000 -13.6024 219 186 132
-32.5000 -10.0000 -13.5545 224 193 138
-31.5000 -10.0000 -13.5093 231 200 145
-30.5000 -10.0000 -13.4706 233 204 148
-29.5000 -10.0000 -13.4406 232 203 147
-28.5000 -10.0000 -13.4199 229 200 144
-27.5000 -10.0000 -13.4066 226 197 141
-26.5000 -10.0000 -13.3976 225 199 142
-25.5000 -10.0000 -13.3891 226 200 143
-24.5000 -10.0000 -13.3772 226 201 144
-23.5000 -10.0000 -13.3594 226 201 144
-22.5000 -10.0000 -13.3342 225 200 143
-21.5000 -10.0000 -13.3016 224 199 142
-20.5000 -10.0000 -13.2628 224 198 141
-19.5000 -10.0000 -13.2198 236 204 147
-18.5000 -10.0000 -13.1751 235 200 144
-17.5000 -10.0000 -13.1314 233 200 146
-16.5000 -10.0000 -13.0911 238 207 153
-15.5000 -10.0000 -13.0560 245 215 161
-14.5000 -10.0000 -13.0270 249 222 169
-13.5000 -10.0000 -13.0038 248 220 170
-12.5000 -10.0000 -12.9858 244 218 167
-11.5000 -10.0000 -12.9721 250 224 175
-10.5000 -10.0000 -12.9627 241 215 164
-9.5000 -10.0000 -12.9582 245 220 166
-8.5000 -10.0000 -12.9607 248 223 167
-7.5000 -10.0000 -12.9728 243 216 161
-6.5000 -10.0000 -12.9976 245 219 162
-5.5000 -10.0000 -13.0386 247 221 162
-4.5000 -10.0000 -13.0999 239 208 151
-3.5000 -10.0000 -13.1875 248 208 156
-2.5000 -10.0000 -13.3102 242 201 149
-1.5000 -10.0000 -13.4789 247 207 156
-0.5000 -10.0000 -13.7046 246 210 158
0.5000 -10.0000 -13.9943 230 198 147
1.5000 -10.0000 -14.3464 214 186 138
2.5000 -10.0000 -14.7468 199 172 127
3.5000 -10.0000 -15.1690 174 151 110
4.5000 -10.0000 -15.5762 158 135 101
5.5000 -10.0000 -15.9272 145 124 95
6.5000 -10.0000 -16.1835 144 123 96
7.5000 -10.0000 -16.3163 141 120 93
8.5000 -10.0000 -16.3124 127 106 77
9.5000 -10.0000 -16.1783 130 109 78
10.5000 -10.0000 -15.9389 154 131 97
11.5000 -10.0000 -15.6326 168 146 107
12.5000 -10.0000 -15.3031 185 164 121
13.5000 -10.0000 -14.9898 196 174 127
14.5000 -10.0000 -14.7214 204 182 135
15.5000 -10.0000 -14.5139 205 181 133
16.5000 -10.0000 -14.3718 207 181 132
17.5000 -10.0000 -14.2917 212 184 134
18.5000 -10.0000 -14.2666 213 185 135
19.5000 -10.0000 -14.2888 213 183 131
20.5000 -10.0000 -14.3509 203 173 123
21.5000 -10.0000 -14.4465 202 174 124
22.5000 -10.0000 -14.5692 200 172 122
23.5000 -10.0000 -14.7126 193 167 118
24.5000 -10.0000 -14.8703 184 160 112
25.5000 -10.0000 -15.0371 177 155 108
26.5000 -10.0000 -15.2093 176 154 107
27.5000 -10.0000 -15.3862 176 155 110
28.5000 -10.0000 -15.5702 173 151 110
29.5000 -10.0000 -15.7659 166 144 103
30.5000 -10.0000 -15.9796 158 137 94
31.5000 -10.0000 -16.2183 150 132 86
32.5000 -10.0000 -16.4879 146 128 82
33.5000 -10.0000 -16.7920 144 125 82
34.5000 -10.0000 -17.1307 140 121 81
35.5000 -10.0000 -17.5001 137 119 83
36.5000 -10.0000 -17.8923 123 104 72
37.5000 -10.0000 -18.2973 115 98 70
38.5000 -10.0000 -18.7048 108 90 66
39.5000 -10.0000 -19.1059 107 89 67
40.5000 -10.0000 -19.4945 108 92 69
41.5000 -10.0000 -19.8676 107 91 66
42.5000 -10.0000 -20.2257 103 87 61
43.5000 -10.0000 -20.5724 99 83 58
44.5000 -10.0000 -20.9150 91 76 55
45.5000 -10.0000 -21.2636 90 77 58
46.5000 -10.0000 -21.6296 91 78 59
47.5000 -10.0000 -22.0241 87 79 58
48.5000 -10.0000 -22.4563 84 76 57
49.5000 -10.0000 -22.9331 77 72 52
50.5000 -10.0000 -23.4600 72 67 48
51.5000 -10.0000 -24.0425 67 64 47
52.5000 -10.0000 -24.6869 70 69 51
53.5000 -10.0000 -25.4007 62 60 45
54.5000 -10.0000 -26.1926 54 50 38
55.5000 -10.0000 -27.0714 50 46 34
56.5000 -10.0000 -28.0441 53 47 35
57.5000 -10.0000 -29.1132 52 45 35
58.5000 -10.0000 -30.2729 47 38 29
59.5000 -10.0000 -31.5074 38 34 25
60.5000 -10.0000 -32.7913 35 40 33
61.5000 -10.0000 -34.0930 22 32 24
62.5000 -10.0000 -35.3818 21 31 23
63.5000 -10.0000 -36.6363 21 31 23
64.5000 -10.0000 -37.8525 14 24 16
65.5000 -10.0000 -39.0509 15 25 17
66.5000 -10.0000 -40.2796 17 27 19
67.5000 -10.0000 -41.6091 8 18 10
68.5000 -10.0000 -43.1164 15 25 17
69.5000 -10.0000 -44.8595 13 23 15
70.5000 -10.0000 -46.8500 10 20 12
71.5000 -10.0000 -49.0360 7 17 9
100.5000 -10.0000 -63.0669 17 13 10
-96.5000 -11.0000 -55.4162 14 15 7
-95.5000 -11.0000 -48.6269 25 25 17
-94.5000 -11.0000 -42.4447 34 34 22
-93.5000 -11.0000 -37.2180 42 42 30
-92.5000 -11.0000 -33.0701 46 47 31
-91.5000 -11.0000 -29.9362 51 49 34
-90.5000 -11.0000 -27.6363 54 53 33
-89.5000 -11.0000 -25.9506 59 56 37
-88.5000 -11.0000 -24.6743 62 60 37
-87.5000 -11.0000 -23.6481 65 63 40
-86.5000 -11.0000 -22.7660 69 67 42
-85.5000 -11.0000 -21.9698 78 74 47
-84.5000 -11.0000 -21.2365 84 78 52
-83.5000 -11.0000 -20.5641 99 92 66
-82.5000 -11.0000 -19.9602 104 94 69
-81.5000 -11.0000 -19.4317 108 98 71
-80.5000 -11.0000 -18.9794 110 100 73
-79.5000 -11.0000 -18.5959 111 101 74
-78.5000 -11.0000 -18.2665 114 104 77
-77.5000 -11.0000 -17.9727 119 110 81
-76.5000 -11.0000 -17.6966 123 114 85
-75.5000 -11.0000 -17.4254 113 104 73
-74.5000 -11.0000 -17.1531 125 116 85
-73.5000 -11.0000 -16.8799 138 129 98
-72.5000 -11.0000 -16.6101 143 134 103
-71.5000 -11.0000 -16.3484 143 134 101
-70.5000 -11.0000 -16.0981 144 135 102
-69.5000 -11.0000 -15.8606 152 143 110
-68.5000 -11.0000 -15.6352 160 150 115
-67.5000 -11.0000 -15.4207 158 148 112
-66.5000 -11.0000 -15.2158 163 151 113
-65.5000 -11.0000 -15.0201 170 158 120
-64.5000 -11.0000 -14.8338 180 166 127
-63.5000 -11.0000 -14.6574 189 174 135
-62.5000 -11.0000 -14.4910 191 173 133
-61.5000 -11.0000 -14.3341 187 168 128
-60.5000 -11.0000 -14.1859 183 161 120
-59.5000 -11.0000 -14.0455 201 178 136
-58.5000 -11.0000 -13.9130 205 181 137
-57.5000 -11.0000 -13.7895 211 184 141
-56.5000 -11.0000 -13.6766 215 186 142
-55.5000 -11.0000 -13.5755 218 187 143
-54.5000 -11.0000 -13.4870 222 189 144
-53.5000 -11.0000 -13.4112 228 194 149
-52.5000 -11.0000 -13.3479 230 198 151
-51.5000 -11.0000 -13.2974 236 208 158
-50.5000 -11.0000 -13.2609 234 209 155
-49.5000 -11.0000 -13.2407 230 203 150
-48.5000 -11.0000 -13.2396 229 199 147
-47.5000 -11.0000 -13.2596 235 203 152
-46.5000 -11.0000 -13.3014 241 209 158
-45.5000 -11.0000 -13.3627 238 204 156
-44.5000 -11.0000 -13.4381 229 196 145
-43.5000 -11.0000 -13.5202 224 190 142
-42.5000 -11.0000 -13.6004 214 181 130
-41.5000 -11.0000 -13.6711 213 179 131
-40.5000 -11.0000 -13.7265 221 189 138
-39.5000 -11.0000 -13.7634 218 188 136
-38.5000 -11.0000 -13.7810 205 178 125
-37.5000 -11.0000 -13.7799 204 177 124
-36.5000 -11.0000 -13.7624 212 185 130
-35.5000 -11.0000 -13.7313 224 191 138
-34.5000 -11.0000 -13.6906 223 188 134
-33.5000 -11.0000 -13.6446 221 186 132
-32.5000 -11.0000 -13.5982 223 188 134
-31.5000 -11.0000 -13.5558 228 193 139
-30.5000 -11.0000 -13.5209 230 197 143
-29.5000 -11.0000 -13.4951 231 198 144
-28.5000 -11.0000 -13.4783 229 198 143
-27.5000 -11.0000 -13.4681 223 192 137
-26.5000 -11.0000 -13.4611 225 194 139
-25.5000 -11.0000 -13.4536 228 197 142
-24.5000 -11.0000 -13.4425 228 199 143
-23.5000 -11.0000 -13.4261 228 199 143
-22.5000 -11.0000 -13.4039 226 200 143
-21.5000 -11.0000 -13.3768 225 199 142
-20.5000 -11.0000 -13.3464 225 196 140
-19.5000 -11.0000 -13.3148 230 195 141
-18.5000 -11.0000 -13.2839 234 198 146
-17.5000 -11.0000 -13.2555 237 204 151
-16.5000 -11.0000 -13.2309 237 205 154
-15.5000 -11.0000 -13.2103 235 205 155
-14.5000 -11.0000 -13.1934 232 204 156
-13.5000 -11.0000 -13.1792 232 206 157
-12.5000 -11.0000 -13.1664 232 209 159
-11.5000 -11.0000 -13.1542 232 208 160
-10.5000 -11.0000 -13.1428 228 205 155
-9.5000 -11.0000 -13.1336 224 201 151
-8.5000 -11.0000 -13.1291 225 199 148
-7.5000 -11.0000 -13.1326 229 202 149
-6.5000 -11.0000 -13.1474 231 204 149
-5.5000 -11.0000 -13.1769 232 202 148
-4.5000 -11.0000 -13.2250 231 200 145
-3.5000 -11.0000 -13.2970 234 197 144
-2.5000 -11.0000 -13.4007 234 195 140
-1.5000 -11.0000 -13.5461 237 200 147
-0.5000 -11.0000 -13.7443 243 208 154
0.5000 -11.0000 -14.0032 235 202 149
1.5000 -11.0000 -14.3240 215 185 135
2.5000 -11.0000 -14.6972 201 172 128
3.5000 -11.0000 -15.1015 195 170 130
4.5000 -11.0000 -15.5050 158 134 100
5.5000 -11.0000 -15.8694 153 129 101
6.5000 -11.0000 -16.1562 145 123 99
7.5000 -11.0000 -16.3336 136 114 91
8.5000 -11.0000 -16.3826 126 104 80
9.5000 -11.0000 -16.3022 127 106 79
10.5000 -11.0000 -16.1102 144 123 94
11.5000 -11.0000 -15.8395 163 143 110
12.5000 -11.0000 -15.5307 176 157 115
13.5000 -11.0000 -15.2236 185 164 119
14.5000 -11.0000 -14.9497 197 174 130
15.5000 -11.0000 -14.7287 204 180 134
16.5000 -11.0000 -14.5691 205 181 133
17.5000 -11.0000 -14.4709 204 178 129
18.5000 -11.0000 -14.4293 202 174 126
19.5000 -11.0000 -14.4377 201 173 123
20.5000 -11.0000 -14.4891 198 170 122
21.5000 -11.0000 -14.5768 194 166 118
22.5000 -11.0000 -14.6940 188 162 113
23.5000 -11.0000 -14.8341 183 159 111
24.5000 -11.0000 -14.9903 182 158 112
25.5000 -11.0000 -15.1573 178 155 111
26.5000 -11.0000 -15.3314 172 151 106
27.5000 -11.0000 -15.5118 166 147 104
28.5000 -11.0000 -15.7002 166 147 107
29.5000 -11.0000 -15.9009 161 142 102
30.5000 -11.0000 -16.1196 156 137 95
31.5000 -11.0000 -16.3627 154 137 93
32.5000 -11.0000 -16.6356 154 137 93
33.5000 -11.0000 -16.9420 149 132 89
34.5000 -11.0000 -17.2820 139 121 83
35.5000 -11.0000 -17.6516 128 112 78
36.5000 -11.0000 -18.0434 130 113 83
37.5000 -11.0000 -18.4475 112 96 70
38.5000 -11.0000 -18.8538 108 92 69
39.5000 -11.0000 -19.2534 108 91 71
40.5000 -11.0000 -19.6403 98 81 61
41.5000 -11.0000 -20.0116 94 78 55
42.5000 -11.0000 -20.3681 95 81 55
43.5000 -11.0000 -20.7140 91 77 51
44.5000 -11.0000 -21.0571 93 79 53
45.5000 -11.0000 -21.4075 90 78 52
46.5000 -11.0000 -21.7765 87 75 51
47.5000 -11.0000 -22.1748 81 74 48
48.5000 -11.0000 -22.6111 77 69 46
49.5000 -11.0000 -23.0924 71 67 42
50.5000 -11.0000 -23.6254 68 63 41
51.5000 -11.0000 -24.2174 65 63 42
52.5000 -11.0000 -24.8772 61 60 40
53.5000 -11.0000 -25.6144 53 52 34
54.5000 -11.0000 -26.4378 53 50 33
55.5000 -11.0000 -27.3540 57 54 39
56.5000 -11.0000 -28.3652 56 50 36
57.5000 -11.0000 -29.4678 48 42 30
58.5000 -11.0000 -30.6506 47 39 28
59.5000 -11.0000 -31.8952 49 45 36
60.5000 -11.0000 -33.1779 27 32 25
61.5000 -11.0000 -34.4731 22 31 26
62.5000 -11.0000 -35.7590 18 27 22
63.5000 -11.0000 -37.0220 15 24 19
64.5000 -11.0000 -38.2627 13 22 17
65.5000 -11.0000 -39.5010 13 22 17
66.5000 -11.0000 -40.7785 15 24 19
67.5000 -11.0000 -42.1550 16 25 20
68.5000 -11.0000 -43.6943 15 24 19
69.5000 -11.0000 -45.4414 16 25 20
70.5000 -11.0000 -47.3980 15 24 19
71.5000 -11.0000 -49.5083 11 20 15
75.5000 -11.0000 -57.1081 9 15 11
-96.5000 -12.0000 -56.9693 14 15 7
-95.5000 -12.0000 -50.1795 24 24 16
-94.5000 -12.0000 -43.8635 34 34 22
-93.5000 -12.0000 -38.4055 44 44 32
-92.5000 -12.0000 -33.9808 49 50 34
-91.5000 -12.0000 -30.5750 51 49 34
-90.5000 -12.0000 -28.0443 55 54 34
-89.5000 -12.0000 -26.1855 60 57 38
-88.5000 -12.0000 -24.7938 64 62 39
-87.5000 -12.0000 -23.7000 67 65 42
-86.5000 -12.0000 -22.7847 71 69 44
-85.5000 -12.0000 -21.9770 80 76 49
-84.5000 -12.0000 -21.2441 86 80 54
-83.5000 -12.0000 -20.5772 100 90 65
-82.5000 -12.0000 -19.9794 105 93 69
-81.5000 -12.0000 -19.4552 110 98 72
-80.5000 -12.0000 -19.0047 112 100 74
-79.5000 -12.0000 -18.6203 114 102 76
-78.5000 -12.0000 -18.2881 116 104 78
-77.5000 -12.0000 -17.9906 120 109 81
-76.5000 -12.0000 -17.7109 123 112 84
-75.5000 -12.0000 -17.4366 116 105 75
-74.5000 -12.0000 -17.1619 127 116 86
-73.5000 -12.0000 -16.8869 139 128 98
-72.5000 -12.0000 -16.6155 144 133 103
-71.5000 -12.0000 -16.3526 144 133 101
-70.5000 -12.0000 -16.1017 146 135 103
-69.5000 -12.0000 -15.8641 153 142 110
-68.5000 -12.0000 -15.6393 161 150 118
-67.5000 -12.0000 -15.4261 158 148 113
-66.5000 -12.0000 -15.2231 161 151 115
-65.5000 -12.0000 -15.0296 169 156 121
-64.5000 -12.0000 -14.8457 178 166 128
-63.5000 -12.0000 -14.6720 186 172 135
-62.5000 -12.0000 -14.5087 189 174 135
-61.5000 -12.0000 -14.3552 188 170 130
-60.5000 -12.0000 -14.2106 187 165 126
-59.5000 -12.0000 -14.0740 197 174 133
-58.5000 -12.0000 -13.9450 205 177 137
-57.5000 -12.0000 -13.8243 212 183 143
-56.5000 -12.0000 -13.7130 218 186 145
-55.5000 -12.0000 -13.6122 221 188 145
-54.5000 -12.0000 -13.5228 224 191 148
-53.5000 -12.0000 -13.4453 229 195 150
-52.5000 -12.0000 -13.3800 232 200 153
-51.5000 -12.0000 -13.3278 227 199 149
-50.5000 -12.0000 -13.2908 228 203 149
-49.5000 -12.0000 -13.2715 229 202 149
-48.5000 -12.0000 -13.2730 229 202 149
-47.5000 -12.0000 -13.2975 236 206 156
-46.5000 -12.0000 -13.3450 241 209 160
-45.5000 -12.0000 -13.4126 236 202 154
-44.5000 -12.0000 -13.4941 225 191 143
-43.5000 -12.0000 -13.5810 228 194 148
-42.5000 -12.0000 -13.6645 218 184 136
-41.5000 -12.0000 -13.7364 214 182 133
-40.5000 -12.0000 -13.7913 218 188 138
-39.5000 -12.0000 -13.8264 214 187 134
-38.5000 -12.0000 -13.8412 207 180 127
-37.5000 -12.0000 -13.8371 211 186 132
-36.5000 -12.0000 -13.8168 225 198 143
-35.5000 -12.0000 -13.7838 221 185 133
-34.5000 -12.0000 -13.7424 222 185 132
-33.5000 -12.0000 -13.6973 223 186 134
-32.5000 -12.0000 -13.6534 226 189 136
-31.5000 -12.0000 -13.6150 230 193 141
-30.5000 -12.0000 -13.5851 232 197 143
-29.5000 -12.0000 -13.5645 233 197 145
-28.5000 -12.0000 -13.5521 231 198 144
-27.5000 -12.0000 -13.5451 229 196 143
-26.5000 -12.0000 -13.5396 229 196 142
-25.5000 -12.0000 -13.5322 228 195 142
-24.5000 -12.0000 -13.5208 226 195 140
-23.5000 -12.0000 -13.5049 225 194 140
-22.5000 -12.0000 -13.4852 224 195 139
-21.5000 -12.0000 -13.4638 223 193 139
-20.5000 -12.0000 -13.4428 224 193 139
-19.5000 -12.0000 -13.4242 227 191 139
-18.5000 -12.0000 -13.4096 231 195 145
-17.5000 -12.0000 -13.3994 233 199 151
-16.5000 -12.0000 -13.3933 233 201 152
-15.5000 -12.0000 -13.3902 228 200 152
-14.5000 -12.0000 -13.3879 226 199 152
-13.5000 -12.0000 -13.3843 225 201 155
-12.5000 -12.0000 -13.3777 226 204 157
-11.5000 -12.0000 -13.3672 226 204 157
-10.5000 -12.0000 -13.3535 220 200 150
-9.5000 -12.0000 -13.3388 215 193 144
-8.5000 -12.0000 -13.3264 215 192 142
-7.5000 -12.0000 -13.3204 219 193 142
-6.5000 -12.0000 -13.3246 225 198 145
-5.5000 -12.0000 -13.3423 228 201 148
-4.5000 -12.0000 -13.3771 232 201 147
-3.5000 -12.0000 -13.4336 233 198 144
-2.5000 -12.0000 -13.5187 231 196 140
-1.5000 -12.0000 -13.6414 232 197 141
-0.5000 -12.0000 -13.8120 232 199 145
0.5000 -12.0000 -14.0394 226 196 142
1.5000 -12.0000 -14.3268 214 187 134
2.5000 -12.0000 -14.6692 204 177 130
3.5000 -12.0000 -15.0502 197 174 133
4.5000 -12.0000 -15.4432 164 141 107
5.5000 -12.0000 -15.8140 154 133 104
6.5000 -12.0000 -16.1253 145 125 101
7.5000 -12.0000 -16.3433 137 116 95
8.5000 -12.0000 -16.4445 127 107 83
9.5000 -12.0000 -16.4207 122 104 80
10.5000 -12.0000 -16.2821 139 119 94
11.5000 -12.0000 -16.0549 159 140 108
12.5000 -12.0000 -15.7758 165 147 107
13.5000 -12.0000 -15.4832 176 157 114
14.5000 -12.0000 -15.2101 190 169 126
15.5000 -12.0000 -14.9797 200 177 133
16.5000 -12.0000 -14.8042 202 180 133
17.5000 -12.0000 -14.6873 200 176 128
18.5000 -12.0000 -14.6269 199 172 125
19.5000 -12.0000 -14.6184 197 171 122
20.5000 -12.0000 -14.6558 199 171 124
21.5000 -12.0000 -14.7327 194 167 120
22.5000 -12.0000 -14.8422 186 162 114
23.5000 -12.0000 -14.9772 181 159 112
24.5000 -12.0000 -15.1308 179 156 112
25.5000 -12.0000 -15.2970 175 154 111
26.5000 -12.0000 -15.4720 169 150 107
27.5000 -12.0000 -15.6544 164 147 104
28.5000 -12.0000 -15.8454 161 143 105
29.5000 -12.0000 -16.0488 154 139 100
30.5000 -12.0000 -16.2697 149 134 93
31.5000 -12.0000 -16.5140 148 133 90
32.5000 -12.0000 -16.7870 148 133 90
33.5000 -12.0000 -17.0922 142 129 85
34.5000 -12.0000 -17.4298 134 119 80
35.5000 -12.0000 -17.7965 125 111 76
36.5000 -12.0000 -18.1852 125 110 81
37.5000 -12.0000 -18.5865 111 95 70
38.5000 -12.0000 -18.9904 109 92 72
39.5000 -12.0000 -19.3885 111 94 74
40.5000 -12.0000 -19.7746 102 85 65
41.5000 -12.0000 -20.1462 96 79 59
42.5000 -12.0000 -20.5043 95 80 57
43.5000 -12.0000 -20.8535 90 76 50
44.5000 -12.0000 -21.2019 97 83 56
45.5000 -12.0000 -21.5597 93 82 54
46.5000 -12.0000 -21.9376 89 78 50
47.5000 -12.0000 -22.3453 81 74 46
48.5000 -12.0000 -22.7910 77 70 42
49.5000 -12.0000 -23.2814 73 69 42
50.5000 -12.0000 -23.8243 71 67 42
51.5000 -12.0000 -24.4289 68 66 43
52.5000 -12.0000 -25.1067 67 66 45
53.5000 -12.0000 -25.8692 62 61 41
54.5000 -12.0000 -26.7256 59 56 39
55.5000 -12.0000 -27.6801 56 53 36
56.5000 -12.0000 -28.7300 53 47 33
57.5000 -12.0000 -29.8646 45 39 25
58.5000 -12.0000 -31.0666 42 34 23
59.5000 -12.0000 -32.3143 39 35 24
60.5000 -12.0000 -33.5860 28 30 25
61.5000 -12.0000 -34.8636 22 31 26
62.5000 -12.0000 -36.1362 22 28 24
63.5000 -12.0000 -37.4014 18 27 22
64.5000 -12.0000 -38.6676 17 23 19
65.5000 -12.0000 -39.9558 13 22 17
66.5000 -12.0000 -41.3010 13 19 15
67.5000 -12.0000 -42.7496 10 19 14
68.5000 -12.0000 -44.3477 16 22 18
69.5000 -12.0000 -46.1222 15 24 19
70.5000 -12.0000 -48.0610 16 22 18
71.5000 -12.0000 -50.1031 10 19 14
-95.5000 -13.0000 -51.8804 22 22 14
-94.5000 -13.0000 -45.4685 33 33 21
-93.5000 -13.0000 -39.7900 45 45 33
-92.5000 -13.0000 -35.0751 53 54 38
-91.5000 -13.0000 -31.3687 53 51 36
-90.5000 -13.0000 -28.5728 56 55 35
-89.5000 -13.0000 -26.5089 62 59 40
-88.5000 -13.0000 -24.9768 66 64 41
-87.5000 -13.0000 -23.7980 69 67 44
-86.5000 -13.0000 -22.8385 74 72 47
-85.5000 -13.0000 -22.0128 83 79 52
-84.5000 -13.0000 -21.2760 89 83 57
-83.5000 -13.0000 -20.6112 99 87 63
-82.5000 -13.0000 -20.0163 106 91 68
-81.5000 -13.0000 -19.4932 113 99 73
-80.5000 -13.0000 -19.0409 117 103 77
-79.5000 -13.0000 -18.6524 118 104 78
-78.5000 -13.0000 -18.3150 120 106 80
-77.5000 -13.0000 -18.0124 122 108 81
-76.5000 -13.0000 -17.7286 125 111 84
-75.5000 -13.0000 -17.4518 120 106 77
-74.5000 -13.0000 -17.1759 130 116 87
-73.5000 -13.0000 -16.9006 141 127 98
-72.5000 -13.0000 -16.6293 146 132 103
-71.5000 -13.0000 -16.3664 146 133 101
-70.5000 -13.0000 -16.1156 148 135 103
-69.5000 -13.0000 -15.8783 156 143 111
-68.5000 -13.0000 -15.6542 161 150 118
-67.5000 -13.0000 -15.4422 159 149 114
-66.5000 -13.0000 -15.2408 160 152 115
-65.5000 -13.0000 -15.0491 166 156 120
-64.5000 -13.0000 -14.8672 175 163 125
-63.5000 -13.0000 -14.6954 183 169 132
-62.5000 -13.0000 -14.5339 188 173 134
-61.5000 -13.0000 -14.3825 191 173 133
-60.5000 -13.0000 -14.2404 192 170 131
-59.5000 -13.0000 -14.1066 195 172 131
-58.5000 -13.0000 -13.9805 203 175 135
-57.5000 -13.0000 -13.8625 211 182 142
-56.5000 -13.0000 -13.7531 218 186 145
-55.5000 -13.0000 -13.6533 222 189 146
-54.5000 -13.0000 -13.5639 226 191 149
-53.5000 -13.0000 -13.4856 232 195 153
-52.5000 -13.0000 -13.4193 232 199 154
-51.5000 -13.0000 -13.3667 218 191 138
-50.5000 -13.0000 -13.3301 223 198 142
-49.5000 -13.0000 -13.3126 228 201 148
-48.5000 -13.0000 -13.3176 230 203 150
-47.5000 -13.0000 -13.3469 237 207 157
-46.5000 -13.0000 -13.4003 241 209 162
-45.5000 -13.0000 -13.4742 233 199 153
-44.5000 -13.0000 -13.5617 221 187 141
-43.5000 -13.0000 -13.6535 221 187 142
-42.5000 -13.0000 -13.7401 215 181 135
-41.5000 -13.0000 -13.8135 213 181 134
-40.5000 -13.0000 -13.8681 217 187 137
-39.5000 -13.0000 -13.9015 212 185 132
-38.5000 -13.0000 -13.9137 207 180 127
-37.5000 -13.0000 -13.9068 211 186 130
-36.5000 -13.0000 -13.8839 224 197 142
-35.5000 -13.0000 -13.8492 215 179 127
-34.5000 -13.0000 -13.8074 222 182 131
-33.5000 -13.0000 -13.7636 227 187 138
-32.5000 -13.0000 -13.7230 229 192 140
-31.5000 -13.0000 -13.6893 231 193 144
-30.5000 -13.0000 -13.6650 232 195 143
-29.5000 -13.0000 -13.6499 233 195 146
-28.5000 -13.0000 -13.6421 233 197 145
-27.5000 -13.0000 -13.6378 229 193 143
-26.5000 -13.0000 -13.6332 224 191 138
-25.5000 -13.0000 -13.6255 221 188 137
-24.5000 -13.0000 -13.6134 219 186 133
-23.5000 -13.0000 -13.5977 218 185 134
-22.5000 -13.0000 -13.5809 217 186 132
-21.5000 -13.0000 -13.5660 219 187 136
-20.5000 -13.0000 -13.5557 221 189 138
-19.5000 -13.0000 -13.5521 223 187 139
-18.5000 -13.0000 -13.5559 225 189 141
-17.5000 -13.0000 -13.5663 224 192 145
-16.5000 -13.0000 -13.5812 223 192 146
-15.5000 -13.0000 -13.5976 218 191 146
-14.5000 -13.0000 -13.6118 214 190 144
-13.5000 -13.0000 -13.6204 212 191 146
-12.5000 -13.0000 -13.6210 211 193 147
-11.5000 -13.0000 -13.6128 211 193 147
-10.5000 -13.0000 -13.5970 209 191 145
-9.5000 -13.0000 -13.5767 210 189 144
-8.5000 -13.0000 -13.5564 212 191 144
-7.5000 -13.0000 -13.5407 217 193 145
-6.5000 -13.0000 -13.5341 222 196 147
-5.5000 -13.0000 -13.5401 224 196 148
-4.5000 -13.0000 -13.5620 225 195 145
-3.5000 -13.0000 -13.6038 227 197 143
-2.5000 -13.0000 -13.6712 226 197 141
-1.5000 -13.0000 -13.7723 223 194 138
-0.5000 -13.0000 -13.9164 217 191 134
0.5000 -13.0000 -14.1124 216 191 135
1.5000 -13.0000 -14.3655 214 191 137
2.5000 -13.0000 -14.6738 208 186 137
3.5000 -13.0000 -15.0263 197 178 135
4.5000 -13.0000 -15.4018 172 154 118
5.5000 -13.0000 -15.7707 156 139 109
6.5000 -13.0000 -16.0984 144 128 103
7.5000 -13.0000 -16.3508 139 123 100
8.5000 -13.0000 -16.5007 127 112 89
9.5000 -13.0000 -16.5338 115 103 77
10.5000 -13.0000 -16.4525 129 115 88
11.5000 -13.0000 -16.2758 150 137 105
12.5000 -13.0000 -16.0348 152 137 98
13.5000 -13.0000 -15.7655 166 147 105
14.5000 -13.0000 -15.5010 180 161 119
15.5000 -13.0000 -15.2667 192 171 128
16.5000 -13.0000 -15.0784 196 173 129
17.5000 -13.0000 -14.9433 196 172 126
18.5000 -13.0000 -14.8628 193 169 123
19.5000 -13.0000 -14.8346 192 168 120
20.5000 -13.0000 -14.8545 200 173 128
21.5000 -13.0000 -14.9172 192 168 122
22.5000 -13.0000 -15.0160 185 161 115
23.5000 -13.0000 -15.1436 179 156 112
24.5000 -13.0000 -15.2926 175 154 111
25.5000 -13.0000 -15.4565 170 151 109
26.5000 -13.0000 -15.6308 167 148 106
27.5000 -13.0000 -15.8135 163 145 105
28.5000 -13.0000 -16.0052 153 139 100
29.5000 -13.0000 -16.2089 149 135 96
30.5000 -13.0000 -16.4294 145 132 90
31.5000 -13.0000 -16.6720 143 130 88
32.5000 -13.0000 -16.9421 142 129 87
33.5000 -13.0000 -17.2430 137 125 83
34.5000 -13.0000 -17.5754 129 115 78
35.5000 -13.0000 -17.9365 121 108 74
36.5000 -13.0000 -18.3199 121 107 80
37.5000 -13.0000 -18.7168 108 93 70
38.5000 -13.0000 -19.1179 109 94 75
39.5000 -13.0000 -19.5146 113 98 79
40.5000 -13.0000 -19.9011 104 89 70
41.5000 -13.0000 -20.2751 98 83 62
42.5000 -13.0000 -20.6378 96 81 58
43.5000 -13.0000 -20.9944 90 76 50
44.5000 -13.0000 -21.3532 95 81 52
45.5000 -13.0000 -21.7239 91 80 50
46.5000 -13.0000 -22.1165 87 76 46
47.5000 -13.0000 -22.5396 79 72 43
48.5000 -13.0000 -23.0002 75 68 39
49.5000 -13.0000 -23.5053 71 67 38
50.5000 -13.0000 -24.0631 69 65 38
51.5000 -13.0000 -24.6851 67 65 40
52.5000 -13.0000 -25.3847 66 65 44
53.5000 -13.0000 -26.1754 66 65 45
54.5000 -13.0000 -27.0663 62 59 42
55.5000 -13.0000 -28.0591 54 51 34
56.5000 -13.0000 -29.1450 49 43 29
57.5000 -13.0000 -30.3064 46 40 26
58.5000 -13.0000 -31.5191 42 34 23
59.5000 -13.0000 -32.7582 34 30 19
60.5000 -13.0000 -34.0044 26 28 23
61.5000 -13.0000 -35.2484 23 29 25
62.5000 -13.0000 -36.4927 24 29 25
63.5000 -13.0000 -37.7497 22 28 24
64.5000 -13.0000 -39.0388 20 25 21
65.5000 -13.0000 -40.3848 14 20 16
66.5000 -13.0000 -41.8168 11 16 12
68.5000 -13.0000 -45.0535 16 21 17
69.5000 -13.0000 -46.8852 15 21 17
70.5000 -13.0000 -48.8302 15 20 16
71.5000 -13.0000 -50.8203 11 17 13
-95.5000 -14.0000 -53.8479 19 19 11
-94.5000 -14.0000 -47.3496 31 31 19
-93.5000 -14.0000 -41.4401 45 45 33
-92.5000 -14.0000 -36.4073 55 56 40
-91.5000 -14.0000 -32.3614 54 52 37
-90.5000 -14.0000 -29.2584 57 56 36
-89.5000 -14.0000 -26.9508 63 60 41
-88.5000 -14.0000 -25.2471 67 65 42
-87.5000 -14.0000 -23.9607 71 69 46
-86.5000 -14.0000 -22.9417 76 74 49
-85.5000 -14.0000 -22.0877 85 81 54
-84.5000 -14.0000 -21.3399 91 85 59
-83.5000 -14.0000 -20.6715 97 87 62
-82.5000 -14.0000 -20.0745 104 92 68
-81.5000 -14.0000 -19.5478 113 99 73
-80.5000 -14.0000 -19.0897 116 104 78
-79.5000 -14.0000 -18.6938 120 106 80
-78.5000 -14.0000 -18.3486 119 107 81
-77.5000 -14.0000 -18.0391 123 109 82
-76.5000 -14.0000 -17.7507 123 112 84
-75.5000 -14.0000 -17.4717 123 109 80
-74.5000 -14.0000 -17.1956 129 118 88
-73.5000 -14.0000 -16.9215 141 127 98
-72.5000 -14.0000 -16.6517 143 132 102
-71.5000 -14.0000 -16.3902 146 133 101
-70.5000 -14.0000 -16.1404 147 136 104
-69.5000 -14.0000 -15.9039 156 143 111
-68.5000 -14.0000 -15.6808 160 149 117
-67.5000 -14.0000 -15.4699 159 151 115
-66.5000 -14.0000 -15.2699 160 152 116
-65.5000 -14.0000 -15.0797 165 155 119
-64.5000 -14.0000 -14.8990 171 161 125
-63.5000 -14.0000 -14.7280 179 167 129
-62.5000 -14.0000 -14.5671 187 171 135
-61.5000 -14.0000 -14.4164 192 174 136
-60.5000 -14.0000 -14.2753 197 175 136
-59.5000 -14.0000 -14.1430 195 172 131
-58.5000 -14.0000 -14.0189 204 176 137
-57.5000 -14.0000 -13.9030 212 183 143
-56.5000 -14.0000 -13.7955 220 186 148
-55.5000 -14.0000 -13.6970 223 188 148
-54.5000 -14.0000 -13.6083 225 190 148
-53.5000 -14.0000 -13.5303 230 193 151
-52.5000 -14.0000 -13.4642 230 196 151
-51.5000 -14.0000 -13.4123 218 191 138
-50.5000 -14.0000 -13.3775 222 200 143
-49.5000 -14.0000 -13.3632 228 203 149
-48.5000 -14.0000 -13.3726 230 202 152
-47.5000 -14.0000 -13.4076 236 205 158
-46.5000 -14.0000 -13.4674 237 206 159
-45.5000 -14.0000 -13.5478 229 196 151
-44.5000 -14.0000 -13.6413 219 185 140
-43.5000 -14.0000 -13.7381 207 173 128
-42.5000 -14.0000 -13.8281 206 173 128
-41.5000 -14.0000 -13.9032 210 179 133
-40.5000 -14.0000 -13.9578 216 185 138
-39.5000 -14.0000 -13.9898 210 182 132
-38.5000 -14.0000 -13.9998 201 176 122
-37.5000 -14.0000 -13.9903 199 177 120
-36.5000 -14.0000 -13.9651 209 182 127
-35.5000 -14.0000 -13.9289 212 176 126
-34.5000 -14.0000 -13.8871 219 181 134
-33.5000 -14.0000 -13.8451 228 187 141
-32.5000 -14.0000 -13.8078 230 192 145
-31.5000 -14.0000 -13.7790 229 191 144
-30.5000 -14.0000 -13.7602 226 190 142
-29.5000 -14.0000 -13.7505 226 190 142
-28.5000 -14.0000 -13.7468 227 191 143
-27.5000 -14.0000 -13.7450 221 185 137
-26.5000 -14.0000 -13.7413 213 179 131
-25.5000 -14.0000 -13.7334 210 176 128
-24.5000 -14.0000 -13.7214 211 179 130
-23.5000 -14.0000 -13.7075 212 180 131
-22.5000 -14.0000 -13.6953 213 181 132
-21.5000 -14.0000 -13.6888 218 186 137
-20.5000 -14.0000 -13.6914 224 192 143
-19.5000 -14.0000 -13.7048 222 188 142
-18.5000 -14.0000 -13.7289 222 188 143
-17.5000 -14.0000 -13.7614 218 187 143
-16.5000 -14.0000 -13.7987 213 184 140
-15.5000 -14.0000 -13.8360 207 183 139
-14.5000 -14.0000 -13.8678 201 180 137
-13.5000 -14.0000 -13.8898 197 178 136
-12.5000 -14.0000 -13.8988 195 178 135
-11.5000 -14.0000 -13.8941 194 179 136
-10.5000 -14.0000 -13.8773 201 184 141
-9.5000 -14.0000 -13.8524 210 193 149
-8.5000 -14.0000 -13.8249 218 200 154
-7.5000 -14.0000 -13.8002 225 203 156
-6.5000 -14.0000 -13.7834 223 199 153
-5.5000 -14.0000 -13.7781 220 193 146
-4.5000 -14.0000 -13.7877 217 189 141
-3.5000 -14.0000 -13.8155 219 191 141
-2.5000 -14.0000 -13.8664 222 195 142
-1.5000 -14.0000 -13.9472 217 192 138
-0.5000 -14.0000 -14.0661 211 186 132
0.5000 -14.0000 -14.2316 211 188 134
1.5000 -14.0000 -14.4498 216 195 142
2.5000 -14.0000 -14.7216 210 190 140
3.5000 -14.0000 -15.0406 197 178 135
4.5000 -14.0000 -15.3911 182 164 128
5.5000 -14.0000 -15.7491 161 144 114
6.5000 -14.0000 -16.0837 147 131 105
7.5000 -14.0000 -16.3620 140 128 102
8.5000 -14.0000 -16.5547 128 116 90
9.5000 -14.0000 -16.6422 114 104 77
10.5000 -14.0000 -16.6198 120 111 82
11.5000 -14.0000 -16.4986 139 128 96
12.5000 -14.0000 -16.3033 146 130 94
13.5000 -14.0000 -16.0659 157 139 99
14.5000 -14.0000 -15.8182 170 151 111
15.5000 -14.0000 -15.5869 179 160 118
16.5000 -14.0000 -15.3905 186 165 122
17.5000 -14.0000 -15.2395 189 166 122
18.5000 -14.0000 -15.1388 191 167 123
19.5000 -14.0000 -15.0890 191 167 123
20.5000 -14.0000 -15.0884 196 172 128
21.5000 -14.0000 -15.1332 190 167 123
22.5000 -14.0000 -15.2177 182 159 117
23.5000 -14.0000 -15.3347 175 154 111
24.5000 -14.0000 -15.4766 169 150 108
25.5000 -14.0000 -15.6361 165 147 107
26.5000 -14.0000 -15.8079 162 144 106
27.5000 -14.0000 -15.9890 157 142 103
28.5000 -14.0000 -16.1794 149 137 99
29.5000 -14.0000 -16.3814 144 135 96
30.5000 -14.0000 -16.5994 142 130 90
31.5000 -14.0000 -16.8383 140 128 86
32.5000 -14.0000 -17.1033 138 126 84
33.5000 -14.0000 -17.3979 134 122 82
34.5000 -14.0000 -17.7232 127 114 79
35.5000 -14.0000 -18.0770 122 109 75
36.5000 -14.0000 -18.4539 121 107 80
37.5000 -14.0000 -18.8459 108 93 70
38.5000 -14.0000 -19.2440 108 93 74
39.5000 -14.0000 -19.6398 111 95 79
40.5000 -14.0000 -20.0279 103 87 71
41.5000 -14.0000 -20.4060 99 84 65
42.5000 -14.0000 -20.7761 98 83 62
43.5000 -14.0000 -21.1437 93 79 53
44.5000 -14.0000 -21.5172 89 75 46
45.5000 -14.0000 -21.9058 86 75 43
46.5000 -14.0000 -22.3184 84 73 43
47.5000 -14.0000 -22.7621 77 70 41
48.5000 -14.0000 -23.2431 74 67 38
49.5000 -14.0000 -23.7680 68 64 35
50.5000 -14.0000 -24.3461 64 60 33
51.5000 -14.0000 -24.9904 61 59 34
52.5000 -14.0000 -25.7165 56 55 34
53.5000 -14.0000 -26.5390 61 60 40
54.5000 -14.0000 -27.4661 59 56 39
55.5000 -14.0000 -28.4960 49 46 31
56.5000 -14.0000 -29.6140 47 41 27
57.5000 -14.0000 -30.7947 50 44 32
58.5000 -14.0000 -32.0071 48 39 30
59.5000 -14.0000 -33.2237 37 33 24
60.5000 -14.0000 -34.4284 25 26 21
61.5000 -14.0000 -35.6220 23 28 24
62.5000 -14.0000 -36.8227 23 28 24
63.5000 -14.0000 -38.0600 22 27 23
64.5000 -14.0000 -39.3678 20 25 21
65.5000 -14.0000 -40.7764 16 21 17
66.5000 -14.0000 -42.3094 12 17 13
67.5000 -14.0000 -43.9795 10 15 11
68.5000 -14.0000 -45.7843 16 21 17
69.5000 -14.0000 -47.6989 15 20 16
70.5000 -14.0000 -49.6718 13 18 14
71.5000 -14.0000 -51.6269 10 15 11
-95.5000 -15.0000 -56.1551 15 15 7
-94.5000 -15.0000 -49.5639 26 26 14
-93.5000 -15.0000 -43.4031 42 42 30
-92.5000 -15.0000 -38.0191 53 54 38
-91.5000 -15.0000 -33.5912 55 53 38
-90.5000 -15.0000 -30.1351 58 57 37
-89.5000 -15.0000 -27.5407 64 61 42
-88.5000 -15.0000 -25.6290 67 65 42
-87.5000 -15.0000 -24.2070 70 68 45
-86.5000 -15.0000 -23.1083 75 73 48
-85.5000 -15.0000 -22.2118 84 80 53
-84.5000 -15.0000 -21.4427 90 84 58
-83.5000 -15.0000 -20.7631 95 85 60
-82.5000 -15.0000 -20.1577 101 91 66
-81.5000 -15.0000 -19.6224 110 98 72
-80.5000 -15.0000 -19.1543 114 104 77
-79.5000 -15.0000 -18.7476 118 106 80
-78.5000 -15.0000 -18.3921 118 108 81
-77.5000 -15.0000 -18.0742 121 110 82
-76.5000 -15.0000 -17.7803 122 113 84
-75.5000 -15.0000 -17.4990 123 112 82
-74.5000 -15.0000 -17.2234 128 119 88
-73.5000 -15.0000 -16.9513 137 126 96
-72.5000 -15.0000 -16.6843 141 132 101
-71.5000 -15.0000 -16.4254 143 132 100
-70.5000 -15.0000 -16.1775 146 137 104
-69.5000 -15.0000 -15.9424 153 142 110
-68.5000 -15.0000 -15.7205 158 149 116
-67.5000 -15.0000 -15.5106 158 150 114
-66.5000 -15.0000 -15.3116 158 152 116
-65.5000 -15.0000 -15.1222 163 155 118
-64.5000 -15.0000 -14.9418 169 159 123
-63.5000 -15.0000 -14.7707 176 164 126
-62.5000 -15.0000 -14.6091 184 168 132
-61.5000 -15.0000 -14.4576 192 174 136
-60.5000 -15.0000 -14.3159 198 176 137
-59.5000 -15.0000 -14.1836 198 175 134
-58.5000 -15.0000 -14.0602 206 178 139
-57.5000 -15.0000 -13.9455 212 183 143
-56.5000 -15.0000 -13.8394 218 184 146
-55.5000 -15.0000 -13.7422 220 185 145
-54.5000 -15.0000 -13.6546 222 184 145
-53.5000 -15.0000 -13.5776 226 187 146
-52.5000 -15.0000 -13.5129 225 191 146
-51.5000 -15.0000 -13.4632 224 197 144
-50.5000 -15.0000 -13.4316 226 204 147
-49.5000 -15.0000 -13.4218 229 204 150
-48.5000 -15.0000 -13.4370 228 200 150
-47.5000 -15.0000 -13.4786 231 200 153
-46.5000 -15.0000 -13.5454 232 201 155
-45.5000 -15.0000 -13.6327 227 194 151
-44.5000 -15.0000 -13.7324 218 185 142
-43.5000 -15.0000 -13.8341 206 173 130
-42.5000 -15.0000 -13.9277 206 173 128
-41.5000 -15.0000 -14.0046 208 177 131
-40.5000 -15.0000 -14.0594 210 179 132
-39.5000 -15.0000 -14.0904 205 177 127
-38.5000 -15.0000 -14.0986 197 172 118
-37.5000 -15.0000 -14.0869 194 172 115
-36.5000 -15.0000 -14.0600 201 174 121
-35.5000 -15.0000 -14.0229 210 176 128
-34.5000 -15.0000 -13.9814 217 180 135
-33.5000 -15.0000 -13.9412 225 187 142
-32.5000 -15.0000 -13.9073 226 189 144
-31.5000 -15.0000 -13.8829 223 186 141
-30.5000 -15.0000 -13.8690 217 183 137
-29.5000 -15.0000 -13.8641 215 181 135
-28.5000 -15.0000 -13.8643 215 181 135
-27.5000 -15.0000 -13.8652 212 178 132
-26.5000 -15.0000 -13.8634 205 173 126
-25.5000 -15.0000 -13.8572 205 173 126
-24.5000 -15.0000 -13.8480 211 180 133
-23.5000 -15.0000 -13.8390 216 185 138
-22.5000 -15.0000 -13.8350 218 187 140
-21.5000 -15.0000 -13.8406 224 193 146
-20.5000 -15.0000 -13.8589 233 202 156
-19.5000 -15.0000 -13.8914 228 195 152
-18.5000 -15.0000 -13.9370 225 192 151
-17.5000 -15.0000 -13.9923 217 188 148
-16.5000 -15.0000 -14.0521 211 183 143
-15.5000 -15.0000 -14.1101 203 180 139
-14.5000 -15.0000 -14.1599 195 176 136
-13.5000 -15.0000 -14.1958 188 173 134
-12.5000 -15.0000 -14.2143 185 171 132
-11.5000 -15.0000 -14.2145 188 174 135
-10.5000 -15.0000 -14.1986 195 181 142
-9.5000 -15.0000 -14.1712 206 191 150
-8.5000 -15.0000 -14.1383 217 200 157
-7.5000 -15.0000 -14.1061 222 201 158
-6.5000 -15.0000 -14.0801 221 198 156
-5.5000 -15.0000 -14.0644 219 192 149
-4.5000 -15.0000 -14.0624 216 189 144
-3.5000 -15.0000 -14.0770 211 184 139
-2.5000 -15.0000 -14.1123 216 189 144
-1.5000 -15.0000 -14.1738 215 188 141
-0.5000 -15.0000 -14.2686 210 184 135
0.5000 -15.0000 -14.4042 209 186 136
1.5000 -15.0000 -14.5870 212 190 140
2.5000 -15.0000 -14.8202 206 185 138
3.5000 -15.0000 -15.1011 193 174 131
4.5000 -15.0000 -15.4196 185 167 129
5.5000 -15.0000 -15.7573 166 150 117
6.5000 -15.0000 -16.0885 151 136 107
7.5000 -15.0000 -16.3827 143 132 104
8.5000 -15.0000 -16.6101 131 120 90
9.5000 -15.0000 -16.7470 116 107 76
10.5000 -15.0000 -16.7822 114 108 74
11.5000 -15.0000 -16.7192 127 119 83
12.5000 -15.0000 -16.5754 142 128 93
13.5000 -15.0000 -16.3776 149 133 97
14.5000 -15.0000 -16.1552 158 140 104
15.5000 -15.0000 -15.9347 166 146 109
16.5000 -15.0000 -15.7363 173 151 112
17.5000 -15.0000 -15.5735 178 156 115
18.5000 -15.0000 -15.4542 185 162 121
19.5000 -15.0000 -15.3823 189 166 124
20.5000 -15.0000 -15.3591 190 167 125
21.5000 -15.0000 -15.3828 184 161 119
22.5000 -15.0000 -15.4493 177 154 113
23.5000 -15.0000 -15.5522 171 149 110
24.5000 -15.0000 -15.6837 165 145 108
25.5000 -15.0000 -15.8362 161 143 105
26.5000 -15.0000 -16.0032 156 138 102
27.5000 -15.0000 -16.1810 150 136 99
28.5000 -15.0000 -16.3685 145 135 99
29.5000 -15.0000 -16.5675 141 133 94
30.5000 -15.0000 -16.7816 139 130 89
31.5000 -15.0000 -17.0158 136 127 86
32.5000 -15.0000 -17.2749 134 125 84
33.5000 -15.0000 -17.5624 130 121 80
34.5000 -15.0000 -17.8800 125 115 79
35.5000 -15.0000 -18.2264 121 110 78
36.5000 -15.0000 -18.5970 122 110 84
37.5000 -15.0000 -18.9843 106 94 72
38.5000 -15.0000 -19.3798 106 90 74
39.5000 -15.0000 -19.7754 108 92 76
40.5000 -15.0000 -20.1657 100 84 68
41.5000 -15.0000 -20.5491 97 82 63
42.5000 -15.0000 -20.9284 99 84 63
43.5000 -15.0000 -21.3097 95 80 57
44.5000 -15.0000 -21.7013 87 73 46
45.5000 -15.0000 -22.1117 85 74 44
46.5000 -15.0000 -22.5484 86 75 47
47.5000 -15.0000 -23.0169 81 74 45
48.5000 -15.0000 -23.5223 77 70 42
49.5000 -15.0000 -24.0712 70 66 39
50.5000 -15.0000 -24.6740 64 60 35
51.5000 -15.0000 -25.3454 58 56 33
52.5000 -15.0000 -26.1025 51 50 30
53.5000 -15.0000 -26.9602 56 55 37
54.5000 -15.0000 -27.9252 55 52 37
55.5000 -15.0000 -28.9911 46 42 30
56.5000 -15.0000 -30.1366 46 39 29
57.5000 -15.0000 -31.3287 49 42 32
58.5000 -15.0000 -32.5303 48 39 32
59.5000 -15.0000 -33.7119 38 33 27
60.5000 -15.0000 -34.8618 24 24 22
61.5000 -15.0000 -35.9923 23 25 24
62.5000 -15.0000 -37.1381 22 24 23
63.5000 -15.0000 -38.3476 22 24 23
64.5000 -15.0000 -39.6693 21 23 22
65.5000 -15.0000 -41.1407 20 22 21
66.5000 -15.0000 -42.7793 19 21 20
67.5000 -15.0000 -44.5796 19 21 20
68.5000 -15.0000 -46.5108 16 18 17
69.5000 -15.0000 -48.5186 15 17 16
70.5000 -15.0000 -50.5291 12 14 13
109.5000 -15.0000 -81.5432 16 12 13
-94.5000 -16.0000 -52.1113 20 20 8
-93.5000 -16.0000 -45.6867 35 35 23
-92.5000 -16.0000 -39.9263 47 48 32
-91.5000 -16.0000 -35.0801 55 53 38
-90.5000 -16.0000 -31.2279 58 57 37
-89.5000 -16.0000 -28.3027 63 60 41
-88.5000 -16.0000 -26.1430 66 64 41
-87.5000 -16.0000 -24.5527 69 67 44
-86.5000 -16.0000 -23.3493 73 71 46
-85.5000 -16.0000 -22.3922 81 77 50
-84.5000 -16.0000 -21.5891 87 81 55
-83.5000 -16.0000 -20.8890 92 85 59
-82.5000 -16.0000 -20.2686 98 91 65
-81.5000 -16.0000 -19.7195 105 98 70
-80.5000 -16.0000 -19.2375 110 103 75
-79.5000 -16.0000 -18.8172 112 105 77
-78.5000 -16.0000 -18.4493 115 108 80
-77.5000 -16.0000 -18.1218 118 111 82
-76.5000 -16.0000 -17.8215 121 114 85
-75.5000 -16.0000 -17.5376 121 115 83
-74.5000 -16.0000 -17.2626 126 120 88
-73.5000 -16.0000 -16.9931 132 126 94
-72.5000 -16.0000 -16.7295 136 130 98
-71.5000 -16.0000 -16.4739 139 133 99
-70.5000 -16.0000 -16.2286 143 137 103
-69.5000 -16.0000 -15.9953 149 143 109
-68.5000 -16.0000 -15.7745 153 147 113
-67.5000 -16.0000 -15.5655 155 149 113
-66.5000 -16.0000 -15.3669 158 152 116
-65.5000 -16.0000 -15.1775 163 155 118
-64.5000 -16.0000 -14.9966 167 157 121
-63.5000 -16.0000 -14.8242 173 160 125
-62.5000 -16.0000 -14.6608 180 164 128
-61.5000 -16.0000 -14.5071 189 171 133
-60.5000 -16.0000 -14.3633 196 174 137
-59.5000 -16.0000 -14.2296 200 176 138
-58.5000 -16.0000 -14.1054 206 178 139
-57.5000 -16.0000 -13.9906 210 181 141
-56.5000 -16.0000 -13.8848 214 180 142
-55.5000 -16.0000 -13.7884 215 180 140
-54.5000 -16.0000 -13.7019 218 180 141
-53.5000 -16.0000 -13.6264 223 184 143
-52.5000 -16.0000 -13.5642 223 189 144
-51.5000 -16.0000 -13.5179 225 198 145
-50.5000 -16.0000 -13.4909 226 204 147
-49.5000 -16.0000 -13.4871 228 202 151
-48.5000 -16.0000 -13.5092 223 197 146
-47.5000 -16.0000 -13.5584 223 195 148
-46.5000 -16.0000 -13.6329 226 195 149
-45.5000 -16.0000 -13.7274 224 191 148
-44.5000 -16.0000 -13.8332 217 184 141
-43.5000 -16.0000 -13.9398 217 184 141
-42.5000 -16.0000 -14.0366 211 178 135
-41.5000 -16.0000 -14.1151 203 172 126
-40.5000 -16.0000 -14.1702 198 170 122
-39.5000 -16.0000 -14.2005 196 170 121
-38.5000 -16.0000 -14.2073 197 172 118
-37.5000 -16.0000 -14.1943 198 175 121
-36.5000 -16.0000 -14.1663 204 179 125
-35.5000 -16.0000 -14.1291 208 176 129
-34.5000 -16.0000 -14.0884 212 178 133
-33.5000 -16.0000 -14.0503 216 182 137
-32.5000 -16.0000 -14.0195 218 184 139
-31.5000 -16.0000 -13.9990 215 181 136
-30.5000 -16.0000 -13.9896 210 177 132
-29.5000 -16.0000 -13.9890 207 174 129
-28.5000 -16.0000 -13.9935 204 173 127
-27.5000 -16.0000 -13.9985 207 176 130
-26.5000 -16.0000 -14.0010 202 171 125
-25.5000 -16.0000 -14.0004 206 175 129
-24.5000 -16.0000 -13.9986 216 188 141
-23.5000 -16.0000 -14.0000 222 194 147
-22.5000 -16.0000 -14.0094 220 193 146
-21.5000 -16.0000 -14.0314 225 198 151
-20.5000 -16.0000 -14.0689 236 207 163
-19.5000 -16.0000 -14.1224 228 196 155
-18.5000 -16.0000 -14.1899 224 192 153
-17.5000 -16.0000 -14.2672 215 185 147
-16.5000 -16.0000 -14.3481 206 180 143
-15.5000 -16.0000 -14.4254 199 177 138
-14.5000 -16.0000 -14.4919 190 175 136
-13.5000 -16.0000 -14.5414 184 170 133
-12.5000 -16.0000 -14.5700 177 168 129
-11.5000 -16.0000 -14.5768 184 171 136
-10.5000 -16.0000 -14.5640 187 175 137
-9.5000 -16.0000 -14.5365 193 179 140
-8.5000 -16.0000 -14.5006 197 182 141
-7.5000 -16.0000 -14.4630 202 183 143
-6.5000 -16.0000 -14.4296 206 184 143
-5.5000 -16.0000 -14.4048 211 186 145
-4.5000 -16.0000 -14.3920 215 187 147
-3.5000 -16.0000 -14.3941 203 173 135
-2.5000 -16.0000 -14.4144 208 178 140
-1.5000 -16.0000 -14.4574 211 182 142
-0.5000 -16.0000 -14.5285 209 180 138
0.5000 -16.0000 -14.6343 206 178 131
1.5000 -16.0000 -14.7812 203 176 129
2.5000 -16.0000 -14.9736 196 172 128
3.5000 -16.0000 -15.2123 189 166 124
4.5000 -16.0000 -15.4924 185 163 126
5.5000 -16.0000 -15.8012 170 151 118
6.5000 -16.0000 -16.1186 156 140 107
7.5000 -16.0000 -16.4178 146 131 100
8.5000 -16.0000 -16.6699 135 122 88
9.5000 -16.0000 -16.8488 121 111 76
10.5000 -16.0000 -16.9377 115 107 70
11.5000 -16.0000 -16.9329 117 107 71
12.5000 -16.0000 -16.8443 137 123 88
13.5000 -16.0000 -16.6926 142 126 92
14.5000 -16.0000 -16.5034 148 129 96
15.5000 -16.0000 -16.3019 152 134 98
16.5000 -16.0000 -16.1088 157 137 100
17.5000 -16.0000 -15.9397 166 144 105
18.5000 -16.0000 -15.8053 175 151 113
19.5000 -16.0000 -15.7127 181 158 117
20.5000 -16.0000 -15.6660 180 156 118
21.5000 -16.0000 -15.6664 176 152 114
22.5000 -16.0000 -15.7117 170 148 109
23.5000 -16.0000 -15.7970 164 144 107
24.5000 -16.0000 -15.9148 160 142 106
25.5000 -16.0000 -16.0574 156 137 104
26.5000 -16.0000 -16.2174 149 133 99
27.5000 -16.0000 -16.3902 143 129 94
28.5000 -16.0000 -16.5737 142 132 96
29.5000 -16.0000 -16.7688 139 131 94
30.5000 -16.0000 -16.9789 136 128 89
31.5000 -16.0000 -17.2083 133 126 84
32.5000 -16.0000 -17.4617 130 121 80
33.5000 -16.0000 -17.7428 127 118 79
34.5000 -16.0000 -18.0539 124 114 78
35.5000 -16.0000 -18.3940 121 110 78
36.5000 -16.0000 -18.7595 123 111 85
37.5000 -16.0000 -19.1433 107 95 73
38.5000 -16.0000 -19.5370 105 89 73
39.5000 -16.0000 -19.9329 106 90 75
40.5000 -16.0000 -20.3258 97 81 65
41.5000 -16.0000 -20.7149 94 78 62
42.5000 -16.0000 -21.1041 97 82 63
43.5000 -16.0000 -21.5003 94 79 56
44.5000 -16.0000 -21.9119 89 75 48
45.5000 -16.0000 -22.3464 88 77 49
46.5000 -16.0000 -22.8095 88 77 49
47.5000 -16.0000 -23.3052 84 77 49
48.5000 -16.0000 -23.8375 80 73 47
49.5000 -16.0000 -24.4131 72 68 43
50.5000 -16.0000 -25.0439 67 62 40
51.5000 -16.0000 -25.7461 61 59 38
52.5000 -16.0000 -26.5381 54 53 35
53.5000 -16.0000 -27.4343 55 53 38
54.5000 -16.0000 -28.4388 53 49 37
55.5000 -16.0000 -29.5400 46 42 31
56.5000 -16.0000 -30.7093 44 37 31
57.5000 -16.0000 -31.9065 42 35 29
58.5000 -16.0000 -33.0896 40 30 28
59.5000 -16.0000 -34.2285 35 27 25
60.5000 -16.0000 -35.3171 25 24 22
61.5000 -16.0000 -36.3796 23 25 24
62.5000 -16.0000 -37.4673 23 23 23
63.5000 -16.0000 -38.6458 22 24 23
64.5000 -16.0000 -39.9775 23 23 23
65.5000 -16.0000 -41.5052 22 24 23
66.5000 -16.0000 -43.2405 23 23 23
67.5000 -16.0000 -45.1594 22 24 23
68.5000 -16.0000 -47.2044 16 16 16
69.5000 -16.0000 -49.2935 13 15 14
109.5000 -16.0000 -81.0546 16 12 13
-94.5000 -17.0000 -54.9310 15 15 3
-93.5000 -17.0000 -48.2544 29 29 17
-92.5000 -17.0000 -42.1141 40 41 25
-91.5000 -17.0000 -36.8297 55 53 38
-90.5000 -17.0000 -32.5484 58 57 37
-89.5000 -17.0000 -29.2522 62 59 40
-88.5000 -17.0000 -26.8040 64 62 39
-87.5000 -17.0000 -25.0092 66 64 41
-86.5000 -17.0000 -23.6721 69 67 42
-85.5000 -17.0000 -22.6329 77 73 46
-84.5000 -17.0000 -21.7806 81 77 50
-83.5000 -17.0000 -21.0496 91 85 59
-82.5000 -17.0000 -20.4073 96 90 64
-81.5000 -17.0000 -19.8400 101 96 67
-80.5000 -17.0000 -19.3412 105 100 71
-79.5000 -17.0000 -18.9053 108 103 74
-78.5000 -17.0000 -18.5238 112 107 78
-77.5000 -17.0000 -18.1856 117 112 82
-76.5000 -17.0000 -17.8784 121 116 86
-75.5000 -17.0000 -17.5914 120 115 83
-74.5000 -17.0000 -17.3165 124 119 87
-73.5000 -17.0000 -17.0496 129 124 92
-72.5000 -17.0000 -16.7895 133 128 96
-71.5000 -17.0000 -16.5373 136 132 97
-70.5000 -17.0000 -16.2949 140 136 101
-69.5000 -17.0000 -16.0636 146 142 107
-68.5000 -17.0000 -15.8440 150 146 111
-67.5000 -17.0000 -15.6354 154 148 112
-66.5000 -17.0000 -15.4366 157 151 115
-65.5000 -17.0000 -15.2464 163 155 119
-64.5000 -17.0000 -15.0640 167 157 121
-63.5000 -17.0000 -14.8894 171 158 123
-62.5000 -17.0000 -14.7232 176 162 125
-61.5000 -17.0000 -14.5663 185 167 129
-60.5000 -17.0000 -14.4193 193 171 134
-59.5000 -17.0000 -14.2826 198 174 136
-58.5000 -17.0000 -14.1561 203 175 136
-57.5000 -17.0000 -14.0395 208 176 137
-56.5000 -17.0000 -13.9328 209 175 137
-55.5000 -17.0000 -13.8362 211 176 136
-54.5000 -17.0000 -13.7504 216 178 139
-53.5000 -17.0000 -13.6768 223 184 145
-52.5000 -17.0000 -13.6176 227 190 146
-51.5000 -17.0000 -13.5757 217 192 138
-50.5000 -17.0000 -13.5545 220 198 141
-49.5000 -17.0000 -13.5577 223 197 146
-48.5000 -17.0000 -13.5878 219 193 142
-47.5000 -17.0000 -13.6454 219 191 144
-46.5000 -17.0000 -13.7281 222 191 145
-45.5000 -17.0000 -13.8299 220 187 144
-44.5000 -17.0000 -13.9416 214 181 140
-43.5000 -17.0000 -14.0524 215 182 141
-42.5000 -17.0000 -14.1517 206 173 130
-41.5000 -17.0000 -14.2312 195 164 118
-40.5000 -17.0000 -14.2864 189 161 113
-39.5000 -17.0000 -14.3160 191 165 116
-38.5000 -17.0000 -14.3222 197 172 118
-37.5000 -17.0000 -14.3089 198 175 121
-36.5000 -17.0000 -14.2812 199 176 122
-35.5000 -17.0000 -14.2450 203 172 126
-34.5000 -17.0000 -14.2063 205 172 129
-33.5000 -17.0000 -14.1707 207 174 131
-32.5000 -17.0000 -14.1431 208 177 133
-31.5000 -17.0000 -14.1266 208 177 133
-30.5000 -17.0000 -14.1215 206 175 131
-29.5000 -17.0000 -14.1260 202 171 127
-28.5000 -17.0000 -14.1361 197 168 124
-27.5000 -17.0000 -14.1480 200 171 127
-26.5000 -17.0000 -14.1591 194 167 122
-25.5000 -17.0000 -14.1694 200 173 128
-24.5000 -17.0000 -14.1816 215 188 143
-23.5000 -17.0000 -14.1999 220 193 148
-22.5000 -17.0000 -14.2289 211 187 141
-21.5000 -17.0000 -14.2724 211 187 141
-20.5000 -17.0000 -14.3322 222 195 150
-19.5000 -17.0000 -14.4080 211 182 142
-18.5000 -17.0000 -14.4970 206 176 138
-17.5000 -17.0000 -14.5942 198 170 133
-16.5000 -17.0000 -14.6933 190 166 130
-15.5000 -17.0000 -14.7867 185 165 128
-14.5000 -17.0000 -14.8672 178 164 127
-13.5000 -17.0000 -14.9285 173 160 125
-12.5000 -17.0000 -14.9668 166 158 121
-11.5000 -17.0000 -14.9810 167 157 122
-10.5000 -17.0000 -14.9731 169 159 123
-9.5000 -17.0000 -14.9479 174 162 124
-8.5000 -17.0000 -14.9117 176 162 123
-7.5000 -17.0000 -14.8712 180 162 124
-6.5000 -17.0000 -14.8324 186 164 125
-5.5000 -17.0000 -14.8002 194 169 129
-4.5000 -17.0000 -14.7780 200 172 133
-3.5000 -17.0000 -14.7686 200 165 135
-2.5000 -17.0000 -14.7745 203 166 137
-1.5000 -17.0000 -14.7992 206 170 136
-0.5000 -17.0000 -14.8466 205 171 134
0.5000 -17.0000 -14.9224 198 165 124
1.5000 -17.0000 -15.0324 188 156 115
2.5000 -17.0000 -15.1823 183 154 112
3.5000 -17.0000 -15.3756 185 157 118
4.5000 -17.0000 -15.6119 180 154 117
5.5000 -17.0000 -15.8842 175 151 117
6.5000 -17.0000 -16.1779 164 141 109
7.5000 -17.0000 -16.4711 149 130 97
8.5000 -17.0000 -16.7369 138 122 86
9.5000 -17.0000 -16.9485 130 116 79
10.5000 -17.0000 -17.0847 119 107 67
11.5000 -17.0000 -17.1354 110 98 58
12.5000 -17.0000 -17.1034 129 115 80
13.5000 -17.0000 -17.0025 133 117 84
14.5000 -17.0000 -16.8536 139 120 88
15.5000 -17.0000 -16.6792 142 123 90
16.5000 -17.0000 -16.4994 146 126 91
17.5000 -17.0000 -16.3309 154 132 95
18.5000 -17.0000 -16.1865 162 138 102
19.5000 -17.0000 -16.0761 167 143 105
20.5000 -17.0000 -16.0070 171 147 111
21.5000 -17.0000 -15.9832 168 144 108
22.5000 -17.0000 -16.0053 164 142 105
23.5000 -17.0000 -16.0700 161 141 106
24.5000 -17.0000 -16.1712 157 138 105
25.5000 -17.0000 -16.3012 152 133 101
26.5000 -17.0000 -16.4522 143 127 94
27.5000 -17.0000 -16.6184 136 123 89
28.5000 -17.0000 -16.7970 136 128 92
29.5000 -17.0000 -16.9881 133 128 90
30.5000 -17.0000 -17.1943 130 125 85
31.5000 -17.0000 -17.4197 126 121 81
32.5000 -17.0000 -17.6687 124 117 75
33.5000 -17.0000 -17.9454 121 113 74
34.5000 -17.0000 -18.2519 119 111 75
35.5000 -17.0000 -18.5882 118 109 78
36.5000 -17.0000 -18.9507 121 109 85
37.5000 -17.0000 -19.3327 106 93 74
38.5000 -17.0000 -19.7259 103 90 73
39.5000 -17.0000 -20.1224 105 92 76
40.5000 -17.0000 -20.5177 98 82 67
41.5000 -17.0000 -20.9123 93 77 61
42.5000 -17.0000 -21.3111 93 78 59
43.5000 -17.0000 -21.7221 89 74 53
44.5000 -17.0000 -22.1537 90 76 50
45.5000 -17.0000 -22.6125 86 74 48
46.5000 -17.0000 -23.1024 83 71 45
47.5000 -17.0000 -23.6255 76 69 43
48.5000 -17.0000 -24.1852 72 64 43
49.5000 -17.0000 -24.7890 67 62 42
50.5000 -17.0000 -25.4499 64 59 40
51.5000 -17.0000 -26.1863 61 58 41
52.5000 -17.0000 -27.0170 56 54 41
53.5000 -17.0000 -27.9552 52 50 38
54.5000 -17.0000 -29.0012 49 45 36
55.5000 -17.0000 -30.1373 47 42 36
56.5000 -17.0000 -31.3282 43 35 33
57.5000 -17.0000 -32.5271 36 28 26
58.5000 -17.0000 -33.6886 33 23 24
59.5000 -17.0000 -34.7837 33 24 25
60.5000 -17.0000 -35.8130 27 23 24
61.5000 -17.0000 -36.8124 25 25 25
62.5000 -17.0000 -37.8472 28 26 27
63.5000 -17.0000 -38.9972 28 28 28
64.5000 -17.0000 -40.3347 28 26 27
65.5000 -17.0000 -41.9052 25 25 25
66.5000 -17.0000 -43.7132 23 21 22
67.5000 -17.0000 -45.7184 20 20 20
68.5000 -17.0000 -47.8413 17 15 16
-93.5000 -18.0000 -51.0313 24 24 14
-92.5000 -18.0000 -44.5388 35 35 23
-91.5000 -18.0000 -38.8216 53 54 40
-90.5000 -18.0000 -34.0951 58 56 41
-89.5000 -18.0000 -30.3969 61 60 42
-88.5000 -18.0000 -27.6220 63 60 41
-87.5000 -18.0000 -25.5849 64 62 41
-86.5000 -18.0000 -24.0819 67 65 42
-85.5000 -18.0000 -22.9358 72 70 47
-84.5000 -18.0000 -22.0170 78 74 49
-83.5000 -18.0000 -21.2440 90 86 61
-82.5000 -18.0000 -20.5729 94 90 65
-81.5000 -18.0000 -19.9834 99 95 70
-80.5000 -18.0000 -19.4658 102 98 71
-79.5000 -18.0000 -19.0132 106 100 74
-78.5000 -18.0000 -18.6175 110 104 78
-77.5000 -18.0000 -18.2682 116 110 84
-76.5000 -18.0000 -17.9536 121 116 87
-75.5000 -18.0000 -17.6628 120 115 86
-74.5000 -18.0000 -17.3875 123 118 88
-73.5000 -18.0000 -17.1225 128 123 93
-72.5000 -18.0000 -16.8654 131 126 96
-71.5000 -18.0000 -16.6165 135 130 100
-70.5000 -18.0000 -16.3769 139 134 102
-69.5000 -18.0000 -16.1475 145 140 108
-68.5000 -18.0000 -15.9288 150 144 112
-67.5000 -18.0000 -15.7203 153 147 113
-66.5000 -18.0000 -15.5209 159 151 115
-65.5000 -18.0000 -15.3293 163 155 119
-64.5000 -18.0000 -15.1448 167 157 121
-63.5000 -18.0000 -14.9674 170 157 122
-62.5000 -18.0000 -14.7977 174 160 123
-61.5000 -18.0000 -14.6368 183 165 127
-60.5000 -18.0000 -14.4857 188 168 131
-59.5000 -18.0000 -14.3448 195 173 134
-58.5000 -18.0000 -14.2145 198 173 133
-57.5000 -18.0000 -14.0947 202 173 133
-56.5000 -18.0000 -13.9855 205 173 134
-55.5000 -18.0000 -13.8876 207 174 133
-54.5000 -18.0000 -13.8019 213 178 138
-53.5000 -18.0000 -13.7299 221 186 146
-52.5000 -18.0000 -13.6739 227 193 148
-51.5000 -18.0000 -13.6370 210 182 132
-50.5000 -18.0000 -13.6224 216 191 137
-49.5000 -18.0000 -13.6334 220 192 142
-48.5000 -18.0000 -13.6721 220 190 140
-47.5000 -18.0000 -13.7385 218 187 140
-46.5000 -18.0000 -13.8295 220 189 143
-45.5000 -18.0000 -13.9383 217 184 141
-44.5000 -18.0000 -14.0551 211 178 135
-43.5000 -18.0000 -14.1690 202 169 126
-42.5000 -18.0000 -14.2697 195 164 120
-41.5000 -18.0000 -14.3493 185 156 112
-40.5000 -18.0000 -14.4040 185 157 110
-39.5000 -18.0000 -14.4334 190 164 115
-38.5000 -18.0000 -14.4399 196 170 119
-37.5000 -18.0000 -14.4278 193 170 118
-36.5000 -18.0000 -14.4023 189 166 114
-35.5000 -18.0000 -14.3689 198 170 123
-34.5000 -18.0000 -14.3336 199 168 124
-33.5000 -18.0000 -14.3020 199 168 124
-32.5000 -18.0000 -14.2787 200 171 127
-31.5000 -18.0000 -14.2670 203 174 130
-30.5000 -18.0000 -14.2676 203 174 132
-29.5000 -18.0000 -14.2788 199 170 128
-28.5000 -18.0000 -14.2975 194 167 124
-27.5000 -18.0000 -14.3205 192 165 122
-26.5000 -18.0000 -14.3457 186 162 118
-25.5000 -18.0000 -14.3737 192 168 124
-24.5000 -18.0000 -14.4070 206 183 141
-23.5000 -18.0000 -14.4492 209 186 144
-22.5000 -18.0000 -14.5040 198 175 133
-21.5000 -18.0000 -14.5735 193 172 129
-20.5000 -18.0000 -14.6582 200 177 135
-19.5000 -18.0000 -14.7566 190 165 125
-18.5000 -18.0000 -14.8653 184 158 121
-17.5000 -18.0000 -14.9793 177 153 117
-16.5000 -18.0000 -15.0921 172 150 113
-15.5000 -18.0000 -15.1970 169 151 115
-14.5000 -18.0000 -15.2872 166 150 114
-13.5000 -18.0000 -15.3572 161 148 113
-12.5000 -18.0000 -15.4032 158 145 111
-11.5000 -18.0000 -15.4242 150 137 103
-10.5000 -18.0000 -15.4221 156 143 108
-9.5000 -18.0000 -15.4009 162 149 114
-8.5000 -18.0000 -15.3666 166 152 115
-7.5000 -18.0000 -15.3257 167 151 115
-6.5000 -18.0000 -15.2841 169 151 113
-5.5000 -18.0000 -15.2468 173 153 116
-4.5000 -18.0000 -15.2171 178 156 119
-3.5000 -18.0000 -15.1975 192 163 133
-2.5000 -18.0000 -15.1900 192 161 133
-1.5000 -18.0000 -15.1966 195 164 135
-0.5000 -18.0000 -15.2204 196 166 132
0.5000 -18.0000 -15.2656 185 157 120
1.5000 -18.0000 -15.3382 172 144 105
2.5000 -18.0000 -15.4444 170 144 107
3.5000 -18.0000 -15.5902 178 154 116
4.5000 -18.0000 -15.7789 174 150 114
5.5000 -18.0000 -16.0084 174 151 117
6.5000 -18.0000 -16.2700 164 144 111
7.5000 -18.0000 -16.5466 148 129 96
8.5000 -18.0000 -16.8148 138 122 86
9.5000 -18.0000 -17.0482 135 120 81
10.5000 -18.0000 -17.2233 121 108 66
11.5000 -18.0000 -17.3247 104 92 54
12.5000 -18.0000 -17.3483 120 107 75
13.5000 -18.0000 -17.3011 124 110 83
14.5000 -18.0000 -17.1982 131 116 87
15.5000 -18.0000 -17.0584 134 119 88
16.5000 -18.0000 -16.9001 137 121 88
17.5000 -18.0000 -16.7398 143 124 91
18.5000 -18.0000 -16.5919 149 129 94
19.5000 -18.0000 -16.4684 153 133 96
20.5000 -18.0000 -16.3796 161 141 104
21.5000 -18.0000 -16.3325 160 140 103
22.5000 -18.0000 -16.3306 159 139 102
23.5000 -18.0000 -16.3731 157 139 103
24.5000 -18.0000 -16.4555 156 137 104
25.5000 -18.0000 -16.5705 150 131 98
26.5000 -18.0000 -16.7105 140 124 91
27.5000 -18.0000 -16.8689 132 119 85
28.5000 -18.0000 -17.0419 133 125 89
29.5000 -18.0000 -17.2288 129 124 86
30.5000 -18.0000 -17.4317 127 122 84
31.5000 -18.0000 -17.6542 125 117 78
32.5000 -18.0000 -17.9008 122 113 74
33.5000 -18.0000 -18.1752 118 108 72
34.5000 -18.0000 -18.4799 117 107 72
35.5000 -18.0000 -18.8151 119 105 76
36.5000 -18.0000 -19.1772 120 106 80
37.5000 -18.0000 -19.5593 105 93 71
38.5000 -18.0000 -19.9531 104 91 72
39.5000 -18.0000 -20.3507 107 94 77
40.5000 -18.0000 -20.7484 96 85 67
41.5000 -18.0000 -21.1477 89 78 60
42.5000 -18.0000 -21.5551 85 77 56
43.5000 -18.0000 -21.9797 79 71 50
44.5000 -18.0000 -22.4299 83 72 50
45.5000 -18.0000 -22.9112 79 68 46
46.5000 -18.0000 -23.4259 70 62 39
47.5000 -18.0000 -23.9750 63 57 35
48.5000 -18.0000 -24.5616 58 53 33
49.5000 -18.0000 -25.1942 57 52 32
50.5000 -18.0000 -25.8877 56 53 34
51.5000 -18.0000 -26.6618 56 55 37
52.5000 -18.0000 -27.5354 54 52 37
53.5000 -18.0000 -28.5194 46 44 31
54.5000 -18.0000 -29.6093 43 40 31
55.5000 -18.0000 -30.7810 46 41 35
56.5000 -18.0000 -31.9926 42 37 33
57.5000 -18.0000 -33.1925 34 26 24
58.5000 -18.0000 -34.3338 31 22 23
59.5000 -18.0000 -35.3905 34 28 28
60.5000 -18.0000 -36.3704 27 23 24
61.5000 -18.0000 -37.3193 27 27 27
62.5000 -18.0000 -38.3133 30 30 30
63.5000 -18.0000 -39.4409 32 32 32
64.5000 -18.0000 -40.7790 30 30 30
65.5000 -18.0000 -42.3717 26 26 26
66.5000 -18.0000 -44.2163 19 21 20
67.5000 -18.0000 -46.2599 15 17 16
68.5000 -18.0000 -48.4083 14 16 15
-93.5000 -19.0000 -53.9154 21 22 17
-92.5000 -19.0000 -47.1346 29 30 25
-91.5000 -19.0000 -41.0204 41 42 36
-90.5000 -19.0000 -35.8556 56 56 48
-89.5000 -19.0000 -31.7382 54 54 42
-88.5000 -19.0000 -28.6047 51 49 36
-87.5000 -19.0000 -26.2884 61 59 44
-86.5000 -19.0000 -24.5849 68 67 49
-85.5000 -19.0000 -23.3042 68 67 47
-84.5000 -19.0000 -22.2991 75 72 53
-83.5000 -19.0000 -21.4713 83 78 59
-82.5000 -19.0000 -20.7641 89 82 64
-81.5000 -19.0000 -20.1486 97 90 72
-80.5000 -19.0000 -19.6106 106 99 80
-79.5000 -19.0000 -19.1410 114 106 87
-78.5000 -19.0000 -18.7312 117 109 90
-77.5000 -19.0000 -18.3707 118 110 91
-76.5000 -19.0000 -18.0484 118 110 89
-75.5000 -19.0000 -17.7533 128 117 97
-74.5000 -19.0000 -17.4766 129 118 96
-73.5000 -19.0000 -17.2124 130 119 97
-72.5000 -19.0000 -16.9576 134 123 101
-71.5000 -19.0000 -16.7112 140 128 106
-70.5000 -19.0000 -16.4738 145 133 109
-69.5000 -19.0000 -16.2460 149 137 113
-68.5000 -19.0000 -16.0282 151 139 113
-67.5000 -19.0000 -15.8197 150 139 107
-66.5000 -19.0000 -15.6194 157 147 112
-65.5000 -19.0000 -15.4262 165 155 119
-64.5000 -19.0000 -15.2394 167 157 121
-63.5000 -19.0000 -15.0589 169 156 121
-62.5000 -19.0000 -14.8856 172 158 121
-61.5000 -19.0000 -14.7205 180 165 126
-60.5000 -19.0000 -14.5646 189 171 133
-59.5000 -19.0000 -14.4188 193 174 134
-58.5000 -19.0000 -14.2834 192 170 129
-57.5000 -19.0000 -14.1590 200 177 135
-56.5000 -19.0000 -14.0460 214 189 148
-55.5000 -19.0000 -13.9456 215 191 147
-54.5000 -19.0000 -13.8591 209 182 139
-53.5000 -19.0000 -13.7883 211 184 139
-52.5000 -19.0000 -13.7356 225 197 150
-51.5000 -19.0000 -13.7037 228 196 147
-50.5000 -19.0000 -13.6958 222 188 140
-49.5000 -19.0000 -13.7148 217 183 135
-48.5000 -19.0000 -13.7622 220 186 138
-47.5000 -19.0000 -13.8374 226 192 146
-46.5000 -19.0000 -13.9362 224 190 144
-45.5000 -19.0000 -14.0512 210 176 131
-44.5000 -19.0000 -14.1719 195 162 117
-43.5000 -19.0000 -14.2874 202 169 124
-42.5000 -19.0000 -14.3879 192 161 117
-41.5000 -19.0000 -14.4667 186 157 113
-40.5000 -19.0000 -14.5207 191 162 118
-39.5000 -19.0000 -14.5504 193 166 119
-38.5000 -19.0000 -14.5586 188 161 114
-37.5000 -19.0000 -14.5497 186 159 112
-36.5000 -19.0000 -14.5286 187 160 115
-35.5000 -19.0000 -14.5006 201 172 128
-34.5000 -19.0000 -14.4713 201 170 126
-33.5000 -19.0000 -14.4460 198 169 127
-32.5000 -19.0000 -14.4294 200 171 129
-31.5000 -19.0000 -14.4250 202 173 131
-30.5000 -19.0000 -14.4339 200 172 132
-29.5000 -19.0000 -14.4552 198 170 130
-28.5000 -19.0000 -14.4867 192 167 127
-27.5000 -19.0000 -14.5259 189 166 125
-26.5000 -19.0000 -14.5715 189 167 128
-25.5000 -19.0000 -14.6239 203 181 142
-24.5000 -19.0000 -14.6852 205 183 146
-23.5000 -19.0000 -14.7577 187 167 130
-22.5000 -19.0000 -14.8431 182 162 125
-21.5000 -19.0000 -14.9420 184 166 130
-20.5000 -19.0000 -15.0528 177 159 121
-19.5000 -19.0000 -15.1731 179 161 121
-18.5000 -19.0000 -15.2987 176 158 118
-17.5000 -19.0000 -15.4250 172 154 116
-16.5000 -19.0000 -15.5463 166 148 110
-15.5000 -19.0000 -15.6569 162 144 106
-14.5000 -19.0000 -15.7513 158 140 104
-13.5000 -19.0000 -15.8252 156 138 102
-12.5000 -19.0000 -15.8755 155 136 103
-11.5000 -19.0000 -15.9014 162 143 110
-10.5000 -19.0000 -15.9044 160 144 110
-9.5000 -19.0000 -15.8881 160 144 110
-8.5000 -19.0000 -15.8575 158 144 109
-7.5000 -19.0000 -15.8185 156 143 108
-6.5000 -19.0000 -15.7769 153 143 107
-5.5000 -19.0000 -15.7371 152 142 106
-4.5000 -19.0000 -15.7025 152 142 106
-3.5000 -19.0000 -15.6749 161 148 116
-2.5000 -19.0000 -15.6552 161 148 116
-1.5000 -19.0000 -15.6446 162 149 117
-0.5000 -19.0000 -15.6450 162 149 115
0.5000 -19.0000 -15.6600 162 148 113
1.5000 -19.0000 -15.6952 162 148 113
2.5000 -19.0000 -15.7578 160 147 112
3.5000 -19.0000 -15.8554 159 146 111
4.5000 -19.0000 -15.9944 161 148 113
5.5000 -19.0000 -16.1769 157 144 109
6.5000 -19.0000 -16.3993 157 143 108
7.5000 -19.0000 -16.6497 152 139 104
8.5000 -19.0000 -16.9090 141 128 93
9.5000 -19.0000 -17.1528 126 114 76
10.5000 -19.0000 -17.3569 120 108 70
11.5000 -19.0000 -17.5019 121 111 76
12.5000 -19.0000 -17.5778 110 103 77
13.5000 -19.0000 -17.5851 117 111 87
14.5000 -19.0000 -17.5326 126 119 93
15.5000 -19.0000 -17.4340 125 118 90
16.5000 -19.0000 -17.3050 122 113 82
17.5000 -19.0000 -17.1610 123 113 78
18.5000 -19.0000 -17.0169 134 121 86
19.5000 -19.0000 -16.8865 143 131 91
20.5000 -19.0000 -16.7824 151 137 98
21.5000 -19.0000 -16.7147 151 136 95
22.5000 -19.0000 -16.6898 150 135 94
23.5000 -19.0000 -16.7097 149 131 93
24.5000 -19.0000 -16.7717 146 128 90
25.5000 -19.0000 -16.8701 145 125 90
26.5000 -19.0000 -16.9973 143 124 91
27.5000 -19.0000 -17.1464 140 126 91
28.5000 -19.0000 -17.3129 130 122 85
29.5000 -19.0000 -17.4954 123 118 80
30.5000 -19.0000 -17.6953 125 117 80
31.5000 -19.0000 -17.9160 129 119 83
32.5000 -19.0000 -18.1615 125 112 77
33.5000 -19.0000 -18.4358 116 101 68
34.5000 -19.0000 -18.7412 117 100 70
35.5000 -19.0000 -19.0778 125 108 80
36.5000 -19.0000 -19.4417 117 100 74
37.5000 -19.0000 -19.8258 108 94 68
38.5000 -19.0000 -20.2214 97 85 61
39.5000 -19.0000 -20.6209 88 81 55
40.5000 -19.0000 -21.0213 84 80 55
41.5000 -19.0000 -21.4253 80 80 54
42.5000 -19.0000 -21.8407 77 80 53
43.5000 -19.0000 -22.2774 76 78 54
44.5000 -19.0000 -22.7438 80 77 58
45.5000 -19.0000 -23.2447 76 70 54
46.5000 -19.0000 -23.7812 67 62 43
47.5000 -19.0000 -24.3539 59 56 37
48.5000 -19.0000 -24.9664 55 54 33
49.5000 -19.0000 -25.6289 53 52 31
50.5000 -19.0000 -26.3582 49 51 29
51.5000 -19.0000 -27.1748 47 49 27
52.5000 -19.0000 -28.0965 46 48 27
53.5000 -19.0000 -29.1305 45 46 28
54.5000 -19.0000 -30.2668 43 44 28
55.5000 -19.0000 -31.4748 42 40 27
56.5000 -19.0000 -32.7071 38 35 26
57.5000 -19.0000 -33.9091 35 30 24
58.5000 -19.0000 -35.0346 31 26 22
59.5000 -19.0000 -36.0622 28 24 21
60.5000 -19.0000 -37.0067 21 20 18
61.5000 -19.0000 -37.9218 21 23 22
62.5000 -19.0000 -38.8898 23 27 26
63.5000 -19.0000 -40.0018 25 29 28
64.5000 -19.0000 -41.3335 23 29 27
65.5000 -19.0000 -42.9242 19 25 23
66.5000 -19.0000 -44.7639 13 22 19
67.5000 -19.0000 -46.7920 10 19 16
68.5000 -19.0000 -48.9087 7 16 13
73.5000 -19.0000 -57.5027 10 14 13
74.5000 -19.0000 -58.5910 12 14 13
-93.5000 -20.0000 -56.7927 17 17 17
-92.5000 -20.0000 -49.8230 25 25 23
-91.5000 -20.0000 -43.3808 37 37 35
-90.5000 -20.0000 -37.8109 53 54 48
-89.5000 -20.0000 -33.2749 55 55 47
-88.5000 -20.0000 -29.7602 51 51 39
-87.5000 -20.0000 -27.1307 61 59 47
-86.5000 -20.0000 -25.1913 67 65 50
-85.5000 -20.0000 -23.7455 68 66 51
-84.5000 -20.0000 -22.6313 76 73 56
-83.5000 -20.0000 -21.7337 86 80 64
-82.5000 -20.0000 -20.9816 90 84 68
-81.5000 -20.0000 -20.3357 97 90 74
-80.5000 -20.0000 -19.7754 103 96 78
-79.5000 -20.0000 -19.2885 108 101 83
-78.5000 -20.0000 -18.8646 110 103 85
-77.5000 -20.0000 -18.4933 111 102 85
-76.5000 -20.0000 -18.1630 111 103 84
-75.5000 -20.0000 -17.8629 125 114 96
-74.5000 -20.0000 -17.5838 126 115 95
-73.5000 -20.0000 -17.3191 127 116 96
-72.5000 -20.0000 -17.0651 131 120 100
-71.5000 -20.0000 -16.8202 136 123 104
-70.5000 -20.0000 -16.5843 141 129 107
-69.5000 -20.0000 -16.3577 145 133 111
-68.5000 -20.0000 -16.1405 148 136 110
-67.5000 -20.0000 -15.9320 149 138 106
-66.5000 -20.0000 -15.7310 154 144 109
-65.5000 -20.0000 -15.5365 159 149 113
-64.5000 -20.0000 -15.3476 163 153 117
-63.5000 -20.0000 -15.1644 167 155 117
-62.5000 -20.0000 -14.9877 172 160 122
-61.5000 -20.0000 -14.8186 182 167 128
-60.5000 -20.0000 -14.6579 188 173 132
-59.5000 -20.0000 -14.5067 195 177 137
-58.5000 -20.0000 -14.3656 191 174 131
-57.5000 -20.0000 -14.2356 199 178 135
-56.5000 -20.0000 -14.1179 212 191 148
-55.5000 -20.0000 -14.0141 215 192 148
-54.5000 -20.0000 -13.9261 207 184 140
-53.5000 -20.0000 -13.8559 208 186 139
-52.5000 -20.0000 -13.8060 221 194 147
-51.5000 -20.0000 -13.7789 225 191 145
-50.5000 -20.0000 -13.7775 226 188 141
-49.5000 -20.0000 -13.8043 224 186 139
-48.5000 -20.0000 -13.8601 223 187 139
-47.5000 -20.0000 -13.9434 223 186 141
-46.5000 -20.0000 -14.0491 217 183 137
-45.5000 -20.0000 -14.1688 208 174 128
-44.5000 -20.0000 -14.2917 200 168 121
-43.5000 -20.0000 -14.4070 197 166 120
-42.5000 -20.0000 -14.5059 189 158 112
-41.5000 -20.0000 -14.5829 183 154 110
-40.5000 -20.0000 -14.6362 187 158 114
-39.5000 -20.0000 -14.6672 189 162 117
-38.5000 -20.0000 -14.6790 186 159 114
-37.5000 -20.0000 -14.6758 186 159 116
-36.5000 -20.0000 -14.6620 189 162 119
-35.5000 -20.0000 -14.6426 193 164 120
-34.5000 -20.0000 -14.6226 195 164 120
-33.5000 -20.0000 -14.6072 195 166 124
-32.5000 -20.0000 -14.6010 199 170 128
-31.5000 -20.0000 -14.6077 203 175 135
-30.5000 -20.0000 -14.6291 206 178 138
-29.5000 -20.0000 -14.6651 202 177 137
-28.5000 -20.0000 -14.7146 199 176 135
-27.5000 -20.0000 -14.7757 195 173 134
-26.5000 -20.0000 -14.8477 192 170 133
-25.5000 -20.0000 -14.9306 195 175 140
-24.5000 -20.0000 -15.0254 191 173 137
-23.5000 -20.0000 -15.1326 177 158 125
-22.5000 -20.0000 -15.2519 174 155 122
-21.5000 -20.0000 -15.3813 176 160 127
-20.5000 -20.0000 -15.5178 170 156 121
-19.5000 -20.0000 -15.6575 176 162 123
-18.5000 -20.0000 -15.7964 173 161 121
-17.5000 -20.0000 -15.9299 169 155 116
-16.5000 -20.0000 -16.0538 164 149 110
-15.5000 -20.0000 -16.1639 159 141 103
-14.5000 -20.0000 -16.2566 154 134 97
-13.5000 -20.0000 -16.3290 151 128 94
-12.5000 -20.0000 -16.3793 146 126 91
-11.5000 -20.0000 -16.4072 144 124 91
-10.5000 -20.0000 -16.4140 144 125 92
-9.5000 -20.0000 -16.4023 143 127 93
-8.5000 -20.0000 -16.3766 144 129 96
-7.5000 -20.0000 -16.3418 143 133 98
-6.5000 -20.0000 -16.3028 143 137 101
-5.5000 -20.0000 -16.2637 146 140 104
-4.5000 -20.0000 -16.2270 146 142 107
-3.5000 -20.0000 -16.1938 139 134 102
-2.5000 -20.0000 -16.1640 140 135 103
-1.5000 -20.0000 -16.1377 140 135 103
-0.5000 -20.0000 -16.1159 141 136 104
0.5000 -20.0000 -16.1019 144 138 106
1.5000 -20.0000 -16.1013 145 139 105
2.5000 -20.0000 -16.1219 147 141 107
3.5000 -20.0000 -16.1725 147 141 107
4.5000 -20.0000 -16.2617 156 147 114
5.5000 -20.0000 -16.3949 153 145 109
6.5000 -20.0000 -16.5729 152 142 107
7.5000 -20.0000 -16.7890 150 140 104
8.5000 -20.0000 -17.0288 141 131 95
9.5000 -20.0000 -17.2713 126 116 80
10.5000 -20.0000 -17.4931 120 107 72
11.5000 -20.0000 -17.6727 117 108 75
12.5000 -20.0000 -17.7956 103 97 73
13.5000 -20.0000 -17.8559 110 105 85
14.5000 -20.0000 -17.8560 118 113 91
15.5000 -20.0000 -17.8041 120 114 88
16.5000 -20.0000 -17.7118 118 111 82
17.5000 -20.0000 -17.5924 118 112 78
18.5000 -20.0000 -17.4603 125 117 80
19.5000 -20.0000 -17.3303 131 123 84
20.5000 -20.0000 -17.2168 141 129 89
21.5000 -20.0000 -17.1327 142 130 88
22.5000 -20.0000 -17.0871 144 131 89
23.5000 -20.0000 -17.0850 147 132 91
24.5000 -20.0000 -17.1261 149 131 93
25.5000 -20.0000 -17.2062 146 128 90
26.5000 -20.0000 -17.3187 142 122 87
27.5000 -20.0000 -17.4567 136 120 84
28.5000 -20.0000 -17.6153 126 118 79
29.5000 -20.0000 -17.7925 123 118 78
30.5000 -20.0000 -17.9893 125 117 80
31.5000 -20.0000 -18.2084 127 114 79
32.5000 -20.0000 -18.4539 123 108 75
33.5000 -20.0000 -18.7293 118 102 69
34.5000 -20.0000 -19.0369 119 100 70
35.5000 -20.0000 -19.3763 123 103 76
36.5000 -20.0000 -19.7435 113 96 70
37.5000 -20.0000 -20.1310 106 90 64
38.5000 -20.0000 -20.5298 95 83 57
39.5000 -20.0000 -20.9327 85 80 51
40.5000 -20.0000 -21.3372 79 79 51
41.5000 -20.0000 -21.7472 76 81 51
42.5000 -20.0000 -22.1713 72 81 52
43.5000 -20.0000 -22.6197 71 79 55
44.5000 -20.0000 -23.1008 74 75 59
45.5000 -20.0000 -23.6187 71 69 54
46.5000 -20.0000 -24.1744 63 61 46
47.5000 -20.0000 -24.7689 56 57 39
48.5000 -20.0000 -25.4076 56 55 35
49.5000 -20.0000 -26.1027 53 55 33
50.5000 -20.0000 -26.8725 50 52 30
51.5000 -20.0000 -27.7374 48 50 26
52.5000 -20.0000 -28.7127 47 49 27
53.5000 -20.0000 -29.8006 45 47 26
54.5000 -20.0000 -30.9847 42 43 25
55.5000 -20.0000 -32.2286 38 39 23
56.5000 -20.0000 -33.4806 36 34 22
57.5000 -20.0000 -34.6855 32 29 20
58.5000 -20.0000 -35.7999 29 26 19
59.5000 -20.0000 -36.8079 26 25 21
60.5000 -20.0000 -37.7313 23 23 21
61.5000 -20.0000 -38.6287 23 25 24
62.5000 -20.0000 -39.5842 23 27 26
63.5000 -20.0000 -40.6862 22 28 26
64.5000 -20.0000 -42.0042 18 27 24
65.5000 -20.0000 -43.5696 14 23 20
66.5000 -20.0000 -45.3660 9 20 16
67.5000 -20.0000 -47.3305 5 17 13
68.5000 -20.0000 -49.3661 6 18 14
73.5000 -20.0000 -57.6123 10 14 13
-92.5000 -21.0000 -52.5266 19 19 17
-91.5000 -21.0000 -45.8556 31 31 29
-90.5000 -21.0000 -39.9402 47 48 42
-89.5000 -21.0000 -35.0056 55 55 47
-88.5000 -21.0000 -31.0992 55 55 43
-87.5000 -21.0000 -28.1276 61 59 47
-86.5000 -21.0000 -25.9170 64 62 47
-85.5000 -21.0000 -24.2734 67 65 50
-84.5000 -21.0000 -23.0240 75 74 56
-83.5000 -21.0000 -22.0383 83 80 61
-82.5000 -21.0000 -21.2298 85 82 63
-81.5000 -21.0000 -20.5471 92 87 68
-80.5000 -21.0000 -19.9616 97 92 72
-79.5000 -21.0000 -19.4561 102 97 77
-78.5000 -21.0000 -19.0182 105 100 80
-77.5000 -21.0000 -18.6359 107 100 81
-76.5000 -21.0000 -18.2974 108 102 80
-75.5000 -21.0000 -17.9914 119 111 90
-74.5000 -21.0000 -17.7085 120 112 89
-73.5000 -21.0000 -17.4418 123 115 92
-72.5000 -21.0000 -17.1870 126 118 95
-71.5000 -21.0000 -16.9422 131 120 98
-70.5000 -21.0000 -16.7068 136 126 101
-69.5000 -21.0000 -16.4807 141 131 106
-68.5000 -21.0000 -16.2638 144 134 107
-67.5000 -21.0000 -16.0554 147 136 104
-66.5000 -21.0000 -15.8542 150 140 105
-65.5000 -21.0000 -15.6589 153 143 107
-64.5000 -21.0000 -15.4688 158 148 112
-63.5000 -21.0000 -15.2837 165 153 115
-62.5000 -21.0000 -15.1044 172 160 122
-61.5000 -21.0000 -14.9316 181 166 127
-60.5000 -21.0000 -14.7665 185 170 129
-59.5000 -21.0000 -14.6099 193 175 135
-58.5000 -21.0000 -14.4630 187 170 127
-57.5000 -21.0000 -14.3271 193 172 129
-56.5000 -21.0000 -14.2042 206 185 142
-55.5000 -21.0000 -14.0967 211 188 144
-54.5000 -21.0000 -14.0068 206 183 139
-53.5000 -21.0000 -13.9369 205 183 136
-52.5000 -21.0000 -13.8894 213 186 139
-51.5000 -21.0000 -13.8668 220 188 141
-50.5000 -21.0000 -13.8716 225 189 141
-49.5000 -21.0000 -13.9056 225 188 143
-48.5000 -21.0000 -13.9691 223 186 141
-47.5000 -21.0000 -14.0595 218 181 136
-46.5000 -21.0000 -14.1706 210 176 130
-45.5000 -21.0000 -14.2932 206 172 127
-44.5000 -21.0000 -14.4163 202 169 124
-43.5000 -21.0000 -14.5295 191 160 116
-42.5000 -21.0000 -14.6254 186 155 111
-41.5000 -21.0000 -14.7001 182 153 109
-40.5000 -21.0000 -14.7534 185 156 112
-39.5000 -21.0000 -14.7872 186 159 116
-38.5000 -21.0000 -14.8048 185 158 115
-37.5000 -21.0000 -14.8101 186 159 116
-36.5000 -21.0000 -14.8070 189 162 119
-35.5000 -21.0000 -14.7998 185 156 112
-34.5000 -21.0000 -14.7933 186 157 113
-33.5000 -21.0000 -14.7923 189 160 116
-32.5000 -21.0000 -14.8014 195 166 122
-31.5000 -21.0000 -14.8242 200 173 130
-30.5000 -21.0000 -14.8632 202 174 134
-29.5000 -21.0000 -14.9193 198 173 133
-28.5000 -21.0000 -14.9921 194 171 130
-27.5000 -21.0000 -15.0807 189 167 128
-26.5000 -21.0000 -15.1843 185 163 126
-25.5000 -21.0000 -15.3024 184 164 129
-24.5000 -21.0000 -15.4343 182 164 128
-23.5000 -21.0000 -15.5784 172 153 120
-22.5000 -21.0000 -15.7319 167 151 117
-21.5000 -21.0000 -15.8909 166 150 116
-20.5000 -21.0000 -16.0504 159 145 110
-19.5000 -21.0000 -16.2060 158 144 107
-18.5000 -21.0000 -16.3534 156 144 106
-17.5000 -21.0000 -16.4890 155 141 104
-16.5000 -21.0000 -16.6099 154 138 102
-15.5000 -21.0000 -16.7139 153 135 99
-14.5000 -21.0000 -16.7994 150 132 96
-13.5000 -21.0000 -16.8655 148 128 95
-12.5000 -21.0000 -16.9119 147 127 94
-11.5000 -21.0000 -16.9389 139 118 87
-10.5000 -21.0000 -16.9476 137 118 86
-9.5000 -21.0000 -16.9403 134 118 85
-8.5000 -21.0000 -16.9202 132 119 87
-7.5000 -21.0000 -16.8913 131 120 88
-6.5000 -21.0000 -16.8575 131 125 91
-5.5000 -21.0000 -16.8220 133 127 93
-4.5000 -21.0000 -16.7862 134 130 95
-3.5000 -21.0000 -16.7501 132 127 95
-2.5000 -21.0000 -16.7126 132 127 97
-1.5000 -21.0000 -16.6727 132 127 97
-0.5000 -21.0000 -16.6312 134 129 97
0.5000 -21.0000 -16.5909 137 132 100
1.5000 -21.0000 -16.5576 141 136 104
2.5000 -21.0000 -16.5394 146 140 108
3.5000 -21.0000 -16.5462 148 142 108
4.5000 -21.0000 -16.5874 152 143 110
5.5000 -21.0000 -16.6713 147 139 103
6.5000 -21.0000 -16.8018 147 137 102
7.5000 -21.0000 -16.9772 149 139 104
8.5000 -21.0000 -17.1880 144 134 99
9.5000 -21.0000 -17.4177 130 120 84
10.5000 -21.0000 -17.6450 119 109 73
11.5000 -21.0000 -17.8484 115 106 73
12.5000 -21.0000 -18.0101 99 93 69
13.5000 -21.0000 -18.1193 104 97 78
14.5000 -21.0000 -18.1721 110 104 82
15.5000 -21.0000 -18.1707 113 107 81
16.5000 -21.0000 -18.1218 114 107 79
17.5000 -21.0000 -18.0354 115 109 77
18.5000 -21.0000 -17.9241 119 111 75
19.5000 -21.0000 -17.8028 121 113 74
20.5000 -21.0000 -17.6871 131 119 81
21.5000 -21.0000 -17.5919 132 120 80
22.5000 -21.0000 -17.5290 136 122 83
23.5000 -21.0000 -17.5062 143 128 89
24.5000 -21.0000 -17.5258 147 131 95
25.5000 -21.0000 -17.5860 144 128 92
26.5000 -21.0000 -17.6814 137 118 85
27.5000 -21.0000 -17.8059 126 112 77
28.5000 -21.0000 -17.9546 121 113 76
29.5000 -21.0000 -18.1250 122 117 79
30.5000 -21.0000 -18.3177 123 115 79
31.5000 -21.0000 -18.5349 121 108 74
32.5000 -21.0000 -18.7800 117 102 71
33.5000 -21.0000 -19.0564 117 100 70
34.5000 -21.0000 -19.3662 119 99 72
35.5000 -21.0000 -19.7086 117 97 70
36.5000 -21.0000 -20.0794 108 91 65
37.5000 -21.0000 -20.4710 101 85 60
38.5000 -21.0000 -20.8746 90 80 55
39.5000 -21.0000 -21.2832 82 76 50
40.5000 -21.0000 -21.6951 77 77 51
41.5000 -21.0000 -22.1144 74 78 51
42.5000 -21.0000 -22.5502 72 78 52
43.5000 -21.0000 -23.0124 68 76 52
44.5000 -21.0000 -23.5089 68 72 55
45.5000 -21.0000 -24.0436 65 68 51
46.5000 -21.0000 -24.6182 58 61 44
47.5000 -21.0000 -25.2355 56 57 39
48.5000 -21.0000 -25.9032 57 56 36
49.5000 -21.0000 -26.6358 57 55 34
50.5000 -21.0000 -27.4524 55 53 32
51.5000 -21.0000 -28.3719 55 50 30
52.5000 -21.0000 -29.4053 54 49 30
53.5000 -21.0000 -30.5488 49 46 27
54.5000 -21.0000 -31.7795 43 40 23
55.5000 -21.0000 -33.0558 37 35 22
56.5000 -21.0000 -34.3238 30 30 18
57.5000 -21.0000 -35.5297 26 28 17
58.5000 -21.0000 -36.6351 25 26 18
59.5000 -21.0000 -37.6304 24 25 19
60.5000 -21.0000 -38.5432 24 26 23
61.5000 -21.0000 -39.4352 24 26 25
62.5000 -21.0000 -40.3885 21 25 24
63.5000 -21.0000 -41.4848 19 25 23
64.5000 -21.0000 -42.7839 14 23 20
65.5000 -21.0000 -44.3073 10 19 16
66.5000 -21.0000 -46.0335 6 17 13
68.5000 -21.0000 -49.8228 7 18 14
-92.5000 -22.0000 -55.1842 15 15 13
-91.5000 -22.0000 -48.4056 25 25 23
-90.5000 -22.0000 -42.2260 40 41 35
-89.5000 -22.0000 -36.9317 54 54 46
-88.5000 -22.0000 -32.6358 58 58 46
-87.5000 -22.0000 -29.3000 60 58 46
-86.5000 -22.0000 -26.7849 61 59 44
-85.5000 -22.0000 -24.9086 67 65 50
-84.5000 -22.0000 -23.4942 74 73 55
-83.5000 -22.0000 -22.3978 76 75 55
-82.5000 -22.0000 -21.5176 79 78 57
-81.5000 -22.0000 -20.7888 84 83 62
-80.5000 -22.0000 -20.1728 91 90 69
-79.5000 -22.0000 -19.6462 97 96 75
-78.5000 -22.0000 -19.1929 104 102 79
-77.5000 -22.0000 -18.7990 108 106 83
-76.5000 -22.0000 -18.4515 112 108 83
-75.5000 -22.0000 -18.1387 114 110 85
-74.5000 -22.0000 -17.8506 117 113 88
-73.5000 -22.0000 -17.5801 120 116 91
-72.5000 -22.0000 -17.3227 124 118 92
-71.5000 -22.0000 -17.0762 126 120 94
-70.5000 -22.0000 -16.8399 130 124 98
-69.5000 -22.0000 -16.6134 137 130 104
-68.5000 -22.0000 -16.3964 141 134 105
-67.5000 -22.0000 -16.1882 143 134 101
-66.5000 -22.0000 -15.9871 146 136 101
-65.5000 -22.0000 -15.7920 150 140 105
-64.5000 -22.0000 -15.6016 156 146 110
-63.5000 -22.0000 -15.4156 165 152 117
-62.5000 -22.0000 -15.2346 170 158 120
-61.5000 -22.0000 -15.0591 175 159 123
-60.5000 -22.0000 -14.8902 176 161 122
-59.5000 -22.0000 -14.7289 184 166 126
-58.5000 -22.0000 -14.5765 179 162 119
-57.5000 -22.0000 -14.4353 185 163 122
-56.5000 -22.0000 -14.3077 196 175 132
-55.5000 -22.0000 -14.1966 204 181 139
-54.5000 -22.0000 -14.1050 203 180 136
-53.5000 -22.0000 -14.0355 201 178 134
-52.5000 -22.0000 -13.9904 207 180 135
-51.5000 -22.0000 -13.9721 218 186 139
-50.5000 -22.0000 -13.9827 219 185 139
-49.5000 -22.0000 -14.0236 222 185 140
-48.5000 -22.0000 -14.0940 220 186 140
-47.5000 -22.0000 -14.1903 217 183 137
-46.5000 -22.0000 -14.3052 209 177 130
-45.5000 -22.0000 -14.4286 201 168 123
-44.5000 -22.0000 -14.5497 193 162 116
-43.5000 -22.0000 -14.6591 184 153 109
-42.5000 -22.0000 -14.7511 183 154 110
-41.5000 -22.0000 -14.8236 186 157 113
-40.5000 -22.0000 -14.8778 188 159 117
-39.5000 -22.0000 -14.9163 187 160 117
-38.5000 -22.0000 -14.9424 185 158 115
-37.5000 -22.0000 -14.9593 185 158 115
-36.5000 -22.0000 -14.9704 187 160 117
-35.5000 -22.0000 -14.9797 184 155 111
-34.5000 -22.0000 -14.9913 184 155 111
-33.5000 -22.0000 -15.0097 185 156 112
-32.5000 -22.0000 -15.0394 187 160 115
-31.5000 -22.0000 -15.0839 190 163 120
-30.5000 -22.0000 -15.1461 186 162 118
-29.5000 -22.0000 -15.2275 181 158 117
-28.5000 -22.0000 -15.3288 175 153 112
-27.5000 -22.0000 -15.4496 172 150 111
-26.5000 -22.0000 -15.5889 169 150 110
-25.5000 -22.0000 -15.7451 171 153 117
-24.5000 -22.0000 -15.9156 171 155 119
-23.5000 -22.0000 -16.0965 169 153 119
-22.5000 -22.0000 -16.2825 162 146 112
-21.5000 -22.0000 -16.4677 153 137 103
-20.5000 -22.0000 -16.6461 142 128 93
-19.5000 -22.0000 -16.8127 137 124 89
-18.5000 -22.0000 -16.9636 135 123 85
-17.5000 -22.0000 -17.0964 135 121 86
-16.5000 -22.0000 -17.2099 134 120 85
-15.5000 -22.0000 -17.3039 135 119 85
-14.5000 -22.0000 -17.3788 138 119 86
-13.5000 -22.0000 -17.4356 139 120 87
-12.5000 -22.0000 -17.4756 141 122 90
-11.5000 -22.0000 -17.4999 136 117 85
-10.5000 -22.0000 -17.5095 132 115 85
-9.5000 -22.0000 -17.5062 130 115 84
-8.5000 -22.0000 -17.4922 128 115 83
-7.5000 -22.0000 -17.4705 125 116 85
-6.5000 -22.0000 -17.4437 125 119 87
-5.5000 -22.0000 -17.4139 126 121 89
-4.5000 -22.0000 -17.3812 128 123 91
-3.5000 -22.0000 -17.3445 126 121 91
-2.5000 -22.0000 -17.3017 125 120 90
-1.5000 -22.0000 -17.2511 125 120 90
-0.5000 -22.0000 -17.1930 126 121 91
0.5000 -22.0000 -17.1303 130 125 95
1.5000 -22.0000 -17.0689 135 130 98
2.5000 -22.0000 -17.0171 141 135 103
3.5000 -22.0000 -16.9848 144 138 106
4.5000 -22.0000 -16.9821 142 133 102
5.5000 -22.0000 -17.0186 138 129 96
6.5000 -22.0000 -17.1009 140 129 97
7.5000 -22.0000 -17.2313 147 137 102
8.5000 -22.0000 -17.4053 146 136 101
9.5000 -22.0000 -17.6110 134 124 89
10.5000 -22.0000 -17.8311 122 112 77
11.5000 -22.0000 -18.0454 116 107 76
12.5000 -22.0000 -18.2353 103 95 72
13.5000 -22.0000 -18.3861 102 95 76
14.5000 -22.0000 -18.4888 104 96 75
15.5000 -22.0000 -18.5396 106 99 73
16.5000 -22.0000 -18.5396 108 101 73
17.5000 -22.0000 -18.4942 110 104 72
18.5000 -22.0000 -18.4132 114 106 70
19.5000 -22.0000 -18.3100 115 107 70
20.5000 -22.0000 -18.2004 123 113 77
21.5000 -22.0000 -18.1003 125 113 75
22.5000 -22.0000 -18.0239 127 115 77
23.5000 -22.0000 -17.9817 134 120 83
24.5000 -22.0000 -17.9792 140 126 89
25.5000 -22.0000 -18.0171 137 123 88
26.5000 -22.0000 -18.0923 127 113 78
27.5000 -22.0000 -18.2001 116 103 68
28.5000 -22.0000 -18.3361 115 107 70
29.5000 -22.0000 -18.4976 119 114 76
30.5000 -22.0000 -18.6845 120 112 76
31.5000 -22.0000 -18.8984 114 101 67
32.5000 -22.0000 -19.1419 111 96 65
33.5000 -22.0000 -19.4179 116 99 69
34.5000 -22.0000 -19.7283 116 96 69
35.5000 -22.0000 -20.0723 107 90 64
36.5000 -22.0000 -20.4459 102 84 60
37.5000 -22.0000 -20.8417 96 80 55
38.5000 -22.0000 -21.2516 85 75 50
39.5000 -22.0000 -21.6692 79 73 47
40.5000 -22.0000 -22.0931 74 74 48
41.5000 -22.0000 -22.5274 71 75 48
42.5000 -22.0000 -22.9806 69 75 49
43.5000 -22.0000 -23.4616 65 73 49
44.5000 -22.0000 -23.9776 62 69 51
45.5000 -22.0000 -24.5329 60 64 47
46.5000 -22.0000 -25.1304 55 59 42
47.5000 -22.0000 -25.7753 55 56 38
48.5000 -22.0000 -26.4783 57 56 38
49.5000 -22.0000 -27.2557 60 55 36
50.5000 -22.0000 -28.1264 59 52 34
51.5000 -22.0000 -29.1059 58 50 31
52.5000 -22.0000 -30.1997 55 46 29
53.5000 -22.0000 -31.3970 50 43 27
54.5000 -22.0000 -32.6686 43 37 23
55.5000 -22.0000 -33.9691 34 32 19
56.5000 -22.0000 -35.2448 27 27 15
57.5000 -22.0000 -36.4457 22 25 14
58.5000 -22.0000 -37.5397 22 25 16
59.5000 -22.0000 -38.5245 20 25 18
60.5000 -22.0000 -39.4326 22 24 21
61.5000 -22.0000 -40.3269 21 23 22
62.5000 -22.0000 -41.2855 18 22 21
63.5000 -22.0000 -42.3810 15 21 19
64.5000 -22.0000 -43.6610 13 19 17
65.5000 -22.0000 -45.1367 9 18 15
66.5000 -22.0000 -46.7816 6 17 13
67.5000 -22.0000 -48.5386 5 16 12
68.5000 -22.0000 -50.3327 8 19 15
69.5000 -22.0000 -52.0863 5 16 12
84.5000 -22.0000 -60.3952 13 14 9
91.5000 -22.0000 -63.8585 12 15 6
112.5000 -22.0000 -104.2143 17 13 10
-91.5000 -23.0000 -51.0066 20 20 18
-90.5000 -23.0000 -44.6592 31 32 26
-89.5000 -23.0000 -39.0593 48 48 40
-88.5000 -23.0000 -34.3893 57 57 45
-87.5000 -23.0000 -30.6756 58 56 44
-86.5000 -23.0000 -27.8255 58 56 41
-85.5000 -23.0000 -25.6804 66 64 49
-84.5000 -23.0000 -24.0669 73 72 52
-83.5000 -23.0000 -22.8321 75 77 55
-82.5000 -23.0000 -21.8596 77 79 55
-81.5000 -23.0000 -21.0707 82 84 60
-80.5000 -23.0000 -20.4156 89 91 67
-79.5000 -23.0000 -19.8630 95 97 73
-78.5000 -23.0000 -19.3915 103 103 77
-77.5000 -23.0000 -18.9843 107 107 81
-76.5000 -23.0000 -18.6265 111 109 84
-75.5000 -23.0000 -18.3052 111 109 84
-74.5000 -23.0000 -18.0102 114 113 85
-73.5000 -23.0000 -17.7341 119 118 90
-72.5000 -23.0000 -17.4722 123 119 90
-71.5000 -23.0000 -17.2223 124 120 91
-70.5000 -23.0000 -16.9834 128 124 95
-69.5000 -23.0000 -16.7553 135 130 101
-68.5000 -23.0000 -16.5376 140 135 105
-67.5000 -23.0000 -16.3292 140 131 98
-66.5000 -23.0000 -16.1287 144 134 99
-65.5000 -23.0000 -15.9342 150 140 105
-64.5000 -23.0000 -15.7444 156 146 110
-63.5000 -23.0000 -15.5586 163 150 115
-62.5000 -23.0000 -15.3769 165 153 115
-61.5000 -23.0000 -15.1997 167 151 115
-60.5000 -23.0000 -15.0280 165 150 111
-59.5000 -23.0000 -14.8630 178 160 120
-58.5000 -23.0000 -14.7065 176 159 116
-57.5000 -23.0000 -14.5610 182 160 119
-56.5000 -23.0000 -14.4299 193 172 129
-55.5000 -23.0000 -14.3164 203 180 138
-54.5000 -23.0000 -14.2239 204 181 137
-53.5000 -23.0000 -14.1553 203 180 136
-52.5000 -23.0000 -14.1131 205 181 135
-51.5000 -23.0000 -14.0994 215 184 138
-50.5000 -23.0000 -14.1160 213 180 135
-49.5000 -23.0000 -14.1634 212 178 133
-48.5000 -23.0000 -14.2401 215 182 137
-47.5000 -23.0000 -14.3410 218 185 140
-46.5000 -23.0000 -14.4579 211 180 134
-45.5000 -23.0000 -14.5801 195 164 120
-44.5000 -23.0000 -14.6972 180 149 105
-43.5000 -23.0000 -14.8015 179 147 106
-42.5000 -23.0000 -14.8891 184 155 113
-41.5000 -23.0000 -14.9601 192 163 121
-40.5000 -23.0000 -15.0168 191 163 123
-39.5000 -23.0000 -15.0624 188 160 120
-38.5000 -23.0000 -15.0998 185 157 117
-37.5000 -23.0000 -15.1316 181 156 115
-36.5000 -23.0000 -15.1608 180 156 112
-35.5000 -23.0000 -15.1906 186 159 114
-34.5000 -23.0000 -15.2251 184 157 112
-33.5000 -23.0000 -15.2682 183 156 111
-32.5000 -23.0000 -15.3238 184 157 112
-31.5000 -23.0000 -15.3954 183 156 113
-30.5000 -23.0000 -15.4860 178 154 110
-29.5000 -23.0000 -15.5978 171 148 107
-28.5000 -23.0000 -15.7322 165 143 102
-27.5000 -23.0000 -15.8892 166 144 105
-26.5000 -23.0000 -16.0672 163 144 104
-25.5000 -23.0000 -16.2633 159 141 105
-24.5000 -23.0000 -16.4725 156 140 104
-23.5000 -23.0000 -16.6886 155 139 105
-22.5000 -23.0000 -16.9040 147 133 98
-21.5000 -23.0000 -17.1110 134 120 85
-20.5000 -23.0000 -17.3031 127 113 78
-19.5000 -23.0000 -17.4755 128 115 80
-18.5000 -23.0000 -17.6253 125 112 77
-17.5000 -23.0000 -17.7518 120 105 72
-16.5000 -23.0000 -17.8555 116 101 68
-15.5000 -23.0000 -17.9380 114 99 66
-14.5000 -23.0000 -18.0016 116 100 67
-13.5000 -23.0000 -18.0491 119 103 70
-12.5000 -23.0000 -18.0827 122 105 75
-11.5000 -23.0000 -18.1042 120 103 73
-10.5000 -23.0000 -18.1147 119 104 75
-9.5000 -23.0000 -18.1152 119 105 76
-8.5000 -23.0000 -18.1073 119 108 78
-7.5000 -23.0000 -18.0929 120 111 82
-6.5000 -23.0000 -18.0735 122 115 86
-5.5000 -23.0000 -18.0499 125 120 90
-4.5000 -23.0000 -18.0212 127 122 93
-3.5000 -23.0000 -17.9850 114 110 81
-2.5000 -23.0000 -17.9386 113 109 80
-1.5000 -23.0000 -17.8798 112 108 79
-0.5000 -23.0000 -17.8088 112 108 79
0.5000 -23.0000 -17.7284 116 111 82
1.5000 -23.0000 -17.6445 120 115 85
2.5000 -23.0000 -17.5652 126 119 90
3.5000 -23.0000 -17.5000 129 123 91
4.5000 -23.0000 -17.4591 127 121 89
5.5000 -23.0000 -17.4523 125 119 87
6.5000 -23.0000 -17.4881 132 123 92
7.5000 -23.0000 -17.5716 142 133 100
8.5000 -23.0000 -17.7027 145 134 102
9.5000 -23.0000 -17.8747 136 125 93
10.5000 -23.0000 -18.0745 125 114 82
11.5000 -23.0000 -18.2855 121 110 80
12.5000 -23.0000 -18.4900 111 100 78
13.5000 -23.0000 -18.6718 105 97 78
14.5000 -23.0000 -18.8182 103 92 72
15.5000 -23.0000 -18.9202 101 91 66
16.5000 -23.0000 -18.9727 103 93 66
17.5000 -23.0000 -18.9759 107 98 69
18.5000 -23.0000 -18.9349 111 102 69
19.5000 -23.0000 -18.8599 113 105 69
20.5000 -23.0000 -18.7653 121 111 76
21.5000 -23.0000 -18.6672 118 108 72
22.5000 -23.0000 -18.5814 117 107 71
23.5000 -23.0000 -18.5210 123 110 75
24.5000 -23.0000 -18.4950 127 114 79
25.5000 -23.0000 -18.5075 126 113 79
26.5000 -23.0000 -18.5587 118 105 71
27.5000 -23.0000 -18.6459 108 98 63
28.5000 -23.0000 -18.7658 111 103 67
29.5000 -23.0000 -18.9158 114 108 72
30.5000 -23.0000 -19.0947 114 105 72
31.5000 -23.0000 -19.3031 108 95 63
32.5000 -23.0000 -19.5428 107 92 63
33.5000 -23.0000 -19.8159 111 96 67
34.5000 -23.0000 -20.1242 109 92 66
35.5000 -23.0000 -20.4672 102 85 59
36.5000 -23.0000 -20.8417 98 80 56
37.5000 -23.0000 -21.2414 91 76 53
38.5000 -23.0000 -21.6591 82 71 49
39.5000 -23.0000 -22.0893 76 70 46
40.5000 -23.0000 -22.5307 72 70 47
41.5000 -23.0000 -22.9869 69 71 47
42.5000 -23.0000 -23.4650 66 70 47
43.5000 -23.0000 -23.9726 61 69 46
44.5000 -23.0000 -24.5160 56 65 44
45.5000 -23.0000 -25.0997 53 62 43
46.5000 -23.0000 -25.7284 52 56 39
47.5000 -23.0000 -26.4102 52 55 36
48.5000 -23.0000 -27.1583 57 54 37
49.5000 -23.0000 -27.9898 60 53 35
50.5000 -23.0000 -28.9218 59 50 33
51.5000 -23.0000 -29.9651 58 46 30
52.5000 -23.0000 -31.1181 54 42 28
53.5000 -23.0000 -32.3625 48 39 24
54.5000 -23.0000 -33.6639 41 33 20
55.5000 -23.0000 -34.9752 32 28 16
56.5000 -23.0000 -36.2452 24 26 13
57.5000 -23.0000 -37.4303 21 24 13
58.5000 -23.0000 -38.5064 17 25 14
59.5000 -23.0000 -39.4788 18 25 17
60.5000 -23.0000 -40.3845 16 21 17
61.5000 -23.0000 -41.2865 18 20 19
62.5000 -23.0000 -42.2573 15 19 18
63.5000 -23.0000 -43.3590 14 20 18
64.5000 -23.0000 -44.6266 13 19 17
65.5000 -23.0000 -46.0601 9 18 15
66.5000 -23.0000 -47.6280 7 18 14
67.5000 -23.0000 -49.2777 7 18 14
68.5000 -23.0000 -50.9479 9 20 16
69.5000 -23.0000 -52.5788 6 17 13
84.5000 -23.0000 -59.7789 13 14 9
91.5000 -23.0000 -63.2675 12 15 6
112.5000 -23.0000 -101.6605 17 13 10
-91.5000 -24.0000 -53.6548 18 18 16
-90.5000 -24.0000 -47.2435 22 23 17
-89.5000 -24.0000 -41.4049 41 41 33
-88.5000 -24.0000 -36.3889 54 54 42
-87.5000 -24.0000 -32.2927 54 52 40
-86.5000 -24.0000 -29.0809 56 54 39
-85.5000 -24.0000 -26.6294 65 63 48
-84.5000 -24.0000 -24.7775 70 69 49
-83.5000 -24.0000 -23.3692 77 79 57
-82.5000 -24.0000 -22.2768 79 83 58
-81.5000 -24.0000 -21.4078 84 88 63
-80.5000 -24.0000 -20.7001 90 93 66
-79.5000 -24.0000 -20.1128 94 97 70
-78.5000 -24.0000 -19.6180 98 101 74
-77.5000 -24.0000 -19.1941 101 101 75
-76.5000 -24.0000 -18.8237 102 102 74
-75.5000 -24.0000 -18.4922 107 107 79
-74.5000 -24.0000 -18.1884 113 112 82
-73.5000 -24.0000 -17.9048 118 117 87
-72.5000 -24.0000 -17.6365 120 119 89
-71.5000 -24.0000 -17.3814 122 118 89
-70.5000 -24.0000 -17.1384 125 122 91
-69.5000 -24.0000 -16.9073 132 129 98
-68.5000 -24.0000 -16.6878 140 135 103
-67.5000 -24.0000 -16.4787 137 128 95
-66.5000 -24.0000 -16.2784 143 132 100
-65.5000 -24.0000 -16.0849 149 139 104
-64.5000 -24.0000 -15.8962 154 144 109
-63.5000 -24.0000 -15.7113 158 145 111
-62.5000 -24.0000 -15.5298 159 146 111
-61.5000 -24.0000 -15.3520 161 145 109
-60.5000 -24.0000 -15.1789 161 145 109
-59.5000 -24.0000 -15.0117 177 159 121
-58.5000 -24.0000 -14.8528 179 161 121
-57.5000 -24.0000 -14.7050 187 165 124
-56.5000 -24.0000 -14.5720 195 173 132
-55.5000 -24.0000 -14.4577 202 179 137
-54.5000 -24.0000 -14.3658 205 182 140
-53.5000 -24.0000 -14.2992 205 182 138
-52.5000 -24.0000 -14.2607 207 183 139
-51.5000 -24.0000 -14.2523 212 183 139
-50.5000 -24.0000 -14.2752 207 176 130
-49.5000 -24.0000 -14.3293 205 172 127
-48.5000 -24.0000 -14.4117 209 178 132
-47.5000 -24.0000 -14.5161 214 183 137
-46.5000 -24.0000 -14.6332 206 177 133
-45.5000 -24.0000 -14.7524 190 159 115
-44.5000 -24.0000 -14.8641 172 143 99
-43.5000 -24.0000 -14.9624 176 147 105
-42.5000 -24.0000 -15.0459 187 158 116
-41.5000 -24.0000 -15.1166 194 166 126
-40.5000 -24.0000 -15.1778 191 163 123
-39.5000 -24.0000 -15.2331 184 156 116
-38.5000 -24.0000 -15.2848 180 152 112
-37.5000 -24.0000 -15.3350 176 151 110
-36.5000 -24.0000 -15.3861 174 149 108
-35.5000 -24.0000 -15.4409 186 159 116
-34.5000 -24.0000 -15.5029 184 157 112
-33.5000 -24.0000 -15.5756 181 154 109
-32.5000 -24.0000 -15.6622 178 154 108
-31.5000 -24.0000 -15.7659 178 154 110
-30.5000 -24.0000 -15.8899 174 151 109
-29.5000 -24.0000 -16.0371 169 147 106
-28.5000 -24.0000 -16.2091 163 144 102
-27.5000 -24.0000 -16.4061 165 146 106
-26.5000 -24.0000 -16.6258 161 143 105
-25.5000 -24.0000 -16.8633 145 129 93
-24.5000 -24.0000 -17.1115 134 120 83
-23.5000 -24.0000 -17.3614 133 119 84
-22.5000 -24.0000 -17.6032 126 112 77
-21.5000 -24.0000 -17.8283 118 104 69
-20.5000 -24.0000 -18.0298 117 104 70
-19.5000 -24.0000 -18.2040 114 101 67
-18.5000 -24.0000 -18.3497 111 98 66
-17.5000 -24.0000 -18.4681 109 94 63
-16.5000 -24.0000 -18.5618 106 91 60
-15.5000 -24.0000 -18.6341 106 91 60
-14.5000 -24.0000 -18.6887 109 94 65
-13.5000 -24.0000 -18.7294 114 99 70
-12.5000 -24.0000 -18.7590 117 102 73
-11.5000 -24.0000 -18.7793 114 98 72
-10.5000 -24.0000 -18.7912 114 100 73
-9.5000 -24.0000 -18.7954 112 100 74
-8.5000 -24.0000 -18.7926 111 101 74
-7.5000 -24.0000 -18.7840 109 102 74
-6.5000 -24.0000 -18.7702 109 102 74
-5.5000 -24.0000 -18.7511 108 103 74
-4.5000 -24.0000 -18.7248 108 102 76
-3.5000 -24.0000 -18.6884 110 106 79
-2.5000 -24.0000 -18.6386 109 105 78
-1.5000 -24.0000 -18.5730 109 105 78
-0.5000 -24.0000 -18.4919 109 105 76
0.5000 -24.0000 -18.3981 112 106 80
1.5000 -24.0000 -18.2972 115 110 81
2.5000 -24.0000 -18.1967 120 113 85
3.5000 -24.0000 -18.1055 122 115 86
4.5000 -24.0000 -18.0329 118 111 82
5.5000 -24.0000 -17.9885 118 112 80
6.5000 -24.0000 -17.9813 127 118 89
7.5000 -24.0000 -18.0186 137 128 97
8.5000 -24.0000 -18.1033 141 130 100
9.5000 -24.0000 -18.2333 133 122 90
10.5000 -24.0000 -18.4007 125 114 84
11.5000 -24.0000 -18.5935 124 113 85
12.5000 -24.0000 -18.7970 115 104 82
13.5000 -24.0000 -18.9963 109 98 78
14.5000 -24.0000 -19.1767 102 91 69
15.5000 -24.0000 -19.3254 97 86 64
16.5000 -24.0000 -19.4319 96 86 61
17.5000 -24.0000 -19.4896 100 90 63
18.5000 -24.0000 -19.4978 105 96 65
19.5000 -24.0000 -19.4616 108 99 66
20.5000 -24.0000 -19.3917 115 104 72
21.5000 -24.0000 -19.3030 112 102 67
22.5000 -24.0000 -19.2120 111 101 66
23.5000 -24.0000 -19.1344 111 103 67
24.5000 -24.0000 -19.0830 115 105 70
25.5000 -24.0000 -19.0666 113 105 69
26.5000 -24.0000 -19.0893 109 98 66
27.5000 -24.0000 -19.1516 103 95 59
28.5000 -24.0000 -19.2517 109 101 65
29.5000 -24.0000 -19.3869 109 101 65
30.5000 -24.0000 -19.5552 107 96 64
31.5000 -24.0000 -19.7556 105 92 60
32.5000 -24.0000 -19.9886 105 90 61
33.5000 -24.0000 -20.2556 105 90 61
34.5000 -24.0000 -20.5583 103 86 60
35.5000 -24.0000 -20.8972 97 81 56
36.5000 -24.0000 -21.2702 95 79 56
37.5000 -24.0000 -21.6728 89 74 51
38.5000 -24.0000 -22.0994 81 70 48
39.5000 -24.0000 -22.5454 75 69 45
40.5000 -24.0000 -23.0097 71 69 46
41.5000 -24.0000 -23.4948 66 68 44
42.5000 -24.0000 -24.0061 62 66 43
43.5000 -24.0000 -24.5495 57 65 42
44.5000 -24.0000 -25.1303 52 61 40
45.5000 -24.0000 -25.7533 49 58 39
46.5000 -24.0000 -26.4250 49 53 36
47.5000 -24.0000 -27.1558 50 53 36
48.5000 -24.0000 -27.9604 55 52 35
49.5000 -24.0000 -28.8558 57 50 34
50.5000 -24.0000 -29.8553 58 46 32
51.5000 -24.0000 -30.9634 55 43 29
52.5000 -24.0000 -32.1704 50 36 23
53.5000 -24.0000 -33.4509 46 34 22
54.5000 -24.0000 -34.7663 39 31 20
55.5000 -24.0000 -36.0701 31 27 16
56.5000 -24.0000 -37.3169 23 25 14
57.5000 -24.0000 -38.4720 18 24 12
58.5000 -24.0000 -39.5211 16 24 13
59.5000 -24.0000 -40.4777 16 23 15
60.5000 -24.0000 -41.3829 15 17 14
61.5000 -24.0000 -42.2982 16 18 17
62.5000 -24.0000 -43.2895 17 19 18
63.5000 -24.0000 -44.4077 15 19 18
64.5000 -24.0000 -45.6746 14 20 18
65.5000 -24.0000 -47.0790 10 19 16
66.5000 -24.0000 -48.5844 8 17 14
67.5000 -24.0000 -50.1420 6 17 13
68.5000 -24.0000 -51.7024 10 21 17
69.5000 -24.0000 -53.2222 6 17 13
112.5000 -24.0000 -99.5331 18 14 11
-91.5000 -25.0000 -56.3708 17 17 15
-90.5000 -25.0000 -50.0026 16 17 11
-89.5000 -25.0000 -44.0027 33 33 25
-88.5000 -25.0000 -38.6809 49 49 37
-87.5000 -25.0000 -34.2068 51 49 37
-86.5000 -25.0000 -30.6097 54 52 37
-85.5000 -25.0000 -27.8114 65 63 48
-84.5000 -25.0000 -25.6746 68 67 47
-83.5000 -25.0000 -24.0483 72 74 50
-82.5000 -25.0000 -22.7985 76 79 52
-81.5000 -25.0000 -21.8207 82 85 58
-80.5000 -25.0000 -21.0402 90 90 62
-79.5000 -25.0000 -20.4048 95 95 67
-78.5000 -25.0000 -19.8779 97 97 69
-77.5000 -25.0000 -19.4320 98 97 69
-76.5000 -25.0000 -19.0453 98 97 67
-75.5000 -25.0000 -18.7011 104 103 73
-74.5000 -25.0000 -18.3867 112 109 78
-73.5000 -25.0000 -18.0940 117 114 83
-72.5000 -25.0000 -17.8178 118 115 84
-71.5000 -25.0000 -17.5558 119 114 84
-70.5000 -25.0000 -17.3071 122 117 85
-69.5000 -25.0000 -17.0716 130 125 93
-68.5000 -25.0000 -16.8489 138 132 100
-67.5000 -25.0000 -16.6382 135 126 93
-66.5000 -25.0000 -16.4375 141 130 98
-65.5000 -25.0000 -16.2446 146 135 103
-64.5000 -25.0000 -16.0571 148 138 103
-63.5000 -25.0000 -15.8735 151 138 104
-62.5000 -25.0000 -15.6930 153 140 105
-61.5000 -25.0000 -15.5158 161 145 109
-60.5000 -25.0000 -15.3428 166 150 114
-59.5000 -25.0000 -15.1753 174 156 118
-58.5000 -25.0000 -15.0160 179 161 121
-57.5000 -25.0000 -14.8679 187 165 124
-56.5000 -25.0000 -14.7351 192 170 129
-55.5000 -25.0000 -14.6218 195 172 130
-54.5000 -25.0000 -14.5319 197 174 132
-53.5000 -25.0000 -14.4687 198 175 133
-52.5000 -25.0000 -14.4350 200 176 132
-51.5000 -25.0000 -14.4327 209 180 136
-50.5000 -25.0000 -14.4625 205 176 132
-49.5000 -25.0000 -14.5232 203 172 128
-48.5000 -25.0000 -14.6107 201 172 128
-47.5000 -25.0000 -14.7174 202 173 129
-46.5000 -25.0000 -14.8333 196 169 126
-45.5000 -25.0000 -14.9479 185 156 114
-44.5000 -25.0000 -15.0533 174 147 104
-43.5000 -25.0000 -15.1457 176 148 108
-42.5000 -25.0000 -15.2261 188 160 120
-41.5000 -25.0000 -15.2982 193 165 126
-40.5000 -25.0000 -15.3665 184 156 117
-39.5000 -25.0000 -15.4344 172 147 107
-38.5000 -25.0000 -15.5037 169 144 104
-37.5000 -25.0000 -15.5759 170 145 105
-36.5000 -25.0000 -15.6528 169 144 104
-35.5000 -25.0000 -15.7369 181 157 113
-34.5000 -25.0000 -15.8311 177 153 107
-33.5000 -25.0000 -15.9380 172 148 104
-32.5000 -25.0000 -16.0604 168 145 101
-31.5000 -25.0000 -16.2012 166 143 101
-30.5000 -25.0000 -16.3639 164 143 100
-29.5000 -25.0000 -16.5517 161 139 98
-28.5000 -25.0000 -16.7669 156 137 95
-27.5000 -25.0000 -17.0093 153 135 95
-26.5000 -25.0000 -17.2752 149 134 95
-25.5000 -25.0000 -17.5577 133 117 81
-24.5000 -25.0000 -17.8470 120 106 69
-23.5000 -25.0000 -18.1315 121 107 72
-22.5000 -25.0000 -18.3997 114 101 66
-21.5000 -25.0000 -18.6416 109 96 62
-20.5000 -25.0000 -18.8509 114 101 67
-19.5000 -25.0000 -19.0253 104 90 61
-18.5000 -25.0000 -19.1660 104 90 61
-17.5000 -25.0000 -19.2767 106 92 63
-16.5000 -25.0000 -19.3622 107 93 64
-15.5000 -25.0000 -19.4275 110 96 67
-14.5000 -25.0000 -19.4773 113 99 72
-13.5000 -25.0000 -19.5153 116 102 75
-12.5000 -25.0000 -19.5444 116 105 77
-11.5000 -25.0000 -19.5659 113 101 75
-10.5000 -25.0000 -19.5802 112 102 75
-9.5000 -25.0000 -19.5873 112 102 77
-8.5000 -25.0000 -19.5873 108 101 75
-7.5000 -25.0000 -19.5810 104 97 71
-6.5000 -25.0000 -19.5687 98 92 66
-5.5000 -25.0000 -19.5495 93 87 61
-4.5000 -25.0000 -19.5215 90 84 60
-3.5000 -25.0000 -19.4812 104 100 75
-2.5000 -25.0000 -19.4255 103 101 76
-1.5000 -25.0000 -19.3523 106 102 77
-0.5000 -25.0000 -19.2619 108 104 77
0.5000 -25.0000 -19.1570 110 106 81
1.5000 -25.0000 -19.0428 113 109 82
2.5000 -25.0000 -18.9261 116 110 84
3.5000 -25.0000 -18.8146 117 112 83
4.5000 -25.0000 -18.7165 114 107 79
5.5000 -25.0000 -18.6405 115 108 79
6.5000 -25.0000 -18.5953 123 116 88
7.5000 -25.0000 -18.5887 132 125 96
8.5000 -25.0000 -18.6259 134 125 96
9.5000 -25.0000 -18.7083 126 117 86
10.5000 -25.0000 -18.8333 121 112 83
11.5000 -25.0000 -18.9941 122 112 85
12.5000 -25.0000 -19.1811 113 101 79
13.5000 -25.0000 -19.3825 110 97 78
14.5000 -25.0000 -19.5847 103 91 69
15.5000 -25.0000 -19.7726 96 84 62
16.5000 -25.0000 -19.9311 92 80 56
17.5000 -25.0000 -20.0473 93 81 55
18.5000 -25.0000 -20.1126 97 87 60
19.5000 -25.0000 -20.1251 100 91 62
20.5000 -25.0000 -20.0898 103 94 65
21.5000 -25.0000 -20.0184 104 95 64
22.5000 -25.0000 -19.9268 105 96 65
23.5000 -25.0000 -19.8331 105 99 65
24.5000 -25.0000 -19.7546 108 99 66
25.5000 -25.0000 -19.7055 105 99 65
26.5000 -25.0000 -19.6952 104 95 64
27.5000 -25.0000 -19.7280 102 93 60
28.5000 -25.0000 -19.8042 109 100 67
29.5000 -25.0000 -19.9212 104 93 61
30.5000 -25.0000 -20.0759 100 89 59
31.5000 -25.0000 -20.2653 103 89 60
32.5000 -25.0000 -20.4883 104 88 62
33.5000 -25.0000 -20.7458 100 84 58
34.5000 -25.0000 -21.0394 96 80 55
35.5000 -25.0000 -21.3709 95 79 54
36.5000 -25.0000 -21.7401 94 79 56
37.5000 -25.0000 -22.1445 87 75 53
38.5000 -25.0000 -22.5804 79 71 50
39.5000 -25.0000 -23.0444 74 69 47
40.5000 -25.0000 -23.5354 70 68 47
41.5000 -25.0000 -24.0550 64 66 44
42.5000 -25.0000 -24.6066 59 62 41
43.5000 -25.0000 -25.1946 55 60 38
44.5000 -25.0000 -25.8230 50 58 37
45.5000 -25.0000 -26.4968 47 56 37
46.5000 -25.0000 -27.2238 47 51 34
47.5000 -25.0000 -28.0158 49 50 34
48.5000 -25.0000 -28.8881 52 50 35
49.5000 -25.0000 -29.8553 54 48 34
50.5000 -25.0000 -30.9259 53 43 31
51.5000 -25.0000 -32.0964 49 39 27
52.5000 -25.0000 -33.3485 43 31 19
53.5000 -25.0000 -34.6504 40 30 20
54.5000 -25.0000 -35.9607 36 30 18
55.5000 -25.0000 -37.2363 30 28 16
56.5000 -25.0000 -38.4406 25 25 15
57.5000 -25.0000 -39.5506 21 24 13
58.5000 -25.0000 -40.5641 17 23 13
59.5000 -25.0000 -41.5030 15 22 14
60.5000 -25.0000 -42.4115 16 18 15
61.5000 -25.0000 -43.3482 17 19 18
62.5000 -25.0000 -44.3702 19 21 20
63.5000 -25.0000 -45.5162 18 22 21
64.5000 -25.0000 -46.7948 15 21 19
65.5000 -25.0000 -48.1845 10 19 16
66.5000 -25.0000 -49.6443 6 15 12
68.5000 -25.0000 -52.5977 11 20 17
69.5000 -25.0000 -54.0209 8 17 14
112.5000 -25.0000 -97.9963 18 14 11
-91.5000 -26.0000 -59.2021 17 17 15
-89.5000 -26.0000 -46.9118 28 28 20
-88.5000 -26.0000 -41.3356 46 46 34
-87.5000 -26.0000 -36.4961 49 47 35
-86.5000 -26.0000 -32.4921 53 51 36
-85.5000 -26.0000 -29.3014 65 63 48
-84.5000 -26.0000 -26.8228 67 66 46
-83.5000 -26.0000 -24.9213 65 65 41
-82.5000 -26.0000 -23.4638 70 70 44
-81.5000 -26.0000 -22.3374 80 79 51
-80.5000 -26.0000 -21.4548 89 88 60
-79.5000 -26.0000 -20.7512 95 94 66
-78.5000 -26.0000 -20.1792 98 97 69
-77.5000 -26.0000 -19.7028 101 97 68
-76.5000 -26.0000 -19.2948 101 97 68
-75.5000 -26.0000 -18.9346 104 99 69
-74.5000 -26.0000 -18.6076 109 104 74
-73.5000 -26.0000 -18.3042 115 110 80
-72.5000 -26.0000 -18.0189 116 111 81
-71.5000 -26.0000 -17.7488 117 111 79
-70.5000 -26.0000 -17.4931 119 113 81
-69.5000 -26.0000 -17.2517 127 121 89
-68.5000 -26.0000 -17.0245 135 129 97
-67.5000 -26.0000 -16.8108 134 125 92
-66.5000 -26.0000 -16.6087 139 128 96
-65.5000 -26.0000 -16.4157 143 132 100
-64.5000 -26.0000 -16.2291 143 132 100
-63.5000 -26.0000 -16.0469 145 132 98
-62.5000 -26.0000 -15.8682 150 137 103
-61.5000 -26.0000 -15.6927 163 147 113
-60.5000 -26.0000 -15.5212 172 156 120
-59.5000 -26.0000 -15.3553 169 151 113
-58.5000 -26.0000 -15.1974 175 157 119
-57.5000 -26.0000 -15.0510 184 162 123
-56.5000 -26.0000 -14.9201 185 163 122
-55.5000 -26.0000 -14.8093 185 162 121
-54.5000 -26.0000 -14.7228 185 162 120
-53.5000 -26.0000 -14.6640 187 164 122
-52.5000 -26.0000 -14.6359 189 164 123
-51.5000 -26.0000 -14.6402 206 179 136
-50.5000 -26.0000 -14.6769 204 177 132
-49.5000 -26.0000 -14.7438 201 174 129
-48.5000 -26.0000 -14.8354 197 170 127
-47.5000 -26.0000 -14.9431 192 165 122
-46.5000 -26.0000 -15.0563 184 160 116
-45.5000 -26.0000 -15.1656 182 155 112
-44.5000 -26.0000 -15.2645 180 152 112
-43.5000 -26.0000 -15.3519 178 150 110
-42.5000 -26.0000 -15.4309 189 161 122
-41.5000 -26.0000 -15.5070 191 163 124
-40.5000 -26.0000 -15.5853 178 150 111
-39.5000 -26.0000 -15.6691 163 138 98
-38.5000 -26.0000 -15.7596 161 135 98
-37.5000 -26.0000 -15.8577 165 139 102
-36.5000 -26.0000 -15.9647 166 141 101
-35.5000 -26.0000 -16.0824 178 153 112
-34.5000 -26.0000 -16.2131 171 148 104
-33.5000 -26.0000 -16.3588 163 140 96
-32.5000 -26.0000 -16.5219 156 135 92
-31.5000 -26.0000 -16.7054 153 132 89
-30.5000 -26.0000 -16.9132 149 130 88
-29.5000 -26.0000 -17.1494 146 127 85
-28.5000 -26.0000 -17.4160 142 124 84
-27.5000 -26.0000 -17.7121 131 116 77
-26.5000 -26.0000 -18.0323 135 121 84
-25.5000 -26.0000 -18.3672 125 111 74
-24.5000 -26.0000 -18.7039 116 103 68
-23.5000 -26.0000 -19.0284 120 107 73
-22.5000 -26.0000 -19.3269 112 102 67
-21.5000 -26.0000 -19.5887 106 96 61
-20.5000 -26.0000 -19.8080 112 101 69
-19.5000 -26.0000 -19.9842 110 96 69
-18.5000 -26.0000 -20.1213 112 98 72
-17.5000 -26.0000 -20.2261 114 100 74
-16.5000 -26.0000 -20.3061 116 102 76
-15.5000 -26.0000 -20.3680 116 102 76
-14.5000 -26.0000 -20.4169 112 100 74
-13.5000 -26.0000 -20.4564 110 98 74
-12.5000 -26.0000 -20.4883 107 97 72
-11.5000 -26.0000 -20.5132 107 96 74
-10.5000 -26.0000 -20.5302 106 98 75
-9.5000 -26.0000 -20.5388 108 100 79
-8.5000 -26.0000 -20.5386 108 102 80
-7.5000 -26.0000 -20.5300 105 99 77
-6.5000 -26.0000 -20.5131 101 95 73
-5.5000 -26.0000 -20.4873 96 90 68
-4.5000 -26.0000 -20.4505 91 86 64
-3.5000 -26.0000 -20.3999 88 86 63
-2.5000 -26.0000 -20.3327 90 88 65
-1.5000 -26.0000 -20.2476 95 90 68
-0.5000 -26.0000 -20.1451 98 93 71
0.5000 -26.0000 -20.0279 101 96 74
1.5000 -26.0000 -19.9006 104 100 75
2.5000 -26.0000 -19.7690 106 100 76
3.5000 -26.0000 -19.6398 107 101 75
4.5000 -26.0000 -19.5200 113 106 80
5.5000 -26.0000 -19.4168 116 109 83
6.5000 -26.0000 -19.3381 123 116 90
7.5000 -26.0000 -19.2910 130 123 95
8.5000 -26.0000 -19.2817 129 119 92
9.5000 -26.0000 -19.3143 120 110 83
10.5000 -26.0000 -19.3903 117 107 80
11.5000 -26.0000 -19.5088 121 111 84
12.5000 -26.0000 -19.6660 109 97 75
13.5000 -26.0000 -19.8552 108 95 76
14.5000 -26.0000 -20.0659 103 91 69
15.5000 -26.0000 -20.2834 96 84 62
16.5000 -26.0000 -20.4894 90 78 54
17.5000 -26.0000 -20.6648 87 77 52
18.5000 -26.0000 -20.7929 90 80 55
19.5000 -26.0000 -20.8627 93 83 56
20.5000 -26.0000 -20.8714 94 84 57
21.5000 -26.0000 -20.8251 96 89 60
22.5000 -26.0000 -20.7380 101 94 65
23.5000 -26.0000 -20.6301 104 97 68
24.5000 -26.0000 -20.5234 104 97 68
25.5000 -26.0000 -20.4383 103 97 65
26.5000 -26.0000 -20.3905 101 95 63
27.5000 -26.0000 -20.3891 100 94 62
28.5000 -26.0000 -20.4370 110 99 69
29.5000 -26.0000 -20.5319 100 89 59
30.5000 -26.0000 -20.6692 98 84 55
31.5000 -26.0000 -20.8442 103 89 62
32.5000 -26.0000 -21.0541 104 88 62
33.5000 -26.0000 -21.2987 97 81 56
34.5000 -26.0000 -21.5803 93 77 52
35.5000 -26.0000 -21.9017 94 79 56
36.5000 -26.0000 -22.2649 92 80 58
37.5000 -26.0000 -22.6698 87 76 56
38.5000 -26.0000 -23.1146 79 71 50
39.5000 -26.0000 -23.5972 74 69 49
40.5000 -26.0000 -24.1168 69 67 46
41.5000 -26.0000 -24.6739 65 64 44
42.5000 -26.0000 -25.2705 59 61 40
43.5000 -26.0000 -25.9092 54 57 38
44.5000 -26.0000 -26.5930 51 56 36
45.5000 -26.0000 -27.3269 48 52 35
46.5000 -26.0000 -28.1190 47 50 33
47.5000 -26.0000 -28.9817 48 49 33
48.5000 -26.0000 -29.9291 50 48 33
49.5000 -26.0000 -30.9722 50 47 32
50.5000 -26.0000 -32.1131 48 42 28
51.5000 -26.0000 -33.3397 46 38 27
52.5000 -26.0000 -34.6250 37 29 18
53.5000 -26.0000 -35.9311 35 28 18
54.5000 -26.0000 -37.2160 32 28 17
55.5000 -26.0000 -38.4428 30 28 16
56.5000 -26.0000 -39.5863 26 26 16
57.5000 -26.0000 -40.6386 22 24 13
58.5000 -26.0000 -41.6111 19 22 13
59.5000 -26.0000 -42.5341 18 21 14
60.5000 -26.0000 -43.4534 19 19 17
61.5000 -26.0000 -44.4214 21 21 21
62.5000 -26.0000 -45.4839 23 23 23
63.5000 -26.0000 -46.6660 22 24 23
64.5000 -26.0000 -47.9640 17 21 20
65.5000 -26.0000 -49.3478 11 17 15
68.5000 -26.0000 -53.5950 12 21 18
69.5000 -26.0000 -54.9358 8 17 14
112.5000 -26.0000 -97.1211 18 14 11
-90.5000 -27.0000 -56.2684 13 14 8
-89.5000 -27.0000 -50.2142 23 23 15
-88.5000 -27.0000 -44.4447 35 35 23
-87.5000 -27.0000 -39.2582 47 45 33
-86.5000 -27.0000 -34.8256 54 52 37
-85.5000 -27.0000 -31.1906 58 56 41
-84.5000 -27.0000 -28.3016 59 58 38
-83.5000 -27.0000 -26.0531 70 65 43
-82.5000 -27.0000 -24.3225 76 72 47
-81.5000 -27.0000 -22.9941 82 78 51
-80.5000 -27.0000 -21.9693 86 82 55
-79.5000 -27.0000 -21.1693 88 84 57
-78.5000 -27.0000 -20.5332 90 86 59
-77.5000 -27.0000 -20.0143 95 90 61
-76.5000 -27.0000 -19.5775 99 94 65
-75.5000 -27.0000 -19.1971 100 93 64
-74.5000 -27.0000 -18.8549 106 99 70
-73.5000 -27.0000 -18.5395 117 108 79
-72.5000 -27.0000 -18.2438 123 114 85
-71.5000 -27.0000 -17.9646 126 117 86
-70.5000 -27.0000 -17.7006 128 119 88
-69.5000 -27.0000 -17.4521 130 121 90
-68.5000 -27.0000 -17.2190 132 123 92
-67.5000 -27.0000 -17.0010 139 128 98
-66.5000 -27.0000 -16.7963 139 128 98
-65.5000 -27.0000 -16.6023 139 128 96
-64.5000 -27.0000 -16.4161 141 130 98
-63.5000 -27.0000 -16.2354 147 134 100
-62.5000 -27.0000 -16.0588 153 140 106
-61.5000 -27.0000 -15.8859 160 144 110
-60.5000 -27.0000 -15.7173 164 148 112
-59.5000 -27.0000 -15.5543 161 143 105
-58.5000 -27.0000 -15.3994 170 152 114
-57.5000 -27.0000 -15.2558 180 158 119
-56.5000 -27.0000 -15.1280 181 159 118
-55.5000 -27.0000 -15.0205 185 162 121
-54.5000 -27.0000 -14.9379 191 168 127
-53.5000 -27.0000 -14.8839 190 167 125
-52.5000 -27.0000 -14.8615 183 160 118
-51.5000 -27.0000 -14.8720 187 163 119
-50.5000 -27.0000 -14.9149 192 168 124
-49.5000 -27.0000 -14.9867 195 171 127
-48.5000 -27.0000 -15.0809 192 167 126
-47.5000 -27.0000 -15.1878 182 157 116
-46.5000 -27.0000 -15.2972 170 147 105
-45.5000 -27.0000 -15.4007 162 137 96
-44.5000 -27.0000 -15.4939 158 133 93
-43.5000 -27.0000 -15.5780 167 142 102
-42.5000 -27.0000 -15.6583 176 150 113
-41.5000 -27.0000 -15.7415 178 152 115
-40.5000 -27.0000 -15.8333 169 143 106
-39.5000 -27.0000 -15.9366 160 134 97
-38.5000 -27.0000 -16.0524 161 135 100
-37.5000 -27.0000 -16.1807 162 136 101
-36.5000 -27.0000 -16.3222 160 134 97
-35.5000 -27.0000 -16.4781 168 145 104
-34.5000 -27.0000 -16.6498 157 136 93
-33.5000 -27.0000 -16.8392 145 124 81
-32.5000 -27.0000 -17.0487 140 118 77
-31.5000 -27.0000 -17.2821 141 119 78
-30.5000 -27.0000 -17.5443 143 124 84
-29.5000 -27.0000 -17.8398 143 125 87
-28.5000 -27.0000 -18.1703 140 124 88
-27.5000 -27.0000 -18.5333 131 115 79
-26.5000 -27.0000 -18.9208 124 110 75
-25.5000 -27.0000 -19.3203 119 106 72
-24.5000 -27.0000 -19.7158 117 107 72
-23.5000 -27.0000 -20.0903 111 100 68
-22.5000 -27.0000 -20.4279 103 94 61
-21.5000 -27.0000 -20.7169 101 92 59
-20.5000 -27.0000 -20.9516 105 96 65
-19.5000 -27.0000 -21.1334 102 90 64
-18.5000 -27.0000 -21.2695 108 96 72
-17.5000 -27.0000 -21.3705 108 96 72
-16.5000 -27.0000 -21.4470 100 88 64
-15.5000 -27.0000 -21.5076 97 85 61
-14.5000 -27.0000 -21.5581 101 91 66
-13.5000 -27.0000 -21.6015 104 93 71
-12.5000 -27.0000 -21.6383 100 92 69
-11.5000 -27.0000 -21.6676 98 90 69
-10.5000 -27.0000 -21.6875 94 88 66
-9.5000 -27.0000 -21.6963 92 85 66
-8.5000 -27.0000 -21.6931 92 87 67
-7.5000 -27.0000 -21.6778 96 91 71
-6.5000 -27.0000 -21.6506 99 94 74
-5.5000 -27.0000 -21.6110 100 95 75
-4.5000 -27.0000 -21.5575 100 95 75
-3.5000 -27.0000 -21.4882 87 85 64
-2.5000 -27.0000 -21.4013 85 83 62
-1.5000 -27.0000 -21.2965 82 80 59
-0.5000 -27.0000 -21.1747 81 79 58
0.5000 -27.0000 -21.0389 84 82 61
1.5000 -27.0000 -20.8931 90 88 65
2.5000 -27.0000 -20.7426 99 94 72
3.5000 -27.0000 -20.5932 104 99 77
4.5000 -27.0000 -20.4507 95 89 67
5.5000 -27.0000 -20.3213 97 91 67
6.5000 -27.0000 -20.2113 100 92 69
7.5000 -27.0000 -20.1269 103 96 70
8.5000 -27.0000 -20.0739 107 100 74
9.5000 -27.0000 -20.0578 109 102 76
10.5000 -27.0000 -20.0833 112 105 79
11.5000 -27.0000 -20.1544 113 106 80
12.5000 -27.0000 -20.2734 119 108 86
13.5000 -27.0000 -20.4398 118 107 85
14.5000 -27.0000 -20.6477 112 101 79
15.5000 -27.0000 -20.8848 100 89 67
16.5000 -27.0000 -21.1317 87 76 54
17.5000 -27.0000 -21.3644 82 71 49
18.5000 -27.0000 -21.5579 86 75 53
19.5000 -27.0000 -21.6913 90 83 57
20.5000 -27.0000 -21.7518 81 74 48
21.5000 -27.0000 -21.7383 81 74 46
22.5000 -27.0000 -21.6614 82 75 47
23.5000 -27.0000 -21.5419 86 81 52
24.5000 -27.0000 -21.4066 91 86 57
25.5000 -27.0000 -21.2828 95 90 60
26.5000 -27.0000 -21.1932 95 90 60
27.5000 -27.0000 -21.1526 94 87 58
28.5000 -27.0000 -21.1668 105 94 66
29.5000 -27.0000 -21.2345 105 91 64
30.5000 -27.0000 -21.3498 101 87 60
31.5000 -27.0000 -21.5063 97 83 57
32.5000 -27.0000 -21.6995 94 80 54
33.5000 -27.0000 -21.9285 93 78 55
34.5000 -27.0000 -22.1958 93 78 55
35.5000 -27.0000 -22.5054 93 78 57
36.5000 -27.0000 -22.8611 83 70 51
37.5000 -27.0000 -23.2652 78 67 49
38.5000 -27.0000 -23.7179 72 64 45
39.5000 -27.0000 -24.2183 67 62 43
40.5000 -27.0000 -24.7659 63 60 41
41.5000 -27.0000 -25.3607 59 58 40
42.5000 -27.0000 -26.0035 52 53 35
43.5000 -27.0000 -26.6954 49 50 32
44.5000 -27.0000 -27.4385 45 46 28
45.5000 -27.0000 -28.2371 45 46 28
46.5000 -27.0000 -29.0991 43 44 28
47.5000 -27.0000 -30.0362 43 41 26
48.5000 -27.0000 -31.0600 39 37 24
49.5000 -27.0000 -32.1770 37 35 22
50.5000 -27.0000 -33.3819 36 32 20
51.5000 -27.0000 -34.6538 36 32 21
52.5000 -27.0000 -35.9573 33 29 18
53.5000 -27.0000 -37.2494 29 25 16
54.5000 -27.0000 -38.4897 23 20 11
55.5000 -27.0000 -39.6495 22 19 10
56.5000 -27.0000 -40.7185 22 19 10
57.5000 -27.0000 -41.7056 19 19 9
58.5000 -27.0000 -42.6368 17 17 7
59.5000 -27.0000 -43.5499 15 15 7
60.5000 -27.0000 -44.4892 18 17 15
61.5000 -27.0000 -45.4975 17 17 17
62.5000 -27.0000 -46.6061 18 18 18
63.5000 -27.0000 -47.8254 16 18 17
64.5000 -27.0000 -49.1406 12 16 15
65.5000 -27.0000 -50.5168 8 14 12
68.5000 -27.0000 -54.6194 8 14 12
84.5000 -27.0000 -58.0774 13 14 9
85.5000 -27.0000 -58.0457 13 14 9
-111.5000 -28.0000 -123.7767 16 12 13
-89.5000 -28.0000 -53.9940 21 21 13
-88.5000 -28.0000 -48.0999 31 31 19
-87.5000 -28.0000 -42.5911 43 41 29
-86.5000 -28.0000 -37.7096 51 49 34
-85.5000 -28.0000 -33.5740 56 54 39
-84.5000 -28.0000 -30.1965 60 57 38
-83.5000 -28.0000 -27.5161 70 65 43
-82.5000 -28.0000 -25.4331 76 70 46
-81.5000 -28.0000 -23.8356 82 76 52
-80.5000 -28.0000 -22.6167 86 80 54
-79.5000 -28.0000 -21.6827 89 83 57
-78.5000 -28.0000 -20.9568 92 85 59
-77.5000 -28.0000 -20.3786 97 90 64
-76.5000 -28.0000 -19.9026 100 93 65
-75.5000 -28.0000 -19.4955 108 98 71
-74.5000 -28.0000 -19.1345 110 101 72
-73.5000 -28.0000 -18.8048 114 103 75
-72.5000 -28.0000 -18.4974 116 105 77
-71.5000 -28.0000 -18.2079 118 107 79
-70.5000 -28.0000 -17.9347 123 112 82
-69.5000 -28.0000 -17.6777 131 120 90
-68.5000 -28.0000 -17.4375 136 125 95
-67.5000 -28.0000 -17.2140 135 124 94
-66.5000 -28.0000 -17.0056 136 125 95
-65.5000 -28.0000 -16.8098 137 126 96
-64.5000 -28.0000 -16.6235 139 128 96
-63.5000 -28.0000 -16.4441 145 132 100
-62.5000 -28.0000 -16.2699 150 137 103
-61.5000 -28.0000 -16.1001 157 141 108
-60.5000 -28.0000 -15.9351 160 144 110
-59.5000 -28.0000 -15.7758 156 138 102
-58.5000 -28.0000 -15.6244 164 146 108
-57.5000 -28.0000 -15.4842 173 151 114
-56.5000 -28.0000 -15.3596 175 153 114
-55.5000 -28.0000 -15.2553 179 155 117
-54.5000 -28.0000 -15.1762 184 161 120
-53.5000 -28.0000 -15.1262 183 160 119
-52.5000 -28.0000 -15.1084 177 154 112
-51.5000 -28.0000 -15.1238 179 158 115
-50.5000 -28.0000 -15.1710 179 158 115
-49.5000 -28.0000 -15.2455 178 157 114
-48.5000 -28.0000 -15.3399 171 150 107
-47.5000 -28.0000 -15.4443 162 141 98
-46.5000 -28.0000 -15.5489 155 132 91
-45.5000 -28.0000 -15.6468 151 128 87
-44.5000 -28.0000 -15.7359 149 126 85
-43.5000 -28.0000 -15.8193 169 145 107
-42.5000 -28.0000 -15.9040 177 151 114
-41.5000 -28.0000 -15.9980 176 150 113
-40.5000 -28.0000 -16.1071 166 140 105
-39.5000 -28.0000 -16.2341 159 133 98
-38.5000 -28.0000 -16.3795 160 134 99
-37.5000 -28.0000 -16.5427 163 137 102
-36.5000 -28.0000 -16.7235 163 139 103
-35.5000 -28.0000 -16.9223 155 133 94
-34.5000 -28.0000 -17.1402 147 125 86
-33.5000 -28.0000 -17.3792 137 115 76
-32.5000 -28.0000 -17.6427 131 112 72
-31.5000 -28.0000 -17.9360 132 112 75
-30.5000 -28.0000 -18.2653 131 113 75
-29.5000 -28.0000 -18.6353 126 110 74
-28.5000 -28.0000 -19.0469 122 108 73
-27.5000 -28.0000 -19.4946 118 103 70
-26.5000 -28.0000 -19.9671 110 97 63
-25.5000 -28.0000 -20.4476 105 94 62
-24.5000 -28.0000 -20.9169 104 95 64
-23.5000 -28.0000 -21.3547 99 90 61
-22.5000 -28.0000 -21.7429 92 83 54
-21.5000 -28.0000 -22.0684 91 82 53
-20.5000 -28.0000 -22.3253 95 85 58
-19.5000 -28.0000 -22.5170 96 84 62
-18.5000 -28.0000 -22.6541 101 88 69
-17.5000 -28.0000 -22.7516 101 88 69
-16.5000 -28.0000 -22.8241 92 81 61
-15.5000 -28.0000 -22.8829 89 78 58
-14.5000 -28.0000 -22.9347 91 83 62
-13.5000 -28.0000 -22.9821 93 85 66
-12.5000 -28.0000 -23.0242 91 84 65
-11.5000 -28.0000 -23.0586 77 70 52
-10.5000 -28.0000 -23.0819 74 69 50
-9.5000 -28.0000 -23.0910 72 67 48
-8.5000 -28.0000 -23.0841 74 68 52
-7.5000 -28.0000 -23.0604 77 71 55
-6.5000 -28.0000 -23.0197 80 74 58
-5.5000 -28.0000 -22.9615 80 74 58
-4.5000 -28.0000 -22.8850 79 73 57
-3.5000 -28.0000 -22.7892 78 75 58
-2.5000 -28.0000 -22.6736 77 74 55
-1.5000 -28.0000 -22.5391 76 73 56
-0.5000 -28.0000 -22.3875 75 72 53
0.5000 -28.0000 -22.2220 76 73 54
1.5000 -28.0000 -22.0469 77 75 54
2.5000 -28.0000 -21.8672 80 75 56
3.5000 -28.0000 -21.6887 81 76 56
4.5000 -28.0000 -21.5171 88 81 62
5.5000 -28.0000 -21.3578 88 82 60
6.5000 -28.0000 -21.2158 89 81 60
7.5000 -28.0000 -21.0958 90 82 59
8.5000 -28.0000 -21.0028 92 84 63
9.5000 -28.0000 -20.9423 95 87 64
10.5000 -28.0000 -20.9207 99 91 68
11.5000 -28.0000 -20.9459 101 93 70
12.5000 -28.0000 -21.0252 105 97 74
13.5000 -28.0000 -21.1640 106 98 75
14.5000 -28.0000 -21.3620 106 95 73
15.5000 -28.0000 -21.6107 95 87 64
16.5000 -28.0000 -21.8916 86 75 53
17.5000 -28.0000 -22.1772 75 67 44
18.5000 -28.0000 -22.4355 72 64 41
19.5000 -28.0000 -22.6354 72 64 41
20.5000 -28.0000 -22.7533 76 68 45
21.5000 -28.0000 -22.7789 75 67 44
22.5000 -28.0000 -22.7175 75 69 45
23.5000 -28.0000 -22.5896 78 72 46
24.5000 -28.0000 -22.4260 82 76 50
25.5000 -28.0000 -22.2610 86 81 52
26.5000 -28.0000 -22.1251 89 84 55
27.5000 -28.0000 -22.0393 91 84 55
28.5000 -28.0000 -22.0133 94 83 55
29.5000 -28.0000 -22.0470 94 80 53
30.5000 -28.0000 -22.1340 92 78 52
31.5000 -28.0000 -22.2667 89 75 49
32.5000 -28.0000 -22.4392 88 73 50
33.5000 -28.0000 -22.6500 87 72 49
34.5000 -28.0000 -22.9013 88 73 52
35.5000 -28.0000 -23.1983 86 73 54
36.5000 -28.0000 -23.5460 81 70 52
37.5000 -28.0000 -23.9484 75 67 48
38.5000 -28.0000 -24.4075 70 63 45
39.5000 -28.0000 -24.9238 66 61 42
40.5000 -28.0000 -25.4971 62 59 42
41.5000 -28.0000 -26.1272 59 56 39
42.5000 -28.0000 -26.8140 54 52 37
43.5000 -28.0000 -27.5576 48 49 33
44.5000 -28.0000 -28.3589 51 50 32
45.5000 -28.0000 -29.2213 48 47 29
46.5000 -28.0000 -30.1517 44 42 27
47.5000 -28.0000 -31.1598 40 38 23
48.5000 -28.0000 -32.2542 37 35 22
49.5000 -28.0000 -33.4360 33 31 19
50.5000 -28.0000 -34.6922 29 27 15
51.5000 -28.0000 -35.9934 24 24 14
52.5000 -28.0000 -37.2971 30 27 18
53.5000 -28.0000 -38.5569 26 23 14
54.5000 -28.0000 -39.7358 22 19 10
55.5000 -28.0000 -40.8158 21 18 9
56.5000 -28.0000 -41.8030 22 19 10
57.5000 -28.0000 -42.7243 22 19 10
58.5000 -28.0000 -43.6192 20 17 8
59.5000 -28.0000 -44.5309 18 15 8
60.5000 -28.0000 -45.4984 20 16 15
61.5000 -28.0000 -46.5509 18 16 17
62.5000 -28.0000 -47.7026 17 17 17
63.5000 -28.0000 -48.9493 15 15 15
64.5000 -28.0000 -50.2678 13 15 14
-111.5000 -29.0000 -120.0754 16 12 13
-89.5000 -29.0000 -58.2950 17 17 9
-88.5000 -29.0000 -52.3532 25 25 13
-87.5000 -29.0000 -46.5568 36 34 22
-86.5000 -29.0000 -41.2147 45 43 28
-85.5000 -29.0000 -36.5270 53 51 36
-84.5000 -29.0000 -32.5828 59 56 37
-83.5000 -29.0000 -29.3807 70 63 44
-82.5000 -29.0000 -26.8570 75 67 46
-81.5000 -29.0000 -24.9131 81 73 52
-80.5000 -29.0000 -23.4375 86 78 55
-79.5000 -29.0000 -22.3225 89 81 58
-78.5000 -29.0000 -21.4734 95 84 62
-77.5000 -29.0000 -20.8133 98 87 65
-76.5000 -29.0000 -20.2832 101 91 66
-75.5000 -29.0000 -19.8402 108 96 72
-74.5000 -29.0000 -19.4545 110 98 72
-73.5000 -29.0000 -19.1069 114 100 74
-72.5000 -29.0000 -18.7854 115 101 75
-71.5000 -29.0000 -18.4839 116 102 76
-70.5000 -29.0000 -18.1999 121 107 80
-69.5000 -29.0000 -17.9333 128 114 87
-68.5000 -29.0000 -17.6849 134 120 93
-67.5000 -29.0000 -17.4549 131 120 92
-66.5000 -29.0000 -17.2420 132 121 91
-65.5000 -29.0000 -17.0438 134 123 93
-64.5000 -29.0000 -16.8570 138 127 95
-63.5000 -29.0000 -16.6788 143 130 98
-62.5000 -29.0000 -16.5070 147 134 100
-61.5000 -29.0000 -16.3405 152 136 103
-60.5000 -29.0000 -16.1791 154 138 104
-59.5000 -29.0000 -16.0235 151 133 97
-58.5000 -29.0000 -15.8754 157 139 101
-57.5000 -29.0000 -15.7381 166 144 107
-56.5000 -29.0000 -15.6157 168 146 107
-55.5000 -29.0000 -15.5134 172 148 110
-54.5000 -29.0000 -15.4363 176 153 112
-53.5000 -29.0000 -15.3887 175 152 111
-52.5000 -29.0000 -15.3733 170 148 107
-51.5000 -29.0000 -15.3910 178 159 117
-50.5000 -29.0000 -15.4396 175 156 114
-49.5000 -29.0000 -15.5140 168 149 107
-48.5000 -29.0000 -15.6060 159 140 98
-47.5000 -29.0000 -15.7062 151 132 90
-46.5000 -29.0000 -15.8055 150 128 89
-45.5000 -29.0000 -15.8988 150 128 89
-44.5000 -29.0000 -15.9857 152 130 91
-43.5000 -29.0000 -16.0713 156 134 97
-42.5000 -29.0000 -16.1639 160 136 100
-41.5000 -29.0000 -16.2722 158 134 98
-40.5000 -29.0000 -16.4023 149 125 91
-39.5000 -29.0000 -16.5572 143 117 84
-38.5000 -29.0000 -16.7367 145 119 86
-37.5000 -29.0000 -16.9397 149 123 90
-36.5000 -29.0000 -17.1650 150 126 92
-35.5000 -29.0000 -17.4125 145 122 88
-34.5000 -29.0000 -17.6830 136 116 79
-33.5000 -29.0000 -17.9795 129 109 74
-32.5000 -29.0000 -18.3074 124 106 70
-31.5000 -29.0000 -18.6739 124 105 72
-30.5000 -29.0000 -19.0868 120 104 70
-29.5000 -29.0000 -19.5505 114 98 65
-28.5000 -29.0000 -20.0636 107 92 61
-27.5000 -29.0000 -20.6166 106 92 63
-26.5000 -29.0000 -21.1932 97 86 56
-25.5000 -29.0000 -21.7720 93 82 54
-24.5000 -29.0000 -22.3299 92 83 54
-23.5000 -29.0000 -22.8436 89 79 52
-22.5000 -29.0000 -23.2926 80 73 45
-21.5000 -29.0000 -23.6620 78 71 45
-20.5000 -29.0000 -23.9460 81 73 50
-19.5000 -29.0000 -24.1495 84 73 53
-18.5000 -29.0000 -24.2871 89 76 59
-17.5000 -29.0000 -24.3786 87 76 58
-16.5000 -29.0000 -24.4436 82 71 53
-15.5000 -29.0000 -24.4972 76 68 49
-14.5000 -29.0000 -24.5475 76 69 50
-13.5000 -29.0000 -24.5970 77 72 53
-12.5000 -29.0000 -24.6439 74 71 52
-11.5000 -29.0000 -24.6840 68 65 48
-10.5000 -29.0000 -24.7125 66 63 46
-9.5000 -29.0000 -24.7248 66 63 46
-8.5000 -29.0000 -24.7173 69 66 51
-7.5000 -29.0000 -24.6879 72 69 54
-6.5000 -29.0000 -24.6354 73 70 55
-5.5000 -29.0000 -24.5589 74 68 54
-4.5000 -29.0000 -24.4577 71 65 51
-3.5000 -29.0000 -24.3315 72 69 54
-2.5000 -29.0000 -24.1809 71 70 52
-1.5000 -29.0000 -24.0078 72 70 55
-0.5000 -29.0000 -23.8150 72 71 53
0.5000 -29.0000 -23.6066 71 68 51
1.5000 -29.0000 -23.3877 68 65 46
2.5000 -29.0000 -23.1645 65 62 45
3.5000 -29.0000 -22.9439 63 60 41
4.5000 -29.0000 -22.7325 76 71 52
5.5000 -29.0000 -22.5359 74 69 49
6.5000 -29.0000 -22.3585 72 65 46
7.5000 -29.0000 -22.2037 71 65 43
8.5000 -29.0000 -22.0749 72 65 46
9.5000 -29.0000 -21.9767 75 69 47
10.5000 -29.0000 -21.9161 80 72 51
11.5000 -29.0000 -21.9027 83 75 52
12.5000 -29.0000 -21.9476 91 83 60
13.5000 -29.0000 -22.0609 93 87 61
14.5000 -29.0000 -22.2474 97 89 66
15.5000 -29.0000 -22.5031 95 89 65
16.5000 -29.0000 -22.8115 90 82 61
17.5000 -29.0000 -23.1441 79 73 51
18.5000 -29.0000 -23.4632 68 62 40
19.5000 -29.0000 -23.7285 62 56 34
20.5000 -29.0000 -23.9057 68 60 39
21.5000 -29.0000 -23.9741 68 60 39
22.5000 -29.0000 -23.9323 69 61 40
23.5000 -29.0000 -23.7987 71 63 40
24.5000 -29.0000 -23.6073 74 66 43
25.5000 -29.0000 -23.3989 78 71 45
26.5000 -29.0000 -23.2117 82 75 49
27.5000 -29.0000 -23.0736 87 77 50
28.5000 -29.0000 -22.9989 84 70 44
29.5000 -29.0000 -22.9898 84 68 43
30.5000 -29.0000 -23.0403 83 67 44
31.5000 -29.0000 -23.1423 81 65 42
32.5000 -29.0000 -23.2892 80 65 44
33.5000 -29.0000 -23.4788 80 65 44
34.5000 -29.0000 -23.7130 79 66 47
35.5000 -29.0000 -23.9969 79 66 47
36.5000 -29.0000 -24.3364 78 67 49
37.5000 -29.0000 -24.7366 72 63 46
38.5000 -29.0000 -25.2006 67 60 44
39.5000 -29.0000 -25.7302 64 58 42
40.5000 -29.0000 -26.3256 60 57 42
41.5000 -29.0000 -26.9868 57 54 39
42.5000 -29.0000 -27.7130 52 50 37
43.5000 -29.0000 -28.5033 49 47 32
44.5000 -29.0000 -29.3574 50 47 30
45.5000 -29.0000 -30.2773 45 42 25
46.5000 -29.0000 -31.2682 39 37 22
47.5000 -29.0000 -32.3374 36 34 19
48.5000 -29.0000 -33.4893 34 35 21
49.5000 -29.0000 -34.7193 31 31 19
50.5000 -29.0000 -36.0076 25 25 15
51.5000 -29.0000 -37.3174 19 20 12
52.5000 -29.0000 -38.6007 25 25 17
53.5000 -29.0000 -39.8105 22 22 14
54.5000 -29.0000 -40.9152 19 19 11
55.5000 -29.0000 -41.9092 18 18 10
56.5000 -29.0000 -42.8154 22 19 10
57.5000 -29.0000 -43.6773 23 20 11
58.5000 -29.0000 -44.5454 23 19 10
59.5000 -29.0000 -45.4640 20 17 10
60.5000 -29.0000 -46.4628 21 17 16
61.5000 -29.0000 -47.5543 18 16 17
62.5000 -29.0000 -48.7350 15 15 15
63.5000 -29.0000 -49.9876 13 13 13
-111.5000 -30.0000 -117.2368 16 12 13
-88.5000 -30.0000 -57.1684 18 18 6
-87.5000 -30.0000 -51.1381 27 25 13
-86.5000 -30.0000 -45.3469 36 34 19
-85.5000 -30.0000 -40.0775 47 45 30
-84.5000 -30.0000 -35.5054 55 52 33
-83.5000 -30.0000 -31.7016 68 61 42
-82.5000 -30.0000 -28.6517 71 65 43
-81.5000 -30.0000 -26.2805 77 69 48
-80.5000 -30.0000 -24.4790 83 75 54
-79.5000 -30.0000 -23.1277 87 79 58
-78.5000 -30.0000 -22.1140 91 83 60
-77.5000 -30.0000 -21.3425 95 87 64
-76.5000 -30.0000 -20.7380 98 87 65
-75.5000 -30.0000 -20.2452 99 88 66
-74.5000 -30.0000 -19.8256 105 93 69
-73.5000 -30.0000 -19.4537 111 99 75
-72.5000 -30.0000 -19.1139 114 102 76
-71.5000 -30.0000 -18.7974 118 104 78
-70.5000 -30.0000 -18.5007 119 105 79
-69.5000 -30.0000 -18.2232 121 107 81
-68.5000 -30.0000 -17.9656 123 109 82
-67.5000 -30.0000 -17.7283 128 117 89
-66.5000 -30.0000 -17.5104 129 118 90
-65.5000 -30.0000 -17.3093 133 122 92
-64.5000 -30.0000 -17.1217 136 125 95
-63.5000 -30.0000 -16.9443 142 128 99
-62.5000 -30.0000 -16.7747 144 131 99
-61.5000 -30.0000 -16.6112 148 132 99
-60.5000 -30.0000 -16.4530 149 133 100
-59.5000 -30.0000 -16.3004 150 131 98
-58.5000 -30.0000 -16.1548 154 136 100
-57.5000 -30.0000 -16.0189 161 139 102
-56.5000 -30.0000 -15.8972 165 143 106
-55.5000 -30.0000 -15.7949 169 145 107
-54.5000 -30.0000 -15.7175 171 147 109
-53.5000 -30.0000 -15.6693 170 147 106
-52.5000 -30.0000 -15.6534 168 146 105
-51.5000 -30.0000 -15.6701 173 156 113
-50.5000 -30.0000 -15.7169 168 151 108
-49.5000 -30.0000 -15.7882 161 144 101
-48.5000 -30.0000 -15.8759 153 136 93
-47.5000 -30.0000 -15.9707 149 131 91
-46.5000 -30.0000 -16.0651 150 131 91
-45.5000 -30.0000 -16.1551 153 134 94
-44.5000 -30.0000 -16.2422 158 136 97
-43.5000 -30.0000 -16.3326 156 134 97
-42.5000 -30.0000 -16.4359 158 136 99
-41.5000 -30.0000 -16.5613 157 133 99
-40.5000 -30.0000 -16.7157 152 128 94
-39.5000 -30.0000 -16.9021 147 121 88
-38.5000 -30.0000 -17.1202 145 119 86
-37.5000 -30.0000 -17.3681 147 120 90
-36.5000 -30.0000 -17.6441 148 123 92
-35.5000 -30.0000 -17.9472 139 116 84
-34.5000 -30.0000 -18.2791 130 111 78
-33.5000 -30.0000 -18.6441 123 104 72
-32.5000 -30.0000 -19.0501 118 102 69
-31.5000 -30.0000 -19.5067 118 101 71
-30.5000 -30.0000 -20.0224 115 100 69
-29.5000 -30.0000 -20.6005 109 94 65
-28.5000 -30.0000 -21.2354 103 89 60
-27.5000 -30.0000 -21.9122 100 89 61
-26.5000 -30.0000 -22.6084 91 81 54
-25.5000 -30.0000 -23.2978 85 75 50
-24.5000 -30.0000 -23.9533 83 76 50
-23.5000 -30.0000 -24.5490 80 72 49
-22.5000 -30.0000 -25.0627 72 66 42
-21.5000 -30.0000 -25.4779 68 62 40
-20.5000 -30.0000 -25.7885 71 63 42
-19.5000 -30.0000 -26.0013 70 59 41
-18.5000 -30.0000 -26.1350 74 61 45
-17.5000 -30.0000 -26.2152 73 61 45
-16.5000 -30.0000 -26.2672 67 58 41
-15.5000 -30.0000 -26.3102 63 56 40
-14.5000 -30.0000 -26.3547 61 55 39
-13.5000 -30.0000 -26.4036 59 56 39
-12.5000 -30.0000 -26.4543 59 57 42
-11.5000 -30.0000 -26.5016 66 64 49
-10.5000 -30.0000 -26.5389 65 63 50
-9.5000 -30.0000 -26.5599 66 64 51
-8.5000 -30.0000 -26.5588 69 65 53
-7.5000 -30.0000 -26.5315 72 68 56
-6.5000 -30.0000 -26.4750 73 69 57
-5.5000 -30.0000 -26.3872 72 65 55
-4.5000 -30.0000 -26.2666 67 63 51
-3.5000 -30.0000 -26.1130 70 68 55
-2.5000 -30.0000 -25.9271 71 69 54
-1.5000 -30.0000 -25.7114 72 70 55
-0.5000 -30.0000 -25.4696 72 70 55
0.5000 -30.0000 -25.2072 72 69 54
1.5000 -30.0000 -24.9314 70 67 50
2.5000 -30.0000 -24.6509 67 64 47
3.5000 -30.0000 -24.3753 65 62 45
4.5000 -30.0000 -24.1135 68 62 46
5.5000 -30.0000 -23.8726 66 61 42
6.5000 -30.0000 -23.6569 66 59 41
7.5000 -30.0000 -23.4686 65 58 39
8.5000 -30.0000 -23.3095 65 58 39
9.5000 -30.0000 -23.1826 66 59 40
10.5000 -30.0000 -23.0941 69 61 42
11.5000 -30.0000 -23.0540 69 63 41
12.5000 -30.0000 -23.0751 73 67 41
13.5000 -30.0000 -23.1703 75 71 44
14.5000 -30.0000 -23.3485 81 77 52
15.5000 -30.0000 -23.6098 86 82 57
16.5000 -30.0000 -23.9405 87 82 60
17.5000 -30.0000 -24.3125 81 74 55
18.5000 -30.0000 -24.6847 70 63 44
19.5000 -30.0000 -25.0096 60 53 34
20.5000 -30.0000 -25.2428 61 52 35
21.5000 -30.0000 -25.3536 63 55 36
22.5000 -30.0000 -25.3327 66 58 39
23.5000 -30.0000 -25.1949 68 60 39
24.5000 -30.0000 -24.9758 70 62 41
25.5000 -30.0000 -24.7219 73 65 42
26.5000 -30.0000 -24.4785 79 68 46
27.5000 -30.0000 -24.2807 81 71 46
28.5000 -30.0000 -24.1479 78 63 40
29.5000 -30.0000 -24.0856 79 63 38
30.5000 -30.0000 -24.0897 78 62 39
31.5000 -30.0000 -24.1527 77 61 38
32.5000 -30.0000 -24.2679 75 60 39
33.5000 -30.0000 -24.4326 73 61 39
34.5000 -30.0000 -24.6479 73 60 41
35.5000 -30.0000 -24.9183 72 61 43
36.5000 -30.0000 -25.2493 72 63 46
37.5000 -30.0000 -25.6465 68 61 43
38.5000 -30.0000 -26.1138 62 56 40
39.5000 -30.0000 -26.6537 60 54 38
40.5000 -30.0000 -27.2672 57 54 39
41.5000 -30.0000 -27.9542 55 52 37
42.5000 -30.0000 -28.7132 50 46 34
43.5000 -30.0000 -29.5425 46 44 31
44.5000 -30.0000 -30.4404 44 42 27
45.5000 -30.0000 -31.4071 38 37 19
46.5000 -30.0000 -32.4457 33 31 16
47.5000 -30.0000 -33.5599 33 31 18
48.5000 -30.0000 -34.7500 35 35 23
49.5000 -30.0000 -36.0060 35 35 25
50.5000 -30.0000 -37.3017 30 30 22
51.5000 -30.0000 -38.5953 24 24 16
52.5000 -30.0000 -39.8365 23 22 17
53.5000 -30.0000 -40.9803 20 19 14
54.5000 -30.0000 -42.0031 17 16 11
55.5000 -30.0000 -42.9124 17 17 9
56.5000 -30.0000 -43.7465 22 19 12
57.5000 -30.0000 -44.5617 23 20 11
58.5000 -30.0000 -45.4145 23 20 11
59.5000 -30.0000 -46.3452 22 19 12
60.5000 -30.0000 -47.3706 21 17 16
61.5000 -30.0000 -48.4853 19 15 16
62.5000 -30.0000 -49.6696 15 13 14
67.5000 -30.0000 -55.7823 8 14 12
-87.5000 -31.0000 -56.2086 18 16 4
-86.5000 -31.0000 -50.0210 27 25 10
-85.5000 -31.0000 -44.1842 39 37 22
-84.5000 -31.0000 -38.9619 49 46 29
-83.5000 -31.0000 -34.5061 62 57 38
-82.5000 -31.0000 -30.8625 65 60 40
-81.5000 -31.0000 -27.9909 70 63 44
-80.5000 -31.0000 -25.7935 77 70 51
-79.5000 -31.0000 -24.1450 83 76 57
-78.5000 -31.0000 -22.9176 88 82 60
-77.5000 -31.0000 -21.9970 90 84 62
-76.5000 -31.0000 -21.2905 92 84 61
-75.5000 -31.0000 -20.7282 93 85 62
-74.5000 -31.0000 -20.2606 99 88 66
-73.5000 -31.0000 -19.8547 105 94 72
-72.5000 -31.0000 -19.4897 108 98 73
-71.5000 -31.0000 -19.1538 110 98 74
-70.5000 -31.0000 -18.8414 112 100 76
-69.5000 -31.0000 -18.5509 115 103 79
-68.5000 -31.0000 -18.2829 118 106 80
-67.5000 -31.0000 -18.0375 125 114 86
-66.5000 -31.0000 -17.8139 127 116 88
-65.5000 -31.0000 -17.6095 130 119 91
-64.5000 -31.0000 -17.4206 133 122 92
-63.5000 -31.0000 -17.2437 138 124 95
-62.5000 -31.0000 -17.0758 141 128 96
-61.5000 -31.0000 -16.9147 144 128 95
-60.5000 -31.0000 -16.7591 145 129 96
-59.5000 -31.0000 -16.6086 151 132 99
-58.5000 -31.0000 -16.4639 152 134 98
-57.5000 -31.0000 -16.3278 159 137 100
-56.5000 -31.0000 -16.2046 163 141 104
-55.5000 -31.0000 -16.0997 167 143 105
-54.5000 -31.0000 -16.0190 167 143 105
-53.5000 -31.0000 -15.9673 167 143 105
-52.5000 -31.0000 -15.9475 167 145 106
-51.5000 -31.0000 -15.9600 159 141 101
-50.5000 -31.0000 -16.0022 153 138 97
-49.5000 -31.0000 -16.0683 148 133 92
-48.5000 -31.0000 -16.1504 145 130 89
-47.5000 -31.0000 -16.2401 144 129 90
-46.5000 -31.0000 -16.3306 148 130 92
-45.5000 -31.0000 -16.4191 150 132 94
-44.5000 -31.0000 -16.5082 153 133 96
-43.5000 -31.0000 -16.6054 152 129 95
-42.5000 -31.0000 -16.7210 153 130 96
-41.5000 -31.0000 -16.8653 154 129 98
-40.5000 -31.0000 -17.0461 153 128 97
-39.5000 -31.0000 -17.2670 147 122 91
-38.5000 -31.0000 -17.5279 141 116 85
-37.5000 -31.0000 -17.8266 140 113 84
-36.5000 -31.0000 -18.1606 139 114 84
-35.5000 -31.0000 -18.5290 129 108 77
-34.5000 -31.0000 -18.9342 121 102 70
-33.5000 -31.0000 -19.3825 113 94 64
-32.5000 -31.0000 -19.8838 109 92 62
-31.5000 -31.0000 -20.4494 110 93 65
-30.5000 -31.0000 -21.0875 109 94 65
-29.5000 -31.0000 -21.7979 106 90 64
-28.5000 -31.0000 -22.5695 100 86 60
-27.5000 -31.0000 -23.3804 93 81 57
-26.5000 -31.0000 -24.2018 82 72 47
-25.5000 -31.0000 -25.0027 75 64 42
-24.5000 -31.0000 -25.7532 72 64 41
-23.5000 -31.0000 -26.4261 69 61 40
-22.5000 -31.0000 -26.9980 60 54 32
-21.5000 -31.0000 -27.4518 55 48 29
-20.5000 -31.0000 -27.7816 55 48 30
-19.5000 -31.0000 -27.9963 57 45 31
-18.5000 -31.0000 -28.1188 59 45 32
-17.5000 -31.0000 -28.1807 59 47 33
-16.5000 -31.0000 -28.2134 56 47 32
-15.5000 -31.0000 -28.2405 51 45 31
-14.5000 -31.0000 -28.2752 46 43 28
-13.5000 -31.0000 -28.3209 45 43 28
-12.5000 -31.0000 -28.3749 46 47 33
-11.5000 -31.0000 -28.4311 47 48 34
-10.5000 -31.0000 -28.4817 46 46 34
-9.5000 -31.0000 -28.5184 46 46 34
-8.5000 -31.0000 -28.5333 51 49 37
-7.5000 -31.0000 -28.5196 55 51 40
-6.5000 -31.0000 -28.4720 55 51 40
-5.5000 -31.0000 -28.3862 53 46 38
-4.5000 -31.0000 -28.2590 48 44 33
-3.5000 -31.0000 -28.0887 63 61 49
-2.5000 -31.0000 -27.8751 61 62 48
-1.5000 -31.0000 -27.6205 64 62 49
-0.5000 -31.0000 -27.3293 65 63 50
0.5000 -31.0000 -27.0089 67 65 52
1.5000 -31.0000 -26.6697 68 66 51
2.5000 -31.0000 -26.3247 71 68 53
3.5000 -31.0000 -25.9877 72 69 52
4.5000 -31.0000 -25.6712 68 62 46
5.5000 -31.0000 -25.3846 69 63 47
6.5000 -31.0000 -25.1326 71 65 49
7.5000 -31.0000 -24.9163 72 67 48
8.5000 -31.0000 -24.7355 73 66 48
9.5000 -31.0000 -24.5914 72 65 47
10.5000 -31.0000 -24.4885 71 64 46
11.5000 -31.0000 -24.4358 69 63 41
12.5000 -31.0000 -24.4462 63 62 34
13.5000 -31.0000 -24.5337 63 62 34
14.5000 -31.0000 -24.7095 66 64 39
15.5000 -31.0000 -24.9765 72 70 45
16.5000 -31.0000 -25.3244 75 73 50
17.5000 -31.0000 -25.7262 73 68 48
18.5000 -31.0000 -26.1397 64 59 40
19.5000 -31.0000 -26.5124 57 50 32
20.5000 -31.0000 -26.7923 56 47 32
21.5000 -31.0000 -26.9394 59 50 33
22.5000 -31.0000 -26.9366 65 53 37
23.5000 -31.0000 -26.7942 69 58 40
24.5000 -31.0000 -26.5477 72 61 41
25.5000 -31.0000 -26.2475 74 63 41
26.5000 -31.0000 -25.9451 76 64 42
27.5000 -31.0000 -25.6818 76 64 40
28.5000 -31.0000 -25.4828 79 63 40
29.5000 -31.0000 -25.3576 79 61 39
30.5000 -31.0000 -25.3054 78 61 41
31.5000 -31.0000 -25.3204 76 59 39
32.5000 -31.0000 -25.3971 74 59 40
33.5000 -31.0000 -25.5322 70 57 38
34.5000 -31.0000 -25.7259 69 56 39
35.5000 -31.0000 -25.9811 67 56 38
36.5000 -31.0000 -26.3025 67 58 41
37.5000 -31.0000 -26.6951 62 55 39
38.5000 -31.0000 -27.1633 57 51 37
39.5000 -31.0000 -27.7101 55 49 35
40.5000 -31.0000 -28.3369 55 49 37
41.5000 -31.0000 -29.0432 51 47 35
42.5000 -31.0000 -29.8272 47 43 32
43.5000 -31.0000 -30.6857 42 40 27
44.5000 -31.0000 -31.6155 41 42 26
45.5000 -31.0000 -32.6148 35 36 18
46.5000 -31.0000 -33.6837 30 31 15
47.5000 -31.0000 -34.8226 31 32 18
48.5000 -31.0000 -36.0272 37 35 23
49.5000 -31.0000 -37.2823 37 34 25
50.5000 -31.0000 -38.5577 32 29 22
51.5000 -31.0000 -39.8091 27 24 19
52.5000 -31.0000 -40.9872 23 19 16
53.5000 -31.0000 -42.0529 20 17 12
54.5000 -31.0000 -42.9924 18 15 10
55.5000 -31.0000 -43.8257 19 16 9
56.5000 -31.0000 -44.6030 19 19 11
57.5000 -31.0000 -45.3881 21 21 11
58.5000 -31.0000 -46.2368 21 21 11
59.5000 -31.0000 -47.1802 20 20 12
60.5000 -31.0000 -48.2192 20 16 15
61.5000 -31.0000 -49.3320 18 14 15
-86.5000 -32.0000 -55.0581 19 17 2
-85.5000 -32.0000 -48.7315 30 28 13
-84.5000 -32.0000 -42.8970 39 38 20
-83.5000 -32.0000 -37.7881 55 52 33
-82.5000 -32.0000 -33.5179 56 53 34
-81.5000 -32.0000 -30.0919 60 57 38
-80.5000 -32.0000 -27.4355 67 65 44
-79.5000 -32.0000 -25.4272 75 73 52
-78.5000 -32.0000 -23.9302 80 78 57
-77.5000 -32.0000 -22.8146 84 79 59
-76.5000 -32.0000 -21.9700 84 79 57
-75.5000 -32.0000 -21.3110 94 88 66
-74.5000 -32.0000 -20.7754 94 88 64
-73.5000 -32.0000 -20.3211 95 87 64
-72.5000 -32.0000 -19.9209 95 87 64
-71.5000 -32.0000 -19.5586 97 89 66
-70.5000 -32.0000 -19.2260 103 96 70
-69.5000 -32.0000 -18.9198 112 105 79
-68.5000 -32.0000 -18.6393 121 111 86
-67.5000 -32.0000 -18.3846 122 110 84
-66.5000 -32.0000 -18.1542 122 111 83
-65.5000 -32.0000 -17.9455 124 113 85
-64.5000 -32.0000 -17.7546 126 115 87
-63.5000 -32.0000 -17.5774 131 117 88
-62.5000 -32.0000 -17.4106 134 120 91
-61.5000 -32.0000 -17.2514 139 122 92
-60.5000 -32.0000 -17.0975 140 124 91
-59.5000 -32.0000 -16.9479 148 129 96
-58.5000 -32.0000 -16.8029 147 128 95
-57.5000 -32.0000 -16.6648 153 130 96
-56.5000 -32.0000 -16.5378 159 137 100
-55.5000 -32.0000 -16.4279 162 138 102
-54.5000 -32.0000 -16.3411 160 136 98
-53.5000 -32.0000 -16.2828 161 137 99
-52.5000 -32.0000 -16.2564 163 141 102
-51.5000 -32.0000 -16.2623 152 137 96
-50.5000 -32.0000 -16.2980 149 136 94
-49.5000 -32.0000 -16.3581 147 132 91
-48.5000 -32.0000 -16.4349 147 132 91
-47.5000 -32.0000 -16.5204 149 134 95
-46.5000 -32.0000 -16.6086 150 135 96
-45.5000 -32.0000 -16.6974 152 134 96
-44.5000 -32.0000 -16.7899 152 134 96
-43.5000 -32.0000 -16.8946 143 123 88
-42.5000 -32.0000 -17.0229 144 121 87
-41.5000 -32.0000 -17.1867 145 120 89
-40.5000 -32.0000 -17.3952 146 121 90
-39.5000 -32.0000 -17.6533 141 116 85
-38.5000 -32.0000 -17.9617 131 106 75
-37.5000 -32.0000 -18.3182 126 99 70
-36.5000 -32.0000 -18.7202 125 100 70
-35.5000 -32.0000 -19.1670 116 95 66
-34.5000 -32.0000 -19.6616 108 88 61
-33.5000 -32.0000 -20.2116 100 83 55
-32.5000 -32.0000 -20.8279 98 81 55
-31.5000 -32.0000 -21.5213 99 83 57
-30.5000 -32.0000 -22.2972 99 83 58
-29.5000 -32.0000 -23.1501 94 80 54
-28.5000 -32.0000 -24.0617 88 76 52
-27.5000 -32.0000 -25.0030 77 66 44
-26.5000 -32.0000 -25.9394 66 55 35
-25.5000 -32.0000 -26.8368 56 48 27
-24.5000 -32.0000 -27.6646 55 48 29
-23.5000 -32.0000 -28.3962 53 46 28
-22.5000 -32.0000 -29.0084 46 39 21
-21.5000 -32.0000 -29.4847 39 34 15
-20.5000 -32.0000 -29.8199 39 32 16
-19.5000 -32.0000 -30.0253 46 34 22
-18.5000 -32.0000 -30.1281 46 34 22
-17.5000 -32.0000 -30.1656 48 36 24
-16.5000 -32.0000 -30.1745 47 39 26
-15.5000 -32.0000 -30.1823 44 38 24
-14.5000 -32.0000 -30.2045 36 34 21
-13.5000 -32.0000 -30.2453 34 35 21
-12.5000 -32.0000 -30.3021 37 39 25
-11.5000 -32.0000 -30.3684 32 34 21
-10.5000 -32.0000 -30.4359 30 32 19
-9.5000 -32.0000 -30.4948 30 30 20
-8.5000 -32.0000 -30.5352 32 32 22
-7.5000 -32.0000 -30.5476 36 33 24
-6.5000 -32.0000 -30.5239 38 34 25
-5.5000 -32.0000 -30.4570 37 30 22
-4.5000 -32.0000 -30.3406 32 28 19
-3.5000 -32.0000 -30.1703 47 44 35
-2.5000 -32.0000 -29.9438 45 45 33
-1.5000 -32.0000 -29.6619 47 45 33
-0.5000 -32.0000 -29.3298 48 46 33
0.5000 -32.0000 -28.9574 51 49 36
1.5000 -32.0000 -28.5593 56 54 41
2.5000 -32.0000 -28.1540 62 58 46
3.5000 -32.0000 -27.7608 65 62 47
4.5000 -32.0000 -27.3967 68 62 48
5.5000 -32.0000 -27.0734 71 65 49
6.5000 -32.0000 -26.7959 75 69 53
7.5000 -32.0000 -26.5642 78 72 56
8.5000 -32.0000 -26.3758 80 73 57
9.5000 -32.0000 -26.2294 79 72 54
10.5000 -32.0000 -26.1273 76 69 51
11.5000 -32.0000 -26.0770 73 68 48
12.5000 -32.0000 -26.0901 73 73 45
13.5000 -32.0000 -26.1802 69 72 41
14.5000 -32.0000 -26.3593 69 69 43
15.5000 -32.0000 -26.6320 69 69 45
16.5000 -32.0000 -26.9903 69 68 47
17.5000 -32.0000 -27.4096 67 64 45
18.5000 -32.0000 -27.8479 63 57 41
19.5000 -32.0000 -28.2509 58 52 36
20.5000 -32.0000 -28.5613 53 44 29
21.5000 -32.0000 -28.7325 53 44 29
22.5000 -32.0000 -28.7405 56 44 30
23.5000 -32.0000 -28.5913 61 49 33
24.5000 -32.0000 -28.3186 68 55 38
25.5000 -32.0000 -27.9747 71 58 39
26.5000 -32.0000 -27.6150 71 59 37
27.5000 -32.0000 -27.2858 71 56 35
28.5000 -32.0000 -27.0173 75 59 36
29.5000 -32.0000 -26.8237 76 58 36
30.5000 -32.0000 -26.7082 75 58 38
31.5000 -32.0000 -26.6683 73 58 37
32.5000 -32.0000 -26.7000 71 56 37
33.5000 -32.0000 -26.8005 67 54 35
34.5000 -32.0000 -26.9687 64 53 35
35.5000 -32.0000 -27.2056 60 51 34
36.5000 -32.0000 -27.5143 60 53 37
37.5000 -32.0000 -27.8992 57 50 34
38.5000 -32.0000 -28.3646 52 46 32
39.5000 -32.0000 -28.9137 50 44 30
40.5000 -32.0000 -29.5478 50 44 32
41.5000 -32.0000 -30.2659 48 42 30
42.5000 -32.0000 -31.0651 43 39 28
43.5000 -32.0000 -31.9406 38 36 23
44.5000 -32.0000 -32.8875 40 43 26
45.5000 -32.0000 -33.9017 35 40 20
46.5000 -32.0000 -34.9805 31 34 17
47.5000 -32.0000 -36.1204 30 31 17
48.5000 -32.0000 -37.3130 32 30 18
49.5000 -32.0000 -38.5392 32 27 21
50.5000 -32.0000 -39.7667 29 21 18
51.5000 -32.0000 -40.9520 24 16 13
52.5000 -32.0000 -42.0507 26 18 16
53.5000 -32.0000 -43.0322 23 15 13
54.5000 -32.0000 -43.8937 19 14 11
55.5000 -32.0000 -44.6661 18 15 10
56.5000 -32.0000 -45.4065 19 19 11
57.5000 -32.0000 -46.1791 20 22 11
58.5000 -32.0000 -47.0323 18 21 10
59.5000 -32.0000 -47.9832 18 20 9
60.5000 -32.0000 -49.0167 15 14 12
61.5000 -32.0000 -50.0974 16 12 13
-85.5000 -33.0000 -53.5467 22 20 5
-84.5000 -33.0000 -47.2094 31 30 12
-83.5000 -33.0000 -41.5083 48 47 29
-82.5000 -33.0000 -36.6253 49 48 30
-81.5000 -33.0000 -32.6212 53 52 34
-80.5000 -33.0000 -29.4575 60 59 39
-79.5000 -33.0000 -27.0300 69 68 48
-78.5000 -33.0000 -25.2034 75 74 54
-77.5000 -33.0000 -23.8384 78 75 56
-76.5000 -33.0000 -22.8107 77 75 54
-75.5000 -33.0000 -22.0193 89 84 64
-74.5000 -33.0000 -21.3888 89 84 62
-73.5000 -33.0000 -20.8663 90 84 62
-72.5000 -33.0000 -20.4167 90 84 62
-71.5000 -33.0000 -20.0184 92 86 64
-70.5000 -33.0000 -19.6591 99 93 69
-69.5000 -33.0000 -19.3327 109 103 79
-68.5000 -33.0000 -19.0369 118 111 85
-67.5000 -33.0000 -18.7705 115 105 78
-66.5000 -33.0000 -18.5316 116 104 78
-65.5000 -33.0000 -18.3170 116 105 77
-64.5000 -33.0000 -18.1226 117 106 78
-63.5000 -33.0000 -17.9441 122 108 79
-62.5000 -33.0000 -17.7776 125 111 82
-61.5000 -33.0000 -17.6194 131 114 84
-60.5000 -33.0000 -17.4665 133 117 84
-59.5000 -33.0000 -17.3170 141 122 89
-58.5000 -33.0000 -17.1705 138 119 86
-57.5000 -33.0000 -17.0288 143 120 86
-56.5000 -33.0000 -16.8963 150 128 91
-55.5000 -33.0000 -16.7793 153 129 93
-54.5000 -33.0000 -16.6843 150 126 90
-53.5000 -33.0000 -16.6175 150 126 88
-52.5000 -33.0000 -16.5826 154 132 93
-51.5000 -33.0000 -16.5806 152 137 98
-50.5000 -33.0000 -16.6095 147 135 95
-49.5000 -33.0000 -16.6639 145 131 92
-48.5000 -33.0000 -16.7366 145 131 92
-47.5000 -33.0000 -16.8197 148 133 94
-46.5000 -33.0000 -16.9073 149 134 95
-45.5000 -33.0000 -16.9975 150 132 96
-44.5000 -33.0000 -17.0940 147 129 93
-43.5000 -33.0000 -17.2061 152 132 99
-42.5000 -33.0000 -17.3469 147 127 94
-41.5000 -33.0000 -17.5305 147 124 93
-40.5000 -33.0000 -17.7683 147 124 93
-39.5000 -33.0000 -18.0672 143 118 88
-38.5000 -33.0000 -18.4295 132 107 77
-37.5000 -33.0000 -18.8535 127 100 71
-36.5000 -33.0000 -19.3369 127 101 74
-35.5000 -33.0000 -19.8791 106 86 59
-34.5000 -33.0000 -20.4831 100 83 57
-33.5000 -33.0000 -21.1558 95 78 52
-32.5000 -33.0000 -21.9065 94 76 52
-31.5000 -33.0000 -22.7423 94 78 53
-30.5000 -33.0000 -23.6628 92 76 53
-29.5000 -33.0000 -24.6555 84 69 48
-28.5000 -33.0000 -25.6944 75 62 43
-27.5000 -33.0000 -26.7443 63 52 32
-26.5000 -33.0000 -27.7674 52 41 23
-25.5000 -33.0000 -28.7295 42 33 16
-24.5000 -33.0000 -29.6021 43 36 18
-23.5000 -33.0000 -30.3616 43 36 20
-22.5000 -33.0000 -30.9870 37 31 15
-21.5000 -33.0000 -31.4633 31 25 9
-20.5000 -33.0000 -31.7868 31 23 10
-19.5000 -33.0000 -31.9711 38 26 14
-18.5000 -33.0000 -32.0475 37 24 15
-17.5000 -33.0000 -32.0573 40 27 18
-16.5000 -33.0000 -32.0413 42 34 23
-15.5000 -33.0000 -32.0297 38 34 22
-14.5000 -33.0000 -32.0391 31 29 17
-13.5000 -33.0000 -32.0743 29 29 17
-12.5000 -33.0000 -32.1329 34 36 23
-11.5000 -33.0000 -32.2091 31 33 22
-10.5000 -33.0000 -32.2945 28 31 20
-9.5000 -33.0000 -32.3791 26 27 19
-8.5000 -33.0000 -32.4514 27 27 19
-7.5000 -33.0000 -32.5000 31 28 21
-6.5000 -33.0000 -32.5135 34 29 23
-5.5000 -33.0000 -32.4815 35 28 22
-4.5000 -33.0000 -32.3940 31 26 20
-3.5000 -33.0000 -32.2424 33 30 21
-2.5000 -33.0000 -32.0211 30 30 18
-1.5000 -33.0000 -31.7291 29 29 17
-0.5000 -33.0000 -31.3720 30 30 18
0.5000 -33.0000 -30.9628 35 33 21
1.5000 -33.0000 -30.5215 39 37 24
2.5000 -33.0000 -30.0726 44 40 28
3.5000 -33.0000 -29.6414 47 44 29
4.5000 -33.0000 -29.2491 54 51 36
5.5000 -33.0000 -28.9096 57 54 39
6.5000 -33.0000 -28.6277 62 56 42
7.5000 -33.0000 -28.4011 66 60 44
8.5000 -33.0000 -28.2247 69 62 46
9.5000 -33.0000 -28.0943 70 63 47
10.5000 -33.0000 -28.0100 70 63 47
11.5000 -33.0000 -27.9772 68 63 43
12.5000 -33.0000 -28.0055 72 72 44
13.5000 -33.0000 -28.1072 67 72 40
14.5000 -33.0000 -28.2933 64 67 40
15.5000 -33.0000 -28.5693 61 63 39
16.5000 -33.0000 -28.9291 61 60 39
17.5000 -33.0000 -29.3505 59 56 37
18.5000 -33.0000 -29.7935 59 53 37
19.5000 -33.0000 -30.2040 56 50 36
20.5000 -33.0000 -30.5233 51 41 29
21.5000 -33.0000 -30.7012 44 34 22
22.5000 -33.0000 -30.7095 41 29 15
23.5000 -33.0000 -30.5502 45 33 17
24.5000 -33.0000 -30.2549 55 42 25
25.5000 -33.0000 -29.8750 65 50 31
26.5000 -33.0000 -29.4672 65 50 29
27.5000 -33.0000 -29.0804 64 47 27
28.5000 -33.0000 -28.7481 66 48 28
29.5000 -33.0000 -28.4888 66 48 28
30.5000 -33.0000 -28.3100 66 49 31
31.5000 -33.0000 -28.2129 66 51 32
32.5000 -33.0000 -28.1963 65 49 33
33.5000 -33.0000 -28.2580 62 49 32
34.5000 -33.0000 -28.3960 59 47 31
35.5000 -33.0000 -28.6098 56 47 30
36.5000 -33.0000 -28.9010 55 48 32
37.5000 -33.0000 -29.2731 52 44 31
38.5000 -33.0000 -29.7300 48 42 30
39.5000 -33.0000 -30.2748 46 40 28
40.5000 -33.0000 -30.9084 46 39 29
41.5000 -33.0000 -31.6286 44 37 27
42.5000 -33.0000 -32.4308 41 34 26
43.5000 -33.0000 -33.3085 35 33 21
44.5000 -33.0000 -34.2548 32 37 17
45.5000 -33.0000 -35.2633 28 36 15
46.5000 -33.0000 -36.3286 27 31 14
47.5000 -33.0000 -37.4441 25 27 13
48.5000 -33.0000 -38.5979 28 24 15
49.5000 -33.0000 -39.7690 27 20 14
50.5000 -33.0000 -40.9252 25 15 13
51.5000 -33.0000 -42.0271 24 12 12
52.5000 -33.0000 -43.0381 29 17 19
53.5000 -33.0000 -43.9379 25 15 14
54.5000 -33.0000 -44.7341 21 13 11
55.5000 -33.0000 -45.4652 18 15 10
56.5000 -33.0000 -46.1896 18 18 10
57.5000 -33.0000 -46.9651 18 21 10
58.5000 -33.0000 -47.8271 15 21 9
59.5000 -33.0000 -48.7761 13 19 7
-85.5000 -34.0000 -58.4317 18 16 4
-84.5000 -34.0000 -51.7670 25 26 12
-83.5000 -34.0000 -45.5966 42 44 30
-82.5000 -34.0000 -40.1666 43 45 31
-81.5000 -34.0000 -35.5981 46 49 32
-80.5000 -34.0000 -31.9017 54 57 40
-79.5000 -34.0000 -29.0054 63 66 47
-78.5000 -34.0000 -26.7891 71 73 52
-77.5000 -34.0000 -25.1150 72 74 53
-76.5000 -34.0000 -23.8506 73 72 52
-75.5000 -34.0000 -22.8827 78 75 56
-74.5000 -34.0000 -22.1228 84 79 59
-73.5000 -34.0000 -21.5062 89 84 64
-72.5000 -34.0000 -20.9886 94 88 66
-71.5000 -34.0000 -20.5411 97 91 69
-70.5000 -34.0000 -20.1459 101 95 71
-69.5000 -34.0000 -19.7932 106 100 74
-68.5000 -34.0000 -19.4776 112 105 79
-67.5000 -34.0000 -19.1962 109 102 74
-66.5000 -34.0000 -18.9459 110 100 73
-65.5000 -34.0000 -18.7231 109 99 72
-64.5000 -34.0000 -18.5233 109 100 71
-63.5000 -34.0000 -18.3419 113 102 74
-62.5000 -34.0000 -18.1743 117 106 78
-61.5000 -34.0000 -18.0161 123 109 80
-60.5000 -34.0000 -17.8634 127 112 83
-59.5000 -34.0000 -17.7132 132 115 85
-58.5000 -34.0000 -17.5643 128 112 79
-57.5000 -34.0000 -17.4181 133 112 81
-56.5000 -34.0000 -17.2792 140 119 88
-55.5000 -34.0000 -17.1541 144 121 89
-54.5000 -34.0000 -17.0501 140 117 85
-53.5000 -34.0000 -16.9739 141 118 84
-52.5000 -34.0000 -16.9301 145 125 90
-51.5000 -34.0000 -16.9203 144 128 92
-50.5000 -34.0000 -16.9429 139 125 88
-49.5000 -34.0000 -16.9929 135 121 84
-48.5000 -34.0000 -17.0630 135 119 83
-47.5000 -34.0000 -17.1452 136 120 84
-46.5000 -34.0000 -17.2333 139 121 85
-45.5000 -34.0000 -17.3254 137 117 82
-44.5000 -34.0000 -17.4259 135 115 80
-43.5000 -34.0000 -17.5454 148 128 95
-42.5000 -34.0000 -17.6993 142 119 88
-41.5000 -34.0000 -17.9044 136 113 82
-40.5000 -34.0000 -18.1751 136 112 84
-39.5000 -34.0000 -18.5212 130 106 78
-38.5000 -34.0000 -18.9468 119 95 67
-37.5000 -34.0000 -19.4517 116 90 63
-36.5000 -34.0000 -20.0340 115 94 67
-35.5000 -34.0000 -20.6923 103 85 63
-34.5000 -34.0000 -21.4276 99 82 62
-33.5000 -34.0000 -22.2434 96 79 59
-32.5000 -34.0000 -23.1433 97 80 60
-31.5000 -34.0000 -24.1272 96 81 60
-30.5000 -34.0000 -25.1864 90 75 56
-29.5000 -34.0000 -26.3000 77 64 47
-28.5000 -34.0000 -27.4356 67 56 38
-27.5000 -34.0000 -28.5548 56 44 28
-26.5000 -34.0000 -29.6203 43 34 19
-25.5000 -34.0000 -30.6019 37 28 13
-24.5000 -34.0000 -31.4766 39 31 18
-23.5000 -34.0000 -32.2261 41 33 22
-22.5000 -34.0000 -32.8335 36 30 18
-21.5000 -34.0000 -33.2859 33 25 14
-20.5000 -34.0000 -33.5815 33 23 13
-19.5000 -34.0000 -33.7359 35 21 12
-18.5000 -34.0000 -33.7829 34 20 11
-17.5000 -34.0000 -33.7666 37 24 15
-16.5000 -34.0000 -33.7292 40 32 21
-15.5000 -34.0000 -33.7018 36 32 21
-14.5000 -34.0000 -33.7005 27 27 15
-13.5000 -34.0000 -33.7301 27 29 16
-12.5000 -34.0000 -33.7890 32 36 22
-11.5000 -34.0000 -33.8725 29 35 23
-10.5000 -34.0000 -33.9735 26 32 20
-9.5000 -34.0000 -34.0827 24 27 18
-8.5000 -34.0000 -34.1885 23 26 17
-7.5000 -34.0000 -34.2777 26 27 19
-6.5000 -34.0000 -34.3365 29 29 21
-5.5000 -34.0000 -34.3507 32 27 23
-4.5000 -34.0000 -34.3058 31 26 22
-3.5000 -34.0000 -34.1885 26 23 16
-2.5000 -34.0000 -33.9892 24 24 16
-1.5000 -34.0000 -33.7050 23 23 13
-0.5000 -34.0000 -33.3422 23 23 13
0.5000 -34.0000 -32.9174 24 24 14
1.5000 -34.0000 -32.4561 26 26 16
2.5000 -34.0000 -31.9892 28 28 16
3.5000 -34.0000 -31.5473 29 29 17
4.5000 -34.0000 -31.1554 36 36 24
5.5000 -34.0000 -30.8281 37 38 24
6.5000 -34.0000 -30.5689 41 39 27
7.5000 -34.0000 -30.3730 45 41 29
8.5000 -34.0000 -30.2319 48 44 32
9.5000 -34.0000 -30.1383 53 47 35
10.5000 -34.0000 -30.0899 56 50 38
11.5000 -34.0000 -30.0894 55 52 35
12.5000 -34.0000 -30.1442 49 51 29
13.5000 -34.0000 -30.2641 47 51 26
14.5000 -34.0000 -30.4587 45 47 25
15.5000 -34.0000 -30.7335 43 45 24
16.5000 -34.0000 -31.0839 43 42 24
17.5000 -34.0000 -31.4903 42 40 25
18.5000 -34.0000 -31.9160 43 40 25
19.5000 -34.0000 -32.3096 45 39 27
20.5000 -34.0000 -32.6138 48 40 29
21.5000 -34.0000 -32.7789 36 28 17
22.5000 -34.0000 -32.7756 27 17 5
23.5000 -34.0000 -32.6039 29 19 7
24.5000 -34.0000 -32.2926 43 31 17
25.5000 -34.0000 -31.8906 54 42 26
26.5000 -34.0000 -31.4528 58 45 28
27.5000 -34.0000 -31.0272 56 43 26
28.5000 -34.0000 -30.6483 54 38 22
29.5000 -34.0000 -30.3371 55 39 23
30.5000 -34.0000 -30.1045 58 42 27
31.5000 -34.0000 -29.9558 57 44 28
32.5000 -34.0000 -29.8925 58 45 29
33.5000 -34.0000 -29.9137 56 44 30
34.5000 -34.0000 -30.0175 53 44 29
35.5000 -34.0000 -30.2026 52 42 30
36.5000 -34.0000 -30.4696 53 45 32
37.5000 -34.0000 -30.8216 48 42 30
38.5000 -34.0000 -31.2622 43 39 27
39.5000 -34.0000 -31.7941 42 38 27
40.5000 -34.0000 -32.4171 41 39 27
41.5000 -34.0000 -33.1274 39 37 25
42.5000 -34.0000 -33.9181 36 33 24
43.5000 -34.0000 -34.7805 31 31 19
44.5000 -34.0000 -35.7058 21 25 8
45.5000 -34.0000 -36.6858 19 26 8
46.5000 -34.0000 -37.7132 22 25 8
47.5000 -34.0000 -38.7792 22 22 10
48.5000 -34.0000 -39.8703 24 20 11
49.5000 -34.0000 -40.9656 25 18 12
50.5000 -34.0000 -42.0356 26 16 14
51.5000 -34.0000 -43.0473 27 15 15
52.5000 -34.0000 -43.9734 29 17 17
53.5000 -34.0000 -44.8037 25 15 14
54.5000 -34.0000 -45.5541 21 13 11
55.5000 -34.0000 -46.2659 18 14 11
56.5000 -34.0000 -46.9932 17 18 12
57.5000 -34.0000 -47.7824 17 20 11
58.5000 -34.0000 -48.6522 14 20 10
59.5000 -34.0000 -49.5867 12 18 8
63.5000 -34.0000 -53.1683 13 13 13
64.5000 -34.0000 -53.9368 13 13 13
84.5000 -34.0000 -58.7985 13 14 9
85.5000 -34.0000 -58.5752 13 14 9
-111.5000 -35.0000 -116.2893 16 12 13
-84.5000 -35.0000 -56.4246 15 16 10
-83.5000 -35.0000 -49.9563 21 26 19
-82.5000 -35.0000 -44.0919 29 37 26
-81.5000 -35.0000 -39.0135 43 49 37
-80.5000 -35.0000 -34.7888 53 60 44
-79.5000 -35.0000 -31.3922 58 62 45
-78.5000 -35.0000 -28.7335 60 63 44
-77.5000 -35.0000 -26.6896 62 64 43
-76.5000 -35.0000 -25.1296 65 64 44
-75.5000 -35.0000 -23.9338 75 72 53
-74.5000 -35.0000 -23.0026 81 76 57
-73.5000 -35.0000 -22.2599 87 80 62
-72.5000 -35.0000 -21.6505 91 83 64
-71.5000 -35.0000 -21.1366 92 81 61
-70.5000 -35.0000 -20.6934 92 82 57
-69.5000 -35.0000 -20.3056 95 83 57
-68.5000 -35.0000 -19.9641 95 86 57
-67.5000 -35.0000 -19.6631 102 97 68
-66.5000 -35.0000 -19.3979 102 98 71
-65.5000 -35.0000 -19.1639 105 101 74
-64.5000 -35.0000 -18.9563 108 104 75
-63.5000 -35.0000 -18.7698 111 106 77
-62.5000 -35.0000 -18.5994 113 106 78
-61.5000 -35.0000 -18.4398 116 106 79
-60.5000 -35.0000 -18.2861 117 105 79
-59.5000 -35.0000 -18.1342 119 105 79
-58.5000 -35.0000 -17.9823 118 104 77
-57.5000 -35.0000 -17.8315 122 105 79
-56.5000 -35.0000 -17.6861 129 112 86
-55.5000 -35.0000 -17.5532 138 118 93
-54.5000 -35.0000 -17.4406 144 122 98
-53.5000 -35.0000 -17.3557 143 121 97
-52.5000 -35.0000 -17.3038 142 121 94
-51.5000 -35.0000 -17.2872 139 122 92
-50.5000 -35.0000 -17.3047 143 126 96
-49.5000 -35.0000 -17.3515 144 128 95
-48.5000 -35.0000 -17.4201 143 124 92
-47.5000 -35.0000 -17.5021 145 125 92
-46.5000 -35.0000 -17.5910 145 125 92
-45.5000 -35.0000 -17.6852 137 114 82
-44.5000 -35.0000 -17.7902 124 101 69
-43.5000 -35.0000 -17.9185 130 107 76
-42.5000 -35.0000 -18.0884 130 107 76
-41.5000 -35.0000 -18.3201 131 107 79
-40.5000 -35.0000 -18.6314 131 107 81
-39.5000 -35.0000 -19.0351 127 105 81
-38.5000 -35.0000 -19.5380 120 98 74
-37.5000 -35.0000 -20.1411 109 89 65
-36.5000 -35.0000 -20.8424 99 81 59
-35.5000 -35.0000 -21.6382 91 75 59
-34.5000 -35.0000 -22.5249 89 77 61
-33.5000 -35.0000 -23.4983 87 75 59
-32.5000 -35.0000 -24.5527 85 73 57
-31.5000 -35.0000 -25.6775 86 74 58
-30.5000 -35.0000 -26.8538 83 71 57
-29.5000 -35.0000 -28.0534 65 53 39
-28.5000 -35.0000 -29.2401 44 34 22
-27.5000 -35.0000 -30.3766 41 31 21
-26.5000 -35.0000 -31.4308 37 27 17
-25.5000 -35.0000 -32.3805 37 27 17
-24.5000 -35.0000 -33.2119 41 31 21
-23.5000 -35.0000 -33.9136 39 29 20
-22.5000 -35.0000 -34.4738 32 23 14
-21.5000 -35.0000 -34.8824 31 21 12
-20.5000 -35.0000 -35.1389 36 23 15
-19.5000 -35.0000 -35.2602 45 28 18
-18.5000 -35.0000 -35.2809 46 29 19
-17.5000 -35.0000 -35.2452 44 30 19
-16.5000 -35.0000 -35.1946 36 28 15
-15.5000 -35.0000 -35.1581 28 24 12
-14.5000 -35.0000 -35.1504 21 23 9
-13.5000 -35.0000 -35.1754 18 24 10
-12.5000 -35.0000 -35.2323 18 26 11
-11.5000 -35.0000 -35.3183 17 28 14
-10.5000 -35.0000 -35.4292 16 28 14
-9.5000 -35.0000 -35.5574 17 27 16
-8.5000 -35.0000 -35.6923 19 26 18
-7.5000 -35.0000 -35.8201 20 25 18
-6.5000 -35.0000 -35.9247 22 25 18
-5.5000 -35.0000 -35.9883 24 23 19
-4.5000 -35.0000 -35.9920 24 23 19
-3.5000 -35.0000 -35.9176 29 26 21
-2.5000 -35.0000 -35.7517 27 26 21
-1.5000 -35.0000 -35.4898 27 26 21
-0.5000 -35.0000 -35.1393 26 27 21
0.5000 -35.0000 -34.7205 24 27 20
1.5000 -35.0000 -34.2644 22 27 20
2.5000 -35.0000 -33.8074 21 28 20
3.5000 -35.0000 -33.3846 21 28 20
4.5000 -35.0000 -33.0229 30 37 29
5.5000 -35.0000 -32.7369 26 34 23
6.5000 -35.0000 -32.5279 24 29 22
7.5000 -35.0000 -32.3876 26 29 20
8.5000 -35.0000 -32.3041 31 31 23
9.5000 -35.0000 -32.2671 35 32 25
10.5000 -35.0000 -32.2715 34 31 24
11.5000 -35.0000 -32.3172 32 29 20
12.5000 -35.0000 -32.4084 35 33 20
13.5000 -35.0000 -32.5517 34 35 21
14.5000 -35.0000 -32.7549 36 34 21
15.5000 -35.0000 -33.0227 36 34 21
16.5000 -35.0000 -33.3524 35 33 21
17.5000 -35.0000 -33.7276 34 32 20
18.5000 -35.0000 -34.1157 32 30 18
19.5000 -35.0000 -34.4698 32 28 17
20.5000 -35.0000 -34.7373 31 27 16
21.5000 -35.0000 -34.8722 32 28 17
22.5000 -35.0000 -34.8474 32 28 17
23.5000 -35.0000 -34.6631 32 28 17
24.5000 -35.0000 -34.3462 35 28 18
25.5000 -35.0000 -33.9414 36 30 18
26.5000 -35.0000 -33.4989 36 30 18
27.5000 -35.0000 -33.0627 36 30 18
28.5000 -35.0000 -32.6652 44 36 25
29.5000 -35.0000 -32.3269 46 38 27
30.5000 -35.0000 -32.0608 49 39 29
31.5000 -35.0000 -31.8744 51 41 31
32.5000 -35.0000 -31.7721 51 41 31
33.5000 -35.0000 -31.7549 48 38 29
34.5000 -35.0000 -31.8221 45 35 26
35.5000 -35.0000 -31.9727 43 33 24
36.5000 -35.0000 -32.2080 48 39 30
37.5000 -35.0000 -32.5312 44 40 29
38.5000 -35.0000 -32.9462 41 39 27
39.5000 -35.0000 -33.4549 37 39 28
40.5000 -35.0000 -34.0555 34 37 26
41.5000 -35.0000 -34.7419 30 36 24
42.5000 -35.0000 -35.5047 27 35 22
43.5000 -35.0000 -36.3331 28 34 22
44.5000 -35.0000 -37.2165 27 27 15
45.5000 -35.0000 -38.1455 29 27 15
46.5000 -35.0000 -39.1120 28 26 14
47.5000 -35.0000 -40.1069 26 23 14
48.5000 -35.0000 -41.1175 26 21 15
49.5000 -35.0000 -42.1252 25 20 14
50.5000 -35.0000 -43.1057 24 19 13
51.5000 -35.0000 -44.0335 23 18 14
52.5000 -35.0000 -44.8899 20 15 11
53.5000 -35.0000 -45.6727 20 16 13
54.5000 -35.0000 -46.4018 21 17 14
55.5000 -35.0000 -47.1164 20 19 15
56.5000 -35.0000 -47.8615 19 20 15
57.5000 -35.0000 -48.6688 17 18 13
58.5000 -35.0000 -49.5405 14 16 11
59.5000 -35.0000 -50.4464 12 14 9
62.5000 -35.0000 -52.9165 13 13 13
63.5000 -35.0000 -53.5901 14 14 14
64.5000 -35.0000 -54.2165 14 14 14
65.5000 -35.0000 -54.8279 13 13 13
84.5000 -35.0000 -58.6925 15 14 10
91.5000 -35.0000 -58.5563 14 15 10
-83.5000 -36.0000 -54.4686 14 20 16
-82.5000 -36.0000 -48.3166 21 31 23
-81.5000 -36.0000 -42.8205 35 43 32
-80.5000 -36.0000 -38.1074 44 52 37
-79.5000 -36.0000 -34.2058 52 56 39
-78.5000 -36.0000 -31.0688 53 58 38
-77.5000 -36.0000 -28.6016 56 59 40
-76.5000 -36.0000 -26.6873 58 59 41
-75.5000 -36.0000 -25.2080 74 71 54
-74.5000 -36.0000 -24.0581 79 73 57
-73.5000 -36.0000 -23.1511 83 75 62
-72.5000 -36.0000 -22.4206 85 76 59
-71.5000 -36.0000 -21.8185 88 77 59
-70.5000 -36.0000 -21.3113 90 79 57
-69.5000 -36.0000 -20.8770 95 83 57
-68.5000 -36.0000 -20.5013 95 88 59
-67.5000 -36.0000 -20.1747 94 93 65
-66.5000 -36.0000 -19.8903 95 95 67
-65.5000 -36.0000 -19.6418 98 97 69
-64.5000 -36.0000 -19.4234 101 100 72
-63.5000 -36.0000 -19.2294 105 101 74
-62.5000 -36.0000 -19.0538 107 103 76
-61.5000 -36.0000 -18.8907 108 102 76
-60.5000 -36.0000 -18.7342 109 102 76
-59.5000 -36.0000 -18.5794 113 103 78
-58.5000 -36.0000 -18.4240 114 102 78
-57.5000 -36.0000 -18.2686 118 103 80
-56.5000 -36.0000 -18.1177 125 109 86
-55.5000 -36.0000 -17.9784 132 114 92
-54.5000 -36.0000 -17.8589 138 117 96
-53.5000 -36.0000 -17.7670 139 118 97
-52.5000 -36.0000 -17.7085 137 117 93
-51.5000 -36.0000 -17.6865 134 117 91
-50.5000 -36.0000 -17.7001 137 122 93
-49.5000 -36.0000 -17.7444 138 121 93
-48.5000 -36.0000 -17.8118 132 115 85
-47.5000 -36.0000 -17.8936 132 111 82
-46.5000 -36.0000 -17.9834 130 109 78
-45.5000 -36.0000 -18.0804 124 101 70
-44.5000 -36.0000 -18.1920 114 91 59
-43.5000 -36.0000 -18.3336 122 99 68
-42.5000 -36.0000 -18.5268 125 101 73
-41.5000 -36.0000 -18.7952 127 106 79
-40.5000 -36.0000 -19.1600 128 108 83
-39.5000 -36.0000 -19.6370 126 106 82
-38.5000 -36.0000 -20.2350 117 99 77
-37.5000 -36.0000 -20.9559 106 89 69
-36.5000 -36.0000 -21.7960 97 82 63
-35.5000 -36.0000 -22.7469 87 75 59
-34.5000 -36.0000 -23.7969 87 80 64
-33.5000 -36.0000 -24.9309 86 76 64
-32.5000 -36.0000 -26.1304 76 68 55
-31.5000 -36.0000 -27.3727 70 60 48
-30.5000 -36.0000 -28.6295 64 56 43
-29.5000 -36.0000 -29.8675 54 44 34
-28.5000 -36.0000 -31.0511 41 33 22
-27.5000 -36.0000 -32.1485 39 29 20
-26.5000 -36.0000 -33.1377 34 25 16
-25.5000 -36.0000 -34.0080 36 26 17
-24.5000 -36.0000 -34.7562 38 29 20
-23.5000 -36.0000 -35.3796 38 27 21
-22.5000 -36.0000 -35.8715 31 22 15
-21.5000 -36.0000 -36.2243 30 19 13
-20.5000 -36.0000 -36.4384 35 22 14
-19.5000 -36.0000 -36.5306 43 26 16
-18.5000 -36.0000 -36.5342 46 28 18
-17.5000 -36.0000 -36.4910 43 29 18
-16.5000 -36.0000 -36.4389 37 29 16
-15.5000 -36.0000 -36.4029 30 28 15
-14.5000 -36.0000 -36.3944 25 27 13
-13.5000 -36.0000 -36.4160 22 30 15
-12.5000 -36.0000 -36.4678 20 33 16
-11.5000 -36.0000 -36.5502 16 28 14
-10.5000 -36.0000 -36.6623 15 29 16
-9.5000 -36.0000 -36.7999 16 28 18
-8.5000 -36.0000 -36.9543 17 27 18
-7.5000 -36.0000 -37.1119 19 26 18
-6.5000 -36.0000 -37.2550 20 25 18
-5.5000 -36.0000 -37.3627 23 24 19
-4.5000 -36.0000 -37.4118 23 24 19
-3.5000 -36.0000 -37.3802 23 22 18
-2.5000 -36.0000 -37.2514 24 23 19
-1.5000 -36.0000 -37.0198 23 24 19
-0.5000 -36.0000 -36.6945 23 25 20
0.5000 -36.0000 -36.2994 22 27 21
1.5000 -36.0000 -35.8700 21 28 21
2.5000 -36.0000 -35.4471 20 30 22
3.5000 -36.0000 -35.0684 19 30 22
4.5000 -36.0000 -34.7616 22 33 25
5.5000 -36.0000 -34.5396 21 31 23
6.5000 -36.0000 -34.4010 21 28 21
7.5000 -36.0000 -34.3344 22 27 21
8.5000 -36.0000 -34.3248 25 27 22
9.5000 -36.0000 -34.3593 27 28 23
10.5000 -36.0000 -34.4299 28 27 23
11.5000 -36.0000 -34.5330 30 27 22
12.5000 -36.0000 -34.6686 30 27 20
13.5000 -36.0000 -34.8395 31 28 19
14.5000 -36.0000 -35.0505 31 28 19
15.5000 -36.0000 -35.3062 32 29 20
16.5000 -36.0000 -35.6057 31 28 19
17.5000 -36.0000 -35.9368 29 26 17
18.5000 -36.0000 -36.2720 28 25 16
19.5000 -36.0000 -36.5706 27 24 15
20.5000 -36.0000 -36.7863 27 24 15
21.5000 -36.0000 -36.8794 27 24 15
22.5000 -36.0000 -36.8281 27 24 15
23.5000 -36.0000 -36.6347 28 25 16
24.5000 -36.0000 -36.3248 28 25 16
25.5000 -36.0000 -35.9389 29 26 17
26.5000 -36.0000 -35.5206 29 26 17
27.5000 -36.0000 -35.1072 30 27 18
28.5000 -36.0000 -34.7255 34 31 22
29.5000 -36.0000 -34.3928 36 33 24
30.5000 -36.0000 -34.1206 42 35 27
31.5000 -36.0000 -33.9173 44 37 29
32.5000 -36.0000 -33.7888 46 37 30
33.5000 -36.0000 -33.7388 45 36 29
34.5000 -36.0000 -33.7688 43 34 27
35.5000 -36.0000 -33.8803 41 32 25
36.5000 -36.0000 -34.0766 41 34 26
37.5000 -36.0000 -34.3623 39 35 26
38.5000 -36.0000 -34.7419 34 34 24
39.5000 -36.0000 -35.2164 31 34 23
40.5000 -36.0000 -35.7823 27 33 21
41.5000 -36.0000 -36.4307 22 33 19
42.5000 -36.0000 -37.1497 20 32 18
43.5000 -36.0000 -37.9263 22 30 17
44.5000 -36.0000 -38.7487 28 25 16
45.5000 -36.0000 -39.6076 30 23 15
46.5000 -36.0000 -40.4955 27 23 14
47.5000 -36.0000 -41.4050 26 22 13
48.5000 -36.0000 -42.3268 25 20 14
49.5000 -36.0000 -43.2470 24 19 13
50.5000 -36.0000 -44.1479 22 19 12
51.5000 -36.0000 -45.0111 21 18 11
52.5000 -36.0000 -45.8246 17 16 11
53.5000 -36.0000 -46.5894 18 17 12
54.5000 -36.0000 -47.3242 19 18 14
55.5000 -36.0000 -48.0612 19 18 14
56.5000 -36.0000 -48.8333 18 19 14
57.5000 -36.0000 -49.6571 16 17 12
58.5000 -36.0000 -50.5206 14 14 12
62.5000 -36.0000 -53.5381 13 13 13
63.5000 -36.0000 -54.0755 13 13 13
64.5000 -36.0000 -54.5680 13 13 13
65.5000 -36.0000 -55.0526 13 13 13
84.5000 -36.0000 -58.5803 15 14 10
91.5000 -36.0000 -58.4358 14 15 10
-82.5000 -37.0000 -52.7258 14 20 16
-81.5000 -37.0000 -46.9342 24 31 23
-80.5000 -37.0000 -41.8086 33 41 28
-79.5000 -37.0000 -37.4321 42 46 31
-78.5000 -37.0000 -33.8078 45 49 32
-77.5000 -37.0000 -30.8812 49 52 35
-76.5000 -37.0000 -28.5621 52 53 37
-75.5000 -37.0000 -26.7452 68 66 51
-74.5000 -37.0000 -25.3261 71 68 53
-73.5000 -37.0000 -24.2113 73 69 57
-72.5000 -37.0000 -23.3244 76 70 54
-71.5000 -37.0000 -22.6065 79 72 54
-70.5000 -37.0000 -22.0144 83 77 55
-69.5000 -37.0000 -21.5183 90 83 57
-68.5000 -37.0000 -21.0975 94 88 62
-67.5000 -37.0000 -20.7379 87 87 59
-66.5000 -37.0000 -20.4289 87 90 63
-65.5000 -37.0000 -20.1620 91 91 65
-64.5000 -37.0000 -19.9297 94 94 68
-63.5000 -37.0000 -19.7251 97 95 70
-62.5000 -37.0000 -19.5415 101 97 72
-61.5000 -37.0000 -19.3721 102 96 72
-60.5000 -37.0000 -19.2103 103 95 72
-59.5000 -37.0000 -19.0508 107 96 74
-58.5000 -37.0000 -18.8909 109 97 75
-57.5000 -37.0000 -18.7313 112 100 78
-56.5000 -37.0000 -18.5762 118 103 82
-55.5000 -37.0000 -18.4324 125 108 88
-54.5000 -37.0000 -18.3083 129 111 91
-53.5000 -37.0000 -18.2117 130 112 92
-52.5000 -37.0000 -18.1487 129 111 89
-51.5000 -37.0000 -18.1227 125 111 85
-50.5000 -37.0000 -18.1331 127 116 86
-49.5000 -37.0000 -18.1751 128 114 85
-48.5000 -37.0000 -18.2411 121 108 76
-47.5000 -37.0000 -18.3226 118 101 71
-46.5000 -37.0000 -18.4140 116 100 67
-45.5000 -37.0000 -18.5165 114 95 63
-44.5000 -37.0000 -18.6402 110 91 59
-43.5000 -37.0000 -18.8040 118 99 69
-42.5000 -37.0000 -19.0331 122 103 73
-41.5000 -37.0000 -19.3541 125 108 80
-40.5000 -37.0000 -19.7910 125 109 83
-39.5000 -37.0000 -20.3614 120 104 79
-38.5000 -37.0000 -21.0748 109 94 71
-37.5000 -37.0000 -21.9320 97 85 63
-36.5000 -37.0000 -22.9253 90 79 61
-35.5000 -37.0000 -24.0388 83 76 60
-34.5000 -37.0000 -25.2497 84 78 64
-33.5000 -37.0000 -26.5296 79 71 58
-32.5000 -37.0000 -27.8467 63 57 43
-31.5000 -37.0000 -29.1671 51 43 30
-30.5000 -37.0000 -30.4559 43 37 23
-29.5000 -37.0000 -31.6788 40 32 21
-28.5000 -37.0000 -32.8052 37 31 19
-27.5000 -37.0000 -33.8133 36 27 18
-26.5000 -37.0000 -34.6935 31 24 14
-25.5000 -37.0000 -35.4485 32 23 16
-24.5000 -37.0000 -36.0866 35 28 20
-23.5000 -37.0000 -36.6133 35 26 19
-22.5000 -37.0000 -37.0272 28 21 13
-21.5000 -37.0000 -37.3228 28 19 12
-20.5000 -37.0000 -37.5002 32 22 13
-19.5000 -37.0000 -37.5744 37 20 12
-18.5000 -37.0000 -37.5755 39 22 14
-17.5000 -37.0000 -37.5403 38 25 16
-16.5000 -37.0000 -37.5006 34 26 15
-15.5000 -37.0000 -37.4756 28 26 14
-14.5000 -37.0000 -37.4722 24 26 13
-13.5000 -37.0000 -37.4913 22 30 17
-12.5000 -37.0000 -37.5345 22 34 20
-11.5000 -37.0000 -37.6055 15 27 15
-10.5000 -37.0000 -37.7082 14 28 15
-9.5000 -37.0000 -37.8428 15 27 17
-8.5000 -37.0000 -38.0031 16 26 17
-7.5000 -37.0000 -38.1765 18 25 18
-6.5000 -37.0000 -38.3443 19 24 18
-5.5000 -37.0000 -38.4831 22 22 20
-4.5000 -37.0000 -38.5665 22 22 20
-3.5000 -37.0000 -38.5695 20 19 15
-2.5000 -37.0000 -38.4736 20 19 15
-1.5000 -37.0000 -38.2733 20 21 16
-0.5000 -37.0000 -37.9794 21 23 18
0.5000 -37.0000 -37.6190 20 25 19
1.5000 -37.0000 -37.2311 21 28 21
2.5000 -37.0000 -36.8588 20 30 22
3.5000 -37.0000 -36.5407 21 31 23
4.5000 -37.0000 -36.3034 17 27 19
5.5000 -37.0000 -36.1576 18 28 20
6.5000 -37.0000 -36.0990 19 26 19
7.5000 -37.0000 -36.1137 19 24 18
8.5000 -37.0000 -36.1847 20 22 17
9.5000 -37.0000 -36.2975 21 22 17
10.5000 -37.0000 -36.4413 24 23 19
11.5000 -37.0000 -36.6085 26 25 20
12.5000 -37.0000 -36.7938 24 21 14
13.5000 -37.0000 -36.9947 25 22 13
14.5000 -37.0000 -37.2130 26 23 14
15.5000 -37.0000 -37.4529 26 23 14
16.5000 -37.0000 -37.7164 26 23 14
17.5000 -37.0000 -37.9960 24 21 12
18.5000 -37.0000 -38.2706 23 20 11
19.5000 -37.0000 -38.5062 22 19 10
20.5000 -37.0000 -38.6642 23 20 11
21.5000 -37.0000 -38.7125 23 20 11
22.5000 -37.0000 -38.6356 23 20 11
23.5000 -37.0000 -38.4398 24 21 12
24.5000 -37.0000 -38.1504 25 22 13
25.5000 -37.0000 -37.8039 25 22 13
26.5000 -37.0000 -37.4370 25 22 13
27.5000 -37.0000 -37.0786 24 24 14
28.5000 -37.0000 -36.7472 24 24 14
29.5000 -37.0000 -36.4535 25 27 16
30.5000 -37.0000 -36.2046 31 28 19
31.5000 -37.0000 -36.0070 34 31 22
32.5000 -37.0000 -35.8674 36 32 23
33.5000 -37.0000 -35.7919 38 31 23
34.5000 -37.0000 -35.7859 38 31 23
35.5000 -37.0000 -35.8552 37 30 22
36.5000 -37.0000 -36.0068 35 28 20
37.5000 -37.0000 -36.2478 32 28 19
38.5000 -37.0000 -36.5834 28 28 18
39.5000 -37.0000 -37.0141 25 27 16
40.5000 -37.0000 -37.5342 23 26 15
41.5000 -37.0000 -38.1322 19 25 13
42.5000 -37.0000 -38.7938 17 25 12
43.5000 -37.0000 -39.5046 18 24 12
44.5000 -37.0000 -40.2524 25 22 13
45.5000 -37.0000 -41.0288 28 21 13
46.5000 -37.0000 -41.8288 25 21 12
47.5000 -37.0000 -42.6491 24 20 11
48.5000 -37.0000 -43.4857 23 18 12
49.5000 -37.0000 -44.3315 22 17 11
50.5000 -37.0000 -45.1756 20 17 10
51.5000 -37.0000 -46.0050 20 17 10
52.5000 -37.0000 -46.8099 17 16 11
53.5000 -37.0000 -47.5895 17 16 11
54.5000 -37.0000 -48.3559 18 17 13
55.5000 -37.0000 -49.1302 18 17 13
56.5000 -37.0000 -49.9321 16 17 12
57.5000 -37.0000 -50.7653 15 16 11
58.5000 -37.0000 -51.6083 14 14 12
63.5000 -37.0000 -54.6676 13 13 13
64.5000 -37.0000 -55.0379 13 13 13
91.5000 -37.0000 -58.3782 13 14 9
-81.5000 -38.0000 -51.2423 15 22 15
-80.5000 -38.0000 -45.8116 25 31 21
-79.5000 -38.0000 -41.0275 32 38 24
-78.5000 -38.0000 -36.9424 39 43 28
-77.5000 -38.0000 -33.5481 43 47 32
-76.5000 -38.0000 -30.7919 46 48 34
-75.5000 -38.0000 -28.5921 58 58 46
-74.5000 -38.0000 -26.8542 60 60 48
-73.5000 -38.0000 -25.4844 66 64 52
-72.5000 -38.0000 -24.3993 68 66 53
-71.5000 -38.0000 -23.5307 72 69 52
-70.5000 -38.0000 -22.8262 76 74 53
-69.5000 -38.0000 -22.2474 82 80 57
-68.5000 -38.0000 -21.7666 87 85 60
-67.5000 -38.0000 -21.3636 80 83 56
-66.5000 -38.0000 -21.0232 82 85 58
-65.5000 -38.0000 -20.7330 85 88 61
-64.5000 -38.0000 -20.4829 90 90 64
-63.5000 -38.0000 -20.2644 92 92 66
-62.5000 -38.0000 -20.0692 94 92 67
-61.5000 -38.0000 -19.8900 97 93 68
-60.5000 -38.0000 -19.7198 98 92 68
-59.5000 -38.0000 -19.5532 99 91 68
-58.5000 -38.0000 -19.3875 103 92 70
-57.5000 -38.0000 -19.2235 106 95 73
-56.5000 -38.0000 -19.0652 110 98 76
-55.5000 -38.0000 -18.9189 116 101 80
-54.5000 -38.0000 -18.7925 118 103 82
-53.5000 -38.0000 -18.6933 120 103 83
-52.5000 -38.0000 -18.6276 119 104 83
-51.5000 -38.0000 -18.5988 116 106 79
-50.5000 -38.0000 -18.6064 117 110 81
-49.5000 -38.0000 -18.6463 119 110 81
-48.5000 -38.0000 -18.7110 115 104 74
-47.5000 -38.0000 -18.7932 113 99 70
-46.5000 -38.0000 -18.8891 112 99 67
-45.5000 -38.0000 -19.0031 115 100 69
-44.5000 -38.0000 -19.1488 117 102 71
-43.5000 -38.0000 -19.3491 123 108 77
-42.5000 -38.0000 -19.6324 125 110 81
-41.5000 -38.0000 -20.0276 125 109 83
-40.5000 -38.0000 -20.5597 119 105 79
-39.5000 -38.0000 -21.2461 109 97 73
-38.5000 -38.0000 -22.0942 97 86 64
-37.5000 -38.0000 -23.1008 88 77 57
-36.5000 -38.0000 -24.2511 81 73 54
-35.5000 -38.0000 -25.5189 79 73 57
-34.5000 -38.0000 -26.8690 71 68 53
-33.5000 -38.0000 -28.2601 61 55 41
-32.5000 -38.0000 -29.6492 45 42 27
-31.5000 -38.0000 -30.9953 36 30 16
-30.5000 -38.0000 -32.2617 30 27 12
-29.5000 -38.0000 -33.4179 31 25 13
-28.5000 -38.0000 -34.4421 29 25 13
-27.5000 -38.0000 -35.3244 32 25 15
-26.5000 -38.0000 -36.0686 27 23 12
-25.5000 -38.0000 -36.6899 29 22 14
-24.5000 -38.0000 -37.2074 32 28 19
-23.5000 -38.0000 -37.6342 33 26 18
-22.5000 -38.0000 -37.9731 25 21 12
-21.5000 -38.0000 -38.2201 26 19 11
-20.5000 -38.0000 -38.3743 30 21 14
-19.5000 -38.0000 -38.4472 30 15 8
-18.5000 -38.0000 -38.4636 35 18 11
-17.5000 -38.0000 -38.4531 33 20 12
-16.5000 -38.0000 -38.4396 30 21 12
-15.5000 -38.0000 -38.4350 24 21 12
-14.5000 -38.0000 -38.4411 20 22 11
-13.5000 -38.0000 -38.4571 18 26 13
-12.5000 -38.0000 -38.4863 18 28 17
-11.5000 -38.0000 -38.5371 15 27 15
-10.5000 -38.0000 -38.6187 14 27 17
-9.5000 -38.0000 -38.7362 15 27 17
-8.5000 -38.0000 -38.8868 16 26 18
-7.5000 -38.0000 -39.0590 18 25 18
-6.5000 -38.0000 -39.2337 19 24 18
-5.5000 -38.0000 -39.3858 22 22 20
-4.5000 -38.0000 -39.4869 22 22 20
-3.5000 -38.0000 -39.5104 19 18 14
-2.5000 -38.0000 -39.4375 18 19 14
-1.5000 -38.0000 -39.2635 18 20 15
-0.5000 -38.0000 -39.0011 19 21 16
0.5000 -38.0000 -38.6799 18 23 17
1.5000 -38.0000 -38.3409 18 25 18
2.5000 -38.0000 -38.0276 19 26 19
3.5000 -38.0000 -37.7776 18 28 20
4.5000 -38.0000 -37.6149 14 24 16
5.5000 -38.0000 -37.5470 16 26 18
6.5000 -38.0000 -37.5671 20 27 20
7.5000 -38.0000 -37.6600 19 24 18
8.5000 -38.0000 -37.8084 17 19 14
9.5000 -38.0000 -37.9971 17 19 14
10.5000 -38.0000 -38.2135 21 22 17
11.5000 -38.0000 -38.4455 26 25 20
12.5000 -38.0000 -38.6814 21 18 11
13.5000 -38.0000 -38.9128 22 19 10
14.5000 -38.0000 -39.1377 23 20 11
15.5000 -38.0000 -39.3602 23 20 11
16.5000 -38.0000 -39.5858 23 20 11
17.5000 -38.0000 -39.8129 22 19 10
18.5000 -38.0000 -40.0268 21 18 9
19.5000 -38.0000 -40.2012 20 17 8
20.5000 -38.0000 -40.3047 21 18 9
21.5000 -38.0000 -40.3128 22 19 10
22.5000 -38.0000 -40.2169 22 19 10
23.5000 -38.0000 -40.0274 23 20 11
24.5000 -38.0000 -39.7707 23 20 11
25.5000 -38.0000 -39.4800 24 21 12
26.5000 -38.0000 -39.1854 24 21 12
27.5000 -38.0000 -38.9070 22 22 12
28.5000 -38.0000 -38.6535 17 20 9
29.5000 -38.0000 -38.4264 19 22 11
30.5000 -38.0000 -38.2256 22 24 13
31.5000 -38.0000 -38.0532 25 25 15
32.5000 -38.0000 -37.9155 28 25 16
33.5000 -38.0000 -37.8212 28 25 16
34.5000 -38.0000 -37.7812 29 25 16
35.5000 -38.0000 -37.8070 28 24 15
36.5000 -38.0000 -37.9106 28 24 15
37.5000 -38.0000 -38.1023 27 24 15
38.5000 -38.0000 -38.3883 24 24 14
39.5000 -38.0000 -38.7682 23 23 13
40.5000 -38.0000 -39.2343 20 22 11
41.5000 -38.0000 -39.7731 18 21 10
42.5000 -38.0000 -40.3686 15 21 9
43.5000 -38.0000 -41.0056 17 20 9
44.5000 -38.0000 -41.6726 23 20 11
45.5000 -38.0000 -42.3635 25 18 10
46.5000 -38.0000 -43.0772 23 19 10
47.5000 -38.0000 -43.8164 22 18 9
48.5000 -38.0000 -44.5842 21 16 10
49.5000 -38.0000 -45.3808 21 16 10
50.5000 -38.0000 -46.2008 19 16 9
51.5000 -38.0000 -47.0336 19 16 9
52.5000 -38.0000 -47.8666 17 16 11
53.5000 -38.0000 -48.6918 17 16 11
54.5000 -38.0000 -49.5099 17 16 12
55.5000 -38.0000 -50.3291 16 15 11
56.5000 -38.0000 -51.1570 15 16 11
57.5000 -38.0000 -51.9882 14 15 10
63.5000 -38.0000 -55.3770 13 13 13
64.5000 -38.0000 -55.6377 13 13 13
-81.5000 -39.0000 -55.6243 10 15 11
-80.5000 -39.0000 -50.0158 17 22 15
-79.5000 -39.0000 -44.9263 25 31 19
-78.5000 -39.0000 -40.4468 32 38 24
-77.5000 -39.0000 -36.6138 37 43 29
-76.5000 -39.0000 -33.4165 41 45 31
-75.5000 -39.0000 -30.8056 45 48 37
-74.5000 -39.0000 -28.7060 51 53 42
-73.5000 -39.0000 -27.0320 58 60 49
-72.5000 -39.0000 -25.6998 62 64 51
-71.5000 -39.0000 -24.6363 65 67 53
-70.5000 -39.0000 -23.7824 67 70 51
-69.5000 -39.0000 -23.0920 71 75 52
-68.5000 -39.0000 -22.5297 74 78 53
-67.5000 -39.0000 -22.0685 76 80 55
-66.5000 -39.0000 -21.6865 77 81 56
-65.5000 -39.0000 -21.3664 80 84 59
-64.5000 -39.0000 -21.0938 84 86 62
-63.5000 -39.0000 -20.8570 86 88 64
-62.5000 -39.0000 -20.6464 89 89 65
-61.5000 -39.0000 -20.4534 91 89 66
-60.5000 -39.0000 -20.2710 93 88 66
-59.5000 -39.0000 -20.0942 92 87 65
-58.5000 -39.0000 -19.9207 95 89 67
-57.5000 -39.0000 -19.7514 99 91 70
-56.5000 -39.0000 -19.5901 104 93 73
-55.5000 -39.0000 -19.4424 106 95 75
-54.5000 -39.0000 -19.3151 108 95 76
-53.5000 -39.0000 -19.2150 109 96 77
-52.5000 -39.0000 -19.1478 109 98 76
-51.5000 -39.0000 -19.1169 111 104 78
-50.5000 -39.0000 -19.1225 110 105 76
-49.5000 -39.0000 -19.1609 110 103 75
-48.5000 -39.0000 -19.2259 107 100 71
-47.5000 -39.0000 -19.3121 105 96 65
-46.5000 -39.0000 -19.4191 105 94 64
-45.5000 -39.0000 -19.5549 111 97 68
-44.5000 -39.0000 -19.7377 116 102 73
-43.5000 -39.0000 -19.9943 126 112 83
-42.5000 -39.0000 -20.3555 121 110 82
-41.5000 -39.0000 -20.8508 115 103 77
-40.5000 -39.0000 -21.5038 106 96 71
-39.5000 -39.0000 -22.3281 95 87 64
-38.5000 -39.0000 -23.3256 87 81 59
-37.5000 -39.0000 -24.4848 81 75 53
-36.5000 -39.0000 -25.7806 77 72 53
-35.5000 -39.0000 -27.1755 70 67 50
-34.5000 -39.0000 -28.6228 55 53 38
-33.5000 -39.0000 -30.0715 39 36 21
-32.5000 -39.0000 -31.4732 30 28 13
-31.5000 -39.0000 -32.7859 29 25 13
-30.5000 -39.0000 -33.9771 28 26 13
-29.5000 -39.0000 -35.0242 27 23 12
-28.5000 -39.0000 -35.9162 24 22 10
-27.5000 -39.0000 -36.6548 28 24 13
-26.5000 -39.0000 -37.2554 24 22 10
-25.5000 -39.0000 -37.7435 26 22 13
-24.5000 -39.0000 -38.1464 29 26 17
-23.5000 -39.0000 -38.4836 30 25 19
-22.5000 -39.0000 -38.7612 24 21 14
-21.5000 -39.0000 -38.9762 23 18 12
-20.5000 -39.0000 -39.1257 29 22 16
-19.5000 -39.0000 -39.2164 33 20 14
-18.5000 -39.0000 -39.2657 36 21 16
-17.5000 -39.0000 -39.2945 34 23 17
-16.5000 -39.0000 -39.3176 31 24 16
-15.5000 -39.0000 -39.3390 24 21 14
-14.5000 -39.0000 -39.3555 20 21 13
-13.5000 -39.0000 -39.3652 18 24 14
-12.5000 -39.0000 -39.3737 17 27 18
-11.5000 -39.0000 -39.3945 14 26 16
-10.5000 -39.0000 -39.4430 14 25 17
-9.5000 -39.0000 -39.5295 15 25 17
-8.5000 -39.0000 -39.6548 15 24 19
-7.5000 -39.0000 -39.8087 17 23 19
-6.5000 -39.0000 -39.9720 18 23 19
-5.5000 -39.0000 -40.1184 21 21 21
-4.5000 -39.0000 -40.2189 21 21 19
-3.5000 -39.0000 -40.2467 20 21 16
-2.5000 -39.0000 -40.1839 20 21 16
-1.5000 -39.0000 -40.0275 19 21 16
-0.5000 -39.0000 -39.7924 19 21 16
0.5000 -39.0000 -39.5099 17 22 16
1.5000 -39.0000 -39.2213 16 23 16
2.5000 -39.0000 -38.9693 16 23 16
3.5000 -39.0000 -38.7881 16 23 16
4.5000 -39.0000 -38.6979 17 24 17
5.5000 -39.0000 -38.7024 19 26 19
6.5000 -39.0000 -38.7925 21 26 20
7.5000 -39.0000 -38.9528 19 24 18
8.5000 -39.0000 -39.1673 18 20 15
9.5000 -39.0000 -39.4219 18 20 15
10.5000 -39.0000 -39.7028 22 23 18
11.5000 -39.0000 -39.9935 27 26 21
12.5000 -39.0000 -40.2760 20 17 10
13.5000 -39.0000 -40.5353 21 18 9
14.5000 -39.0000 -40.7654 22 19 10
15.5000 -39.0000 -40.9707 23 20 11
16.5000 -39.0000 -41.1603 23 20 11
17.5000 -39.0000 -41.3389 23 20 11
18.5000 -39.0000 -41.4988 22 19 10
19.5000 -39.0000 -41.6203 21 18 9
20.5000 -39.0000 -41.6792 22 19 10
21.5000 -39.0000 -41.6576 22 19 10
22.5000 -39.0000 -41.5527 23 20 11
23.5000 -39.0000 -41.3793 23 20 11
24.5000 -39.0000 -41.1647 24 21 12
25.5000 -39.0000 -40.9403 24 21 12
26.5000 -39.0000 -40.7304 25 22 13
27.5000 -39.0000 -40.5467 23 23 13
28.5000 -39.0000 -40.3879 15 21 9
29.5000 -39.0000 -40.2447 14 22 9
30.5000 -39.0000 -40.1075 16 22 10
31.5000 -39.0000 -39.9727 18 21 10
32.5000 -39.0000 -39.8449 19 21 10
33.5000 -39.0000 -39.7363 20 20 10
34.5000 -39.0000 -39.6637 21 18 9
35.5000 -39.0000 -39.6458 20 17 8
36.5000 -39.0000 -39.7005 25 22 13
37.5000 -39.0000 -39.8413 25 22 13
38.5000 -39.0000 -40.0753 22 22 12
39.5000 -39.0000 -40.4011 21 21 11
40.5000 -39.0000 -40.8093 19 21 10
41.5000 -39.0000 -41.2851 18 21 10
42.5000 -39.0000 -41.8116 17 20 9
43.5000 -39.0000 -42.3741 18 20 9
44.5000 -39.0000 -42.9628 22 18 9
45.5000 -39.0000 -43.5751 23 16 8
46.5000 -39.0000 -44.2154 21 17 8
47.5000 -39.0000 -44.8931 21 17 8
48.5000 -39.0000 -45.6191 20 15 9
49.5000 -39.0000 -46.4000 20 15 9
50.5000 -39.0000 -47.2336 19 16 9
51.5000 -39.0000 -48.1071 19 16 9
52.5000 -39.0000 -49.0004 16 15 10
53.5000 -39.0000 -49.8935 16 15 10
54.5000 -39.0000 -50.7733 15 14 10
56.5000 -39.0000 -52.4783 13 14 9
-80.5000 -40.0000 -54.3184 11 16 10
-79.5000 -40.0000 -49.0517 19 25 15
-78.5000 -40.0000 -44.2837 27 33 21
-77.5000 -40.0000 -40.0834 33 39 29
-76.5000 -40.0000 -36.4781 35 41 31
-75.5000 -40.0000 -33.4538 37 43 33
-74.5000 -40.0000 -30.9626 43 48 41
-73.5000 -40.0000 -28.9366 50 55 48
-72.5000 -40.0000 -27.3016 55 61 51
-71.5000 -40.0000 -25.9879 57 63 51
-70.5000 -40.0000 -24.9350 59 66 50
-69.5000 -40.0000 -24.0922 62 70 49
-68.5000 -40.0000 -23.4176 64 72 49
-67.5000 -40.0000 -22.8759 70 75 52
-66.5000 -40.0000 -22.4374 73 77 52
-65.5000 -40.0000 -22.0773 75 79 56
-64.5000 -40.0000 -21.7752 78 82 57
-63.5000 -40.0000 -21.5150 81 83 61
-62.5000 -40.0000 -21.2842 83 85 61
-61.5000 -40.0000 -21.0731 85 84 63
-60.5000 -40.0000 -20.8744 86 84 61
-59.5000 -40.0000 -20.6838 85 83 62
-58.5000 -40.0000 -20.4996 90 85 63
-57.5000 -40.0000 -20.3231 95 88 69
-56.5000 -40.0000 -20.1577 96 90 68
-55.5000 -40.0000 -20.0083 97 89 70
-54.5000 -40.0000 -19.8804 98 90 69
-53.5000 -40.0000 -19.7798 99 91 72
-52.5000 -40.0000 -19.7117 100 92 71
-51.5000 -40.0000 -19.6797 107 101 77
-50.5000 -40.0000 -19.6845 102 98 71
-49.5000 -40.0000 -19.7236 100 94 68
-48.5000 -40.0000 -19.7929 98 93 64
-47.5000 -40.0000 -19.8901 98 89 60
-46.5000 -40.0000 -20.0189 94 85 56
-45.5000 -40.0000 -20.1920 97 86 58
-44.5000 -40.0000 -20.4322 102 91 63
-43.5000 -40.0000 -20.7697 116 105 77
-42.5000 -40.0000 -21.2363 109 97 71
-41.5000 -40.0000 -21.8597 98 88 63
-40.5000 -40.0000 -22.6586 89 81 58
-39.5000 -40.0000 -23.6388 86 78 57
-38.5000 -40.0000 -24.7915 82 75 56
-37.5000 -40.0000 -26.0932 77 72 52
-36.5000 -40.0000 -27.5067 73 70 51
-35.5000 -40.0000 -28.9834 55 53 38
-34.5000 -40.0000 -30.4688 38 39 23
-33.5000 -40.0000 -31.9090 26 24 9
-32.5000 -40.0000 -33.2576 22 23 7
-31.5000 -40.0000 -34.4790 29 27 14
-30.5000 -40.0000 -35.5504 27 28 14
-29.5000 -40.0000 -36.4600 25 23 11
-28.5000 -40.0000 -37.2070 21 21 9
-27.5000 -40.0000 -37.8025 26 24 12
-26.5000 -40.0000 -38.2695 21 21 9
-25.5000 -40.0000 -38.6401 24 21 12
-24.5000 -40.0000 -38.9473 27 27 17
-23.5000 -40.0000 -39.2147 29 26 19
-22.5000 -40.0000 -39.4516 22 22 14
-21.5000 -40.0000 -39.6548 23 20 13
-20.5000 -40.0000 -39.8187 27 22 16
-19.5000 -40.0000 -39.9438 38 27 23
-18.5000 -40.0000 -40.0392 41 27 24
-17.5000 -40.0000 -40.1160 39 29 27
-16.5000 -40.0000 -40.1797 35 27 24
-15.5000 -40.0000 -40.2270 28 25 20
-14.5000 -40.0000 -40.2505 22 23 17
-13.5000 -40.0000 -40.2477 20 25 19
-12.5000 -40.0000 -40.2276 20 27 20
-11.5000 -40.0000 -40.2092 15 25 17
-10.5000 -40.0000 -40.2141 15 25 17
-9.5000 -40.0000 -40.2581 15 24 19
-8.5000 -40.0000 -40.3452 17 23 19
-7.5000 -40.0000 -40.4665 18 23 19
-6.5000 -40.0000 -40.6027 20 22 19
-5.5000 -40.0000 -40.7273 21 21 21
-4.5000 -40.0000 -40.8113 21 21 19
-3.5000 -40.0000 -40.8291 21 21 19
-2.5000 -40.0000 -40.7645 20 21 16
-1.5000 -40.0000 -40.6170 19 21 16
-0.5000 -40.0000 -40.4036 19 21 16
0.5000 -40.0000 -40.1566 16 21 15
1.5000 -40.0000 -39.9168 16 21 15
2.5000 -40.0000 -39.7241 14 21 14
3.5000 -40.0000 -39.6085 14 21 14
4.5000 -40.0000 -39.5849 19 26 19
5.5000 -40.0000 -39.6524 19 26 19
6.5000 -40.0000 -39.7999 20 25 19
7.5000 -40.0000 -40.0127 19 24 18
8.5000 -40.0000 -40.2775 19 21 16
9.5000 -40.0000 -40.5826 20 22 17
10.5000 -40.0000 -40.9140 23 24 19
11.5000 -40.0000 -41.2517 24 25 19
12.5000 -40.0000 -41.5716 18 18 10
13.5000 -40.0000 -41.8524 21 18 9
14.5000 -40.0000 -42.0848 22 19 10
15.5000 -40.0000 -42.2734 23 20 11
16.5000 -40.0000 -42.4312 24 21 12
17.5000 -40.0000 -42.5688 24 21 12
18.5000 -40.0000 -42.6849 23 20 11
19.5000 -40.0000 -42.7661 22 19 10
20.5000 -40.0000 -42.7938 22 19 10
21.5000 -40.0000 -42.7555 23 20 11
22.5000 -40.0000 -42.6531 23 20 11
23.5000 -40.0000 -42.5047 23 20 11
24.5000 -40.0000 -42.3391 24 21 12
25.5000 -40.0000 -42.1858 24 21 12
26.5000 -40.0000 -42.0652 25 22 13
27.5000 -40.0000 -41.9815 23 23 13
28.5000 -40.0000 -41.9234 15 21 9
29.5000 -40.0000 -41.8706 14 22 9
30.5000 -40.0000 -41.8031 14 20 8
31.5000 -40.0000 -41.7103 16 19 8
32.5000 -40.0000 -41.5952 16 19 8
33.5000 -40.0000 -41.4731 16 18 7
34.5000 -40.0000 -41.3681 16 16 6
35.5000 -40.0000 -41.3066 16 16 6
36.5000 -40.0000 -41.3127 22 22 12
37.5000 -40.0000 -41.4031 22 22 12
38.5000 -40.0000 -41.5855 21 21 11
39.5000 -40.0000 -41.8575 20 22 11
40.5000 -40.0000 -42.2084 19 21 10
41.5000 -40.0000 -42.6229 18 20 9
42.5000 -40.0000 -43.0842 17 20 9
43.5000 -40.0000 -43.5790 18 20 9
44.5000 -40.0000 -44.1004 21 17 8
45.5000 -40.0000 -44.6501 23 16 8
46.5000 -40.0000 -45.2384 20 16 7
47.5000 -40.0000 -45.8823 20 16 7
48.5000 -40.0000 -46.5993 20 15 9
49.5000 -40.0000 -47.4005 20 15 9
50.5000 -40.0000 -48.2830 19 16 9
51.5000 -40.0000 -49.2274 19 16 9
52.5000 -40.0000 -50.2020 16 15 10
53.5000 -40.0000 -51.1719 15 14 9
112.5000 -40.0000 -116.6910 18 12 12
-79.5000 -41.0000 -53.3269 14 19 12
-78.5000 -41.0000 -48.4095 22 28 18
-77.5000 -41.0000 -43.9564 26 33 25
-76.5000 -41.0000 -40.0186 28 35 27
-75.5000 -41.0000 -36.6120 35 42 35
-74.5000 -41.0000 -33.7193 39 46 39
-73.5000 -41.0000 -31.2998 42 52 44
-72.5000 -41.0000 -29.3016 46 56 48
-71.5000 -41.0000 -27.6704 47 59 49
-70.5000 -41.0000 -26.3541 49 61 47
-69.5000 -41.0000 -25.3036 54 67 49
-68.5000 -41.0000 -24.4726 58 70 48
-67.5000 -41.0000 -23.8181 62 70 47
-66.5000 -41.0000 -23.3004 66 71 48
-65.5000 -41.0000 -22.8849 68 73 51
-64.5000 -41.0000 -22.5429 71 76 53
-63.5000 -41.0000 -22.2519 74 77 56
-62.5000 -41.0000 -21.9952 77 79 57
-61.5000 -41.0000 -21.7610 77 79 58
-60.5000 -41.0000 -21.5417 79 78 57
-59.5000 -41.0000 -21.3332 81 80 60
-58.5000 -41.0000 -21.1348 86 84 63
-57.5000 -41.0000 -20.9481 89 86 67
-56.5000 -41.0000 -20.7763 92 87 67
-55.5000 -41.0000 -20.6234 92 85 67
-54.5000 -41.0000 -20.4938 92 85 66
-53.5000 -41.0000 -20.3922 93 86 68
-52.5000 -41.0000 -20.3236 95 88 69
-51.5000 -41.0000 -20.2917 102 97 75
-50.5000 -41.0000 -20.2983 94 90 65
-49.5000 -41.0000 -20.3427 91 85 61
-48.5000 -41.0000 -20.4238 93 87 61
-47.5000 -41.0000 -20.5432 95 85 60
-46.5000 -41.0000 -20.7094 91 81 54
-45.5000 -41.0000 -20.9402 92 80 54
-44.5000 -41.0000 -21.2627 96 84 58
-43.5000 -41.0000 -21.7089 106 94 68
-42.5000 -41.0000 -22.3097 96 84 60
-41.5000 -41.0000 -23.0880 84 73 51
-40.5000 -41.0000 -24.0531 77 69 48
-39.5000 -41.0000 -25.1982 77 69 50
-38.5000 -41.0000 -26.4998 74 67 49
-37.5000 -41.0000 -27.9195 67 61 45
-36.5000 -41.0000 -29.4073 59 56 41
-35.5000 -41.0000 -30.9069 38 39 23
-34.5000 -41.0000 -32.3623 27 29 15
-33.5000 -41.0000 -33.7246 23 24 10
-32.5000 -41.0000 -34.9576 25 27 13
-31.5000 -41.0000 -36.0390 27 27 15
-30.5000 -41.0000 -36.9593 23 25 12
-29.5000 -41.0000 -37.7183 21 21 9
-28.5000 -41.0000 -38.3233 22 24 11
-27.5000 -41.0000 -38.7904 24 24 14
-26.5000 -41.0000 -39.1459 20 22 11
-25.5000 -41.0000 -39.4242 22 22 14
-24.5000 -41.0000 -39.6608 26 27 19
-23.5000 -41.0000 -39.8824 27 27 19
-22.5000 -41.0000 -40.0998 21 22 14
-21.5000 -41.0000 -40.3095 21 20 15
-20.5000 -41.0000 -40.5021 27 24 19
-19.5000 -41.0000 -40.6714 33 25 22
-18.5000 -41.0000 -40.8173 36 26 24
-17.5000 -41.0000 -40.9418 35 27 25
-16.5000 -41.0000 -41.0421 31 26 23
-15.5000 -41.0000 -41.1090 24 23 19
-14.5000 -41.0000 -41.1321 20 21 16
-13.5000 -41.0000 -41.1098 18 23 19
-12.5000 -41.0000 -41.0544 18 24 20
-11.5000 -41.0000 -40.9905 16 22 18
-10.5000 -41.0000 -40.9456 16 22 18
-9.5000 -41.0000 -40.9401 16 22 18
-8.5000 -41.0000 -40.9810 16 22 18
-7.5000 -41.0000 -41.0608 17 22 18
-6.5000 -41.0000 -41.1601 19 21 18
-5.5000 -41.0000 -41.2526 20 20 20
-4.5000 -41.0000 -41.3102 20 20 18
-3.5000 -41.0000 -41.3090 18 20 17
-2.5000 -41.0000 -41.2353 18 20 15
-1.5000 -41.0000 -41.0911 18 20 15
-0.5000 -41.0000 -40.8952 19 21 16
0.5000 -41.0000 -40.6805 17 22 16
1.5000 -41.0000 -40.4865 17 22 16
2.5000 -41.0000 -40.3494 17 22 16
3.5000 -41.0000 -40.2940 18 23 17
4.5000 -41.0000 -40.3289 20 25 19
5.5000 -41.0000 -40.4487 18 23 17
6.5000 -41.0000 -40.6401 16 21 15
7.5000 -41.0000 -40.8896 15 20 14
8.5000 -41.0000 -41.1874 19 21 16
9.5000 -41.0000 -41.5251 20 22 17
10.5000 -41.0000 -41.8894 20 22 17
11.5000 -41.0000 -42.2578 21 22 16
12.5000 -41.0000 -42.6011 16 16 8
13.5000 -41.0000 -42.8933 19 16 7
14.5000 -41.0000 -43.1223 21 18 9
15.5000 -41.0000 -43.2936 22 19 10
16.5000 -41.0000 -43.4237 23 20 11
17.5000 -41.0000 -43.5285 23 20 11
18.5000 -41.0000 -43.6123 22 19 10
19.5000 -41.0000 -43.6666 22 19 10
20.5000 -41.0000 -43.6773 21 18 9
21.5000 -41.0000 -43.6358 21 18 9
22.5000 -41.0000 -43.5472 21 18 9
23.5000 -41.0000 -43.4320 22 19 10
24.5000 -41.0000 -43.3199 22 19 10
25.5000 -41.0000 -43.2396 23 20 11
26.5000 -41.0000 -43.2079 23 20 11
27.5000 -41.0000 -43.2230 21 21 11
28.5000 -41.0000 -43.2646 15 18 7
29.5000 -41.0000 -43.3013 13 19 7
30.5000 -41.0000 -43.3028 15 18 7
31.5000 -41.0000 -43.2513 15 18 7
32.5000 -41.0000 -43.1475 15 18 7
33.5000 -41.0000 -43.0106 16 19 8
34.5000 -41.0000 -42.8718 18 20 9
35.5000 -41.0000 -42.7662 18 20 9
36.5000 -41.0000 -42.7238 18 20 9
37.5000 -41.0000 -42.7649 18 20 9
38.5000 -41.0000 -42.8977 18 20 9
39.5000 -41.0000 -43.1191 17 20 9
40.5000 -41.0000 -43.4180 16 19 8
41.5000 -41.0000 -43.7785 16 19 8
42.5000 -41.0000 -44.1851 16 19 8
43.5000 -41.0000 -44.6262 16 18 7
44.5000 -41.0000 -45.0980 20 16 7
45.5000 -41.0000 -45.6070 22 15 7
46.5000 -41.0000 -46.1697 20 16 7
47.5000 -41.0000 -46.8096 21 17 8
48.5000 -41.0000 -47.5493 21 16 10
49.5000 -41.0000 -48.4010 21 16 10
50.5000 -41.0000 -49.3576 20 17 10
51.5000 -41.0000 -50.3893 20 17 10
52.5000 -41.0000 -51.4500 16 15 10
53.5000 -41.0000 -52.4896 15 14 9
112.5000 -41.0000 -117.7128 19 13 13
-78.5000 -42.0000 -52.7777 18 23 16
-77.5000 -42.0000 -48.2236 22 29 21
-76.5000 -42.0000 -44.0709 24 31 24
-75.5000 -42.0000 -40.3511 34 43 38
-74.5000 -42.0000 -37.0741 36 47 43
-73.5000 -42.0000 -34.2331 38 49 45
-72.5000 -42.0000 -31.8116 39 52 45
-71.5000 -42.0000 -29.7865 40 53 44
-70.5000 -42.0000 -28.1277 44 57 47
-69.5000 -42.0000 -26.7974 51 65 50
-68.5000 -42.0000 -25.7506 57 70 52
-67.5000 -42.0000 -24.9374 58 66 45
-66.5000 -42.0000 -24.3074 61 66 44
-65.5000 -42.0000 -23.8137 64 69 47
-64.5000 -42.0000 -23.4162 67 72 50
-63.5000 -42.0000 -23.0837 70 73 52
-62.5000 -42.0000 -22.7934 71 74 53
-61.5000 -42.0000 -22.5302 73 75 54
-60.5000 -42.0000 -22.2852 73 75 54
-59.5000 -42.0000 -22.0545 80 79 59
-58.5000 -42.0000 -21.8379 83 82 62
-57.5000 -42.0000 -21.6373 87 86 66
-56.5000 -42.0000 -21.4558 89 86 67
-55.5000 -42.0000 -21.2965 87 84 65
-54.5000 -42.0000 -21.1631 86 83 64
-53.5000 -42.0000 -21.0596 90 85 66
-52.5000 -42.0000 -20.9910 92 87 68
-51.5000 -42.0000 -20.9616 98 93 73
-50.5000 -42.0000 -20.9748 89 84 62
-49.5000 -42.0000 -21.0324 86 80 58
-48.5000 -42.0000 -21.1370 93 85 62
-47.5000 -42.0000 -21.2947 98 87 65
-46.5000 -42.0000 -21.5189 96 86 61
-45.5000 -42.0000 -21.8323 97 85 61
-44.5000 -42.0000 -22.2646 101 89 65
-43.5000 -42.0000 -22.8480 103 91 67
-42.5000 -42.0000 -23.6092 91 79 57
-41.5000 -42.0000 -24.5624 78 65 46
-40.5000 -42.0000 -25.7035 73 62 44
-39.5000 -42.0000 -27.0093 71 62 45
-38.5000 -42.0000 -28.4385 67 60 44
-37.5000 -42.0000 -29.9371 56 48 35
-36.5000 -42.0000 -31.4447 43 39 27
-35.5000 -42.0000 -32.9026 28 29 15
-34.5000 -42.0000 -34.2607 24 26 12
-33.5000 -42.0000 -35.4829 26 28 14
-32.5000 -42.0000 -36.5501 30 32 18
-31.5000 -42.0000 -37.4578 26 28 15
-30.5000 -42.0000 -38.2113 18 20 7
-29.5000 -42.0000 -38.8204 18 20 7
-28.5000 -42.0000 -39.2974 25 27 14
-27.5000 -42.0000 -39.6590 23 25 14
-26.5000 -42.0000 -39.9300 20 22 11
-25.5000 -42.0000 -40.1436 21 22 14
-24.5000 -42.0000 -40.3352 26 27 19
-23.5000 -42.0000 -40.5326 27 28 20
-22.5000 -42.0000 -40.7472 22 23 15
-21.5000 -42.0000 -40.9746 21 22 16
-20.5000 -42.0000 -41.2010 26 25 20
-19.5000 -42.0000 -41.4134 23 18 15
-18.5000 -42.0000 -41.6035 26 18 16
-17.5000 -42.0000 -41.7656 25 20 17
-16.5000 -42.0000 -41.8908 23 19 16
-15.5000 -42.0000 -41.9663 17 16 14
-14.5000 -42.0000 -41.9806 14 14 12
-13.5000 -42.0000 -41.9334 14 16 13
-12.5000 -42.0000 -41.8403 14 19 15
-11.5000 -42.0000 -41.7303 17 22 18
-10.5000 -42.0000 -41.6355 16 22 18
-9.5000 -42.0000 -41.5803 16 22 18
-8.5000 -42.0000 -41.5740 17 22 18
-7.5000 -42.0000 -41.6101 19 21 18
-6.5000 -42.0000 -41.6698 19 21 18
-5.5000 -42.0000 -41.7275 20 20 18
-4.5000 -42.0000 -41.7565 20 20 18
-3.5000 -42.0000 -41.7349 15 17 12
-2.5000 -42.0000 -41.6515 16 18 13
-1.5000 -42.0000 -41.5103 17 19 14
-0.5000 -42.0000 -41.3314 18 20 15
0.5000 -42.0000 -41.1477 18 23 17
1.5000 -42.0000 -40.9966 19 24 18
2.5000 -42.0000 -40.9106 20 25 19
3.5000 -42.0000 -40.9085 21 26 20
4.5000 -42.0000 -40.9930 19 24 18
5.5000 -42.0000 -41.1538 15 20 14
6.5000 -42.0000 -41.3759 12 17 11
7.5000 -42.0000 -41.6472 13 18 12
8.5000 -42.0000 -41.9616 18 20 15
9.5000 -42.0000 -42.3139 20 22 17
10.5000 -42.0000 -42.6921 18 20 15
11.5000 -42.0000 -43.0722 17 18 12
12.5000 -42.0000 -43.4216 14 14 6
13.5000 -42.0000 -43.7112 17 14 5
14.5000 -42.0000 -43.9276 19 16 7
15.5000 -42.0000 -44.0777 21 18 9
16.5000 -42.0000 -44.1820 22 19 10
17.5000 -42.0000 -44.2606 22 19 10
18.5000 -42.0000 -44.3223 21 18 9
19.5000 -42.0000 -44.3623 21 18 9
20.5000 -42.0000 -44.3695 18 15 6
21.5000 -42.0000 -44.3376 19 16 7
22.5000 -42.0000 -44.2735 19 16 7
23.5000 -42.0000 -44.1990 20 17 8
24.5000 -42.0000 -44.1442 20 17 8
25.5000 -42.0000 -44.1372 21 18 9
26.5000 -42.0000 -44.1925 21 18 9
27.5000 -42.0000 -44.3029 21 18 9
28.5000 -42.0000 -44.4403 15 15 5
29.5000 -42.0000 -44.5632 15 17 6
30.5000 -42.0000 -44.6309 15 17 6
31.5000 -42.0000 -44.6180 16 18 7
32.5000 -42.0000 -44.5234 17 19 8
33.5000 -42.0000 -44.3695 19 21 10
34.5000 -42.0000 -44.1953 21 23 12
35.5000 -42.0000 -44.0441 22 24 13
36.5000 -42.0000 -43.9528 16 18 7
37.5000 -42.0000 -43.9455 15 18 7
38.5000 -42.0000 -44.0317 15 18 7
39.5000 -42.0000 -44.2086 13 19 7
40.5000 -42.0000 -44.4648 14 17 6
41.5000 -42.0000 -44.7849 12 18 6
42.5000 -42.0000 -45.1535 14 17 6
43.5000 -42.0000 -45.5606 15 17 6
44.5000 -42.0000 -46.0049 20 16 7
45.5000 -42.0000 -46.4972 22 15 7
46.5000 -42.0000 -47.0597 21 17 8
47.5000 -42.0000 -47.7207 21 17 8
48.5000 -42.0000 -48.5057 21 16 10
49.5000 -42.0000 -49.4250 21 16 10
50.5000 -42.0000 -50.4642 21 18 11
51.5000 -42.0000 -51.5811 21 18 11
52.5000 -42.0000 -52.7148 16 15 10
112.5000 -42.0000 -118.7154 19 13 13
-78.5000 -43.0000 -57.3347 10 15 9
-77.5000 -43.0000 -52.8578 16 23 16
-76.5000 -43.0000 -48.6444 20 27 20
-75.5000 -43.0000 -44.7191 27 36 33
-74.5000 -43.0000 -41.1077 28 38 37
-73.5000 -43.0000 -37.8390 30 40 39
-72.5000 -43.0000 -34.9433 30 42 40
-71.5000 -43.0000 -32.4453 32 45 38
-70.5000 -43.0000 -30.3543 36 52 42
-69.5000 -43.0000 -28.6575 44 60 47
-68.5000 -43.0000 -27.3194 52 66 49
-67.5000 -43.0000 -26.2872 52 61 42
-66.5000 -43.0000 -25.4996 56 61 41
-65.5000 -43.0000 -24.8950 59 62 43
-64.5000 -43.0000 -24.4193 61 64 45
-63.5000 -43.0000 -24.0296 64 67 48
-62.5000 -43.0000 -23.6948 66 69 50
-61.5000 -43.0000 -23.3947 68 71 52
-60.5000 -43.0000 -23.1182 69 72 53
-59.5000 -43.0000 -22.8604 67 68 50
-58.5000 -43.0000 -22.6212 70 71 53
-57.5000 -43.0000 -22.4028 73 74 56
-56.5000 -43.0000 -22.2078 75 74 56
-55.5000 -43.0000 -22.0391 74 73 55
-54.5000 -43.0000 -21.8999 74 73 55
-53.5000 -43.0000 -21.7942 78 75 58
-52.5000 -43.0000 -21.7274 80 77 58
-51.5000 -43.0000 -21.7051 80 75 56
-50.5000 -43.0000 -21.7329 82 75 56
-49.5000 -43.0000 -21.8158 85 77 58
-48.5000 -43.0000 -21.9604 85 77 56
-47.5000 -43.0000 -22.1776 87 76 56
-46.5000 -43.0000 -22.4851 87 75 53
-45.5000 -43.0000 -22.9085 88 73 52
-44.5000 -43.0000 -23.4784 88 73 52
-43.5000 -43.0000 -24.2233 86 71 50
-42.5000 -43.0000 -25.1625 83 70 51
-41.5000 -43.0000 -26.2976 82 69 52
-40.5000 -43.0000 -27.6083 78 66 50
-39.5000 -43.0000 -29.0525 71 62 47
-38.5000 -43.0000 -30.5713 59 51 38
-37.5000 -43.0000 -32.0974 46 38 27
-36.5000 -43.0000 -33.5651 34 30 19
-35.5000 -43.0000 -34.9198 31 31 19
-34.5000 -43.0000 -36.1239 25 29 15
-33.5000 -43.0000 -37.1604 20 24 10
-32.5000 -43.0000 -38.0307 19 23 9
-31.5000 -43.0000 -38.7492 21 25 11
-30.5000 -43.0000 -39.3349 24 28 14
-29.5000 -43.0000 -39.8053 25 28 17
-28.5000 -43.0000 -40.1739 25 28 17
-27.5000 -43.0000 -40.4544 20 23 14
-26.5000 -43.0000 -40.6668 20 23 14
-25.5000 -43.0000 -40.8402 21 24 17
-24.5000 -43.0000 -41.0076 21 24 17
-23.5000 -43.0000 -41.1960 20 23 16
-22.5000 -43.0000 -41.4165 18 21 14
-21.5000 -43.0000 -41.6625 16 19 12
-20.5000 -43.0000 -41.9164 16 17 12
-19.5000 -43.0000 -42.1593 20 16 15
-18.5000 -43.0000 -42.3768 22 16 16
-17.5000 -43.0000 -42.5583 22 16 16
-16.5000 -43.0000 -42.6920 19 15 14
-15.5000 -43.0000 -42.7640 15 14 12
-14.5000 -43.0000 -42.7632 14 14 12
-13.5000 -43.0000 -42.6906 16 18 15
-12.5000 -43.0000 -42.5637 18 23 19
-11.5000 -43.0000 -42.4143 14 19 15
-10.5000 -43.0000 -42.2773 14 19 15
-9.5000 -43.0000 -42.1791 14 19 15
-8.5000 -43.0000 -42.1311 16 18 15
-7.5000 -43.0000 -42.1278 16 18 13
-6.5000 -43.0000 -42.1518 17 18 13
-5.5000 -43.0000 -42.1790 17 18 13
-4.5000 -43.0000 -42.1845 17 18 13
-3.5000 -43.0000 -42.1484 20 22 17
-2.5000 -43.0000 -42.0614 18 23 17
-1.5000 -43.0000 -41.9286 19 24 18
-0.5000 -43.0000 -41.7704 19 24 18
0.5000 -43.0000 -41.6188 22 24 19
1.5000 -43.0000 -41.5087 22 24 19
2.5000 -43.0000 -41.4686 23 25 20
3.5000 -43.0000 -41.5122 23 25 20
4.5000 -43.0000 -41.6366 19 21 16
5.5000 -43.0000 -41.8276 19 21 16
6.5000 -43.0000 -42.0687 19 21 16
7.5000 -43.0000 -42.3492 19 21 16
8.5000 -43.0000 -42.6661 17 22 16
9.5000 -43.0000 -43.0170 17 22 16
10.5000 -43.0000 -43.3911 17 22 16
11.5000 -43.0000 -43.7633 19 22 15
12.5000 -43.0000 -44.0993 17 17 9
13.5000 -43.0000 -44.3689 20 17 8
14.5000 -43.0000 -44.5594 21 18 9
15.5000 -43.0000 -44.6808 21 18 9
16.5000 -43.0000 -44.7573 21 18 9
17.5000 -43.0000 -44.8134 20 17 8
18.5000 -43.0000 -44.8612 19 16 7
19.5000 -43.0000 -44.8982 18 15 6
20.5000 -43.0000 -44.9143 21 18 9
21.5000 -43.0000 -44.9038 21 18 9
22.5000 -43.0000 -44.8741 21 18 9
23.5000 -43.0000 -44.8469 21 18 9
24.5000 -43.0000 -44.8528 21 18 9
25.5000 -43.0000 -44.9193 21 18 9
26.5000 -43.0000 -45.0592 21 18 9
27.5000 -43.0000 -45.2616 21 18 9
28.5000 -43.0000 -45.4911 28 24 15
29.5000 -43.0000 -45.6970 22 18 9
30.5000 -43.0000 -45.8287 20 17 8
31.5000 -43.0000 -45.8533 24 21 12
32.5000 -43.0000 -45.7670 22 22 12
33.5000 -43.0000 -45.5956 18 18 8
34.5000 -43.0000 -45.3852 18 20 9
35.5000 -43.0000 -45.1878 24 26 15
36.5000 -43.0000 -45.0476 17 20 9
37.5000 -43.0000 -44.9937 16 19 8
38.5000 -43.0000 -45.0383 14 20 8
39.5000 -43.0000 -45.1802 12 20 7
40.5000 -43.0000 -45.4084 13 19 7
41.5000 -43.0000 -45.7069 13 21 8
42.5000 -43.0000 -46.0597 14 20 8
43.5000 -43.0000 -46.4561 17 20 9
44.5000 -43.0000 -46.8961 19 16 7
45.5000 -43.0000 -47.3935 22 15 7
46.5000 -43.0000 -47.9744 20 16 7
47.5000 -43.0000 -48.6708 21 17 8
48.5000 -43.0000 -49.5086 21 16 10
49.5000 -43.0000 -50.4942 21 16 10
50.5000 -43.0000 -51.6046 21 18 11
51.5000 -43.0000 -52.7855 21 18 11
68.5000 -43.0000 -58.7858 14 14 14
-77.5000 -44.0000 -57.8002 10 17 10
-76.5000 -44.0000 -53.7057 13 19 15
-75.5000 -44.0000 -49.7169 17 26 23
-74.5000 -44.0000 -45.8570 20 30 29
-73.5000 -44.0000 -42.1848 25 35 36
-72.5000 -44.0000 -38.7843 28 40 38
-71.5000 -44.0000 -35.7434 31 43 39
-70.5000 -44.0000 -33.1294 33 49 39
-69.5000 -44.0000 -30.9711 38 54 43
-68.5000 -44.0000 -29.2544 44 58 43
-67.5000 -44.0000 -27.9300 52 59 43
-66.5000 -44.0000 -26.9269 55 58 39
-65.5000 -44.0000 -26.1682 56 59 40
-64.5000 -44.0000 -25.5832 58 61 42
-63.5000 -44.0000 -25.1142 59 62 43
-62.5000 -44.0000 -24.7194 60 63 44
-61.5000 -44.0000 -24.3718 61 64 45
-60.5000 -44.0000 -24.0560 62 65 46
-59.5000 -44.0000 -23.7655 69 70 52
-58.5000 -44.0000 -23.4992 71 72 54
-57.5000 -44.0000 -23.2590 73 74 56
-56.5000 -44.0000 -23.0474 72 73 55
-55.5000 -44.0000 -22.8673 71 70 52
-54.5000 -44.0000 -22.7218 70 69 51
-53.5000 -44.0000 -22.6155 71 70 52
-52.5000 -44.0000 -22.5550 74 71 54
-51.5000 -44.0000 -22.5479 82 76 60
-50.5000 -44.0000 -22.6025 83 76 58
-49.5000 -44.0000 -22.7276 84 75 58
-48.5000 -44.0000 -22.9339 83 75 56
-47.5000 -44.0000 -23.2361 85 72 55
-46.5000 -44.0000 -23.6548 84 71 52
-45.5000 -44.0000 -24.2158 86 71 52
-44.5000 -44.0000 -24.9460 85 70 51
-43.5000 -44.0000 -25.8670 85 70 51
-42.5000 -44.0000 -26.9865 82 66 50
-41.5000 -44.0000 -28.2909 75 62 46
-40.5000 -44.0000 -29.7428 69 57 43
-39.5000 -44.0000 -31.2825 62 50 38
-38.5000 -44.0000 -32.8370 50 40 30
-37.5000 -44.0000 -34.3314 37 28 19
-36.5000 -44.0000 -35.7015 28 21 11
-35.5000 -44.0000 -36.9027 27 27 15
-34.5000 -44.0000 -37.9152 21 25 11
-33.5000 -44.0000 -38.7426 18 22 8
-32.5000 -44.0000 -39.4066 18 22 8
-31.5000 -44.0000 -39.9384 20 24 10
-30.5000 -44.0000 -40.3679 22 26 12
-29.5000 -44.0000 -40.7167 22 25 14
-28.5000 -44.0000 -40.9973 21 24 13
-27.5000 -44.0000 -41.2180 17 20 11
-26.5000 -44.0000 -41.3924 18 21 12
-25.5000 -44.0000 -41.5435 19 22 15
-24.5000 -44.0000 -41.7002 20 23 16
-23.5000 -44.0000 -41.8869 20 23 16
-22.5000 -44.0000 -42.1127 20 23 16
-21.5000 -44.0000 -42.3686 19 22 15
-20.5000 -44.0000 -42.6337 19 20 15
-19.5000 -44.0000 -42.8854 19 15 14
-18.5000 -44.0000 -43.1068 21 17 18
-17.5000 -44.0000 -43.2858 22 18 17
-16.5000 -44.0000 -43.4111 18 17 15
-15.5000 -44.0000 -43.4698 15 15 13
-14.5000 -44.0000 -43.4519 15 15 13
-13.5000 -44.0000 -43.3590 16 18 15
-12.5000 -44.0000 -43.2090 19 21 18
-11.5000 -44.0000 -43.0335 18 20 17
-10.5000 -44.0000 -42.8677 18 20 15
-9.5000 -44.0000 -42.7390 18 20 17
-8.5000 -44.0000 -42.6596 18 20 15
-7.5000 -44.0000 -42.6258 19 20 15
-6.5000 -44.0000 -42.6223 19 20 14
-5.5000 -44.0000 -42.6275 19 20 15
-4.5000 -44.0000 -42.6191 18 20 15
-3.5000 -44.0000 -42.5792 17 22 16
-2.5000 -44.0000 -42.4993 17 22 16
-1.5000 -44.0000 -42.3842 18 23 17
-0.5000 -44.0000 -42.2533 18 23 17
0.5000 -44.0000 -42.1365 21 23 18
1.5000 -44.0000 -42.0662 21 23 18
2.5000 -44.0000 -42.0669 22 24 19
3.5000 -44.0000 -42.1483 22 24 19
4.5000 -44.0000 -42.3034 18 20 15
5.5000 -44.0000 -42.5150 18 20 15
6.5000 -44.0000 -42.7658 18 20 15
7.5000 -44.0000 -43.0464 18 20 15
8.5000 -44.0000 -43.3555 16 21 15
9.5000 -44.0000 -43.6927 16 21 15
10.5000 -44.0000 -44.0472 16 21 15
11.5000 -44.0000 -44.3935 18 21 14
12.5000 -44.0000 -44.6966 17 17 9
13.5000 -44.0000 -44.9274 20 17 8
14.5000 -44.0000 -45.0763 21 18 9
15.5000 -44.0000 -45.1580 21 18 9
16.5000 -44.0000 -45.2019 21 18 9
17.5000 -44.0000 -45.2367 20 17 8
18.5000 -44.0000 -45.2770 19 16 7
19.5000 -44.0000 -45.3209 18 15 6
20.5000 -44.0000 -45.3573 21 18 9
21.5000 -44.0000 -45.3791 21 18 9
22.5000 -44.0000 -45.3920 21 18 9
23.5000 -44.0000 -45.4174 21 18 9
24.5000 -44.0000 -45.4854 21 18 9
25.5000 -44.0000 -45.6241 21 18 9
26.5000 -44.0000 -45.8454 21 18 9
27.5000 -44.0000 -46.1355 22 18 9
28.5000 -44.0000 -46.4534 27 20 12
29.5000 -44.0000 -46.7395 23 14 7
30.5000 -44.0000 -46.9339 21 14 6
31.5000 -44.0000 -46.9963 24 17 9
32.5000 -44.0000 -46.9200 22 18 9
33.5000 -44.0000 -46.7334 18 15 6
34.5000 -44.0000 -46.4895 17 17 7
35.5000 -44.0000 -46.2486 21 23 12
36.5000 -44.0000 -46.0630 16 19 8
37.5000 -44.0000 -45.9680 16 19 8
38.5000 -44.0000 -45.9806 14 20 8
39.5000 -44.0000 -46.1020 12 20 7
40.5000 -44.0000 -46.3220 12 20 7
41.5000 -44.0000 -46.6229 13 21 8
42.5000 -44.0000 -46.9854 13 21 8
43.5000 -44.0000 -47.3955 16 19 8
44.5000 -44.0000 -47.8520 23 20 11
45.5000 -44.0000 -48.3696 26 19 11
46.5000 -44.0000 -48.9772 23 19 10
47.5000 -44.0000 -49.7088 21 17 8
48.5000 -44.0000 -50.5895 20 15 9
49.5000 -44.0000 -51.6212 18 13 7
-74.5000 -45.0000 -51.2836 10 20 19
-73.5000 -45.0000 -47.2688 19 29 30
-72.5000 -45.0000 -43.3653 24 36 36
-71.5000 -45.0000 -39.7356 28 40 38
-70.5000 -45.0000 -36.5219 28 43 36
-69.5000 -45.0000 -33.8121 31 47 37
-68.5000 -45.0000 -31.6276 37 49 35
-67.5000 -45.0000 -29.9310 50 54 39
-66.5000 -45.0000 -28.6461 52 53 37
-65.5000 -45.0000 -27.6811 53 54 38
-64.5000 -45.0000 -26.9469 53 54 38
-63.5000 -45.0000 -26.3696 54 55 39
-62.5000 -45.0000 -25.8942 55 56 40
-61.5000 -45.0000 -25.4844 55 56 40
-60.5000 -45.0000 -25.1194 55 56 40
-59.5000 -45.0000 -24.7890 64 65 49
-58.5000 -45.0000 -24.4907 66 67 51
-57.5000 -45.0000 -24.2254 68 69 53
-56.5000 -45.0000 -23.9955 67 68 52
-55.5000 -45.0000 -23.8039 65 66 50
-54.5000 -45.0000 -23.6542 65 66 50
-53.5000 -45.0000 -23.5524 67 68 52
-52.5000 -45.0000 -23.5066 71 69 54
-51.5000 -45.0000 -23.5272 79 73 59
-50.5000 -45.0000 -23.6258 78 71 55
-49.5000 -45.0000 -23.8148 77 68 53
-48.5000 -45.0000 -24.1084 76 67 50
-47.5000 -45.0000 -24.5236 78 65 49
-46.5000 -45.0000 -25.0807 78 65 48
-45.5000 -45.0000 -25.8012 79 63 47
-44.5000 -45.0000 -26.7041 78 62 46
-43.5000 -45.0000 -27.7992 82 66 50
-42.5000 -45.0000 -29.0798 76 60 45
-41.5000 -45.0000 -30.5170 64 50 37
-40.5000 -45.0000 -32.0581 54 42 30
-39.5000 -45.0000 -33.6313 46 33 24
-38.5000 -45.0000 -35.1564 36 26 17
-37.5000 -45.0000 -36.5588 27 18 11
-36.5000 -45.0000 -37.7824 20 13 5
-35.5000 -45.0000 -38.7977 23 23 11
-34.5000 -45.0000 -39.6033 19 21 8
-33.5000 -45.0000 -40.2217 17 19 8
-32.5000 -45.0000 -40.6909 18 20 9
-31.5000 -45.0000 -41.0536 20 22 11
-30.5000 -45.0000 -41.3465 21 23 12
-29.5000 -45.0000 -41.5932 20 21 13
-28.5000 -45.0000 -41.8035 18 19 11
-27.5000 -45.0000 -41.9804 15 16 10
-26.5000 -45.0000 -42.1305 16 17 11
-25.5000 -45.0000 -42.2700 18 19 13
-24.5000 -45.0000 -42.4222 20 21 15
-23.5000 -45.0000 -42.6069 21 22 17
-22.5000 -45.0000 -42.8301 21 22 17
-21.5000 -45.0000 -43.0800 21 22 17
-20.5000 -45.0000 -43.3339 21 22 17
-19.5000 -45.0000 -43.5690 15 14 12
-18.5000 -45.0000 -43.7693 18 16 17
-17.5000 -45.0000 -43.9254 20 19 17
-16.5000 -45.0000 -44.0288 19 19 17
-15.5000 -45.0000 -44.0691 17 17 15
-14.5000 -45.0000 -44.0372 15 15 13
-13.5000 -45.0000 -43.9340 16 17 12
-12.5000 -45.0000 -43.7753 18 19 14
-11.5000 -45.0000 -43.5903 21 22 17
-10.5000 -45.0000 -43.4122 21 22 16
-9.5000 -45.0000 -43.2673 21 22 17
-8.5000 -45.0000 -43.1683 21 22 16
-7.5000 -45.0000 -43.1137 21 22 16
-6.5000 -45.0000 -43.0916 21 22 14
-5.5000 -45.0000 -43.0842 21 22 16
-4.5000 -45.0000 -43.0725 20 23 16
-3.5000 -45.0000 -43.0405 15 20 14
-2.5000 -45.0000 -42.9796 14 21 14
-1.5000 -45.0000 -42.8928 16 21 15
-0.5000 -45.0000 -42.7966 16 21 15
0.5000 -45.0000 -42.7178 19 21 16
1.5000 -45.0000 -42.6857 19 21 16
2.5000 -45.0000 -42.7222 21 22 17
3.5000 -45.0000 -42.8340 21 22 17
4.5000 -45.0000 -43.0117 19 20 15
5.5000 -45.0000 -43.2367 19 20 15
6.5000 -45.0000 -43.4915 18 20 15
7.5000 -45.0000 -43.7671 18 20 15
8.5000 -45.0000 -44.0631 16 21 15
9.5000 -45.0000 -44.3789 16 21 15
10.5000 -45.0000 -44.7029 15 22 15
11.5000 -45.0000 -45.0086 16 21 14
12.5000 -45.0000 -45.2620 17 17 9
13.5000 -45.0000 -45.4367 19 16 7
14.5000 -45.0000 -45.5288 20 17 8
15.5000 -45.0000 -45.5599 21 18 9
16.5000 -45.0000 -45.5661 21 18 9
17.5000 -45.0000 -45.5806 21 18 9
18.5000 -45.0000 -45.6198 20 17 8
19.5000 -45.0000 -45.6800 19 16 7
20.5000 -45.0000 -45.7470 21 18 9
21.5000 -45.0000 -45.8096 21 18 9
22.5000 -45.0000 -45.8705 21 18 9
23.5000 -45.0000 -45.9495 21 18 9
24.5000 -45.0000 -46.0772 21 18 9
25.5000 -45.0000 -46.2825 21 18 9
26.5000 -45.0000 -46.5777 21 18 9
27.5000 -45.0000 -46.9476 22 18 9
28.5000 -45.0000 -47.3465 26 15 9
31.5000 -45.0000 -48.0629 22 13 6
32.5000 -45.0000 -48.0003 21 14 6
34.5000 -45.0000 -47.5350 15 15 5
35.5000 -45.0000 -47.2597 18 20 9
36.5000 -45.0000 -47.0393 15 18 7
37.5000 -45.0000 -46.9163 15 18 7
38.5000 -45.0000 -46.9135 13 19 7
39.5000 -45.0000 -47.0356 13 19 7
40.5000 -45.0000 -47.2725 13 19 7
41.5000 -45.0000 -47.6028 13 19 7
42.5000 -45.0000 -48.0011 13 19 7
43.5000 -45.0000 -48.4468 15 18 7
44.5000 -45.0000 -48.9348 23 20 11
45.5000 -45.0000 -49.4790 25 18 10
46.5000 -45.0000 -50.1098 22 18 9
47.5000 -45.0000 -50.8623 20 16 7
48.5000 -45.0000 -51.7607 19 14 8
-73.5000 -46.0000 -52.9836 13 21 23
-72.5000 -46.0000 -48.6224 19 29 30
-71.5000 -46.0000 -44.3993 23 33 32
-70.5000 -46.0000 -40.5436 25 38 31
-69.5000 -46.0000 -37.2172 29 42 33
-68.5000 -46.0000 -34.4905 34 44 33
-67.5000 -46.0000 -32.3483 46 48 35
-66.5000 -46.0000 -30.7153 47 48 32
-65.5000 -46.0000 -29.4876 50 48 33
-64.5000 -46.0000 -28.5590 49 50 34
-63.5000 -46.0000 -27.8383 52 50 35
-62.5000 -46.0000 -27.2561 51 52 36
-61.5000 -46.0000 -26.7654 54 52 37
-60.5000 -46.0000 -26.3380 52 53 37
-59.5000 -46.0000 -25.9590 52 53 37
-58.5000 -46.0000 -25.6231 55 56 40
-57.5000 -46.0000 -25.3299 59 60 44
-56.5000 -46.0000 -25.0814 61 62 46
-55.5000 -46.0000 -24.8806 62 63 47
-54.5000 -46.0000 -24.7324 63 64 48
-53.5000 -46.0000 -24.6440 67 68 52
-52.5000 -46.0000 -24.6259 72 70 55
-51.5000 -46.0000 -24.6912 72 66 52
-50.5000 -46.0000 -24.8547 69 63 49
-49.5000 -46.0000 -25.1321 67 59 46
-48.5000 -46.0000 -25.5395 67 58 43
-47.5000 -46.0000 -26.0934 70 58 44
-46.5000 -46.0000 -26.8094 70 58 42
-45.5000 -46.0000 -27.7000 70 57 41
-44.5000 -46.0000 -28.7710 69 56 40
-43.5000 -46.0000 -30.0168 73 60 44
-42.5000 -46.0000 -31.4158 64 50 37
-41.5000 -46.0000 -32.9258 52 38 27
-40.5000 -46.0000 -34.4851 41 28 19
-39.5000 -46.0000 -36.0177 32 22 13
-38.5000 -46.0000 -37.4454 26 17 10
-37.5000 -46.0000 -38.7021 22 13 8
-35.5000 -46.0000 -40.5623 21 21 11
-34.5000 -46.0000 -41.1677 19 21 8
-33.5000 -46.0000 -41.5974 18 20 9
-32.5000 -46.0000 -41.8988 19 21 10
-31.5000 -46.0000 -42.1200 21 23 12
-30.5000 -46.0000 -42.3004 22 24 13
-29.5000 -46.0000 -42.4636 19 20 12
-28.5000 -46.0000 -42.6174 17 18 10
-27.5000 -46.0000 -42.7605 16 17 11
-26.5000 -46.0000 -42.8933 17 18 12
-25.5000 -46.0000 -43.0253 18 19 13
-24.5000 -46.0000 -43.1730 20 21 15
-23.5000 -46.0000 -43.3502 20 21 16
-22.5000 -46.0000 -43.5584 20 21 16
-21.5000 -46.0000 -43.7836 20 21 16
-20.5000 -46.0000 -44.0035 19 19 17
-18.5000 -46.0000 -44.3567 17 17 15
-17.5000 -46.0000 -44.4749 20 20 18
-16.5000 -46.0000 -44.5489 20 20 18
-15.5000 -46.0000 -44.5708 18 18 16
-14.5000 -46.0000 -44.5317 16 17 12
-13.5000 -46.0000 -44.4299 16 17 12
-12.5000 -46.0000 -44.2774 17 18 12
-11.5000 -46.0000 -44.0987 20 21 15
-10.5000 -46.0000 -43.9230 20 21 13
-9.5000 -46.0000 -43.7743 20 21 13
-8.5000 -46.0000 -43.6653 20 21 13
-7.5000 -46.0000 -43.5973 20 21 13
-6.5000 -46.0000 -43.5628 20 22 11
-5.5000 -46.0000 -43.5497 20 22 11
-4.5000 -46.0000 -43.5432 19 22 13
-3.5000 -46.0000 -43.5290 13 18 11
-2.5000 -46.0000 -43.4974 13 20 13
-1.5000 -46.0000 -43.4479 14 19 13
-0.5000 -46.0000 -43.3924 14 19 13
0.5000 -46.0000 -43.3534 17 19 14
1.5000 -46.0000 -43.3573 18 20 15
2.5000 -46.0000 -43.4239 19 20 15
3.5000 -46.0000 -43.5590 19 20 15
4.5000 -46.0000 -43.7529 18 19 14
5.5000 -46.0000 -43.9869 18 19 14
6.5000 -46.0000 -44.2436 17 19 14
7.5000 -46.0000 -44.5138 17 19 14
8.5000 -46.0000 -44.7961 15 20 14
9.5000 -46.0000 -45.0877 14 21 14
10.5000 -46.0000 -45.3752 14 21 14
11.5000 -46.0000 -45.6311 15 20 13
12.5000 -46.0000 -45.8229 16 16 8
13.5000 -46.0000 -45.9295 19 16 7
14.5000 -46.0000 -45.9546 20 17 8
15.5000 -46.0000 -45.9289 21 18 9
16.5000 -46.0000 -45.8963 21 18 9
17.5000 -46.0000 -45.8948 21 18 9
18.5000 -46.0000 -45.9406 20 17 8
19.5000 -46.0000 -46.0266 20 17 8
20.5000 -46.0000 -46.1323 20 17 8
21.5000 -46.0000 -46.2405 20 17 8
22.5000 -46.0000 -46.3493 20 17 8
23.5000 -46.0000 -46.4768 20 17 8
24.5000 -46.0000 -46.6543 20 17 8
25.5000 -46.0000 -46.9130 20 17 8
26.5000 -46.0000 -47.2671 20 17 8
27.5000 -46.0000 -47.7014 23 16 8
28.5000 -46.0000 -48.1671 27 14 8
33.5000 -46.0000 -48.7990 18 14 5
34.5000 -46.0000 -48.5182 18 15 6
35.5000 -46.0000 -48.2264 18 18 8
36.5000 -46.0000 -47.9917 15 17 6
37.5000 -46.0000 -47.8638 14 17 6
38.5000 -46.0000 -47.8712 15 18 7
39.5000 -46.0000 -48.0218 16 19 8
40.5000 -46.0000 -48.3041 16 19 8
41.5000 -46.0000 -48.6910 15 18 7
42.5000 -46.0000 -49.1479 14 17 6
43.5000 -46.0000 -49.6455 16 16 6
45.5000 -46.0000 -50.7399 20 13 5
46.5000 -46.0000 -51.3800 18 14 5
47.5000 -46.0000 -52.1288 18 14 5
48.5000 -46.0000 -53.0103 19 14 8
49.5000 -46.0000 -54.0215 19 14 8
50.5000 -46.0000 -55.1245 19 16 9
51.5000 -46.0000 -56.2508 19 16 9
-73.5000 -47.0000 -59.0907 10 15 18
-72.5000 -47.0000 -54.3664 12 20 22
-71.5000 -47.0000 -49.6031 16 25 24
-70.5000 -47.0000 -45.1200 21 32 26
-69.5000 -47.0000 -41.1610 28 39 31
-68.5000 -47.0000 -37.8552 36 44 33
-67.5000 -47.0000 -35.2188 41 41 29
-66.5000 -47.0000 -33.1853 44 42 29
-65.5000 -47.0000 -31.6443 46 42 30
-64.5000 -47.0000 -30.4761 47 45 32
-63.5000 -47.0000 -29.5741 51 47 35
-62.5000 -47.0000 -28.8551 52 50 37
-61.5000 -47.0000 -28.2609 54 50 38
-60.5000 -47.0000 -27.7546 54 52 39
-59.5000 -47.0000 -27.3158 49 47 34
-58.5000 -47.0000 -26.9354 52 50 37
-57.5000 -47.0000 -26.6113 56 54 41
-56.5000 -47.0000 -26.3447 57 55 42
-55.5000 -47.0000 -26.1393 58 56 43
-54.5000 -47.0000 -26.0006 60 58 45
-53.5000 -47.0000 -25.9377 64 62 49
-52.5000 -47.0000 -25.9632 67 65 52
-51.5000 -47.0000 -26.0926 66 62 50
-50.5000 -47.0000 -26.3430 63 59 47
-49.5000 -47.0000 -26.7318 62 56 44
-48.5000 -47.0000 -27.2745 63 57 43
-47.5000 -47.0000 -27.9834 66 58 45
-46.5000 -47.0000 -28.8651 68 59 44
-45.5000 -47.0000 -29.9180 68 56 42
-44.5000 -47.0000 -31.1312 65 53 39
-43.5000 -47.0000 -32.4823 61 49 35
-42.5000 -47.0000 -33.9362 50 40 28
-41.5000 -47.0000 -35.4436 39 29 19
-40.5000 -47.0000 -36.9415 29 20 11
-39.5000 -47.0000 -38.3595 25 18 10
-38.5000 -47.0000 -39.6301 21 16 10
-37.5000 -47.0000 -40.7020 21 16 10
-36.5000 -47.0000 -41.5493 19 16 9
-35.5000 -47.0000 -42.1741 23 23 13
-34.5000 -47.0000 -42.6026 21 21 11
-33.5000 -47.0000 -42.8766 20 20 10
-32.5000 -47.0000 -43.0454 21 21 11
-31.5000 -47.0000 -43.1567 24 24 16
-30.5000 -47.0000 -43.2490 24 24 16
-29.5000 -47.0000 -43.3453 22 22 14
-28.5000 -47.0000 -43.4523 19 19 11
-27.5000 -47.0000 -43.5663 19 18 13
-26.5000 -47.0000 -43.6836 20 19 14
-25.5000 -47.0000 -43.8071 21 20 16
-24.5000 -47.0000 -43.9460 21 20 16
-23.5000 -47.0000 -44.1072 20 19 15
-22.5000 -47.0000 -44.2872 19 18 14
-21.5000 -47.0000 -44.4706 17 16 14
-20.5000 -47.0000 -44.6378 15 15 13
-19.5000 -47.0000 -44.7746 12 14 11
-18.5000 -47.0000 -44.8779 16 18 15
-17.5000 -47.0000 -44.9506 19 21 18
-16.5000 -47.0000 -44.9940 19 21 16
-15.5000 -47.0000 -45.0018 18 19 14
-14.5000 -47.0000 -44.9639 16 17 11
-13.5000 -47.0000 -44.8744 16 17 11
-12.5000 -47.0000 -44.7400 17 18 10
-11.5000 -47.0000 -44.5791 18 18 10
-10.5000 -47.0000 -44.4156 18 18 8
-9.5000 -47.0000 -44.2701 18 18 8
-8.5000 -47.0000 -44.1556 18 18 6
-7.5000 -47.0000 -44.0766 18 18 6
-6.5000 -47.0000 -44.0320 18 18 6
-5.5000 -47.0000 -44.0162 17 19 6
-4.5000 -47.0000 -44.0197 16 19 8
-3.5000 -47.0000 -44.0301 11 18 10
-2.5000 -47.0000 -44.0354 9 19 11
-1.5000 -47.0000 -44.0296 12 19 12
-0.5000 -47.0000 -44.0183 13 18 12
0.5000 -47.0000 -44.0187 16 18 13
1.5000 -47.0000 -44.0541 16 18 13
2.5000 -47.0000 -44.1440 18 19 14
3.5000 -47.0000 -44.2952 19 18 14
4.5000 -47.0000 -44.4999 17 16 12
5.5000 -47.0000 -44.7405 16 17 12
6.5000 -47.0000 -44.9996 15 17 12
7.5000 -47.0000 -45.2668 15 17 12
8.5000 -47.0000 -45.5379 13 18 12
9.5000 -47.0000 -45.8065 12 19 12
10.5000 -47.0000 -46.0562 12 19 12
11.5000 -47.0000 -46.2588 13 18 11
12.5000 -47.0000 -46.3845 15 15 7
13.5000 -47.0000 -46.4192 18 15 6
14.5000 -47.0000 -46.3762 20 17 8
15.5000 -47.0000 -46.2963 21 18 9
16.5000 -47.0000 -46.2316 22 19 10
17.5000 -47.0000 -46.2235 22 19 10
18.5000 -47.0000 -46.2866 21 18 9
19.5000 -47.0000 -46.4074 21 18 9
20.5000 -47.0000 -46.5570 20 17 8
21.5000 -47.0000 -46.7100 20 17 8
22.5000 -47.0000 -46.8595 20 17 8
23.5000 -47.0000 -47.0221 20 17 8
24.5000 -47.0000 -47.2310 20 17 8
25.5000 -47.0000 -47.5208 20 17 8
26.5000 -47.0000 -47.9092 20 17 8
27.5000 -47.0000 -48.3828 23 16 8
28.5000 -47.0000 -48.8921 27 14 8
29.5000 -47.0000 -49.3612 28 13 8
30.5000 -47.0000 -49.7101 27 12 7
33.5000 -47.0000 -49.6825 20 16 7
34.5000 -47.0000 -49.4127 20 17 8
35.5000 -47.0000 -49.1322 18 18 8
36.5000 -47.0000 -48.9147 15 15 5
37.5000 -47.0000 -48.8152 16 16 6
38.5000 -47.0000 -48.8665 17 17 7
39.5000 -47.0000 -49.0775 18 18 8
40.5000 -47.0000 -49.4338 20 17 8
41.5000 -47.0000 -49.9002 19 16 7
42.5000 -47.0000 -50.4315 18 15 6
43.5000 -47.0000 -50.9881 18 14 5
48.5000 -47.0000 -54.3040 18 13 7
49.5000 -47.0000 -55.2417 18 13 7
50.5000 -47.0000 -56.2539 17 14 7
51.5000 -47.0000 -57.2765 18 15 8
68.5000 -47.0000 -59.3379 14 14 14
95.5000 -47.0000 -61.7642 17 13 10
96.5000 -47.0000 -61.8561 18 13 10
-71.5000 -48.0000 -55.0976 11 17 17
-70.5000 -48.0000 -50.0771 16 25 20
-69.5000 -48.0000 -45.5410 27 33 29
-68.5000 -48.0000 -41.6796 35 40 33
-67.5000 -48.0000 -38.5462 37 35 23
-66.5000 -48.0000 -36.0905 39 35 23
-65.5000 -48.0000 -34.2037 43 37 25
-64.5000 -48.0000 -32.7596 44 40 28
-63.5000 -48.0000 -31.6411 47 43 31
-62.5000 -48.0000 -30.7544 49 45 33
-61.5000 -48.0000 -30.0312 51 47 35
-60.5000 -48.0000 -29.4265 52 48 36
-59.5000 -48.0000 -28.9137 51 47 35
-58.5000 -48.0000 -28.4796 52 50 37
-57.5000 -48.0000 -28.1199 54 52 39
-56.5000 -48.0000 -27.8352 54 52 39
-55.5000 -48.0000 -27.6292 52 50 37
-54.5000 -48.0000 -27.5085 51 49 36
-53.5000 -48.0000 -27.4833 53 51 38
-52.5000 -48.0000 -27.5677 55 53 40
-51.5000 -48.0000 -27.7782 62 62 50
-50.5000 -48.0000 -28.1327 58 58 46
-49.5000 -48.0000 -28.6473 58 56 44
-48.5000 -48.0000 -29.3339 59 57 44
-47.5000 -48.0000 -30.1968 65 59 45
-46.5000 -48.0000 -31.2297 65 59 45
-45.5000 -48.0000 -32.4144 61 54 38
-44.5000 -48.0000 -33.7220 55 48 32
-43.5000 -48.0000 -35.1151 45 37 24
-42.5000 -48.0000 -36.5499 39 31 20
-41.5000 -48.0000 -37.9769 29 22 12
-40.5000 -48.0000 -39.3406 22 18 9
-39.5000 -48.0000 -40.5841 21 16 10
-38.5000 -48.0000 -41.6569 21 18 11
-37.5000 -48.0000 -42.5252 20 19 14
-36.5000 -48.0000 -43.1790 19 18 13
-35.5000 -48.0000 -43.6319 24 24 16
-34.5000 -48.0000 -43.9154 21 21 11
-33.5000 -48.0000 -44.0709 19 19 9
-32.5000 -48.0000 -44.1432 20 20 10
-31.5000 -48.0000 -44.1748 22 22 14
-30.5000 -48.0000 -44.2008 23 23 15
-29.5000 -48.0000 -44.2435 22 22 14
-28.5000 -48.0000 -44.3099 20 20 12
-27.5000 -48.0000 -44.3961 20 19 14
-26.5000 -48.0000 -44.4957 20 19 14
-25.5000 -48.0000 -44.6063 21 20 16
-24.5000 -48.0000 -44.7298 21 20 16
-23.5000 -48.0000 -44.8661 19 18 14
-22.5000 -48.0000 -45.0069 18 17 13
-21.5000 -48.0000 -45.1364 16 15 13
-20.5000 -48.0000 -45.2392 14 14 12
-19.5000 -48.0000 -45.3091 13 15 12
-18.5000 -48.0000 -45.3521 14 19 13
-17.5000 -48.0000 -45.3791 18 20 15
-16.5000 -48.0000 -45.3956 18 20 15
-15.5000 -48.0000 -45.3961 17 18 12
-14.5000 -48.0000 -45.3675 15 16 10
-13.5000 -48.0000 -45.2990 16 17 9
-12.5000 -48.0000 -45.1902 18 20 9
-11.5000 -48.0000 -45.0526 17 17 7
-10.5000 -48.0000 -44.9042 17 17 5
-9.5000 -48.0000 -44.7625 17 17 5
-8.5000 -48.0000 -44.6408 17 18 4
-7.5000 -48.0000 -44.5485 17 18 4
-6.5000 -48.0000 -44.4916 17 18 4
-5.5000 -48.0000 -44.4729 16 18 4
-4.5000 -48.0000 -44.4888 15 19 5
-3.5000 -48.0000 -44.5282 11 18 10
-2.5000 -48.0000 -44.5754 9 19 11
-1.5000 -48.0000 -44.6174 12 19 12
-0.5000 -48.0000 -44.6511 13 18 12
0.5000 -48.0000 -44.6877 16 18 13
1.5000 -48.0000 -44.7480 17 18 13
2.5000 -48.0000 -44.8527 19 18 14
3.5000 -48.0000 -45.0122 19 18 14
4.5000 -48.0000 -45.2219 16 15 11
5.5000 -48.0000 -45.4668 16 15 11
6.5000 -48.0000 -45.7292 15 16 11
7.5000 -48.0000 -45.9962 14 16 11
8.5000 -48.0000 -46.2592 12 17 11
9.5000 -48.0000 -46.5076 11 18 11
10.5000 -48.0000 -46.7214 9 19 11
11.5000 -48.0000 -46.8725 11 18 10
13.5000 -48.0000 -46.9047 17 14 5
14.5000 -48.0000 -46.8034 19 16 7
15.5000 -48.0000 -46.6826 21 18 9
16.5000 -48.0000 -46.6010 22 19 10
17.5000 -48.0000 -46.6014 22 19 10
18.5000 -48.0000 -46.6942 22 19 10
19.5000 -48.0000 -46.8571 21 18 9
20.5000 -48.0000 -47.0511 19 16 7
21.5000 -48.0000 -47.2420 19 16 7
22.5000 -48.0000 -47.4179 19 16 7
23.5000 -48.0000 -47.5947 19 16 7
24.5000 -48.0000 -47.8086 19 16 7
25.5000 -48.0000 -48.0990 19 16 7
26.5000 -48.0000 -48.4889 19 16 7
27.5000 -48.0000 -48.9687 22 15 7
28.5000 -48.0000 -49.4907 26 13 7
29.5000 -48.0000 -49.9790 29 14 9
30.5000 -48.0000 -50.3523 27 14 8
33.5000 -48.0000 -50.4203 21 17 8
34.5000 -48.0000 -50.1914 22 18 9
35.5000 -48.0000 -49.9593 19 16 7
37.5000 -48.0000 -49.7698 17 14 5
38.5000 -48.0000 -49.9028 19 16 7
39.5000 -48.0000 -50.2059 21 17 8
40.5000 -48.0000 -50.6592 23 16 8
41.5000 -48.0000 -51.2185 23 14 7
44.5000 -48.0000 -53.0304 22 15 7
45.5000 -48.0000 -53.6063 22 15 7
46.5000 -48.0000 -54.2009 19 15 6
68.5000 -48.0000 -59.3685 15 15 15
95.5000 -48.0000 -61.2215 15 14 10
96.5000 -48.0000 -61.3479 15 14 10
112.5000 -48.0000 -117.2474 18 12 12
-70.5000 -49.0000 -55.1565 12 18 14
-69.5000 -49.0000 -50.1828 22 27 23
-68.5000 -49.0000 -45.8647 31 34 27
-67.5000 -49.0000 -42.2930 35 31 22
-66.5000 -49.0000 -39.4393 38 31 21
-65.5000 -49.0000 -37.2054 40 31 22
-64.5000 -49.0000 -35.4676 41 34 24
-63.5000 -49.0000 -34.1071 43 36 26
-62.5000 -49.0000 -33.0252 44 37 27
-61.5000 -49.0000 -32.1474 46 39 29
-60.5000 -49.0000 -31.4225 44 40 29
-59.5000 -49.0000 -30.8183 49 45 34
-58.5000 -49.0000 -30.3177 51 47 36
-57.5000 -49.0000 -29.9141 52 48 37
-56.5000 -49.0000 -29.6076 51 47 36
-55.5000 -49.0000 -29.4018 47 45 33
-54.5000 -49.0000 -29.3036 46 44 32
-53.5000 -49.0000 -29.3234 48 46 34
-52.5000 -49.0000 -29.4752 48 48 36
-51.5000 -49.0000 -29.7749 53 55 44
-50.5000 -49.0000 -30.2381 49 53 39
-49.5000 -49.0000 -30.8765 47 49 36
-48.5000 -49.0000 -31.6948 49 51 37
-47.5000 -49.0000 -32.6867 53 51 36
-46.5000 -49.0000 -33.8315 50 48 33
-45.5000 -49.0000 -35.0947 42 39 24
-44.5000 -49.0000 -36.4319 34 31 16
-43.5000 -49.0000 -37.7956 32 28 16
-42.5000 -49.0000 -39.1397 27 23 11
-41.5000 -49.0000 -40.4214 21 19 7
-40.5000 -49.0000 -41.5993 17 17 7
-39.5000 -49.0000 -42.6341 17 17 9
-38.5000 -49.0000 -43.4939 18 19 13
-37.5000 -49.0000 -44.1616 16 18 13
-36.5000 -49.0000 -44.6396 16 17 11
-35.5000 -49.0000 -44.9487 23 23 15
-34.5000 -49.0000 -45.1208 22 19 10
-33.5000 -49.0000 -45.1922 18 15 6
-32.5000 -49.0000 -45.1992 18 15 6
-31.5000 -49.0000 -45.1765 20 17 10
-30.5000 -49.0000 -45.1543 22 19 12
-29.5000 -49.0000 -45.1536 22 19 14
-28.5000 -49.0000 -45.1829 22 19 14
-27.5000 -49.0000 -45.2399 20 17 12
-26.5000 -49.0000 -45.3171 20 17 12
-25.5000 -49.0000 -45.4083 21 17 14
-24.5000 -49.0000 -45.5093 22 18 15
-23.5000 -49.0000 -45.6135 22 18 17
-22.5000 -49.0000 -45.7088 21 17 16
-21.5000 -49.0000 -45.7795 19 15 14
-20.5000 -49.0000 -45.8151 16 15 13
-19.5000 -49.0000 -45.8180 13 18 12
-18.5000 -49.0000 -45.8034 14 21 14
-17.5000 -49.0000 -45.7895 16 21 15
-16.5000 -49.0000 -45.7857 16 19 12
-15.5000 -49.0000 -45.7861 15 16 10
-14.5000 -49.0000 -45.7737 15 16 10
-13.5000 -49.0000 -45.7312 18 18 10
-12.5000 -49.0000 -45.6508 21 21 11
-11.5000 -49.0000 -45.5362 19 19 9
-10.5000 -49.0000 -45.3995 19 19 7
-9.5000 -49.0000 -45.2559 19 19 7
-8.5000 -49.0000 -45.1206 19 20 6
-7.5000 -49.0000 -45.0089 19 20 6
-6.5000 -49.0000 -44.9360 19 20 4
-5.5000 -49.0000 -44.9134 18 21 4
-4.5000 -49.0000 -44.9433 17 21 6
-3.5000 -49.0000 -45.0153 9 19 8
-2.5000 -49.0000 -45.1083 10 20 12
-1.5000 -49.0000 -45.1999 12 19 12
-0.5000 -49.0000 -45.2774 13 18 12
0.5000 -49.0000 -45.3451 16 18 13
1.5000 -49.0000 -45.4222 17 18 13
2.5000 -49.0000 -45.5323 19 18 14
3.5000 -49.0000 -45.6911 21 17 14
4.5000 -49.0000 -45.8996 18 14 11
5.5000 -49.0000 -46.1450 16 15 11
6.5000 -49.0000 -46.4095 15 16 11
7.5000 -49.0000 -46.6767 14 16 11
8.5000 -49.0000 -46.9330 12 17 11
9.5000 -49.0000 -47.1630 11 18 11
10.5000 -49.0000 -47.3446 9 19 11
11.5000 -49.0000 -47.4510 11 18 10
13.5000 -49.0000 -47.3815 17 14 5
14.5000 -49.0000 -47.2419 19 16 7
15.5000 -49.0000 -47.1021 21 18 9
16.5000 -49.0000 -47.0249 22 19 10
17.5000 -49.0000 -47.0512 22 19 10
18.5000 -49.0000 -47.1846 22 19 10
19.5000 -49.0000 -47.3926 22 19 10
20.5000 -49.0000 -47.6256 19 16 7
21.5000 -49.0000 -47.8413 19 16 7
22.5000 -49.0000 -48.0237 19 16 7
23.5000 -49.0000 -48.1893 19 16 7
24.5000 -49.0000 -48.3780 19 16 7
25.5000 -49.0000 -48.6355 19 16 7
26.5000 -49.0000 -48.9912 19 16 7
27.5000 -49.0000 -49.4414 22 15 7
29.5000 -49.0000 -50.4245 27 12 7
30.5000 -49.0000 -50.8064 25 12 6
33.5000 -49.0000 -51.0052 19 15 6
34.5000 -49.0000 -50.8542 20 16 7
38.5000 -49.0000 -50.9934 22 15 7
39.5000 -49.0000 -51.4135 24 15 8
40.5000 -49.0000 -51.9751 25 14 8
41.5000 -49.0000 -52.6262 26 13 7
44.5000 -49.0000 -54.5516 23 14 7
45.5000 -49.0000 -55.1028 21 14 6
46.5000 -49.0000 -55.6417 18 14 5
68.5000 -49.0000 -59.4053 13 13 13
112.5000 -49.0000 -115.7553 18 12 12
-69.5000 -50.0000 -54.8683 17 22 18
-68.5000 -50.0000 -50.2674 25 28 21
-67.5000 -50.0000 -46.3820 33 29 20
-66.5000 -50.0000 -43.2077 36 29 19
-65.5000 -50.0000 -40.6646 36 29 19
-64.5000 -50.0000 -38.6426 37 30 20
-63.5000 -50.0000 -37.0311 36 32 21
-62.5000 -50.0000 -35.7352 36 32 21
-61.5000 -50.0000 -34.6805 37 33 22
-60.5000 -50.0000 -33.8129 37 33 22
-59.5000 -50.0000 -33.0970 43 39 28
-58.5000 -50.0000 -32.5127 44 42 29
-57.5000 -50.0000 -32.0519 48 44 32
-56.5000 -50.0000 -31.7136 47 45 32
-55.5000 -50.0000 -31.5013 46 44 31
-54.5000 -50.0000 -31.4211 46 44 31
-53.5000 -50.0000 -31.4822 49 47 34
-52.5000 -50.0000 -31.6966 50 50 38
-51.5000 -50.0000 -32.0769 44 46 35
-50.5000 -50.0000 -32.6334 40 42 31
-49.5000 -50.0000 -33.3707 37 39 28
-48.5000 -50.0000 -34.2836 39 39 27
-47.5000 -50.0000 -35.3542 39 40 26
-46.5000 -50.0000 -36.5487 35 33 20
-45.5000 -50.0000 -37.8203 24 22 9
-43.5000 -50.0000 -40.3819 26 22 11
-42.5000 -50.0000 -41.5793 21 19 7
-41.5000 -50.0000 -42.6756 18 15 6
-40.5000 -50.0000 -43.6456 15 15 7
-39.5000 -50.0000 -44.4675 17 17 9
-38.5000 -50.0000 -45.1251 16 17 11
-37.5000 -50.0000 -45.6139 15 16 10
-36.5000 -50.0000 -45.9445 13 14 8
-35.5000 -50.0000 -46.1408 21 22 14
-34.5000 -50.0000 -46.2326 16 17 9
-30.5000 -50.0000 -46.1028 17 16 11
-29.5000 -50.0000 -46.0663 18 17 12
-28.5000 -50.0000 -46.0600 18 17 12
-27.5000 -50.0000 -46.0841 17 14 9
-26.5000 -50.0000 -46.1324 18 15 10
-25.5000 -50.0000 -46.1969 19 15 12
-24.5000 -50.0000 -46.2691 22 17 14
-23.5000 -50.0000 -46.3378 23 17 17
-22.5000 -50.0000 -46.3874 23 17 17
-21.5000 -50.0000 -46.4026 22 16 16
-20.5000 -50.0000 -46.3772 21 17 14
-19.5000 -50.0000 -46.3209 16 18 13
-18.5000 -50.0000 -46.2569 15 20 13
-17.5000 -50.0000 -46.2101 17 20 13
-16.5000 -50.0000 -46.1930 15 18 11
-15.5000 -50.0000 -46.1991 14 15 9
-14.5000 -50.0000 -46.2069 14 15 7
-13.5000 -50.0000 -46.1918 18 18 10
-12.5000 -50.0000 -46.1374 22 22 12
-11.5000 -50.0000 -46.0398 21 21 11
-10.5000 -50.0000 -45.9062 21 21 9
-9.5000 -50.0000 -45.7508 21 21 9
-8.5000 -50.0000 -45.5928 20 22 9
-7.5000 -50.0000 -45.4556 20 22 8
-6.5000 -50.0000 -45.3642 20 22 8
-5.5000 -50.0000 -45.3387 20 23 6
-4.5000 -50.0000 -45.3862 17 23 9
-3.5000 -50.0000 -45.4950 10 20 11
-2.5000 -50.0000 -45.6369 10 20 12
-1.5000 -50.0000 -45.7786 12 19 12
-0.5000 -50.0000 -45.8971 14 19 13
0.5000 -50.0000 -45.9900 16 18 13
1.5000 -50.0000 -46.0757 18 19 14
2.5000 -50.0000 -46.1824 19 18 14
3.5000 -50.0000 -46.3325 19 18 14
4.5000 -50.0000 -46.5328 15 14 10
5.5000 -50.0000 -46.7736 15 14 10
6.5000 -50.0000 -47.0360 14 15 10
7.5000 -50.0000 -47.3000 13 15 10
8.5000 -50.0000 -47.5476 11 16 10
9.5000 -50.0000 -47.7598 10 17 10
10.5000 -50.0000 -47.9140 10 17 10
11.5000 -50.0000 -47.9866 11 16 9
14.5000 -50.0000 -47.7048 19 16 9
15.5000 -50.0000 -47.5722 21 18 11
16.5000 -50.0000 -47.5209 22 19 12
17.5000 -50.0000 -47.5869 23 20 13
18.5000 -50.0000 -47.7653 22 19 12
19.5000 -50.0000 -48.0135 22 19 12
20.5000 -50.0000 -48.2729 19 16 9
21.5000 -50.0000 -48.4950 19 16 9
22.5000 -50.0000 -48.6616 19 16 9
23.5000 -50.0000 -48.7906 19 16 9
24.5000 -50.0000 -48.9267 19 16 9
25.5000 -50.0000 -49.1219 19 16 9
26.5000 -50.0000 -49.4131 19 16 9
27.5000 -50.0000 -49.8042 20 15 9
34.5000 -50.0000 -51.4490 18 13 7
38.5000 -50.0000 -52.1757 22 15 9
39.5000 -50.0000 -52.7246 24 15 10
40.5000 -50.0000 -53.3892 25 14 10
41.5000 -50.0000 -54.1122 26 12 9
112.5000 -50.0000 -114.1861 17 13 12
-67.5000 -51.0000 -50.7023 22 22 12
-66.5000 -51.0000 -47.3327 25 23 11
-65.5000 -51.0000 -44.5586 27 25 13
-64.5000 -51.0000 -42.2927 29 27 15
-63.5000 -51.0000 -40.4433 32 30 18
-62.5000 -51.0000 -38.9291 34 32 20
-61.5000 -51.0000 -37.6831 36 34 21
-60.5000 -51.0000 -36.6537 37 35 22
-59.5000 -51.0000 -35.8053 33 31 18
-58.5000 -51.0000 -35.1167 35 36 20
-57.5000 -51.0000 -34.5791 41 39 24
-56.5000 -51.0000 -34.1911 40 41 25
-55.5000 -51.0000 -33.9550 39 40 24
-54.5000 -51.0000 -33.8752 38 39 23
-53.5000 -51.0000 -33.9580 40 41 25
-52.5000 -51.0000 -34.2111 44 42 29
-51.5000 -51.0000 -34.6416 36 33 24
-50.5000 -51.0000 -35.2525 36 31 25
-49.5000 -51.0000 -36.0391 36 31 25
-48.5000 -51.0000 -36.9861 36 32 23
-47.5000 -51.0000 -38.0651 35 31 22
-46.5000 -51.0000 -39.2334 30 26 17
-45.5000 -51.0000 -40.4380 22 18 9
-41.5000 -51.0000 -44.6578 21 16 10
-40.5000 -51.0000 -45.4272 23 18 12
-39.5000 -51.0000 -46.0579 22 17 11
-38.5000 -51.0000 -46.5439 22 17 11
-37.5000 -51.0000 -46.8879 23 18 12
-36.5000 -51.0000 -47.1051 22 21 16
-35.5000 -51.0000 -47.2202 12 17 10
-34.5000 -51.0000 -47.2598 8 18 9
-33.5000 -51.0000 -47.2457 10 17 9
-32.5000 -51.0000 -47.1943 10 17 9
-31.5000 -51.0000 -47.1207 10 17 9
-30.5000 -51.0000 -47.0421 13 18 12
-29.5000 -51.0000 -46.9756 17 19 14
-28.5000 -51.0000 -46.9333 19 20 15
-26.5000 -51.0000 -46.9314 17 13 10
-25.5000 -51.0000 -46.9618 21 16 13
-24.5000 -51.0000 -47.0010 23 15 13
-23.5000 -51.0000 -47.0347 20 12 10
-20.5000 -51.0000 -46.9429 21 13 11
-19.5000 -51.0000 -46.8413 22 19 14
-18.5000 -51.0000 -46.7399 18 18 10
-17.5000 -51.0000 -46.6691 16 16 8
-16.5000 -51.0000 -46.6444 14 14 6
-15.5000 -51.0000 -46.6587 14 14 6
-14.5000 -51.0000 -46.6859 14 14 6
-13.5000 -51.0000 -46.6940 15 16 8
-12.5000 -51.0000 -46.6578 16 17 9
-11.5000 -51.0000 -46.5662 18 19 11
-10.5000 -51.0000 -46.4228 17 19 8
-9.5000 -51.0000 -46.2436 15 17 6
-8.5000 -51.0000 -46.0545 13 16 5
-7.5000 -51.0000 -45.8884 12 15 4
-6.5000 -51.0000 -45.7801 13 16 5
-5.5000 -51.0000 -45.7572 15 18 7
-4.5000 -51.0000 -45.8289 14 20 10
-3.5000 -51.0000 -45.9796 9 19 10
-2.5000 -51.0000 -46.1725 9 19 11
-1.5000 -51.0000 -46.3631 10 17 10
-0.5000 -51.0000 -46.5183 10 17 10
0.5000 -51.0000 -46.6306 11 16 10
1.5000 -51.0000 -46.7187 13 18 12
2.5000 -51.0000 -46.8160 16 18 13
3.5000 -51.0000 -46.9519 17 19 14
4.5000 -51.0000 -47.1387 13 14 9
5.5000 -51.0000 -47.3691 17 18 13
6.5000 -51.0000 -47.6230 19 21 16
7.5000 -51.0000 -47.8778 19 21 16
8.5000 -51.0000 -48.1125 15 17 12
9.5000 -51.0000 -48.3075 12 14 9
11.5000 -51.0000 -48.4964 13 14 9
15.5000 -51.0000 -48.1212 19 16 11
16.5000 -51.0000 -48.1112 22 19 14
17.5000 -51.0000 -48.2212 21 18 13
23.5000 -51.0000 -49.3828 17 14 9
24.5000 -51.0000 -49.4475 17 14 9
25.5000 -51.0000 -49.5631 18 15 10
26.5000 -51.0000 -49.7738 18 15 10
27.5000 -51.0000 -50.0921 19 14 10
28.5000 -51.0000 -50.4921 22 14 11
31.5000 -51.0000 -51.6059 21 13 10
32.5000 -51.0000 -51.8105 25 17 14
33.5000 -51.0000 -51.9478 27 19 16
34.5000 -51.0000 -52.0740 26 18 15
35.5000 -51.0000 -52.2525 24 16 13
36.5000 -51.0000 -52.5355 21 13 10
37.5000 -51.0000 -52.9532 21 13 10
60.5000 -51.0000 -59.5070 12 14 9
64.5000 -51.0000 -59.1569 12 14 11
65.5000 -51.0000 -59.2846 10 15 9
94.5000 -51.0000 -60.3009 16 15 10
95.5000 -51.0000 -60.3260 18 15 10
-67.5000 -52.0000 -55.1173 19 20 12
-66.5000 -52.0000 -51.7079 19 21 8
-65.5000 -52.0000 -48.8122 22 22 12
-64.5000 -52.0000 -46.3716 23 25 12
-63.5000 -52.0000 -44.3225 27 27 15
-62.5000 -52.0000 -42.6052 28 30 17
-61.5000 -52.0000 -41.1677 31 31 19
-60.5000 -52.0000 -39.9664 30 32 18
-59.5000 -52.0000 -38.9692 27 28 14
-58.5000 -52.0000 -38.1561 29 32 15
-57.5000 -52.0000 -37.5188 34 35 19
-56.5000 -52.0000 -37.0558 33 36 17
-55.5000 -52.0000 -36.7681 33 34 18
-54.5000 -52.0000 -36.6569 31 34 15
-53.5000 -52.0000 -36.7241 33 34 16
-52.5000 -52.0000 -36.9716 35 36 20
-51.5000 -52.0000 -37.3998 34 31 22
-50.5000 -52.0000 -38.0038 32 27 21
-49.5000 -52.0000 -38.7703 29 24 18
-48.5000 -52.0000 -39.6753 27 22 16
-47.5000 -52.0000 -40.6836 26 21 15
-46.5000 -52.0000 -41.7490 24 19 13
-45.5000 -52.0000 -42.8190 20 15 9
-42.5000 -52.0000 -45.6107 19 14 8
-41.5000 -52.0000 -46.3251 22 17 11
-40.5000 -52.0000 -46.9216 23 18 12
-39.5000 -52.0000 -47.3979 20 15 9
-38.5000 -52.0000 -47.7523 19 14 8
-37.5000 -52.0000 -47.9905 19 14 8
-36.5000 -52.0000 -48.1294 17 16 11
-35.5000 -52.0000 -48.1944 11 18 11
-34.5000 -52.0000 -48.2092 7 18 10
-33.5000 -52.0000 -48.1888 8 18 10
-32.5000 -52.0000 -48.1395 8 18 10
-31.5000 -52.0000 -48.0657 10 17 10
-30.5000 -52.0000 -47.9761 12 19 12
-29.5000 -52.0000 -47.8846 16 18 13
-28.5000 -52.0000 -47.8052 18 19 14
-26.5000 -52.0000 -47.7152 15 14 10
-25.5000 -52.0000 -47.7054 20 15 12
-24.5000 -52.0000 -47.7098 21 16 13
-23.5000 -52.0000 -47.7132 21 13 11
-22.5000 -52.0000 -47.6954 20 12 10
-20.5000 -52.0000 -47.5366 20 12 10
-19.5000 -52.0000 -47.4069 23 18 14
-18.5000 -52.0000 -47.2813 22 19 12
-17.5000 -52.0000 -47.1944 21 18 11
-16.5000 -52.0000 -47.1645 19 16 9
-15.5000 -52.0000 -47.1844 17 17 9
-14.5000 -52.0000 -47.2243 17 17 9
-13.5000 -52.0000 -47.2450 16 17 9
-12.5000 -52.0000 -47.2131 17 18 10
-11.5000 -52.0000 -47.1116 15 16 8
-10.5000 -52.0000 -46.9431 15 16 8
-9.5000 -52.0000 -46.7285 13 16 7
-8.5000 -52.0000 -46.5026 12 15 6
-7.5000 -52.0000 -46.3090 11 17 7
-6.5000 -52.0000 -46.1911 13 19 9
-5.5000 -52.0000 -46.1805 15 21 11
-4.5000 -52.0000 -46.2852 15 22 14
-3.5000 -52.0000 -46.4830 12 19 12
-2.5000 -52.0000 -46.7272 9 19 11
-1.5000 -52.0000 -46.9630 10 17 10
-0.5000 -52.0000 -47.1496 9 16 9
0.5000 -52.0000 -47.2762 9 16 9
1.5000 -52.0000 -47.3635 11 18 11
2.5000 -52.0000 -47.4496 14 19 13
3.5000 -52.0000 -47.5699 16 21 15
4.5000 -52.0000 -47.7406 14 16 11
5.5000 -52.0000 -47.9559 16 18 13
6.5000 -52.0000 -48.1951 17 19 14
7.5000 -52.0000 -48.4346 15 17 12
8.5000 -52.0000 -48.6537 13 14 9
10.5000 -52.0000 -48.9624 14 15 10
11.5000 -52.0000 -49.0203 17 18 13
13.5000 -52.0000 -48.9308 17 13 10
14.5000 -52.0000 -48.8403 18 14 11
15.5000 -52.0000 -48.7886 21 17 14
16.5000 -52.0000 -48.8251 22 18 15
17.5000 -52.0000 -48.9705 21 17 14
18.5000 -52.0000 -49.2051 17 13 10
23.5000 -52.0000 -49.9596 17 13 10
24.5000 -52.0000 -49.9476 17 13 10
25.5000 -52.0000 -49.9833 18 14 11
26.5000 -52.0000 -50.1178 18 14 11
27.5000 -52.0000 -50.3713 18 14 11
28.5000 -52.0000 -50.7273 22 17 14
29.5000 -52.0000 -51.1392 22 14 12
30.5000 -52.0000 -51.5512 20 12 10
31.5000 -52.0000 -51.9221 21 13 11
32.5000 -52.0000 -52.2424 24 16 14
33.5000 -52.0000 -52.5370 24 16 14
34.5000 -52.0000 -52.8527 23 15 13
35.5000 -52.0000 -53.2393 20 12 10
36.5000 -52.0000 -53.7319 23 15 13
37.5000 -52.0000 -54.3409 22 14 12
38.5000 -52.0000 -55.0500 22 14 12
39.5000 -52.0000 -55.8206 21 13 11
40.5000 -52.0000 -56.6010 20 12 10
-67.5000 -53.0000 -59.4714 13 16 9
-66.5000 -53.0000 -56.1818 14 17 6
-65.5000 -53.0000 -53.2887 16 17 9
-64.5000 -53.0000 -50.7646 17 20 9
-63.5000 -53.0000 -48.5778 20 22 11
-62.5000 -53.0000 -46.6963 21 24 13
-61.5000 -53.0000 -45.0882 24 26 15
-60.5000 -53.0000 -43.7220 24 28 14
-59.5000 -53.0000 -42.5720 20 22 9
-58.5000 -53.0000 -41.6220 22 26 11
-57.5000 -53.0000 -40.8651 26 28 14
-56.5000 -53.0000 -40.3001 25 29 12
-55.5000 -53.0000 -39.9263 24 26 12
-54.5000 -53.0000 -39.7414 22 26 9
-53.5000 -53.0000 -39.7416 23 26 9
-52.5000 -53.0000 -39.9229 25 27 13
-51.5000 -53.0000 -40.2795 28 28 20
-50.5000 -53.0000 -40.8006 23 22 17
-49.5000 -53.0000 -41.4670 17 16 11
-47.5000 -53.0000 -43.1129 15 14 9
-46.5000 -53.0000 -44.0105 16 15 10
-45.5000 -53.0000 -44.8962 16 15 10
-44.5000 -53.0000 -45.7279 15 14 9
-43.5000 -53.0000 -46.4768 16 15 10
-42.5000 -53.0000 -47.1297 18 17 12
-41.5000 -53.0000 -47.6852 20 19 14
-40.5000 -53.0000 -48.1447 18 17 12
-39.5000 -53.0000 -48.5064 15 14 9
-35.5000 -53.0000 -49.0756 12 17 11
-34.5000 -53.0000 -49.0925 10 17 10
-33.5000 -53.0000 -49.0900 10 17 10
-32.5000 -53.0000 -49.0637 9 16 9
-31.5000 -53.0000 -49.0061 11 16 10
-30.5000 -53.0000 -48.9166 14 16 11
-29.5000 -53.0000 -48.8048 15 17 12
-28.5000 -53.0000 -48.6872 17 18 13
-27.5000 -53.0000 -48.5808 15 16 11
-26.5000 -53.0000 -48.4980 16 15 11
-25.5000 -53.0000 -48.4441 16 15 11
-24.5000 -53.0000 -48.4153 19 15 12
-23.5000 -53.0000 -48.3967 21 16 13
-22.5000 -53.0000 -48.3653 21 16 13
-21.5000 -53.0000 -48.2985 19 14 11
-19.5000 -53.0000 -48.0464 22 19 14
-18.5000 -53.0000 -47.9081 22 19 14
-17.5000 -53.0000 -47.8097 23 20 15
-16.5000 -53.0000 -47.7724 23 20 15
-15.5000 -53.0000 -47.7899 20 19 14
-14.5000 -53.0000 -47.8293 19 18 13
-13.5000 -53.0000 -47.8456 17 18 12
-12.5000 -53.0000 -47.7991 16 17 11
-11.5000 -53.0000 -47.6692 13 14 8
-10.5000 -53.0000 -47.4605 13 14 8
-9.5000 -53.0000 -47.2013 12 15 8
-8.5000 -53.0000 -46.9373 13 16 9
-7.5000 -53.0000 -46.7224 12 17 10
-6.5000 -53.0000 -46.6062 14 19 12
-5.5000 -53.0000 -46.6203 16 21 14
-4.5000 -53.0000 -46.7670 17 24 16
-3.5000 -53.0000 -47.0150 13 20 13
-2.5000 -53.0000 -47.3076 9 19 11
-1.5000 -53.0000 -47.5821 9 16 9
0.5000 -53.0000 -47.9303 8 15 8
1.5000 -53.0000 -48.0163 10 17 10
2.5000 -53.0000 -48.0934 14 19 13
3.5000 -53.0000 -48.2003 17 22 16
4.5000 -53.0000 -48.3555 14 16 11
5.5000 -53.0000 -48.5534 15 17 12
6.5000 -53.0000 -48.7740 14 16 11
7.5000 -53.0000 -48.9952 12 14 9
9.5000 -53.0000 -49.3779 13 14 9
10.5000 -53.0000 -49.5164 16 17 12
11.5000 -53.0000 -49.6048 20 21 16
13.5000 -53.0000 -49.6276 19 15 12
14.5000 -53.0000 -49.6043 22 18 15
15.5000 -53.0000 -49.6122 23 19 16
16.5000 -53.0000 -49.6901 21 17 14
17.5000 -53.0000 -49.8513 20 16 13
18.5000 -53.0000 -50.0743 18 14 11
19.5000 -53.0000 -50.3093 18 14 11
23.5000 -53.0000 -50.5339 17 13 10
24.5000 -53.0000 -50.4538 17 13 10
25.5000 -53.0000 -50.4276 18 14 11
26.5000 -53.0000 -50.5105 18 14 11
27.5000 -53.0000 -50.7288 18 14 11
28.5000 -53.0000 -51.0726 24 19 16
29.5000 -53.0000 -51.5034 22 17 14
30.5000 -53.0000 -51.9721 19 14 11
31.5000 -53.0000 -52.4416 19 14 11
32.5000 -53.0000 -52.9021 20 15 12
33.5000 -53.0000 -53.3733 20 15 12
34.5000 -53.0000 -53.8916 18 13 10
36.5000 -53.0000 -55.1910 21 16 13
37.5000 -53.0000 -55.9774 21 16 13
38.5000 -53.0000 -56.8127 20 15 12
39.5000 -53.0000 -57.6420 19 14 11
40.5000 -53.0000 -58.4088 18 13 10
62.5000 -53.0000 -59.2089 10 15 9
63.5000 -53.0000 -59.3529 10 15 9
112.5000 -53.0000 -110.0160 17 13 12
-64.5000 -54.0000 -55.2909 12 15 6
-63.5000 -54.0000 -53.0486 14 17 8
-62.5000 -54.0000 -51.0668 15 18 9
-61.5000 -54.0000 -49.3348 16 19 10
-60.5000 -54.0000 -47.8354 17 20 9
-59.5000 -54.0000 -46.5506 15 18 7
-58.5000 -54.0000 -45.4685 18 22 8
-57.5000 -54.0000 -44.5847 21 25 11
-56.5000 -54.0000 -43.8986 20 24 10
-55.5000 -54.0000 -43.4076 18 22 8
-54.5000 -54.0000 -43.1053 16 20 5
-53.5000 -54.0000 -42.9826 16 20 5
-52.5000 -54.0000 -43.0306 17 21 7
-51.5000 -54.0000 -43.2400 20 23 14
-50.5000 -54.0000 -43.5981 16 19 12
-46.5000 -54.0000 -46.0119 13 16 9
-45.5000 -54.0000 -46.6843 14 17 10
-44.5000 -54.0000 -47.3136 14 17 10
-43.5000 -54.0000 -47.8795 13 16 9
-42.5000 -54.0000 -48.3749 15 18 11
-41.5000 -54.0000 -48.8004 16 19 12
-40.5000 -54.0000 -49.1556 14 17 10
-35.5000 -54.0000 -49.8919 14 16 11
-34.5000 -54.0000 -49.9347 13 15 10
-33.5000 -54.0000 -49.9712 12 14 9
-32.5000 -54.0000 -49.9857 12 14 9
-31.5000 -54.0000 -49.9579 12 14 9
-30.5000 -54.0000 -49.8771 14 15 10
-29.5000 -54.0000 -49.7489 15 16 11
-28.5000 -54.0000 -49.5929 16 17 12
-27.5000 -54.0000 -49.4351 17 18 13
-26.5000 -54.0000 -49.2995 15 16 11
-25.5000 -54.0000 -49.2021 13 14 9
-24.5000 -54.0000 -49.1454 16 15 11
-23.5000 -54.0000 -49.1157 19 18 14
-22.5000 -54.0000 -49.0859 20 19 15
-21.5000 -54.0000 -49.0269 17 16 12
-19.5000 -54.0000 -48.7828 19 16 11
-18.5000 -54.0000 -48.6384 20 17 12
-17.5000 -54.0000 -48.5284 22 19 14
-16.5000 -54.0000 -48.4768 22 19 14
-15.5000 -54.0000 -48.4787 20 19 14
-14.5000 -54.0000 -48.4999 18 17 12
-13.5000 -54.0000 -48.4916 15 16 10
-12.5000 -54.0000 -48.4102 13 14 8
-11.5000 -54.0000 -48.2344 13 14 8
-10.5000 -54.0000 -47.9733 13 14 8
-9.5000 -54.0000 -47.6647 13 16 9
-8.5000 -54.0000 -47.3657 14 17 10
-7.5000 -54.0000 -47.1387 13 18 11
-6.5000 -54.0000 -47.0364 14 19 12
-5.5000 -54.0000 -47.0861 15 20 13
-4.5000 -54.0000 -47.2808 15 22 14
-3.5000 -54.0000 -47.5783 13 20 13
-2.5000 -54.0000 -47.9129 9 19 11
-1.5000 -54.0000 -48.2171 8 15 8
1.5000 -54.0000 -48.6753 9 16 9
2.5000 -54.0000 -48.7472 14 19 13
3.5000 -54.0000 -48.8448 17 22 16
4.5000 -54.0000 -48.9862 12 14 9
5.5000 -54.0000 -49.1663 12 14 9
6.5000 -54.0000 -49.3672 12 14 9
7.5000 -54.0000 -49.5717 12 14 9
8.5000 -54.0000 -49.7702 13 14 9
9.5000 -54.0000 -49.9587 14 15 10
10.5000 -54.0000 -50.1321 17 18 13
11.5000 -54.0000 -50.2807 18 19 14
13.5000 -54.0000 -50.4745 20 16 13
14.5000 -54.0000 -50.5358 24 20 17
15.5000 -54.0000 -50.6072 23 19 16
16.5000 -54.0000 -50.7153 20 16 13
17.5000 -54.0000 -50.8686 18 14 11
18.5000 -54.0000 -51.0490 19 15 12
19.5000 -54.0000 -51.2160 21 17 14
23.5000 -54.0000 -51.1411 17 13 10
24.5000 -54.0000 -51.0142 17 13 10
25.5000 -54.0000 -50.9577 18 14 11
26.5000 -54.0000 -51.0283 18 14 11
27.5000 -54.0000 -51.2545 18 14 11
28.5000 -54.0000 -51.6299 23 18 15
29.5000 -54.0000 -52.1197 20 15 12
30.5000 -54.0000 -52.6781 18 13 10
31.5000 -54.0000 -53.2692 18 13 10
32.5000 -54.0000 -53.8814 19 14 11
33.5000 -54.0000 -54.5281 19 14 11
36.5000 -54.0000 -56.8999 19 14 11
37.5000 -54.0000 -57.8236 19 14 11
62.5000 -54.0000 -59.3934 11 16 10
63.5000 -54.0000 -59.6264 10 15 9
74.5000 -54.0000 -59.6639 10 15 9
75.5000 -54.0000 -59.7194 10 15 9
92.5000 -54.0000 -61.2723 18 15 10
112.5000 -54.0000 -109.0739 18 14 13
-60.5000 -55.0000 -52.1777 10 16 6
-59.5000 -55.0000 -50.8043 11 17 7
-58.5000 -55.0000 -49.6217 14 20 10
-57.5000 -55.0000 -48.6273 16 22 12
-56.5000 -55.0000 -47.8205 16 22 10
-55.5000 -55.0000 -47.1966 13 19 7
-54.5000 -55.0000 -46.7450 11 17 3
-53.5000 -55.0000 -46.4524 12 18 4
-52.5000 -55.0000 -46.3071 13 19 7
-51.5000 -55.0000 -46.3002 13 21 10
-50.5000 -55.0000 -46.4224 10 17 9
-49.5000 -55.0000 -46.6600 8 15 7
-48.5000 -55.0000 -46.9928 9 16 8
-47.5000 -55.0000 -47.3937 11 18 10
-46.5000 -55.0000 -47.8321 12 19 11
-45.5000 -55.0000 -48.2776 11 18 10
-44.5000 -55.0000 -48.7056 9 16 8
-43.5000 -55.0000 -49.1012 8 15 7
-42.5000 -55.0000 -49.4593 9 16 8
-41.5000 -55.0000 -49.7782 11 18 10
-40.5000 -55.0000 -50.0530 9 16 8
-37.5000 -55.0000 -50.5440 8 15 7
-36.5000 -55.0000 -50.6205 11 16 9
-35.5000 -55.0000 -50.6924 14 16 11
-34.5000 -55.0000 -50.7755 15 16 11
-33.5000 -55.0000 -50.8627 13 14 9
-30.5000 -55.0000 -50.8647 13 14 9
-29.5000 -55.0000 -50.7215 14 15 10
-28.5000 -55.0000 -50.5280 15 16 11
-27.5000 -55.0000 -50.3202 16 17 12
-26.5000 -55.0000 -50.1352 14 15 10
-25.5000 -55.0000 -50.0005 13 14 9
-24.5000 -55.0000 -49.9256 15 16 11
-23.5000 -55.0000 -49.8972 18 19 14
-22.5000 -55.0000 -49.8829 18 19 14
-21.5000 -55.0000 -49.8449 15 16 11
-18.5000 -55.0000 -49.4760 17 14 9
-17.5000 -55.0000 -49.3492 19 16 11
-16.5000 -55.0000 -49.2722 19 16 11
-15.5000 -55.0000 -49.2427 17 16 11
-14.5000 -55.0000 -49.2271 15 14 9
-11.5000 -55.0000 -48.8081 15 16 10
-10.5000 -55.0000 -48.4888 15 16 10
-9.5000 -55.0000 -48.1316 15 18 11
-8.5000 -55.0000 -47.8037 15 18 11
-7.5000 -55.0000 -47.5739 13 18 11
-6.5000 -55.0000 -47.4944 13 18 11
-5.5000 -55.0000 -47.5853 12 17 10
-4.5000 -55.0000 -47.8281 11 18 10
-3.5000 -55.0000 -48.1694 11 18 11
-2.5000 -55.0000 -48.5364 8 18 10
-1.5000 -55.0000 -48.8604 8 15 8
1.5000 -55.0000 -49.3331 9 16 9
2.5000 -55.0000 -49.4025 13 18 12
3.5000 -55.0000 -49.4927 15 20 14
6.5000 -55.0000 -49.9644 12 14 9
7.5000 -55.0000 -50.1567 14 16 11
8.5000 -55.0000 -50.3590 16 17 12
9.5000 -55.0000 -50.5761 16 17 12
10.5000 -55.0000 -50.8078 15 16 11
11.5000 -55.0000 -51.0434 14 15 10
13.5000 -55.0000 -51.4551 19 15 12
14.5000 -55.0000 -51.6129 22 18 15
15.5000 -55.0000 -51.7482 22 18 15
16.5000 -55.0000 -51.8763 18 14 11
17.5000 -55.0000 -52.0041 17 13 10
18.5000 -55.0000 -52.1208 18 14 11
19.5000 -55.0000 -52.2007 20 16 13
23.5000 -55.0000 -51.8368 17 13 10
24.5000 -55.0000 -51.6929 17 13 10
25.5000 -55.0000 -51.6442 18 14 11
26.5000 -55.0000 -51.7458 18 14 11
27.5000 -55.0000 -52.0246 18 14 11
28.5000 -55.0000 -52.4729 20 15 12
32.5000 -55.0000 -55.1974 19 14 11
33.5000 -55.0000 -55.9925 19 14 11
34.5000 -55.0000 -56.8481 18 13 10
62.5000 -55.0000 -59.6331 10 15 9
75.5000 -55.0000 -59.6179 10 15 9
76.5000 -55.0000 -59.6713 8 15 8
92.5000 -55.0000 -61.5724 16 15 10
112.5000 -55.0000 -108.4123 18 14 13
-58.5000 -56.0000 -53.9950 9 16 8
-57.5000 -56.0000 -52.9368 13 18 11
-56.5000 -56.0000 -52.0391 12 20 9
-55.5000 -56.0000 -51.2939 11 17 7
-54.5000 -56.0000 -50.6866 9 17 6
-53.5000 -56.0000 -50.2001 10 16 6
-52.5000 -56.0000 -49.8223 11 19 8
-51.5000 -56.0000 -49.5483 8 18 9
-50.5000 -56.0000 -49.3779 7 17 8
-49.5000 -56.0000 -49.3101 7 17 8
-48.5000 -56.0000 -49.3379 9 19 10
-47.5000 -56.0000 -49.4471 12 22 13
-46.5000 -56.0000 -49.6177 12 22 13
-45.5000 -56.0000 -49.8272 9 19 10
-44.5000 -56.0000 -50.0561 6 16 7
-42.5000 -56.0000 -50.5259 6 16 7
-41.5000 -56.0000 -50.7525 7 17 8
-40.5000 -56.0000 -50.9601 6 16 7
-37.5000 -56.0000 -51.3610 8 18 9
-36.5000 -56.0000 -51.4439 13 20 12
-35.5000 -56.0000 -51.5408 16 17 12
-34.5000 -56.0000 -51.6635 16 15 11
-29.5000 -56.0000 -51.7154 13 14 9
-28.5000 -56.0000 -51.4864 13 14 9
-27.5000 -56.0000 -51.2348 13 14 9
-26.5000 -56.0000 -51.0100 13 14 9
-25.5000 -56.0000 -50.8500 12 14 9
-24.5000 -56.0000 -50.7696 13 15 10
-23.5000 -56.0000 -50.7548 15 17 12
-22.5000 -56.0000 -50.7667 14 16 11
-21.5000 -56.0000 -50.7575 12 14 9
-17.5000 -56.0000 -50.2560 17 14 9
-16.5000 -56.0000 -50.1415 17 14 9
-11.5000 -56.0000 -49.3993 16 17 11
-10.5000 -56.0000 -49.0234 16 17 11
-9.5000 -56.0000 -48.6233 16 19 12
-8.5000 -56.0000 -48.2739 16 19 12
-7.5000 -56.0000 -48.0476 13 18 11
-6.5000 -56.0000 -47.9936 12 17 10
-5.5000 -56.0000 -48.1234 11 16 9
-4.5000 -56.0000 -48.4070 9 16 8
-3.5000 -56.0000 -48.7814 9 16 9
-2.5000 -56.0000 -49.1693 6 16 8
-1.5000 -56.0000 -49.5031 8 15 8
-0.5000 -56.0000 -49.7449 8 15 8
0.5000 -56.0000 -49.8940 8 15 8
1.5000 -56.0000 -49.9804 10 17 10
2.5000 -56.0000 -50.0465 12 17 11
3.5000 -56.0000 -50.1272 13 18 12
7.5000 -56.0000 -50.7264 14 16 11
8.5000 -56.0000 -50.9427 17 18 13
9.5000 -56.0000 -51.2033 16 17 12
10.5000 -56.0000 -51.5112 13 14 9
13.5000 -56.0000 -52.5094 17 13 10
14.5000 -56.0000 -52.7698 18 14 11
15.5000 -56.0000 -52.9700 17 13 10
19.5000 -56.0000 -53.2640 17 13 10
23.5000 -56.0000 -52.6887 17 13 10
24.5000 -56.0000 -52.5610 17 13 10
25.5000 -56.0000 -52.5561 18 14 11
26.5000 -56.0000 -52.7243 18 14 11
27.5000 -56.0000 -53.0876 18 14 11
28.5000 -56.0000 -53.6333 18 13 10
32.5000 -56.0000 -56.7885 18 13 10
33.5000 -56.0000 -57.6790 19 14 11
112.5000 -56.0000 -107.9911 17 13 12
-57.5000 -57.0000 -57.4569 8 15 8
-56.5000 -57.0000 -56.5301 7 17 9
-53.5000 -57.0000 -54.3036 8 15 7
-52.5000 -57.0000 -53.6858 8 18 9
-51.5000 -57.0000 -53.1218 8 18 10
-50.5000 -57.0000 -52.6241 7 17 9
-49.5000 -57.0000 -52.2093 6 16 8
-48.5000 -57.0000 -51.8905 8 18 10
-47.5000 -57.0000 -51.6720 10 20 12
-46.5000 -57.0000 -51.5483 10 20 12
-45.5000 -57.0000 -51.5061 8 18 10
-43.5000 -57.0000 -51.6056 6 16 8
-42.5000 -57.0000 -51.7200 7 17 9
-41.5000 -57.0000 -51.8585 8 18 10
-40.5000 -57.0000 -52.0017 7 17 9
-37.5000 -57.0000 -52.3078 9 19 11
-36.5000 -57.0000 -52.3889 14 21 14
-35.5000 -57.0000 -52.4974 16 17 12
-34.5000 -57.0000 -52.6413 16 15 11
-25.5000 -57.0000 -51.7499 13 15 10
-24.5000 -57.0000 -51.6769 13 15 10
-23.5000 -57.0000 -51.6851 12 14 9
-19.5000 -57.0000 -51.5839 17 16 12
-18.5000 -57.0000 -51.4090 18 14 11
-17.5000 -57.0000 -51.2234 17 13 10
-13.5000 -57.0000 -50.6326 13 14 9
-12.5000 -57.0000 -50.3769 13 14 9
-11.5000 -57.0000 -50.0233 13 14 9
-10.5000 -57.0000 -49.5984 14 15 10
-9.5000 -57.0000 -49.1641 15 17 12
-8.5000 -57.0000 -48.7997 16 18 13
-7.5000 -57.0000 -48.5784 14 19 13
-6.5000 -57.0000 -48.5452 14 19 13
-5.5000 -57.0000 -48.7033 13 18 12
-4.5000 -57.0000 -49.0136 11 18 11
-1.5000 -57.0000 -50.1371 9 16 9
-0.5000 -57.0000 -50.3770 10 17 10
0.5000 -57.0000 -50.5243 10 17 10
1.5000 -57.0000 -50.6078 10 17 10
2.5000 -57.0000 -50.6661 10 15 9
3.5000 -57.0000 -50.7307 10 15 9
4.5000 -57.0000 -50.8177 14 16 11
5.5000 -57.0000 -50.9308 12 14 9
8.5000 -57.0000 -51.4887 14 15 10
9.5000 -57.0000 -51.8015 15 16 11
23.5000 -57.0000 -53.7627 17 13 10
24.5000 -57.0000 -53.6824 17 13 10
25.5000 -57.0000 -53.7467 18 14 11
26.5000 -57.0000 -53.9997 18 14 11
27.5000 -57.0000 -54.4562 18 14 11
28.5000 -57.0000 -55.0966 19 15 12
29.5000 -57.0000 -55.8745 17 13 10
-52.5000 -58.0000 -57.9993 6 16 8
-51.5000 -58.0000 -57.1558 11 18 11
-50.5000 -58.0000 -56.3217 8 15 8
-47.5000 -58.0000 -54.2481 9 16 9
-46.5000 -58.0000 -53.7944 10 17 10
-45.5000 -58.0000 -53.4729 8 15 8
-43.5000 -58.0000 -53.1767 10 17 10
-42.5000 -58.0000 -53.1633 11 18 11
-41.5000 -58.0000 -53.2069 11 18 11
-40.5000 -58.0000 -53.2780 9 16 9
-37.5000 -58.0000 -53.4501 10 17 10
-36.5000 -58.0000 -53.5074 14 19 13
-35.5000 -58.0000 -53.5999 16 17 12
-34.5000 -58.0000 -53.7324 15 16 11
-25.5000 -58.0000 -52.6942 15 16 11
-24.5000 -58.0000 -52.6364 13 15 10
-19.5000 -58.0000 -52.6390 20 19 15
-18.5000 -58.0000 -52.4453 21 17 14
-17.5000 -58.0000 -52.2236 19 15 12
-16.5000 -58.0000 -52.0132 17 13 10
-14.5000 -58.0000 -51.6385 15 14 10
-13.5000 -58.0000 -51.4091 16 17 12
-12.5000 -58.0000 -51.0988 17 18 13
-9.5000 -58.0000 -49.7744 13 15 10
-8.5000 -58.0000 -49.3988 16 18 13
-7.5000 -58.0000 -49.1790 15 20 14
-6.5000 -58.0000 -49.1555 15 20 14
-5.5000 -58.0000 -49.3251 15 20 14
-4.5000 -58.0000 -49.6430 13 20 13
-1.5000 -58.0000 -50.7545 9 16 9
-0.5000 -58.0000 -50.9880 11 18 11
0.5000 -58.0000 -51.1300 12 19 12
1.5000 -58.0000 -51.2061 11 18 11
2.5000 -58.0000 -51.2498 10 15 9
4.5000 -58.0000 -51.3435 18 20 15
5.5000 -58.0000 -51.4227 14 16 11
9.5000 -58.0000 -52.3422 13 14 9
23.5000 -58.0000 -55.1054 17 13 10
24.5000 -58.0000 -55.0955 17 13 10
25.5000 -58.0000 -55.2384 18 14 11
26.5000 -58.0000 -55.5714 18 14 11
27.5000 -58.0000 -56.1021 18 14 11
28.5000 -58.0000 -56.8048 22 18 15
29.5000 -58.0000 -57.6284 19 15 12
43.5000 -58.0000 -65.6934 17 13 10
84.5000 -58.0000 -61.4851 12 14 9
85.5000 -58.0000 -61.9086 12 14 9
94.5000 -58.0000 -62.2790 18 15 10
95.5000 -58.0000 -62.2340 18 15 10
-111.5000 -59.0000 -162.9898 13 13 13
-51.5000 -59.0000 -61.7128 12 17 13
-50.5000 -59.0000 -60.5628 12 17 13
-49.5000 -59.0000 -59.3988 11 16 12
-48.5000 -59.0000 -58.2899 10 15 11
-43.5000 -59.0000 -55.0955 13 18 14
-42.5000 -59.0000 -54.9359 13 18 14
-41.5000 -59.0000 -54.8670 12 17 13
-40.5000 -59.0000 -54.8470 11 16 12
-39.5000 -59.0000 -54.8405 11 16 12
-38.5000 -59.0000 -54.8279 10 15 11
-35.5000 -59.0000 -54.8555 14 16 11
-34.5000 -59.0000 -54.9383 13 15 10
-26.5000 -59.0000 -53.8378 14 15 10
-25.5000 -59.0000 -53.6774 16 17 12
-24.5000 -59.0000 -53.6322 18 19 14
-23.5000 -59.0000 -53.6813 18 17 13
-22.5000 -59.0000 -53.7714 14 15 10
-16.5000 -59.0000 -52.9796 17 13 12
-15.5000 -59.0000 -52.7435 15 14 12
-14.5000 -59.0000 -52.5060 14 13 11
-11.5000 -59.0000 -51.4359 14 14 12
-10.5000 -59.0000 -50.9445 14 14 12
-9.5000 -59.0000 -50.4654 13 15 12
-8.5000 -59.0000 -50.0787 13 15 12
-7.5000 -59.0000 -49.8530 11 16 12
-6.5000 -59.0000 -49.8246 11 16 12
-5.5000 -59.0000 -49.9862 11 16 12
-4.5000 -59.0000 -50.2907 10 16 12
4.5000 -59.0000 -51.8142 12 14 9
5.5000 -59.0000 -51.8566 12 14 9
6.5000 -59.0000 -51.9489 12 14 9
7.5000 -59.0000 -52.1211 12 14 9
8.5000 -59.0000 -52.4060 13 14 9
9.5000 -59.0000 -52.8275 13 14 9
10.5000 -59.0000 -53.3857 13 14 9
11.5000 -59.0000 -54.0475 13 14 9
12.5000 -59.0000 -54.7507 17 13 10
13.5000 -59.0000 -55.4199 17 13 10
14.5000 -59.0000 -55.9895 17 13 10
15.5000 -59.0000 -56.4214 17 13 10
16.5000 -59.0000 -56.7100 17 13 10
17.5000 -59.0000 -56.8739 17 13 10
18.5000 -59.0000 -56.9417 17 13 10
19.5000 -59.0000 -56.9405 17 13 10
20.5000 -59.0000 -56.8921 17 13 10
21.5000 -59.0000 -56.8185 17 13 10
22.5000 -59.0000 -56.7490 17 13 10
23.5000 -59.0000 -56.7248 17 13 10
24.5000 -59.0000 -56.7953 17 13 10
25.5000 -59.0000 -57.0082 17 13 10
26.5000 -59.0000 -57.3942 17 13 10
27.5000 -59.0000 -57.9563 17 13 10
72.5000 -59.0000 -60.9754 10 15 9
73.5000 -59.0000 -60.6564 11 16 10
112.5000 -59.0000 -107.4405 17 13 12
-51.5000 -60.0000 -66.7178 12 14 11
-29.5000 -60.0000 -55.7385 14 15 10
-28.5000 -60.0000 -55.4255 15 16 11
-26.5000 -60.0000 -54.8587 13 14 9
-25.5000 -60.0000 -54.6989 16 15 11
-24.5000 -60.0000 -54.6498 16 15 11
-23.5000 -60.0000 -54.6930 16 15 11
-15.5000 -60.0000 -53.6845 14 13 11
-14.5000 -60.0000 -53.4119 14 13 11
-11.5000 -60.0000 -52.2480 14 14 12
-10.5000 -60.0000 -51.7349 14 14 12
-9.5000 -60.0000 -51.2391 13 15 12
-8.5000 -60.0000 -50.8381 13 15 12
-7.5000 -60.0000 -50.5974 11 16 12
-6.5000 -60.0000 -50.5493 11 16 12
-5.5000 -60.0000 -50.6845 11 16 12
-4.5000 -60.0000 -50.9565 10 16 12
4.5000 -60.0000 -52.2472 12 14 9
5.5000 -60.0000 -52.2588 12 14 9
6.5000 -60.0000 -52.3341 12 14 9
7.5000 -60.0000 -52.5108 12 14 9
8.5000 -60.0000 -52.8253 13 14 9
9.5000 -60.0000 -53.3006 13 14 9
10.5000 -60.0000 -53.9329 13 14 9
11.5000 -60.0000 -54.6831 13 14 9
72.5000 -60.0000 -60.9054 10 15 9
73.5000 -60.0000 -60.6490 10 15 9
112.5000 -60.0000 -107.3398 17 13 12
-29.5000 -61.0000 -56.8325 14 15 10
-28.5000 -61.0000 -56.5170 15 16 11
-15.5000 -61.0000 -54.6508 14 13 11
-9.5000 -61.0000 -52.0925 12 14 11
-8.5000 -61.0000 -51.6728 12 14 11
-7.5000 -61.0000 -51.4086 10 15 11
-6.5000 -61.0000 -51.3296 10 15 11
-5.5000 -61.0000 -51.4252 10 15 11
-4.5000 -61.0000 -51.6510 9 15 11
4.5000 -61.0000 -52.6847 12 14 9
5.5000 -61.0000 -52.6838 12 14 9
6.5000 -61.0000 -52.7607 12 14 9
7.5000 -61.0000 -52.9575 12 14 9
8.5000 -61.0000 -53.3114 13 14 9
9.5000 -61.0000 -53.8427 13 14 9
10.5000 -61.0000 -54.5428 13 14 9
11.5000 -61.0000 -55.3678 13 14 9
73.5000 -61.0000 -60.6002 10 15 9
112.5000 -61.0000 -107.2627 17 13 12
-35.5000 -62.0000 -59.4492 15 16 11
-34.5000 -62.0000 -59.2166 14 15 10
-15.5000 -62.0000 -55.6468 14 13 11
-9.5000 -62.0000 -53.0269 12 14 11
-8.5000 -62.0000 -52.5852 12 14 11
-7.5000 -62.0000 -52.2937 10 15 11
-6.5000 -62.0000 -52.1794 10 15 11
-5.5000 -62.0000 -52.2312 10 15 11
-4.5000 -62.0000 -52.4062 9 15 11
4.5000 -62.0000 -53.1980 12 14 9
5.5000 -62.0000 -53.2140 12 14 9
6.5000 -62.0000 -53.3212 12 14 9
7.5000 -62.0000 -53.5614 12 14 9
8.5000 -62.0000 -53.9688 13 14 9
9.5000 -62.0000 -54.5589 13 14 9
10.5000 -62.0000 -55.3182 13 14 9
11.5000 -62.0000 -56.1999 13 14 9
112.5000 -62.0000 -107.1884 17 13 12
-111.5000 -63.0000 -168.1523 13 13 13
-35.5000 -63.0000 -61.3155 16 15 11
-34.5000 -63.0000 -60.9536 15 14 10
4.5000 -63.0000 -53.8860 12 14 9
5.5000 -63.0000 -53.9544 12 14 9
6.5000 -63.0000 -54.1254 12 14 9
7.5000 -63.0000 -54.4345 12 14 9
8.5000 -63.0000 -54.9086 13 14 9
9.5000 -63.0000 -55.5564 13 14 9
10.5000 -63.0000 -56.3597 13 14 9
11.5000 -63.0000 -57.2713 13 14 9
91.5000 -63.0000 -63.3402 20 12 10
112.5000 -63.0000 -107.0644 17 13 12
-111.5000 -64.0000 -166.7677 14 14 14
-29.5000 -64.0000 -61.1075 15 14 10
-28.5000 -64.0000 -60.7990 15 16 11
4.5000 -64.0000 -54.8651 12 14 9
5.5000 -64.0000 -55.0192 12 14 9
6.5000 -64.0000 -55.2832 12 14 9
7.5000 -64.0000 -55.6802 12 14 9
8.5000 -64.0000 -56.2256 13 14 9
9.5000 -64.0000 -56.9196 13 14 9
10.5000 -64.0000 -57.7403 13 14 9
11.5000 -64.0000 -58.6436 13 14 9
68.5000 -64.0000 -60.4620 11 16 10
91.5000 -64.0000 -63.3078 20 12 10
112.5000 -64.0000 -106.8249 17 13 12
-29.5000 -65.0000 -63.0471 15 14 10
-28.5000 -65.0000 -62.7591 15 16 11
-24.5000 -65.0000 -60.9328 6 16 8
-23.5000 -65.0000 -60.4324 7 17 9
-22.5000 -65.0000 -60.0381 6 16 8
4.5000 -65.0000 -56.2499 12 14 9
5.5000 -65.0000 -56.5115 12 14 9
6.5000 -65.0000 -56.8832 12 14 9
7.5000 -65.0000 -57.3705 12 14 9
8.5000 -65.0000 -57.9744 13 14 9
9.5000 -65.0000 -58.6861 13 14 9
10.5000 -65.0000 -59.4831 13 14 9
11.5000 -65.0000 -60.3283 13 14 9
68.5000 -65.0000 -60.5552 12 17 11
91.5000 -65.0000 -63.3540 18 13 10
112.5000 -65.0000 -106.4333 17 13 12
-35.5000 -66.0000 -68.5690 21 12 13
-24.5000 -66.0000 -62.9924 8 18 10
-23.5000 -66.0000 -62.3159 9 19 11
-22.5000 -66.0000 -61.7414 7 18 10
4.5000 -66.0000 -58.1270 12 14 9
5.5000 -66.0000 -58.4993 12 14 9
6.5000 -66.0000 -58.9709 12 14 9
7.5000 -66.0000 -59.5262 12 14 9
8.5000 -66.0000 -60.1512 12 14 9
9.5000 -66.0000 -60.8313 12 14 9
10.5000 -66.0000 -61.5473 13 14 9
11.5000 -66.0000 -62.2749 13 14 9
68.5000 -66.0000 -60.8577 12 17 11
87.5000 -66.0000 -65.3634 17 13 10
88.5000 -66.0000 -64.9582 19 14 11
91.5000 -66.0000 -63.5027 18 13 10
109.5000 -66.0000 -74.7554 14 14 6
112.5000 -66.0000 -105.9249 17 13 12
-24.5000 -67.0000 -65.4786 9 16 9
-23.5000 -67.0000 -64.6283 9 16 9
-8.5000 -67.0000 -59.5735 13 14 9
-7.5000 -67.0000 -59.4830 14 14 12
-6.5000 -67.0000 -59.5707 13 15 10
-4.5000 -67.0000 -60.0515 12 14 9
-2.5000 -67.0000 -60.3511 10 15 9
-1.5000 -67.0000 -60.3086 10 15 9
-0.5000 -67.0000 -60.1732 11 16 10
0.5000 -67.0000 -60.0206 11 16 10
1.5000 -67.0000 -59.9340 12 17 11
2.5000 -67.0000 -59.9771 12 17 11
3.5000 -67.0000 -60.1779 12 17 11
68.5000 -67.0000 -61.3650 12 14 9
69.5000 -67.0000 -61.3266 13 14 9
-7.5000 -68.0000 -61.8324 13 14 9
83.5000 -69.0000 -63.4545 15 14 9
109.5000 -69.0000 -75.6285 12 15 6
100.5000 -70.0000 -66.3641 22 12 10
109.5000 -70.0000 -76.2326 14 15 7
100.5000 -71.0000 -66.8319 22 12 10
109.5000 -71.0000 -77.0056 15 15 7
76.5000 -72.0000 -65.9839 15 14 9
77.5000 -72.0000 -65.1788 13 14 8
109.5000 -72.0000 -77.8860 14 14 6
92.5000 -74.0000 -65.7760 17 14 9
93.5000 -74.0000 -65.6365 15 14 9
36.5000 -75.0000 -76.2481 22 12 10
47.5000 -75.0000 -68.2800 13 14 9
78.5000 -75.0000 -66.9878 14 15 9
79.5000 -75.0000 -66.4592 13 14 8
99.5000 -75.0000 -67.5007 24 14 12
109.5000 -75.0000 -80.1371 17 14 7
112.5000 -75.0000 -110.5379 23 11 13
50.5000 -76.0000 -67.9698 11 16 10
51.5000 -76.0000 -68.1308 17 22 16
78.5000 -76.0000 -67.3797 14 15 9
79.5000 -76.0000 -66.8376 13 14 8
99.5000 -76.0000 -67.5296 24 14 12
