ply
format ascii 1.0
element vertex 16626
property float x
property float y
property float z
property uchar red
property uchar green
property uchar blue
end_header
-53.5000 77.0000 -64.8441 15 24 7
-52.5000 77.0000 -61.6650 25 29 14
-51.5000 77.0000 -58.9012 37 31 17
-50.5000 77.0000 -56.5216 34 26 13
-49.5000 77.0000 -54.4066 28 22 8
-48.5000 77.0000 -52.3803 26 24 9
-47.5000 77.0000 -50.2926 30 29 11
-46.5000 77.0000 -48.0877 34 33 13
-45.5000 77.0000 -45.8129 36 33 14
-44.5000 77.0000 -43.5687 39 32 13
-43.5000 77.0000 -41.4421 44 31 12
-42.5000 77.0000 -39.4682 45 28 8
-41.5000 77.0000 -37.6350 46 28 8
-40.5000 77.0000 -35.9160 52 34 12
-39.5000 77.0000 -34.3003 60 42 18
-38.5000 77.0000 -32.8009 62 48 22
-37.5000 77.0000 -31.4436 56 44 18
-36.5000 77.0000 -30.2511 50 40 13
-35.5000 77.0000 -29.2338 59 52 23
-34.5000 77.0000 -28.3899 62 55 26
-33.5000 77.0000 -27.7097 63 54 25
-32.5000 77.0000 -27.1804 59 50 21
-31.5000 77.0000 -26.7891 63 52 24
-30.5000 77.0000 -26.5243 70 59 31
-29.5000 77.0000 -26.3769 71 57 30
-28.5000 77.0000 -26.3393 63 49 22
-27.5000 77.0000 -26.4035 73 57 31
-26.5000 77.0000 -26.5589 71 55 29
-25.5000 77.0000 -26.7913 72 52 27
-24.5000 77.0000 -27.0842 69 49 24
-23.5000 77.0000 -27.4219 69 47 23
-22.5000 77.0000 -27.7931 69 47 23
-21.5000 77.0000 -28.1926 70 48 24
-20.5000 77.0000 -28.6200 68 50 26
-19.5000 77.0000 -29.0770 62 47 28
-18.5000 77.0000 -29.5677 56 45 27
-17.5000 77.0000 -30.0999 55 42 25
-16.5000 77.0000 -30.6867 56 43 26
-15.5000 77.0000 -31.3440 62 45 29
-14.5000 77.0000 -32.0834 62 45 29
-13.5000 77.0000 -32.9040 60 42 28
-12.5000 77.0000 -33.7898 57 39 25
-11.5000 77.0000 -34.7135 53 37 24
-10.5000 77.0000 -35.6465 50 36 23
-9.5000 77.0000 -36.5678 48 36 24
-8.5000 77.0000 -37.4692 43 35 22
-7.5000 77.0000 -38.3536 38 35 20
-6.5000 77.0000 -39.2316 33 34 18
-5.5000 77.0000 -40.1148 32 33 17
-4.5000 77.0000 -41.0112 30 33 16
-3.5000 77.0000 -41.9231 31 34 17
-2.5000 77.0000 -42.8489 28 31 14
-1.5000 77.0000 -43.7895 26 27 11
-0.5000 77.0000 -44.7567 27 28 12
0.5000 77.0000 -45.7767 29 30 16
1.5000 77.0000 -46.8875 29 30 16
2.5000 77.0000 -48.1271 26 27 13
3.5000 77.0000 -49.5185 23 24 10
4.5000 77.0000 -51.0565 28 26 14
5.5000 77.0000 -52.7046 25 23 11
6.5000 77.0000 -54.4046 20 17 8
12.5000 77.0000 -65.3226 23 15 12
-55.5000 76.0000 -69.1631 7 18 1
-54.5000 76.0000 -65.2750 15 24 7
-53.5000 76.0000 -61.8844 22 31 12
-52.5000 76.0000 -58.9078 30 33 16
-51.5000 76.0000 -56.3312 38 32 18
-50.5000 76.0000 -54.1128 36 28 15
-49.5000 76.0000 -52.1366 32 26 12
-48.5000 76.0000 -50.2399 31 29 14
-47.5000 76.0000 -48.2868 35 33 18
-46.5000 76.0000 -46.2287 39 38 20
-45.5000 76.0000 -44.1105 41 38 19
-44.5000 76.0000 -42.0250 44 37 18
-43.5000 76.0000 -40.0517 50 37 20
-42.5000 76.0000 -38.2216 50 33 15
-41.5000 76.0000 -36.5230 51 33 13
-40.5000 76.0000 -34.9309 55 37 15
-39.5000 76.0000 -33.4346 62 44 22
-38.5000 76.0000 -32.0456 65 51 25
-37.5000 76.0000 -30.7876 63 51 25
-36.5000 76.0000 -29.6815 61 51 24
-35.5000 76.0000 -28.7372 65 55 28
-34.5000 76.0000 -27.9529 65 58 29
-33.5000 76.0000 -27.3198 66 57 28
-32.5000 76.0000 -26.8260 63 54 25
-31.5000 76.0000 -26.4594 67 56 28
-30.5000 76.0000 -26.2096 73 62 34
-29.5000 76.0000 -26.0683 74 60 33
-28.5000 76.0000 -26.0288 67 53 26
-27.5000 76.0000 -26.0840 73 57 31
-26.5000 76.0000 -26.2249 72 56 30
-25.5000 76.0000 -26.4388 72 55 29
-24.5000 76.0000 -26.7106 72 52 27
-23.5000 76.0000 -27.0259 72 50 26
-22.5000 76.0000 -27.3744 72 50 26
-21.5000 76.0000 -27.7508 72 50 26
-20.5000 76.0000 -28.1546 71 51 27
-19.5000 76.0000 -28.5879 68 53 34
-18.5000 76.0000 -29.0545 63 50 33
-17.5000 76.0000 -29.5620 60 47 30
-16.5000 76.0000 -30.1224 62 46 30
-15.5000 76.0000 -30.7498 62 46 30
-14.5000 76.0000 -31.4535 61 44 28
-13.5000 76.0000 -32.2317 57 39 25
-12.5000 76.0000 -33.0683 52 36 21
-11.5000 76.0000 -33.9377 55 39 26
-10.5000 76.0000 -34.8133 52 38 25
-9.5000 76.0000 -35.6762 48 38 26
-8.5000 76.0000 -36.5195 46 38 25
-7.5000 76.0000 -37.3468 41 38 23
-6.5000 76.0000 -38.1691 39 37 22
-5.5000 76.0000 -38.9982 36 37 21
-4.5000 76.0000 -39.8429 34 37 20
-3.5000 76.0000 -40.7058 33 36 19
-2.5000 76.0000 -41.5859 31 32 16
-1.5000 76.0000 -42.4840 29 30 14
-0.5000 76.0000 -43.4100 28 29 13
0.5000 76.0000 -44.3870 30 31 17
1.5000 76.0000 -45.4487 29 30 16
2.5000 76.0000 -46.6292 27 28 14
3.5000 76.0000 -47.9496 24 25 11
4.5000 76.0000 -49.4060 29 27 15
5.5000 76.0000 -50.9672 25 23 11
6.5000 76.0000 -52.5831 22 19 10
7.5000 76.0000 -54.2056 19 16 7
8.5000 76.0000 -55.8138 19 16 7
9.5000 76.0000 -57.4329 19 16 7
10.5000 76.0000 -59.1395 21 16 10
11.5000 76.0000 -61.0480 21 16 10
12.5000 76.0000 -63.2863 20 15 11
13.5000 76.0000 -65.9694 18 13 9
-57.5000 75.0000 -73.0781 9 20 3
-56.5000 75.0000 -67.6039 19 28 9
-55.5000 75.0000 -63.2815 22 31 10
-54.5000 75.0000 -59.7322 24 32 11
-53.5000 75.0000 -56.7089 26 34 11
-52.5000 75.0000 -54.0986 31 34 15
-51.5000 75.0000 -51.8559 38 32 18
-50.5000 75.0000 -49.9231 38 30 19
-49.5000 75.0000 -48.1914 37 31 19
-48.5000 75.0000 -46.5217 37 35 20
-47.5000 75.0000 -44.8030 41 39 24
-46.5000 75.0000 -42.9993 45 44 26
-45.5000 75.0000 -41.1520 47 44 25
-44.5000 75.0000 -39.3404 49 42 23
-43.5000 75.0000 -37.6312 57 44 27
-42.5000 75.0000 -36.0492 58 41 23
-41.5000 75.0000 -34.5829 59 41 21
-40.5000 75.0000 -33.2099 61 43 21
-39.5000 75.0000 -31.9199 65 47 25
-38.5000 75.0000 -30.7219 68 53 30
-37.5000 75.0000 -29.6358 70 58 34
-36.5000 75.0000 -28.6794 71 61 34
-35.5000 75.0000 -27.8612 70 60 33
-34.5000 75.0000 -27.1800 71 61 34
-33.5000 75.0000 -26.6282 69 59 32
-32.5000 75.0000 -26.1955 68 58 31
-31.5000 75.0000 -25.8714 72 60 34
-30.5000 75.0000 -25.6473 76 64 38
-29.5000 75.0000 -25.5162 77 63 37
-28.5000 75.0000 -25.4731 72 58 32
-27.5000 75.0000 -25.5127 75 59 34
-26.5000 75.0000 -25.6282 75 59 34
-25.5000 75.0000 -25.8096 76 58 34
-24.5000 75.0000 -26.0446 75 57 33
-23.5000 75.0000 -26.3210 76 56 32
-22.5000 75.0000 -26.6296 75 55 31
-21.5000 75.0000 -26.9656 74 52 29
-20.5000 75.0000 -27.3284 72 51 30
-19.5000 75.0000 -27.7202 71 54 34
-18.5000 75.0000 -28.1450 68 53 34
-17.5000 75.0000 -28.6097 67 51 35
-16.5000 75.0000 -29.1243 66 50 34
-15.5000 75.0000 -29.6992 65 49 33
-14.5000 75.0000 -30.3404 62 46 30
-13.5000 75.0000 -31.0439 57 41 26
-12.5000 75.0000 -31.7944 53 37 22
-11.5000 75.0000 -32.5690 54 40 27
-10.5000 75.0000 -33.3449 52 40 26
-9.5000 75.0000 -34.1067 50 41 26
-8.5000 75.0000 -34.8496 48 41 25
-7.5000 75.0000 -35.5786 44 41 26
-6.5000 75.0000 -36.3049 43 41 26
-5.5000 75.0000 -37.0407 40 41 25
-4.5000 75.0000 -37.7954 40 41 25
-3.5000 75.0000 -38.5728 38 39 23
-2.5000 75.0000 -39.3726 37 35 20
-1.5000 75.0000 -40.1954 35 33 18
-0.5000 75.0000 -41.0480 33 31 16
0.5000 75.0000 -41.9484 33 31 16
1.5000 75.0000 -42.9229 32 30 15
2.5000 75.0000 -43.9989 29 27 14
3.5000 75.0000 -45.1943 27 25 12
4.5000 75.0000 -46.5078 31 29 17
5.5000 75.0000 -47.9168 27 25 13
6.5000 75.0000 -49.3854 22 22 12
7.5000 75.0000 -50.8802 22 22 12
8.5000 75.0000 -52.3911 25 25 15
9.5000 75.0000 -53.9458 26 26 16
10.5000 75.0000 -55.6134 26 23 14
11.5000 75.0000 -57.4941 22 19 10
12.5000 75.0000 -59.6999 19 16 9
13.5000 75.0000 -62.3327 18 15 8
-59.5000 74.0000 -80.0517 8 19 5
-58.5000 74.0000 -71.5977 17 26 9
-57.5000 74.0000 -65.0081 25 34 15
-56.5000 74.0000 -59.9783 30 38 17
-55.5000 74.0000 -56.1076 28 36 13
-54.5000 74.0000 -53.0297 27 32 9
-53.5000 74.0000 -50.4886 29 33 8
-52.5000 74.0000 -48.3424 31 33 11
-51.5000 74.0000 -46.5143 36 30 16
-50.5000 74.0000 -44.9319 37 31 19
-49.5000 74.0000 -43.4974 38 34 22
-48.5000 74.0000 -42.1013 42 38 26
-47.5000 74.0000 -40.6627 45 43 30
-46.5000 74.0000 -39.1605 48 46 31
-45.5000 74.0000 -37.6324 52 46 30
-44.5000 74.0000 -36.1427 53 46 28
-43.5000 74.0000 -34.7431 61 48 32
-42.5000 74.0000 -33.4519 64 48 32
-41.5000 74.0000 -32.2582 67 48 31
-40.5000 74.0000 -31.1425 68 50 30
-39.5000 74.0000 -30.0954 68 51 31
-38.5000 74.0000 -29.1226 71 55 32
-37.5000 74.0000 -28.2392 73 58 35
-36.5000 74.0000 -27.4592 73 61 37
-35.5000 74.0000 -26.7896 74 62 38
-34.5000 74.0000 -26.2297 72 62 35
-33.5000 74.0000 -25.7733 71 61 34
-32.5000 74.0000 -25.4121 71 61 34
-31.5000 74.0000 -25.1378 75 63 37
-30.5000 74.0000 -24.9434 77 65 39
-29.5000 74.0000 -24.8240 78 64 38
-28.5000 74.0000 -24.7763 75 61 35
-27.5000 74.0000 -24.7972 77 61 36
-26.5000 74.0000 -24.8824 78 62 37
-25.5000 74.0000 -25.0251 80 62 38
-24.5000 74.0000 -25.2161 80 62 38
-23.5000 74.0000 -25.4457 81 61 37
-22.5000 74.0000 -25.7064 79 59 35
-21.5000 74.0000 -25.9937 78 56 33
-20.5000 74.0000 -26.3074 75 54 33
-19.5000 74.0000 -26.6496 69 51 31
-18.5000 74.0000 -27.0246 69 52 34
-17.5000 74.0000 -27.4383 69 53 37
-16.5000 74.0000 -27.8979 70 54 38
-15.5000 74.0000 -28.4095 69 53 37
-14.5000 74.0000 -28.9749 67 51 35
-13.5000 74.0000 -29.5879 62 49 33
-12.5000 74.0000 -30.2343 60 47 31
-11.5000 74.0000 -30.8950 53 41 27
-10.5000 74.0000 -31.5519 51 42 27
-9.5000 74.0000 -32.1940 50 43 27
-8.5000 74.0000 -32.8189 48 42 26
-7.5000 74.0000 -33.4328 48 42 28
-6.5000 74.0000 -34.0466 46 43 28
-5.5000 74.0000 -34.6728 45 43 28
-4.5000 74.0000 -35.3209 44 42 27
-3.5000 74.0000 -35.9957 44 41 26
-2.5000 74.0000 -36.6981 42 39 24
-1.5000 74.0000 -37.4281 40 37 22
-0.5000 74.0000 -38.1899 37 35 20
0.5000 74.0000 -38.9950 35 33 18
1.5000 74.0000 -39.8616 33 31 16
2.5000 74.0000 -40.8098 31 29 16
3.5000 74.0000 -41.8535 30 28 15
4.5000 74.0000 -42.9943 34 32 20
5.5000 74.0000 -44.2200 27 27 15
6.5000 74.0000 -45.5108 24 24 14
7.5000 74.0000 -46.8507 26 26 16
8.5000 74.0000 -48.2419 31 31 21
9.5000 74.0000 -49.7146 30 32 21
10.5000 74.0000 -51.3292 24 26 15
11.5000 74.0000 -53.1693 17 19 8
12.5000 74.0000 -55.3280 15 16 8
13.5000 74.0000 -57.8916 16 17 9
14.5000 74.0000 -60.9245 17 16 11
15.5000 74.0000 -64.4562 15 16 10
-60.5000 73.0000 -79.7753 14 22 9
-59.5000 73.0000 -70.1730 28 37 20
-58.5000 73.0000 -62.4883 30 39 20
-57.5000 73.0000 -56.5992 32 40 19
-56.5000 73.0000 -52.1984 33 38 15
-55.5000 73.0000 -48.9083 31 35 10
-54.5000 73.0000 -46.3846 30 34 7
-53.5000 73.0000 -44.3735 33 36 7
-52.5000 73.0000 -42.7156 38 38 14
-51.5000 73.0000 -41.3124 35 29 15
-50.5000 73.0000 -40.0837 37 30 20
-49.5000 73.0000 -38.9462 39 35 24
-48.5000 73.0000 -37.8204 43 39 27
-47.5000 73.0000 -36.6549 45 43 30
-46.5000 73.0000 -35.4436 48 46 31
-45.5000 73.0000 -34.2208 53 47 31
-44.5000 73.0000 -33.0369 57 48 31
-43.5000 73.0000 -31.9307 63 51 35
-42.5000 73.0000 -30.9145 68 52 36
-41.5000 73.0000 -29.9788 72 53 36
-40.5000 73.0000 -29.1072 73 55 35
-39.5000 73.0000 -28.2908 72 55 35
-38.5000 73.0000 -27.5324 71 54 34
-37.5000 73.0000 -26.8421 70 55 34
-36.5000 73.0000 -26.2302 68 56 32
-35.5000 73.0000 -25.7022 76 64 40
-34.5000 73.0000 -25.2575 73 61 37
-33.5000 73.0000 -24.8916 72 60 36
-32.5000 73.0000 -24.5980 74 62 38
-31.5000 73.0000 -24.3704 79 64 41
-30.5000 73.0000 -24.2040 79 64 41
-29.5000 73.0000 -24.0954 78 63 40
-28.5000 73.0000 -24.0432 77 62 39
-27.5000 73.0000 -24.0462 82 66 43
-26.5000 73.0000 -24.1024 83 67 44
-25.5000 73.0000 -24.2078 85 67 45
-24.5000 73.0000 -24.3561 85 67 45
-23.5000 73.0000 -24.5400 84 66 44
-22.5000 73.0000 -24.7535 82 64 42
-21.5000 73.0000 -24.9929 81 60 39
-20.5000 73.0000 -25.2582 79 58 37
-19.5000 73.0000 -25.5519 76 55 36
-18.5000 73.0000 -25.8782 75 56 39
-17.5000 73.0000 -26.2418 75 58 40
-16.5000 73.0000 -26.6469 74 59 40
-15.5000 73.0000 -27.0953 72 56 40
-14.5000 73.0000 -27.5846 67 54 37
-13.5000 73.0000 -28.1070 64 53 35
-12.5000 73.0000 -28.6497 61 53 34
-11.5000 73.0000 -29.1978 51 44 26
-10.5000 73.0000 -29.7386 51 44 26
-9.5000 73.0000 -30.2653 50 44 28
-8.5000 73.0000 -30.7778 49 43 27
-7.5000 73.0000 -31.2827 49 43 27
-6.5000 73.0000 -31.7905 49 43 27
-5.5000 73.0000 -32.3125 47 44 29
-4.5000 73.0000 -32.8581 46 43 28
-3.5000 73.0000 -33.4326 48 42 26
-2.5000 73.0000 -34.0378 48 42 26
-1.5000 73.0000 -34.6735 47 41 25
-0.5000 73.0000 -35.3416 42 39 22
0.5000 73.0000 -36.0481 39 36 21
1.5000 73.0000 -36.8042 37 34 19
2.5000 73.0000 -37.6230 34 32 19
3.5000 73.0000 -38.5150 34 32 19
4.5000 73.0000 -39.4847 34 35 21
5.5000 73.0000 -40.5295 30 31 17
6.5000 73.0000 -41.6443 26 26 14
7.5000 73.0000 -42.8292 27 29 16
8.5000 73.0000 -44.0974 30 32 21
9.5000 73.0000 -45.4816 28 31 20
10.5000 73.0000 -47.0339 20 23 12
11.5000 73.0000 -48.8222 13 16 5
12.5000 73.0000 -50.9213 16 19 10
13.5000 73.0000 -53.4021 16 19 10
14.5000 73.0000 -56.3175 17 18 10
15.5000 73.0000 -59.6883 16 19 10
16.5000 73.0000 -63.4902 14 15 9
-62.5000 72.0000 -91.0080 13 20 12
-61.5000 72.0000 -79.2146 26 34 21
-60.5000 72.0000 -68.9546 36 44 29
-59.5000 72.0000 -60.4922 34 43 24
-58.5000 72.0000 -53.8572 33 41 20
-57.5000 72.0000 -48.8741 32 37 14
-56.5000 72.0000 -45.2367 32 36 11
-55.5000 72.0000 -42.5986 35 38 11
-54.5000 72.0000 -40.6486 40 40 12
-53.5000 72.0000 -39.1496 43 44 13
-52.5000 72.0000 -37.9415 46 44 19
-51.5000 72.0000 -36.9182 36 30 16
-50.5000 72.0000 -36.0007 39 32 22
-49.5000 72.0000 -35.1219 41 37 26
-48.5000 72.0000 -34.2291 43 39 28
-47.5000 72.0000 -33.2954 45 41 29
-46.5000 72.0000 -32.3269 48 44 32
-45.5000 72.0000 -31.3556 54 48 34
-44.5000 72.0000 -30.4212 59 50 35
-43.5000 72.0000 -29.5528 65 53 37
-42.5000 72.0000 -28.7589 68 52 37
-41.5000 72.0000 -28.0316 71 54 38
-40.5000 72.0000 -27.3575 74 57 39
-39.5000 72.0000 -26.7281 75 58 40
-38.5000 72.0000 -26.1436 74 57 37
-37.5000 72.0000 -25.6103 70 55 34
-36.5000 72.0000 -25.1351 68 53 32
-35.5000 72.0000 -24.7220 81 66 43
-34.5000 72.0000 -24.3707 74 62 38
-33.5000 72.0000 -24.0780 73 61 37
-32.5000 72.0000 -23.8390 77 65 41
-31.5000 72.0000 -23.6493 82 67 44
-30.5000 72.0000 -23.5055 81 66 43
-29.5000 72.0000 -23.4060 79 64 41
-28.5000 72.0000 -23.3505 80 65 42
-27.5000 72.0000 -23.3394 87 71 48
-26.5000 72.0000 -23.3724 87 71 48
-25.5000 72.0000 -23.4473 88 70 48
-24.5000 72.0000 -23.5602 88 70 48
-23.5000 72.0000 -23.7056 87 69 47
-22.5000 72.0000 -23.8788 85 67 45
-21.5000 72.0000 -24.0771 84 66 44
-20.5000 72.0000 -24.3007 85 64 43
-19.5000 72.0000 -24.5526 87 66 47
-18.5000 72.0000 -24.8369 87 66 49
-17.5000 72.0000 -25.1570 83 64 47
-16.5000 72.0000 -25.5142 78 61 43
-15.5000 72.0000 -25.9064 69 56 39
-14.5000 72.0000 -26.3280 65 54 36
-13.5000 72.0000 -26.7699 61 53 34
-12.5000 72.0000 -27.2214 61 54 35
-11.5000 72.0000 -27.6719 54 49 30
-10.5000 72.0000 -28.1137 54 49 30
-9.5000 72.0000 -28.5437 53 47 31
-8.5000 72.0000 -28.9638 52 46 30
-7.5000 72.0000 -29.3804 52 46 30
-6.5000 72.0000 -29.8025 51 45 29
-5.5000 72.0000 -30.2400 50 44 30
-4.5000 72.0000 -30.7009 51 44 28
-3.5000 72.0000 -31.1906 50 43 27
-2.5000 72.0000 -31.7111 51 44 28
-1.5000 72.0000 -32.2625 51 44 28
-0.5000 72.0000 -32.8450 48 42 26
0.5000 72.0000 -33.4612 44 38 24
1.5000 72.0000 -34.1171 39 36 21
2.5000 72.0000 -34.8206 39 35 23
3.5000 72.0000 -35.5801 39 37 24
4.5000 72.0000 -36.4019 35 36 22
5.5000 72.0000 -37.2910 32 33 19
6.5000 72.0000 -38.2535 28 30 17
7.5000 72.0000 -39.3016 27 31 17
8.5000 72.0000 -40.4571 28 31 20
9.5000 72.0000 -41.7542 24 30 18
10.5000 72.0000 -43.2385 18 24 12
11.5000 72.0000 -44.9652 12 18 6
12.5000 72.0000 -46.9944 18 21 12
13.5000 72.0000 -49.3833 18 21 12
14.5000 72.0000 -52.1744 18 21 12
15.5000 72.0000 -55.3813 16 19 10
16.5000 72.0000 -58.9755 14 17 10
-64.5000 71.0000 -102.7824 12 17 10
-63.5000 71.0000 -89.9597 21 28 20
-62.5000 71.0000 -78.1339 29 37 24
-61.5000 71.0000 -67.6880 35 43 28
-60.5000 71.0000 -58.8830 38 47 30
-59.5000 71.0000 -51.8133 33 41 20
-58.5000 71.0000 -46.3997 30 38 15
-57.5000 71.0000 -42.4250 31 35 12
-56.5000 71.0000 -39.5952 35 37 13
-55.5000 71.0000 -37.6045 43 43 17
-54.5000 71.0000 -36.1848 47 46 18
-53.5000 71.0000 -35.1296 48 44 15
-52.5000 71.0000 -34.2925 45 41 16
-51.5000 71.0000 -33.5737 41 35 21
-50.5000 71.0000 -32.9024 42 38 29
-49.5000 71.0000 -32.2274 44 40 29
-48.5000 71.0000 -31.5167 44 40 29
-47.5000 71.0000 -30.7613 45 41 29
-46.5000 71.0000 -29.9755 50 44 32
-45.5000 71.0000 -29.1895 57 49 36
-44.5000 71.0000 -28.4363 63 54 39
-43.5000 71.0000 -27.7384 68 56 40
-42.5000 71.0000 -27.1028 66 53 37
-41.5000 71.0000 -26.5234 67 51 35
-40.5000 71.0000 -25.9892 72 55 37
-39.5000 71.0000 -25.4925 77 60 42
-38.5000 71.0000 -25.0316 79 62 44
-37.5000 71.0000 -24.6099 78 61 41
-36.5000 71.0000 -24.2320 74 59 38
-35.5000 71.0000 -23.9007 86 71 48
-34.5000 71.0000 -23.6159 79 64 41
-33.5000 71.0000 -23.3752 78 63 40
-32.5000 71.0000 -23.1752 84 69 46
-31.5000 71.0000 -23.0126 87 72 49
-30.5000 71.0000 -22.8854 84 69 46
-29.5000 71.0000 -22.7931 84 68 45
-28.5000 71.0000 -22.7364 86 70 47
-27.5000 71.0000 -22.7164 92 76 53
-26.5000 71.0000 -22.7337 91 75 52
-25.5000 71.0000 -22.7874 90 74 51
-24.5000 71.0000 -22.8746 88 72 49
-23.5000 71.0000 -22.9914 87 71 48
-22.5000 71.0000 -23.1338 86 70 47
-21.5000 71.0000 -23.3000 86 70 47
-20.5000 71.0000 -23.4909 88 70 48
-19.5000 71.0000 -23.7096 92 71 52
-18.5000 71.0000 -23.9601 91 70 51
-17.5000 71.0000 -24.2446 86 68 48
-16.5000 71.0000 -24.5620 79 62 42
-15.5000 71.0000 -24.9074 69 56 37
-14.5000 71.0000 -25.2728 65 54 34
-13.5000 71.0000 -25.6488 63 56 37
-12.5000 71.0000 -26.0266 65 60 40
-11.5000 71.0000 -26.3996 61 56 36
-10.5000 71.0000 -26.7645 58 56 35
-9.5000 71.0000 -27.1212 57 54 35
-8.5000 71.0000 -27.4729 58 53 34
-7.5000 71.0000 -27.8255 56 50 34
-6.5000 71.0000 -28.1863 56 49 33
-5.5000 71.0000 -28.5627 55 48 32
-4.5000 71.0000 -28.9613 56 47 32
-3.5000 71.0000 -29.3865 51 42 27
-2.5000 71.0000 -29.8403 53 44 27
-1.5000 71.0000 -30.3228 54 45 30
-0.5000 71.0000 -30.8337 51 44 28
0.5000 71.0000 -31.3740 46 40 24
1.5000 71.0000 -31.9465 42 39 22
2.5000 71.0000 -32.5565 43 40 25
3.5000 71.0000 -33.2107 44 42 27
4.5000 71.0000 -33.9171 35 36 22
5.5000 71.0000 -34.6850 34 35 21
6.5000 71.0000 -35.5278 31 33 19
7.5000 71.0000 -36.4648 30 34 19
8.5000 71.0000 -37.5233 27 33 19
9.5000 71.0000 -38.7383 24 32 17
10.5000 71.0000 -40.1511 21 29 14
11.5000 71.0000 -41.8083 20 26 12
12.5000 71.0000 -43.7587 20 23 12
13.5000 71.0000 -46.0486 21 23 12
14.5000 71.0000 -48.7119 19 20 12
15.5000 71.0000 -51.7569 17 18 10
16.5000 71.0000 -55.1549 14 15 7
-65.5000 70.0000 -101.2631 18 24 14
-64.5000 70.0000 -88.3290 34 40 28
-63.5000 70.0000 -76.5509 43 49 37
-62.5000 70.0000 -66.1737 41 49 34
-61.5000 70.0000 -57.3657 32 41 24
-60.5000 70.0000 -50.1918 23 32 13
-59.5000 70.0000 -44.5986 32 40 19
-58.5000 70.0000 -40.4245 32 37 15
-57.5000 70.0000 -37.4327 33 37 14
-56.5000 70.0000 -35.3554 41 41 17
-55.5000 70.0000 -33.9361 49 47 22
-54.5000 70.0000 -32.9567 52 48 23
-53.5000 70.0000 -32.2488 45 39 13
-52.5000 70.0000 -31.6898 37 31 9
-51.5000 70.0000 -31.1940 44 40 28
-50.5000 70.0000 -30.7025 45 41 32
-49.5000 70.0000 -30.1775 47 43 32
-48.5000 70.0000 -29.6012 46 42 31
-47.5000 70.0000 -28.9752 48 42 30
-46.5000 70.0000 -28.3184 51 45 33
-45.5000 70.0000 -27.6597 59 51 38
-44.5000 70.0000 -27.0275 66 57 42
-43.5000 70.0000 -26.4414 71 59 43
-42.5000 70.0000 -25.9078 66 53 37
-41.5000 70.0000 -25.4227 65 49 33
-40.5000 70.0000 -24.9774 68 53 34
-39.5000 70.0000 -24.5647 78 61 43
-38.5000 70.0000 -24.1821 84 67 49
-37.5000 70.0000 -23.8312 84 67 47
-36.5000 70.0000 -23.5149 82 65 45
-35.5000 70.0000 -23.2356 91 75 52
-34.5000 70.0000 -22.9930 82 67 44
-33.5000 70.0000 -22.7855 81 66 43
-32.5000 70.0000 -22.6104 88 73 50
-31.5000 70.0000 -22.4656 91 76 53
-30.5000 70.0000 -22.3499 87 72 49
-29.5000 70.0000 -22.2636 87 71 48
-28.5000 70.0000 -22.2077 90 74 51
-27.5000 70.0000 -22.1838 95 79 56
-26.5000 70.0000 -22.1925 93 77 54
-25.5000 70.0000 -22.2333 91 75 52
-24.5000 70.0000 -22.3040 89 73 50
-23.5000 70.0000 -22.4013 87 71 48
-22.5000 70.0000 -22.5221 88 72 49
-21.5000 70.0000 -22.6651 89 73 50
-20.5000 70.0000 -22.8314 90 72 50
-19.5000 70.0000 -23.0245 90 69 50
-18.5000 70.0000 -23.2481 89 68 49
-17.5000 70.0000 -23.5036 87 66 47
-16.5000 70.0000 -23.7883 78 61 41
-15.5000 70.0000 -24.0954 70 57 38
-14.5000 70.0000 -24.4156 66 58 37
-13.5000 70.0000 -24.7398 70 63 44
-12.5000 70.0000 -25.0610 73 68 48
-11.5000 70.0000 -25.3758 64 62 41
-10.5000 70.0000 -25.6840 63 61 40
-9.5000 70.0000 -25.9880 62 59 40
-8.5000 70.0000 -26.2920 60 57 38
-7.5000 70.0000 -26.6011 61 54 38
-6.5000 70.0000 -26.9207 60 53 37
-5.5000 70.0000 -27.2562 59 50 35
-4.5000 70.0000 -27.6122 59 50 35
-3.5000 70.0000 -27.9916 53 41 25
-2.5000 70.0000 -28.3960 56 44 28
-1.5000 70.0000 -28.8256 55 46 31
-0.5000 70.0000 -29.2802 52 45 29
0.5000 70.0000 -29.7602 48 41 25
1.5000 70.0000 -30.2675 45 39 23
2.5000 70.0000 -30.8063 45 42 27
3.5000 70.0000 -31.3827 46 44 29
4.5000 70.0000 -32.0051 36 34 21
5.5000 70.0000 -32.6851 34 36 22
6.5000 70.0000 -33.4391 34 36 22
7.5000 70.0000 -34.2898 30 37 21
8.5000 70.0000 -35.2669 28 34 20
9.5000 70.0000 -36.4053 26 34 19
10.5000 70.0000 -37.7440 26 34 19
11.5000 70.0000 -39.3242 28 34 20
12.5000 70.0000 -41.1875 23 25 14
13.5000 70.0000 -43.3717 23 23 13
14.5000 70.0000 -45.9035 21 21 13
15.5000 70.0000 -48.7881 18 18 10
16.5000 70.0000 -52.0000 15 15 7
-67.5000 69.0000 -114.9119 14 17 6
-66.5000 69.0000 -100.2269 24 28 13
-65.5000 69.0000 -86.8036 35 39 24
-64.5000 69.0000 -74.8694 37 44 28
-63.5000 69.0000 -64.5392 34 41 25
-62.5000 69.0000 -55.8495 32 39 21
-61.5000 69.0000 -48.7703 34 41 23
-60.5000 69.0000 -43.2056 38 46 25
-59.5000 69.0000 -38.9962 42 47 27
-58.5000 69.0000 -35.9349 45 50 28
-57.5000 69.0000 -33.7904 48 51 30
-56.5000 69.0000 -32.3347 50 49 28
-55.5000 69.0000 -31.3646 46 44 23
-54.5000 69.0000 -30.7131 45 40 20
-53.5000 69.0000 -30.2510 46 39 20
-52.5000 69.0000 -29.8826 47 40 22
-51.5000 69.0000 -29.5388 46 42 30
-50.5000 69.0000 -29.1722 46 44 32
-49.5000 69.0000 -28.7548 48 44 33
-48.5000 69.0000 -28.2764 49 45 34
-47.5000 69.0000 -27.7440 54 48 36
-46.5000 69.0000 -27.1775 57 49 38
-45.5000 69.0000 -26.6043 60 50 38
-44.5000 69.0000 -26.0504 61 52 37
-43.5000 69.0000 -25.5340 73 61 45
-42.5000 69.0000 -25.0623 73 61 45
-41.5000 69.0000 -24.6330 74 61 44
-40.5000 69.0000 -24.2394 77 62 43
-39.5000 69.0000 -23.8753 80 63 45
-38.5000 69.0000 -23.5377 83 66 46
-37.5000 69.0000 -23.2275 86 68 48
-36.5000 69.0000 -22.9467 87 70 50
-35.5000 69.0000 -22.6973 89 73 50
-34.5000 69.0000 -22.4792 89 73 50
-33.5000 69.0000 -22.2910 89 73 50
-32.5000 69.0000 -22.1307 90 74 51
-31.5000 69.0000 -21.9969 90 74 51
-30.5000 69.0000 -21.8889 90 74 51
-29.5000 69.0000 -21.8075 90 74 51
-28.5000 69.0000 -21.7539 91 75 52
-27.5000 69.0000 -21.7294 89 73 50
-26.5000 69.0000 -21.7344 87 71 48
-25.5000 69.0000 -21.7683 84 69 46
-24.5000 69.0000 -21.8291 85 70 47
-23.5000 69.0000 -21.9139 88 73 50
-22.5000 69.0000 -22.0200 88 73 50
-21.5000 69.0000 -22.1463 84 69 46
-20.5000 69.0000 -22.2943 81 65 42
-19.5000 69.0000 -22.4673 95 74 53
-18.5000 69.0000 -22.6687 96 75 54
-17.5000 69.0000 -22.8996 95 74 55
-16.5000 69.0000 -23.1564 87 70 50
-15.5000 69.0000 -23.4317 78 66 44
-14.5000 69.0000 -23.7158 70 62 39
-13.5000 69.0000 -24.0000 68 62 40
-12.5000 69.0000 -24.2789 68 63 41
-11.5000 69.0000 -24.5510 61 59 38
-10.5000 69.0000 -24.8184 62 60 39
-9.5000 69.0000 -25.0849 62 60 39
-8.5000 69.0000 -25.3553 60 58 37
-7.5000 69.0000 -25.6342 60 53 35
-6.5000 69.0000 -25.9258 60 53 35
-5.5000 69.0000 -26.2337 64 55 38
-4.5000 69.0000 -26.5604 68 59 42
-3.5000 69.0000 -26.9078 64 52 36
-2.5000 69.0000 -27.2765 63 51 35
-1.5000 69.0000 -27.6668 59 50 33
-0.5000 69.0000 -28.0786 56 49 31
0.5000 69.0000 -28.5127 53 46 28
1.5000 69.0000 -28.9713 50 45 26
2.5000 69.0000 -29.4583 46 43 26
3.5000 69.0000 -29.9795 44 43 25
4.5000 69.0000 -30.5435 44 42 27
5.5000 69.0000 -31.1619 40 43 26
6.5000 69.0000 -31.8516 38 40 26
7.5000 69.0000 -32.6357 33 40 24
8.5000 69.0000 -33.5435 31 38 22
9.5000 69.0000 -34.6097 28 37 20
10.5000 69.0000 -35.8719 26 35 18
11.5000 69.0000 -37.3686 27 34 18
12.5000 69.0000 -39.1366 28 28 16
13.5000 69.0000 -41.2075 25 23 11
14.5000 69.0000 -43.6028 20 17 8
15.5000 69.0000 -46.3261 18 15 6
16.5000 69.0000 -49.3574 19 16 7
17.5000 69.0000 -52.6503 18 15 6
-67.5000 68.0000 -100.4308 20 22 9
-66.5000 68.0000 -86.1272 27 30 11
-65.5000 68.0000 -73.6973 36 39 22
-64.5000 68.0000 -63.1921 39 43 26
-63.5000 68.0000 -54.5305 38 42 25
-62.5000 68.0000 -47.5639 35 42 24
-61.5000 68.0000 -42.1095 37 45 24
-60.5000 68.0000 -37.9646 40 48 27
-59.5000 68.0000 -34.9148 40 45 25
-58.5000 68.0000 -32.7443 43 48 28
-57.5000 68.0000 -31.2492 48 49 31
-56.5000 68.0000 -30.2484 50 49 31
-55.5000 68.0000 -29.5908 48 45 28
-54.5000 68.0000 -29.1560 48 42 26
-53.5000 68.0000 -28.8502 50 43 27
-52.5000 68.0000 -28.6015 51 44 28
-51.5000 68.0000 -28.3559 49 45 33
-50.5000 68.0000 -28.0750 48 46 33
-49.5000 68.0000 -27.7362 50 46 35
-48.5000 68.0000 -27.3322 54 48 36
-47.5000 68.0000 -26.8707 58 50 39
-46.5000 68.0000 -26.3707 61 53 40
-45.5000 68.0000 -25.8575 64 55 40
-44.5000 68.0000 -25.3559 66 57 40
-43.5000 68.0000 -24.8836 75 63 47
-42.5000 68.0000 -24.4489 75 64 46
-41.5000 68.0000 -24.0517 76 63 44
-40.5000 68.0000 -23.6868 77 65 43
-39.5000 68.0000 -23.3490 81 66 45
-38.5000 68.0000 -23.0357 85 69 46
-37.5000 68.0000 -22.7473 89 71 51
-36.5000 68.0000 -22.4857 90 72 50
-35.5000 68.0000 -22.2524 92 74 52
-34.5000 68.0000 -22.0475 91 75 50
-33.5000 68.0000 -21.8699 92 76 53
-32.5000 68.0000 -21.7179 93 77 52
-31.5000 68.0000 -21.5907 93 77 54
-30.5000 68.0000 -21.4880 94 78 53
-29.5000 68.0000 -21.4106 95 79 56
-28.5000 68.0000 -21.3595 95 79 54
-27.5000 68.0000 -21.3357 97 81 58
-26.5000 68.0000 -21.3393 95 79 54
-25.5000 68.0000 -21.3693 93 78 55
-24.5000 68.0000 -21.4236 93 79 53
-23.5000 68.0000 -21.4997 95 80 57
-22.5000 68.0000 -21.5950 94 80 54
-21.5000 68.0000 -21.7088 91 76 53
-20.5000 68.0000 -21.8423 88 72 49
-19.5000 68.0000 -21.9985 94 73 52
-18.5000 68.0000 -22.1808 95 74 53
-17.5000 68.0000 -22.3898 93 75 55
-16.5000 68.0000 -22.6220 88 71 51
-15.5000 68.0000 -22.8703 79 67 45
-14.5000 68.0000 -23.1253 74 63 41
-13.5000 68.0000 -23.3790 70 64 42
-12.5000 68.0000 -23.6267 70 65 43
-11.5000 68.0000 -23.8681 68 63 43
-10.5000 68.0000 -24.1059 67 65 44
-9.5000 68.0000 -24.3449 68 66 45
-8.5000 68.0000 -24.5900 67 62 42
-7.5000 68.0000 -24.8458 63 58 39
-6.5000 68.0000 -25.1158 62 55 37
-5.5000 68.0000 -25.4026 64 57 39
-4.5000 68.0000 -25.7075 67 58 41
-3.5000 68.0000 -26.0311 61 52 35
-2.5000 68.0000 -26.3735 60 51 34
-1.5000 68.0000 -26.7345 59 50 33
-0.5000 68.0000 -27.1144 57 50 32
0.5000 68.0000 -27.5146 54 49 30
1.5000 68.0000 -27.9377 51 48 29
2.5000 68.0000 -28.3879 50 47 30
3.5000 68.0000 -28.8709 48 47 29
4.5000 68.0000 -29.3947 44 45 29
5.5000 68.0000 -29.9700 43 44 28
6.5000 68.0000 -30.6125 41 43 29
7.5000 68.0000 -31.3434 38 42 27
8.5000 68.0000 -32.1908 33 40 24
9.5000 68.0000 -33.1880 30 39 22
10.5000 68.0000 -34.3717 29 38 21
11.5000 68.0000 -35.7790 31 35 20
12.5000 68.0000 -37.4440 35 33 21
13.5000 68.0000 -39.3946 32 28 17
14.5000 68.0000 -41.6484 27 23 14
15.5000 68.0000 -44.2084 25 21 12
16.5000 68.0000 -47.0604 25 21 12
17.5000 68.0000 -50.1710 24 20 11
18.5000 68.0000 -53.4879 21 16 10
19.5000 68.0000 -56.9424 19 14 8
-69.5000 67.0000 -119.1141 17 17 17
-68.5000 67.0000 -102.0839 21 22 17
-67.5000 67.0000 -86.7279 28 29 15
-66.5000 67.0000 -73.5209 30 32 11
-65.5000 67.0000 -62.5667 34 35 17
-64.5000 67.0000 -53.7302 37 40 21
-63.5000 67.0000 -46.7612 39 44 24
-62.5000 67.0000 -41.3770 41 46 26
-61.5000 67.0000 -37.3038 42 47 27
-60.5000 67.0000 -34.2913 43 48 28
-59.5000 67.0000 -32.1160 40 44 27
-58.5000 67.0000 -30.5834 42 46 29
-57.5000 67.0000 -29.5292 47 48 32
-56.5000 67.0000 -28.8201 51 49 34
-55.5000 67.0000 -28.3507 51 48 33
-54.5000 67.0000 -28.0389 53 47 33
-53.5000 67.0000 -27.8191 55 47 34
-52.5000 67.0000 -27.6384 55 49 35
-51.5000 67.0000 -27.4538 50 48 33
-50.5000 67.0000 -27.2329 51 49 34
-49.5000 67.0000 -26.9545 53 49 37
-48.5000 67.0000 -26.6109 56 50 36
-47.5000 67.0000 -26.2076 60 52 39
-46.5000 67.0000 -25.7610 65 56 41
-45.5000 67.0000 -25.2943 71 59 43
-44.5000 67.0000 -24.8309 73 62 44
-43.5000 67.0000 -24.3889 74 66 47
-42.5000 67.0000 -23.9779 75 67 46
-41.5000 67.0000 -23.5995 77 66 44
-40.5000 67.0000 -23.2506 79 67 43
-39.5000 67.0000 -22.9269 84 69 46
-38.5000 67.0000 -22.6265 88 72 47
-37.5000 67.0000 -22.3497 91 73 51
-36.5000 67.0000 -22.0982 95 75 51
-35.5000 67.0000 -21.8734 96 76 52
-34.5000 67.0000 -21.6754 95 78 52
-33.5000 67.0000 -21.5035 96 78 54
-32.5000 67.0000 -21.3563 97 80 54
-31.5000 67.0000 -21.2331 98 80 56
-30.5000 67.0000 -21.1340 100 83 57
-29.5000 67.0000 -21.0596 100 84 59
-28.5000 67.0000 -21.0105 100 84 58
-27.5000 67.0000 -20.9871 100 86 60
-26.5000 67.0000 -20.9891 99 85 58
-25.5000 67.0000 -21.0154 98 84 58
-24.5000 67.0000 -21.0639 98 84 57
-23.5000 67.0000 -21.1323 96 84 58
-22.5000 67.0000 -21.2185 95 84 56
-21.5000 67.0000 -21.3216 92 80 54
-20.5000 67.0000 -21.4425 91 77 51
-19.5000 67.0000 -21.5839 92 74 52
-18.5000 67.0000 -21.7488 95 74 53
-17.5000 67.0000 -21.9378 93 75 53
-16.5000 67.0000 -22.1482 89 73 50
-15.5000 67.0000 -22.3732 81 69 45
-14.5000 67.0000 -22.6047 77 67 42
-13.5000 67.0000 -22.8352 75 67 44
-12.5000 67.0000 -23.0604 75 69 45
-11.5000 67.0000 -23.2799 73 68 46
-10.5000 67.0000 -23.4963 74 69 47
-9.5000 67.0000 -23.7142 75 70 50
-8.5000 67.0000 -23.9386 73 68 48
-7.5000 67.0000 -24.1743 69 64 44
-6.5000 67.0000 -24.4250 66 61 41
-5.5000 67.0000 -24.6929 65 60 40
-4.5000 67.0000 -24.9790 66 59 40
-3.5000 67.0000 -25.2832 60 53 34
-2.5000 67.0000 -25.6048 60 53 34
-1.5000 67.0000 -25.9436 59 52 33
-0.5000 67.0000 -26.3000 58 53 33
0.5000 67.0000 -26.6754 57 52 33
1.5000 67.0000 -27.0731 54 51 32
2.5000 67.0000 -27.4972 54 51 32
3.5000 67.0000 -27.9534 53 52 32
4.5000 67.0000 -28.4486 47 48 30
5.5000 67.0000 -28.9925 46 47 29
6.5000 67.0000 -29.5982 43 46 29
7.5000 67.0000 -30.2848 40 44 27
8.5000 67.0000 -31.0776 38 42 25
9.5000 67.0000 -32.0083 34 41 23
10.5000 67.0000 -33.1123 32 39 23
11.5000 67.0000 -34.4261 34 38 23
12.5000 67.0000 -35.9828 36 34 22
13.5000 67.0000 -37.8081 36 29 19
14.5000 67.0000 -39.9173 31 24 14
15.5000 67.0000 -42.3135 29 22 12
16.5000 67.0000 -44.9871 28 21 13
17.5000 67.0000 -47.9155 26 19 11
18.5000 67.0000 -51.0613 24 17 9
19.5000 67.0000 -54.3705 22 15 7
-70.5000 66.0000 -122.2503 17 17 17
-69.5000 66.0000 -104.6865 23 23 23
-68.5000 66.0000 -88.4970 26 25 21
-67.5000 66.0000 -74.4641 33 31 18
-66.5000 66.0000 -62.8829 32 31 13
-65.5000 66.0000 -53.6735 32 31 13
-64.5000 66.0000 -46.5432 34 35 17
-63.5000 66.0000 -41.1264 39 42 23
-62.5000 66.0000 -37.0704 42 47 27
-61.5000 66.0000 -34.0719 43 47 30
-60.5000 66.0000 -31.8825 42 46 29
-59.5000 66.0000 -30.3033 42 46 29
-58.5000 66.0000 -29.1776 44 48 31
-57.5000 66.0000 -28.3846 48 51 34
-56.5000 66.0000 -27.8332 51 52 36
-55.5000 66.0000 -27.4547 53 51 38
-54.5000 66.0000 -27.1958 55 51 39
-53.5000 66.0000 -27.0118 57 51 39
-52.5000 66.0000 -26.8632 55 52 37
-51.5000 66.0000 -26.7147 52 50 35
-50.5000 66.0000 -26.5363 52 51 33
-49.5000 66.0000 -26.3065 53 50 33
-48.5000 66.0000 -26.0146 58 51 35
-47.5000 66.0000 -25.6622 62 53 38
-46.5000 66.0000 -25.2624 66 57 40
-45.5000 66.0000 -24.8355 72 61 43
-44.5000 66.0000 -24.4037 75 64 44
-43.5000 66.0000 -23.9853 74 66 45
-42.5000 66.0000 -23.5912 74 66 43
-41.5000 66.0000 -23.2251 77 67 42
-40.5000 66.0000 -22.8856 79 69 42
-39.5000 66.0000 -22.5700 82 70 44
-38.5000 66.0000 -22.2768 88 72 46
-37.5000 66.0000 -22.0065 92 75 49
-36.5000 66.0000 -21.7606 96 76 51
-35.5000 66.0000 -21.5404 97 77 52
-34.5000 66.0000 -21.3462 97 77 50
-33.5000 66.0000 -21.1775 99 79 52
-32.5000 66.0000 -21.0332 98 81 53
-31.5000 66.0000 -20.9128 100 83 55
-30.5000 66.0000 -20.8163 102 85 57
-29.5000 66.0000 -20.7440 102 87 58
-28.5000 66.0000 -20.6958 103 88 59
-27.5000 66.0000 -20.6716 98 84 55
-26.5000 66.0000 -20.6706 98 84 55
-25.5000 66.0000 -20.6916 97 83 54
-24.5000 66.0000 -20.7331 95 84 54
-23.5000 66.0000 -20.7931 94 83 53
-22.5000 66.0000 -20.8699 92 81 51
-21.5000 66.0000 -20.9624 89 78 48
-20.5000 66.0000 -21.0715 89 75 48
-19.5000 66.0000 -21.1993 91 75 50
-18.5000 66.0000 -21.3483 94 76 54
-17.5000 66.0000 -21.5193 94 78 55
-16.5000 66.0000 -21.7101 90 75 52
-15.5000 66.0000 -21.9154 86 71 48
-14.5000 66.0000 -22.1278 82 70 46
-13.5000 66.0000 -22.3408 81 70 48
-12.5000 66.0000 -22.5500 81 73 50
-11.5000 66.0000 -22.7542 75 69 47
-10.5000 66.0000 -22.9551 76 70 48
-9.5000 66.0000 -23.1564 76 71 51
-8.5000 66.0000 -23.3631 75 70 50
-7.5000 66.0000 -23.5801 73 68 48
-6.5000 66.0000 -23.8118 70 65 45
-5.5000 66.0000 -24.0612 65 63 42
-4.5000 66.0000 -24.3295 64 62 41
-3.5000 66.0000 -24.6163 63 58 38
-2.5000 66.0000 -24.9208 63 58 38
-1.5000 66.0000 -25.2423 62 57 37
-0.5000 66.0000 -25.5808 59 57 36
0.5000 66.0000 -25.9380 58 55 36
1.5000 66.0000 -26.3170 57 54 35
2.5000 66.0000 -26.7219 55 54 34
3.5000 66.0000 -27.1578 55 54 34
4.5000 66.0000 -27.6311 48 49 31
5.5000 66.0000 -28.1497 47 48 30
6.5000 66.0000 -28.7246 45 46 30
7.5000 66.0000 -29.3721 42 45 28
8.5000 66.0000 -30.1145 40 43 26
9.5000 66.0000 -30.9811 37 41 24
10.5000 66.0000 -32.0061 35 39 24
11.5000 66.0000 -33.2253 35 37 23
12.5000 66.0000 -34.6717 34 32 20
13.5000 66.0000 -36.3704 32 28 17
14.5000 66.0000 -38.3359 31 24 14
15.5000 66.0000 -40.5714 25 21 10
16.5000 66.0000 -43.0703 25 18 10
17.5000 66.0000 -45.8171 21 17 8
18.5000 66.0000 -48.7857 21 14 6
19.5000 66.0000 -51.9348 18 14 5
-71.5000 65.0000 -124.3550 13 13 13
-70.5000 65.0000 -107.1966 20 20 20
-69.5000 65.0000 -90.8024 24 24 24
-68.5000 65.0000 -76.2315 25 24 20
-67.5000 65.0000 -64.0570 33 29 18
-66.5000 65.0000 -54.3772 33 27 13
-65.5000 65.0000 -46.9567 31 25 11
-64.5000 65.0000 -41.4004 33 30 15
-63.5000 65.0000 -37.2914 37 38 22
-62.5000 65.0000 -34.2669 41 44 27
-61.5000 65.0000 -32.0416 42 44 30
-60.5000 65.0000 -30.4016 41 43 29
-59.5000 65.0000 -29.1898 47 51 36
-58.5000 65.0000 -28.2924 48 52 37
-57.5000 65.0000 -27.6281 50 52 38
-56.5000 65.0000 -27.1394 53 54 40
-55.5000 65.0000 -26.7849 54 55 39
-54.5000 65.0000 -26.5315 57 55 40
-53.5000 65.0000 -26.3494 56 54 39
-52.5000 65.0000 -26.2081 55 53 38
-51.5000 65.0000 -26.0773 51 52 34
-50.5000 65.0000 -25.9280 51 53 32
-49.5000 65.0000 -25.7368 53 50 31
-48.5000 65.0000 -25.4894 57 50 31
-47.5000 65.0000 -25.1829 61 53 34
-46.5000 65.0000 -24.8260 67 56 36
-45.5000 65.0000 -24.4358 72 61 41
-44.5000 65.0000 -24.0328 75 64 42
-43.5000 65.0000 -23.6351 73 66 40
-42.5000 65.0000 -23.2551 73 66 38
-41.5000 65.0000 -22.8981 74 67 39
-40.5000 65.0000 -22.5650 78 69 40
-39.5000 65.0000 -22.2544 82 71 43
-38.5000 65.0000 -21.9656 89 74 45
-37.5000 65.0000 -21.6992 95 75 48
-36.5000 65.0000 -21.4567 98 77 48
-35.5000 65.0000 -21.2392 98 77 48
-34.5000 65.0000 -21.0472 98 79 49
-33.5000 65.0000 -20.8803 99 80 50
-32.5000 65.0000 -20.7381 101 82 52
-31.5000 65.0000 -20.6199 101 84 54
-30.5000 65.0000 -20.5256 102 85 55
-29.5000 65.0000 -20.4546 103 88 57
-28.5000 65.0000 -20.4063 103 88 57
-27.5000 65.0000 -20.3799 97 84 52
-26.5000 65.0000 -20.3742 98 85 53
-25.5000 65.0000 -20.3882 97 86 54
-24.5000 65.0000 -20.4209 96 85 53
-23.5000 65.0000 -20.4709 94 83 51
-22.5000 65.0000 -20.5371 91 82 49
-21.5000 65.0000 -20.6187 90 81 48
-20.5000 65.0000 -20.7162 90 79 49
-19.5000 65.0000 -20.8313 93 79 52
-18.5000 65.0000 -20.9659 96 80 55
-17.5000 65.0000 -21.1209 96 82 56
-16.5000 65.0000 -21.2946 94 80 54
-15.5000 65.0000 -21.4830 90 75 52
-14.5000 65.0000 -21.6799 88 73 50
-13.5000 65.0000 -21.8794 87 75 53
-12.5000 65.0000 -22.0771 89 77 55
-11.5000 65.0000 -22.2705 77 66 44
-10.5000 65.0000 -22.4601 75 67 44
-9.5000 65.0000 -22.6483 75 69 47
-8.5000 65.0000 -22.8396 75 70 48
-7.5000 65.0000 -23.0394 75 70 50
-6.5000 65.0000 -23.2530 72 70 49
-5.5000 65.0000 -23.4843 68 67 46
-4.5000 65.0000 -23.7354 66 65 44
-3.5000 65.0000 -24.0063 67 65 42
-2.5000 65.0000 -24.2960 66 64 41
-1.5000 65.0000 -24.6031 65 63 42
-0.5000 65.0000 -24.9276 62 61 40
0.5000 65.0000 -25.2705 60 59 38
1.5000 65.0000 -25.6346 57 56 35
2.5000 65.0000 -26.0237 56 55 35
3.5000 65.0000 -26.4425 55 54 34
4.5000 65.0000 -26.8964 50 49 31
5.5000 65.0000 -27.3923 47 48 30
6.5000 65.0000 -27.9392 46 47 29
7.5000 65.0000 -28.5506 44 45 27
8.5000 65.0000 -29.2461 41 42 26
9.5000 65.0000 -30.0520 38 41 24
10.5000 65.0000 -31.0007 37 40 23
11.5000 65.0000 -32.1275 37 38 22
12.5000 65.0000 -33.4657 36 34 21
13.5000 65.0000 -35.0409 35 33 20
14.5000 65.0000 -36.8679 32 28 17
15.5000 65.0000 -38.9502 27 25 13
16.5000 65.0000 -41.2824 24 20 9
17.5000 65.0000 -43.8526 20 18 6
18.5000 65.0000 -46.6420 20 16 7
19.5000 65.0000 -49.6190 19 16 7
20.5000 65.0000 -52.7309 19 14 8
-71.5000 64.0000 -108.5360 17 17 17
-70.5000 64.0000 -92.7508 22 22 22
-69.5000 64.0000 -78.2231 23 23 23
-68.5000 64.0000 -65.7505 24 23 19
-67.5000 64.0000 -55.6723 34 27 21
-66.5000 64.0000 -47.9145 33 24 15
-65.5000 64.0000 -42.1402 32 23 14
-64.5000 64.0000 -37.9152 35 28 18
-63.5000 64.0000 -34.8293 38 36 24
-62.5000 64.0000 -32.5534 41 41 29
-61.5000 64.0000 -30.8479 41 43 29
-60.5000 64.0000 -29.5477 40 42 28
-59.5000 64.0000 -28.5407 50 54 39
-58.5000 64.0000 -27.7518 50 54 39
-57.5000 64.0000 -27.1315 51 53 39
-56.5000 64.0000 -26.6472 54 57 40
-55.5000 64.0000 -26.2761 58 59 43
-54.5000 64.0000 -25.9992 58 59 43
-53.5000 64.0000 -25.7965 59 57 42
-52.5000 64.0000 -25.6444 55 56 38
-51.5000 64.0000 -25.5159 54 57 36
-50.5000 64.0000 -25.3828 54 56 34
-49.5000 64.0000 -25.2199 55 53 32
-48.5000 64.0000 -25.0091 58 52 30
-47.5000 64.0000 -24.7432 61 53 32
-46.5000 64.0000 -24.4260 67 56 34
-45.5000 64.0000 -24.0708 71 60 38
-44.5000 64.0000 -23.6957 74 64 39
-43.5000 64.0000 -23.3180 74 67 39
-42.5000 64.0000 -22.9509 75 68 39
-41.5000 64.0000 -22.6017 76 69 40
-40.5000 64.0000 -22.2732 80 71 40
-39.5000 64.0000 -21.9660 84 73 43
-38.5000 64.0000 -21.6800 91 76 45
-37.5000 64.0000 -21.4160 97 78 48
-36.5000 64.0000 -21.1754 100 79 48
-35.5000 64.0000 -20.9593 101 80 49
-34.5000 64.0000 -20.7683 101 80 49
-33.5000 64.0000 -20.6025 101 82 50
-32.5000 64.0000 -20.4617 103 84 52
-31.5000 64.0000 -20.3454 104 85 53
-30.5000 64.0000 -20.2528 103 87 54
-29.5000 64.0000 -20.1828 103 88 55
-28.5000 64.0000 -20.1339 104 89 56
-27.5000 64.0000 -20.1043 101 88 54
-26.5000 64.0000 -20.0928 103 90 56
-25.5000 64.0000 -20.0986 103 93 58
-24.5000 64.0000 -20.1211 103 93 58
-23.5000 64.0000 -20.1600 99 91 55
-22.5000 64.0000 -20.2146 98 90 54
-21.5000 64.0000 -20.2849 98 90 54
-20.5000 64.0000 -20.3711 98 89 56
-19.5000 64.0000 -20.4744 96 85 57
-18.5000 64.0000 -20.5963 100 86 60
-17.5000 64.0000 -20.7374 101 87 61
-16.5000 64.0000 -20.8965 98 84 58
-15.5000 64.0000 -21.0703 95 80 57
-14.5000 64.0000 -21.2542 92 77 54
-13.5000 64.0000 -21.4428 93 78 57
-12.5000 64.0000 -21.6316 95 80 59
-11.5000 64.0000 -21.8171 81 69 47
-10.5000 64.0000 -21.9982 79 68 46
-9.5000 64.0000 -22.1760 76 68 47
-8.5000 64.0000 -22.3544 76 70 48
-7.5000 64.0000 -22.5390 75 73 52
-6.5000 64.0000 -22.7361 74 73 52
-5.5000 64.0000 -22.9508 70 72 50
-4.5000 64.0000 -23.1861 68 70 48
-3.5000 64.0000 -23.4425 69 71 47
-2.5000 64.0000 -23.7189 69 69 45
-1.5000 64.0000 -24.0137 68 67 46
-0.5000 64.0000 -24.3260 65 64 43
0.5000 64.0000 -24.6563 62 61 40
1.5000 64.0000 -25.0068 60 59 38
2.5000 64.0000 -25.3809 58 57 37
3.5000 64.0000 -25.7830 57 56 36
4.5000 64.0000 -26.2178 52 51 33
5.5000 64.0000 -26.6914 52 51 33
6.5000 64.0000 -27.2115 48 49 31
7.5000 64.0000 -27.7892 46 47 29
8.5000 64.0000 -28.4412 44 45 29
9.5000 64.0000 -29.1909 42 43 27
10.5000 64.0000 -30.0686 42 40 25
11.5000 64.0000 -31.1085 39 40 24
12.5000 64.0000 -32.3440 40 41 27
13.5000 64.0000 -33.8022 40 41 27
14.5000 64.0000 -35.4991 37 37 25
15.5000 64.0000 -37.4387 32 32 20
16.5000 64.0000 -39.6161 27 27 15
17.5000 64.0000 -42.0203 23 23 11
18.5000 64.0000 -44.6360 23 23 13
19.5000 64.0000 -47.4382 24 24 14
20.5000 64.0000 -50.3836 17 17 9
21.5000 64.0000 -53.4033 16 16 8
22.5000 64.0000 -56.4044 14 14 6
-72.5000 63.0000 -108.2677 16 16 16
-71.5000 63.0000 -93.6696 20 20 20
-70.5000 63.0000 -79.8113 22 22 22
-69.5000 63.0000 -67.5140 25 25 25
-68.5000 63.0000 -57.2899 30 26 25
-67.5000 63.0000 -49.2659 34 24 22
-66.5000 63.0000 -43.2467 35 24 20
-65.5000 63.0000 -38.8545 36 27 22
-64.5000 63.0000 -35.6714 39 32 26
-63.5000 63.0000 -33.3336 41 37 28
-62.5000 63.0000 -31.5690 44 41 32
-61.5000 63.0000 -30.1935 43 43 31
-60.5000 63.0000 -29.0899 42 44 31
-59.5000 63.0000 -28.1853 50 54 39
-58.5000 63.0000 -27.4351 49 53 38
-57.5000 63.0000 -26.8126 50 54 37
-56.5000 63.0000 -26.3019 54 58 41
-55.5000 63.0000 -25.8930 60 63 46
-54.5000 63.0000 -25.5763 62 65 46
-53.5000 63.0000 -25.3386 62 63 45
-52.5000 63.0000 -25.1616 60 62 41
-51.5000 63.0000 -25.0216 60 64 41
-50.5000 63.0000 -24.8915 59 61 37
-49.5000 63.0000 -24.7452 59 57 34
-48.5000 63.0000 -24.5619 61 55 33
-47.5000 63.0000 -24.3301 65 54 34
-46.5000 63.0000 -24.0489 70 58 36
-45.5000 63.0000 -23.7273 74 62 38
-44.5000 63.0000 -23.3798 76 66 39
-43.5000 63.0000 -23.0223 78 71 43
-42.5000 63.0000 -22.6682 77 72 42
-41.5000 63.0000 -22.3263 79 74 42
-40.5000 63.0000 -22.0016 82 76 42
-39.5000 63.0000 -21.6963 89 78 46
-38.5000 63.0000 -21.4117 96 81 48
-37.5000 63.0000 -21.1487 102 83 51
-36.5000 63.0000 -20.9086 105 84 53
-35.5000 63.0000 -20.6925 106 85 54
-34.5000 63.0000 -20.5014 106 86 53
-33.5000 63.0000 -20.3357 107 87 54
-32.5000 63.0000 -20.1955 107 88 55
-31.5000 63.0000 -20.0805 107 88 55
-30.5000 63.0000 -19.9895 106 90 56
-29.5000 63.0000 -19.9203 106 92 57
-28.5000 63.0000 -19.8706 106 92 57
-27.5000 63.0000 -19.8379 102 89 54
-26.5000 63.0000 -19.8206 105 92 57
-25.5000 63.0000 -19.8180 106 96 60
-24.5000 63.0000 -19.8302 107 97 61
-23.5000 63.0000 -19.8576 104 96 59
-22.5000 63.0000 -19.9007 102 94 57
-21.5000 63.0000 -19.9597 101 96 58
-20.5000 63.0000 -20.0352 105 97 61
-19.5000 63.0000 -20.1280 100 91 62
-18.5000 63.0000 -20.2389 103 91 65
-17.5000 63.0000 -20.3681 103 91 65
-16.5000 63.0000 -20.5146 102 88 62
-15.5000 63.0000 -20.6760 98 83 60
-14.5000 63.0000 -20.8485 97 81 58
-13.5000 63.0000 -21.0276 97 81 58
-12.5000 63.0000 -21.2088 97 82 59
-11.5000 63.0000 -21.3878 91 76 55
-10.5000 63.0000 -21.5620 86 74 52
-9.5000 63.0000 -21.7316 80 72 51
-8.5000 63.0000 -21.8995 78 72 50
-7.5000 63.0000 -22.0714 77 75 52
-6.5000 63.0000 -22.2545 77 77 53
-5.5000 63.0000 -22.4547 73 75 53
-4.5000 63.0000 -22.6760 70 74 51
-3.5000 63.0000 -22.9193 68 72 47
-2.5000 63.0000 -23.1835 68 70 46
-1.5000 63.0000 -23.4666 67 69 45
-0.5000 63.0000 -23.7671 65 67 43
0.5000 63.0000 -24.0849 63 65 43
1.5000 63.0000 -24.4215 61 63 41
2.5000 63.0000 -24.7800 60 62 41
3.5000 63.0000 -25.1645 59 61 40
4.5000 63.0000 -25.5797 57 56 36
5.5000 63.0000 -26.0310 56 55 35
6.5000 63.0000 -26.5251 55 54 36
7.5000 63.0000 -27.0714 53 52 34
8.5000 63.0000 -27.6841 50 48 33
9.5000 63.0000 -28.3835 48 46 31
10.5000 63.0000 -29.1970 48 45 30
11.5000 63.0000 -30.1574 46 44 29
12.5000 63.0000 -31.2981 41 43 29
13.5000 63.0000 -32.6475 41 43 29
14.5000 63.0000 -34.2236 39 41 27
15.5000 63.0000 -36.0319 33 35 21
16.5000 63.0000 -38.0677 27 29 16
17.5000 63.0000 -40.3202 23 25 12
18.5000 63.0000 -42.7747 23 25 12
19.5000 63.0000 -45.4099 24 26 13
20.5000 63.0000 -48.1893 18 20 9
21.5000 63.0000 -51.0533 16 18 7
22.5000 63.0000 -53.9182 14 15 7
-73.5000 62.0000 -107.0115 16 18 17
-72.5000 62.0000 -93.5890 19 21 20
-71.5000 62.0000 -80.7223 20 22 21
-70.5000 62.0000 -69.0187 22 24 23
-69.5000 62.0000 -58.9832 26 28 27
-68.5000 62.0000 -50.8713 31 31 29
-67.5000 62.0000 -44.6493 31 26 23
-66.5000 62.0000 -40.0589 35 27 24
-65.5000 62.0000 -36.7331 39 31 28
-64.5000 62.0000 -34.3062 41 36 30
-63.5000 62.0000 -32.4801 43 40 33
-62.5000 62.0000 -31.0450 45 42 33
-61.5000 62.0000 -29.8682 44 44 32
-60.5000 62.0000 -28.8717 44 46 32
-59.5000 62.0000 -28.0117 49 51 37
-58.5000 62.0000 -27.2646 48 51 34
-57.5000 62.0000 -26.6186 50 53 36
-56.5000 62.0000 -26.0689 55 58 39
-55.5000 62.0000 -25.6134 63 64 46
-54.5000 62.0000 -25.2487 66 68 47
-53.5000 62.0000 -24.9670 68 67 47
-52.5000 62.0000 -24.7545 66 65 44
-51.5000 62.0000 -24.5908 69 67 44
-50.5000 62.0000 -24.4508 69 65 40
-49.5000 62.0000 -24.3090 66 60 36
-48.5000 62.0000 -24.1430 67 56 34
-47.5000 62.0000 -23.9379 68 56 34
-46.5000 62.0000 -23.6885 72 60 36
-45.5000 62.0000 -23.3986 76 64 38
-44.5000 62.0000 -23.0787 78 69 40
-43.5000 62.0000 -22.7420 83 74 45
-42.5000 62.0000 -22.4012 82 76 44
-41.5000 62.0000 -22.0665 85 76 43
-40.5000 62.0000 -21.7447 89 78 46
-39.5000 62.0000 -21.4399 96 81 48
-38.5000 62.0000 -21.1547 101 85 52
-37.5000 62.0000 -20.8909 107 86 55
-36.5000 62.0000 -20.6497 112 89 58
-35.5000 62.0000 -20.4322 112 89 58
-34.5000 62.0000 -20.2396 113 90 58
-33.5000 62.0000 -20.0728 113 90 58
-32.5000 62.0000 -19.9323 113 90 58
-31.5000 62.0000 -19.8179 111 91 58
-30.5000 62.0000 -19.7279 112 92 59
-29.5000 62.0000 -19.6595 111 92 59
-28.5000 62.0000 -19.6094 111 92 59
-27.5000 62.0000 -19.5743 101 85 51
-26.5000 62.0000 -19.5522 105 89 55
-25.5000 62.0000 -19.5423 108 94 59
-24.5000 62.0000 -19.5453 109 95 60
-23.5000 62.0000 -19.5623 107 93 58
-22.5000 62.0000 -19.5946 105 92 57
-21.5000 62.0000 -19.6432 107 94 59
-20.5000 62.0000 -19.7089 109 96 62
-19.5000 62.0000 -19.7923 104 93 63
-18.5000 62.0000 -19.8937 106 95 67
-17.5000 62.0000 -20.0129 108 94 67
-16.5000 62.0000 -20.1488 105 91 64
-15.5000 62.0000 -20.2994 101 85 60
-14.5000 62.0000 -20.4620 98 82 57
-13.5000 62.0000 -20.6325 99 83 58
-12.5000 62.0000 -20.8067 100 84 61
-11.5000 62.0000 -20.9798 99 84 61
-10.5000 62.0000 -21.1484 92 80 56
-9.5000 62.0000 -21.3113 86 75 53
-8.5000 62.0000 -21.4708 82 74 51
-7.5000 62.0000 -21.6327 81 77 52
-6.5000 62.0000 -21.8043 80 78 55
-5.5000 62.0000 -21.9923 77 77 53
-4.5000 62.0000 -22.2011 74 74 50
-3.5000 62.0000 -22.4322 69 69 45
-2.5000 62.0000 -22.6843 69 69 45
-1.5000 62.0000 -22.9553 68 68 44
-0.5000 62.0000 -23.2432 68 67 46
0.5000 62.0000 -23.5474 67 66 45
1.5000 62.0000 -23.8691 66 65 44
2.5000 62.0000 -24.2111 66 65 45
3.5000 62.0000 -24.5774 65 64 44
4.5000 62.0000 -24.9727 62 59 40
5.5000 62.0000 -25.4022 61 58 41
6.5000 62.0000 -25.8720 60 57 40
7.5000 62.0000 -26.3901 58 55 38
8.5000 62.0000 -26.9682 57 51 37
9.5000 62.0000 -27.6236 55 49 35
10.5000 62.0000 -28.3806 54 48 34
11.5000 62.0000 -29.2697 51 48 33
12.5000 62.0000 -30.3237 37 39 25
13.5000 62.0000 -31.5722 37 41 26
14.5000 62.0000 -33.0357 36 38 24
15.5000 62.0000 -34.7221 30 32 18
16.5000 62.0000 -36.6283 23 25 12
17.5000 62.0000 -38.7435 19 21 8
18.5000 62.0000 -41.0526 20 20 8
19.5000 62.0000 -43.5354 22 22 10
20.5000 62.0000 -46.1597 20 20 10
21.5000 62.0000 -48.8731 18 18 8
22.5000 62.0000 -51.6003 15 16 8
-75.5000 61.0000 -119.6718 13 15 14
-71.5000 61.0000 -70.2936 12 16 15
-70.5000 61.0000 -60.6793 19 23 22
-69.5000 61.0000 -52.6762 26 32 30
-68.5000 61.0000 -46.3452 32 37 33
-67.5000 61.0000 -41.5552 29 32 25
-66.5000 61.0000 -38.0359 31 32 24
-65.5000 61.0000 -35.4649 32 33 25
-64.5000 61.0000 -33.5438 34 36 25
-63.5000 61.0000 -32.0421 36 38 27
-62.5000 61.0000 -30.8050 38 40 27
-61.5000 61.0000 -29.7402 40 40 28
-60.5000 61.0000 -28.7974 41 42 28
-59.5000 61.0000 -27.9516 49 50 34
-58.5000 61.0000 -27.1918 53 52 34
-57.5000 61.0000 -26.5153 55 54 36
-56.5000 61.0000 -25.9236 58 55 36
-55.5000 61.0000 -25.4196 64 59 40
-54.5000 61.0000 -25.0041 66 61 41
-53.5000 61.0000 -24.6737 68 63 43
-52.5000 61.0000 -24.4182 71 65 43
-51.5000 61.0000 -24.2210 77 65 41
-50.5000 61.0000 -24.0601 80 64 41
-49.5000 61.0000 -23.9114 80 64 41
-48.5000 61.0000 -23.7525 80 64 41
-47.5000 61.0000 -23.5663 79 64 41
-46.5000 61.0000 -23.3434 80 66 40
-45.5000 61.0000 -23.0825 79 67 41
-44.5000 61.0000 -22.7894 80 69 41
-43.5000 61.0000 -22.4738 81 70 42
-42.5000 61.0000 -22.1468 89 75 46
-41.5000 61.0000 -21.8190 97 82 51
-40.5000 61.0000 -21.4989 101 84 54
-39.5000 61.0000 -21.1928 102 81 52
-38.5000 61.0000 -20.9050 101 77 49
-37.5000 61.0000 -20.6381 102 76 49
-36.5000 61.0000 -20.3937 104 77 48
-35.5000 61.0000 -20.1731 108 81 52
-34.5000 61.0000 -19.9777 116 89 60
-33.5000 61.0000 -19.8086 119 92 63
-32.5000 61.0000 -19.6667 117 90 61
-31.5000 61.0000 -19.5519 118 91 62
-30.5000 61.0000 -19.4623 122 95 66
-29.5000 61.0000 -19.3946 118 93 63
-28.5000 61.0000 -19.3446 111 86 56
-27.5000 61.0000 -19.3083 120 95 65
-26.5000 61.0000 -19.2832 120 95 65
-25.5000 61.0000 -19.2681 120 95 65
-24.5000 61.0000 -19.2639 119 94 64
-23.5000 61.0000 -19.2724 119 94 64
-22.5000 61.0000 -19.2954 118 95 64
-21.5000 61.0000 -19.3348 118 95 64
-20.5000 61.0000 -19.3919 116 95 64
-19.5000 61.0000 -19.4671 104 87 57
-18.5000 61.0000 -19.5605 102 87 58
-17.5000 61.0000 -19.6713 102 87 58
-16.5000 61.0000 -19.7984 105 90 61
-15.5000 61.0000 -19.9401 107 91 65
-14.5000 61.0000 -20.0942 107 91 65
-13.5000 61.0000 -20.2575 102 88 61
-12.5000 61.0000 -20.4256 99 85 59
-11.5000 61.0000 -20.5936 98 84 58
-10.5000 61.0000 -20.7573 95 81 55
-9.5000 61.0000 -20.9148 91 79 55
-8.5000 61.0000 -21.0679 90 80 55
-7.5000 61.0000 -21.2219 89 82 56
-6.5000 61.0000 -21.3839 89 81 58
-5.5000 61.0000 -21.5612 86 80 56
-4.5000 61.0000 -21.7584 83 77 53
-3.5000 61.0000 -21.9771 88 82 60
-2.5000 61.0000 -22.2163 85 78 59
-1.5000 61.0000 -22.4738 81 74 55
-0.5000 61.0000 -22.7476 76 69 51
0.5000 61.0000 -23.0368 72 65 47
1.5000 61.0000 -23.3426 69 62 44
2.5000 61.0000 -23.6677 68 61 45
3.5000 61.0000 -24.0161 68 61 45
4.5000 61.0000 -24.3925 69 62 46
5.5000 61.0000 -24.8020 68 60 47
6.5000 61.0000 -25.2502 65 57 44
7.5000 61.0000 -25.7439 62 54 41
8.5000 61.0000 -26.2924 60 52 41
9.5000 61.0000 -26.9100 58 50 39
10.5000 61.0000 -27.6176 57 49 38
11.5000 61.0000 -28.4427 56 50 38
12.5000 61.0000 -29.4170 49 50 34
13.5000 61.0000 -30.5711 44 47 30
14.5000 61.0000 -31.9279 41 42 26
15.5000 61.0000 -33.4990 40 38 23
16.5000 61.0000 -35.2839 37 35 22
17.5000 61.0000 -37.2730 33 29 17
18.5000 61.0000 -39.4512 29 23 11
19.5000 61.0000 -41.7980 24 18 6
20.5000 61.0000 -44.2830 26 19 9
21.5000 61.0000 -46.8587 25 18 8
22.5000 61.0000 -49.4567 21 17 8
23.5000 61.0000 -51.9920 17 14 5
-72.5000 60.0000 -71.7603 10 16 14
-71.5000 60.0000 -62.5671 14 20 18
-70.5000 60.0000 -54.7725 19 25 23
-69.5000 60.0000 -48.4188 21 30 27
-68.5000 60.0000 -43.4479 24 33 28
-67.5000 60.0000 -39.6897 27 32 25
-66.5000 60.0000 -36.8982 27 33 23
-65.5000 60.0000 -34.8098 29 35 23
-64.5000 60.0000 -33.1932 31 37 25
-63.5000 60.0000 -31.8754 35 39 25
-62.5000 60.0000 -30.7440 37 41 27
-61.5000 60.0000 -29.7342 40 41 27
-60.5000 60.0000 -28.8127 41 42 26
-59.5000 60.0000 -27.9648 51 49 34
-58.5000 60.0000 -27.1859 52 51 33
-57.5000 60.0000 -26.4777 58 53 34
-56.5000 60.0000 -25.8451 60 55 36
-55.5000 60.0000 -25.2940 65 58 39
-54.5000 60.0000 -24.8282 67 60 41
-53.5000 60.0000 -24.4472 70 64 42
-52.5000 60.0000 -24.1445 74 63 41
-51.5000 60.0000 -23.9073 82 64 42
-50.5000 60.0000 -23.7169 84 64 40
-49.5000 60.0000 -23.5520 84 64 40
-48.5000 60.0000 -23.3909 82 64 40
-47.5000 60.0000 -23.2156 80 66 40
-46.5000 60.0000 -23.0134 81 67 41
-45.5000 60.0000 -22.7781 79 67 41
-44.5000 60.0000 -22.5103 79 68 40
-43.5000 60.0000 -22.2154 90 76 49
-42.5000 60.0000 -21.9022 91 77 48
-41.5000 60.0000 -21.5809 94 77 49
-40.5000 60.0000 -21.2614 96 77 47
-39.5000 60.0000 -20.9521 100 76 48
-38.5000 60.0000 -20.6593 103 77 50
-37.5000 60.0000 -20.3869 108 81 54
-36.5000 60.0000 -20.1374 113 83 57
-35.5000 60.0000 -19.9121 113 83 55
-34.5000 60.0000 -19.7125 119 89 61
-33.5000 60.0000 -19.5401 122 92 64
-32.5000 60.0000 -19.3958 120 90 62
-31.5000 60.0000 -19.2796 121 91 63
-30.5000 60.0000 -19.1897 125 95 67
-29.5000 60.0000 -19.1225 123 93 65
-28.5000 60.0000 -19.0731 117 87 59
-27.5000 60.0000 -19.0370 126 96 68
-26.5000 60.0000 -19.0107 126 96 68
-25.5000 60.0000 -18.9929 125 95 67
-24.5000 60.0000 -18.9840 125 95 67
-23.5000 60.0000 -18.9860 125 95 67
-22.5000 60.0000 -19.0017 125 95 67
-21.5000 60.0000 -19.0333 125 95 67
-20.5000 60.0000 -19.0828 122 97 67
-19.5000 60.0000 -19.1509 117 96 67
-18.5000 60.0000 -19.2374 113 94 64
-17.5000 60.0000 -19.3415 110 91 61
-16.5000 60.0000 -19.4617 108 91 61
-15.5000 60.0000 -19.5966 109 92 64
-14.5000 60.0000 -19.7444 108 93 64
-13.5000 60.0000 -19.9022 106 90 64
-12.5000 60.0000 -20.0658 104 88 62
-11.5000 60.0000 -20.2300 103 87 61
-10.5000 60.0000 -20.3902 99 85 58
-9.5000 60.0000 -20.5437 97 83 57
-8.5000 60.0000 -20.6917 95 83 57
-7.5000 60.0000 -20.8391 96 84 60
-6.5000 60.0000 -20.9928 96 84 60
-5.5000 60.0000 -21.1598 94 82 58
-4.5000 60.0000 -21.3449 90 79 57
-3.5000 60.0000 -21.5501 88 77 57
-2.5000 60.0000 -21.7746 84 76 55
-1.5000 60.0000 -22.0166 81 73 54
-0.5000 60.0000 -22.2744 78 70 51
0.5000 60.0000 -22.5475 76 68 49
1.5000 60.0000 -22.8371 75 67 48
2.5000 60.0000 -23.1458 74 65 48
3.5000 60.0000 -23.4777 74 65 48
4.5000 60.0000 -23.8374 69 60 45
5.5000 60.0000 -24.2297 69 60 45
6.5000 60.0000 -24.6598 69 60 45
7.5000 60.0000 -25.1330 68 59 44
8.5000 60.0000 -25.6565 65 55 43
9.5000 60.0000 -26.2415 62 52 40
10.5000 60.0000 -26.9053 58 48 36
11.5000 60.0000 -27.6724 55 47 34
12.5000 60.0000 -28.5727 51 49 34
13.5000 60.0000 -29.6369 46 47 31
14.5000 60.0000 -30.8910 45 42 27
15.5000 60.0000 -32.3504 42 39 24
16.5000 60.0000 -34.0186 43 35 24
17.5000 60.0000 -35.8886 38 30 19
18.5000 60.0000 -37.9459 33 23 13
19.5000 60.0000 -40.1700 30 17 8
20.5000 60.0000 -42.5310 31 18 10
21.5000 60.0000 -44.9846 28 18 9
22.5000 60.0000 -47.4674 24 15 8
23.5000 60.0000 -49.9005 21 14 6
-73.5000 59.0000 -73.9480 9 15 13
-72.5000 59.0000 -64.9852 13 19 17
-71.5000 59.0000 -57.3668 17 23 21
-70.5000 59.0000 -51.0240 19 25 23
-69.5000 59.0000 -45.8912 18 27 24
-68.5000 59.0000 -41.8609 18 27 22
-67.5000 59.0000 -38.7691 26 31 24
-66.5000 59.0000 -36.4140 26 32 22
-65.5000 59.0000 -34.5916 28 34 22
-64.5000 59.0000 -33.1274 30 36 24
-63.5000 59.0000 -31.8922 34 38 24
-62.5000 59.0000 -30.8021 37 41 27
-61.5000 59.0000 -29.8088 40 41 27
-60.5000 59.0000 -28.8874 41 42 26
-59.5000 59.0000 -28.0271 51 49 34
-58.5000 59.0000 -27.2256 52 51 33
-57.5000 59.0000 -26.4860 57 52 33
-56.5000 59.0000 -25.8147 60 55 36
-55.5000 59.0000 -25.2189 65 58 39
-54.5000 59.0000 -24.7044 68 61 42
-53.5000 59.0000 -24.2732 70 64 42
-52.5000 59.0000 -23.9220 74 63 41
-51.5000 59.0000 -23.6411 83 67 44
-50.5000 59.0000 -23.4156 84 66 44
-49.5000 59.0000 -23.2272 84 66 44
-48.5000 59.0000 -23.0563 83 67 44
-47.5000 59.0000 -22.8846 82 67 44
-46.5000 59.0000 -22.6969 79 67 41
-45.5000 59.0000 -22.4830 79 67 41
-44.5000 59.0000 -22.2381 79 68 40
-43.5000 59.0000 -21.9631 88 77 49
-42.5000 59.0000 -21.6636 89 75 46
-41.5000 59.0000 -21.3487 91 74 46
-40.5000 59.0000 -21.0292 96 76 49
-39.5000 59.0000 -20.7154 101 80 53
-38.5000 59.0000 -20.4157 108 84 58
-37.5000 59.0000 -20.1359 112 86 61
-36.5000 59.0000 -19.8794 114 87 60
-35.5000 59.0000 -19.6481 114 87 58
-34.5000 59.0000 -19.4434 119 92 63
-33.5000 59.0000 -19.2668 122 95 66
-32.5000 59.0000 -19.1193 122 95 66
-31.5000 59.0000 -19.0010 123 96 67
-30.5000 59.0000 -18.9101 125 98 69
-29.5000 59.0000 -18.8429 124 97 68
-28.5000 59.0000 -18.7945 120 93 64
-27.5000 59.0000 -18.7595 126 99 70
-26.5000 59.0000 -18.7338 126 99 70
-25.5000 59.0000 -18.7152 126 99 70
-24.5000 59.0000 -18.7039 126 99 70
-23.5000 59.0000 -18.7017 127 100 71
-22.5000 59.0000 -18.7117 127 100 71
-21.5000 59.0000 -18.7369 127 100 71
-20.5000 59.0000 -18.7799 126 101 71
-19.5000 59.0000 -18.8418 129 105 77
-18.5000 59.0000 -18.9226 122 101 72
-17.5000 59.0000 -19.0213 117 96 67
-16.5000 59.0000 -19.1366 114 93 64
-15.5000 59.0000 -19.2671 114 93 66
-14.5000 59.0000 -19.4112 114 94 67
-13.5000 59.0000 -19.5660 113 93 66
-12.5000 59.0000 -19.7272 109 92 64
-11.5000 59.0000 -19.8895 109 92 66
-10.5000 59.0000 -20.0476 106 89 63
-9.5000 59.0000 -20.1985 104 86 62
-8.5000 59.0000 -20.3425 103 87 62
-7.5000 59.0000 -20.4840 104 88 63
-6.5000 59.0000 -20.6296 103 89 63
-5.5000 59.0000 -20.7859 100 85 62
-4.5000 59.0000 -20.9579 98 83 60
-3.5000 59.0000 -21.1477 87 76 54
-2.5000 59.0000 -21.3554 86 75 53
-1.5000 59.0000 -21.5799 84 73 51
-0.5000 59.0000 -21.8203 83 72 50
0.5000 59.0000 -22.0766 82 71 51
1.5000 59.0000 -22.3503 82 71 51
2.5000 59.0000 -22.6440 82 71 53
3.5000 59.0000 -22.9616 83 72 54
4.5000 59.0000 -23.3073 72 61 43
5.5000 59.0000 -23.6857 73 62 44
6.5000 59.0000 -24.1009 74 62 46
7.5000 59.0000 -24.5571 74 62 46
8.5000 59.0000 -25.0592 71 59 45
9.5000 59.0000 -25.6155 66 54 40
10.5000 59.0000 -26.2398 61 49 35
11.5000 59.0000 -26.9533 56 47 32
12.5000 59.0000 -27.7840 55 49 35
13.5000 59.0000 -28.7628 50 47 32
14.5000 59.0000 -29.9174 49 41 28
15.5000 59.0000 -31.2675 47 39 26
16.5000 59.0000 -32.8213 48 36 24
17.5000 59.0000 -34.5752 45 33 21
18.5000 59.0000 -36.5168 40 26 17
19.5000 59.0000 -38.6262 35 21 12
20.5000 59.0000 -40.8743 34 19 12
21.5000 59.0000 -43.2193 33 18 11
22.5000 59.0000 -45.6021 29 16 10
23.5000 59.0000 -47.9493 24 13 7
-73.5000 58.0000 -68.1305 8 14 12
-72.5000 58.0000 -60.6067 13 19 17
-71.5000 58.0000 -54.2804 16 22 20
-70.5000 58.0000 -49.0148 18 24 22
-69.5000 58.0000 -44.7102 17 26 23
-68.5000 58.0000 -41.2623 16 25 20
-67.5000 58.0000 -38.5417 24 29 22
-66.5000 58.0000 -36.3985 25 31 21
-65.5000 58.0000 -34.6820 27 33 21
-64.5000 58.0000 -33.2614 29 35 23
-63.5000 58.0000 -32.0377 34 38 24
-62.5000 58.0000 -30.9441 36 40 26
-61.5000 58.0000 -29.9400 40 41 27
-60.5000 58.0000 -29.0031 41 42 26
-59.5000 58.0000 -28.1226 50 48 33
-58.5000 58.0000 -27.2954 51 50 32
-57.5000 58.0000 -26.5243 57 52 33
-56.5000 58.0000 -25.8156 60 55 36
-55.5000 58.0000 -25.1772 65 58 39
-54.5000 58.0000 -24.6162 68 61 42
-53.5000 58.0000 -24.1364 71 65 43
-52.5000 58.0000 -23.7368 73 65 44
-51.5000 58.0000 -23.4110 83 68 47
-50.5000 58.0000 -23.1472 85 69 46
-49.5000 58.0000 -22.9305 85 69 46
-48.5000 58.0000 -22.7436 84 69 46
-47.5000 58.0000 -22.5688 82 70 46
-46.5000 58.0000 -22.3897 81 69 45
-45.5000 58.0000 -22.1925 80 68 44
-44.5000 58.0000 -21.9678 79 67 41
-43.5000 58.0000 -21.7115 83 71 45
-42.5000 58.0000 -21.4259 84 73 45
-41.5000 58.0000 -21.1182 92 76 50
-40.5000 58.0000 -20.7992 101 84 56
-39.5000 58.0000 -20.4809 110 90 63
-38.5000 58.0000 -20.1737 114 93 66
-37.5000 58.0000 -19.8856 113 89 63
-36.5000 58.0000 -19.6211 110 84 59
-35.5000 58.0000 -19.3829 118 92 65
-34.5000 58.0000 -19.1725 121 96 66
-33.5000 58.0000 -18.9912 123 98 68
-32.5000 58.0000 -18.8400 125 100 70
-31.5000 58.0000 -18.7188 126 101 71
-30.5000 58.0000 -18.6262 128 103 73
-29.5000 58.0000 -18.5586 127 102 72
-28.5000 58.0000 -18.5108 126 101 71
-27.5000 58.0000 -18.4773 126 101 71
-26.5000 58.0000 -18.4532 127 102 72
-25.5000 58.0000 -18.4354 127 102 72
-24.5000 58.0000 -18.4233 127 102 72
-23.5000 58.0000 -18.4186 128 103 73
-22.5000 58.0000 -18.4245 128 103 73
-21.5000 58.0000 -18.4445 128 103 73
-20.5000 58.0000 -18.4819 128 103 73
-19.5000 58.0000 -18.5384 132 106 79
-18.5000 58.0000 -18.6145 127 103 75
-17.5000 58.0000 -18.7092 124 98 71
-16.5000 58.0000 -18.8215 121 97 69
-15.5000 58.0000 -18.9499 121 97 71
-14.5000 58.0000 -19.0927 119 98 71
-13.5000 58.0000 -19.2470 117 96 69
-12.5000 58.0000 -19.4082 115 94 67
-11.5000 58.0000 -19.5704 114 92 68
-10.5000 58.0000 -19.7281 111 91 66
-9.5000 58.0000 -19.8774 108 88 64
-8.5000 58.0000 -20.0183 106 88 64
-7.5000 58.0000 -20.1543 107 89 65
-6.5000 58.0000 -20.2917 107 89 65
-5.5000 58.0000 -20.4366 105 87 65
-4.5000 58.0000 -20.5943 101 85 62
-3.5000 58.0000 -20.7673 91 79 53
-2.5000 58.0000 -20.9568 90 80 53
-1.5000 58.0000 -21.1626 89 79 52
-0.5000 58.0000 -21.3848 88 78 53
0.5000 58.0000 -21.6243 87 77 52
1.5000 58.0000 -21.8828 86 76 51
2.5000 58.0000 -22.1631 86 75 53
3.5000 58.0000 -22.4686 86 75 53
4.5000 58.0000 -22.8030 77 66 44
5.5000 58.0000 -23.1701 77 66 46
6.5000 58.0000 -23.5732 77 66 46
7.5000 58.0000 -24.0147 76 65 45
8.5000 58.0000 -24.4978 73 62 44
9.5000 58.0000 -25.0279 69 58 40
10.5000 58.0000 -25.6159 64 53 35
11.5000 58.0000 -26.2799 59 50 33
12.5000 58.0000 -27.0460 57 50 34
13.5000 58.0000 -27.9442 54 48 34
14.5000 58.0000 -29.0040 51 43 30
15.5000 58.0000 -30.2485 51 41 29
16.5000 58.0000 -31.6899 52 40 28
17.5000 58.0000 -33.3292 49 35 24
18.5000 58.0000 -35.1568 44 30 21
19.5000 58.0000 -37.1548 40 26 17
20.5000 58.0000 -39.2959 38 21 14
21.5000 58.0000 -41.5412 35 20 13
22.5000 58.0000 -43.8362 32 17 12
23.5000 58.0000 -46.1130 28 15 9
-72.5000 57.0000 -58.1077 9 15 11
-71.5000 57.0000 -52.7951 12 18 14
-70.5000 57.0000 -48.2861 15 21 17
-69.5000 57.0000 -44.4977 16 25 20
-68.5000 57.0000 -41.3620 18 28 20
-67.5000 57.0000 -38.7983 23 28 21
-66.5000 57.0000 -36.7084 24 30 20
-65.5000 57.0000 -34.9866 26 32 20
-64.5000 57.0000 -33.5348 29 35 23
-63.5000 57.0000 -32.2736 34 38 24
-62.5000 57.0000 -31.1449 36 40 26
-61.5000 57.0000 -30.1105 40 41 27
-60.5000 57.0000 -29.1461 42 43 27
-59.5000 57.0000 -28.2386 49 47 32
-58.5000 57.0000 -27.3826 50 49 31
-57.5000 57.0000 -26.5790 56 51 32
-56.5000 57.0000 -25.8335 60 55 36
-55.5000 57.0000 -25.1541 65 58 39
-54.5000 57.0000 -24.5486 69 62 43
-53.5000 57.0000 -24.0222 72 66 44
-52.5000 57.0000 -23.5756 74 66 45
-51.5000 57.0000 -23.2048 81 68 49
-50.5000 57.0000 -22.9012 84 69 48
-49.5000 57.0000 -22.6529 86 71 50
-48.5000 57.0000 -22.4452 85 73 51
-47.5000 57.0000 -22.2617 84 72 50
-46.5000 57.0000 -22.0856 82 72 47
-45.5000 57.0000 -21.9004 81 71 46
-44.5000 57.0000 -21.6930 80 70 43
-43.5000 57.0000 -21.4547 82 72 45
-42.5000 57.0000 -21.1839 85 73 47
-41.5000 57.0000 -20.8852 92 78 52
-40.5000 57.0000 -20.5689 101 85 59
-39.5000 57.0000 -20.2478 111 94 68
-38.5000 57.0000 -19.9343 116 96 71
-37.5000 57.0000 -19.6380 115 93 69
-36.5000 57.0000 -19.3654 113 89 63
-35.5000 57.0000 -19.1201 123 99 71
-34.5000 57.0000 -18.9038 123 100 69
-33.5000 57.0000 -18.7176 125 102 71
-32.5000 57.0000 -18.5623 128 105 74
-31.5000 57.0000 -18.4379 130 107 76
-30.5000 57.0000 -18.3429 130 107 76
-29.5000 57.0000 -18.2740 131 108 77
-28.5000 57.0000 -18.2263 132 109 78
-27.5000 57.0000 -18.1939 126 103 72
-26.5000 57.0000 -18.1714 126 103 72
-25.5000 57.0000 -18.1550 127 104 73
-24.5000 57.0000 -18.1432 128 105 74
-23.5000 57.0000 -18.1373 128 105 74
-22.5000 57.0000 -18.1403 129 106 75
-21.5000 57.0000 -18.1563 129 106 75
-20.5000 57.0000 -18.1890 130 107 76
-19.5000 57.0000 -18.2409 130 105 75
-18.5000 57.0000 -18.3130 128 103 73
-17.5000 57.0000 -18.4050 128 101 74
-16.5000 57.0000 -18.5156 127 101 74
-15.5000 57.0000 -18.6437 128 102 75
-14.5000 57.0000 -18.7871 126 102 74
-13.5000 57.0000 -18.9426 122 98 72
-12.5000 57.0000 -19.1053 119 95 69
-11.5000 57.0000 -19.2688 117 93 69
-10.5000 57.0000 -19.4269 112 90 66
-9.5000 57.0000 -19.5754 109 87 63
-8.5000 57.0000 -19.7137 108 88 63
-7.5000 57.0000 -19.8446 110 90 66
-6.5000 57.0000 -19.9738 110 90 66
-5.5000 57.0000 -20.1074 107 87 63
-4.5000 57.0000 -20.2506 101 85 60
-3.5000 57.0000 -20.4067 98 87 59
-2.5000 57.0000 -20.5778 96 87 58
-1.5000 57.0000 -20.7649 95 86 57
-0.5000 57.0000 -20.9694 94 84 57
0.5000 57.0000 -21.1928 92 82 55
1.5000 57.0000 -21.4373 90 80 53
2.5000 57.0000 -21.7056 88 78 53
3.5000 57.0000 -22.0006 87 77 52
4.5000 57.0000 -22.3255 84 74 49
5.5000 57.0000 -22.6831 83 72 50
6.5000 57.0000 -23.0754 80 69 47
7.5000 57.0000 -23.5037 77 66 44
8.5000 57.0000 -23.9692 73 62 42
9.5000 57.0000 -24.4751 70 59 39
10.5000 57.0000 -25.0297 68 57 37
11.5000 57.0000 -25.6489 65 57 38
12.5000 57.0000 -26.3563 60 55 36
13.5000 57.0000 -27.1812 57 51 35
14.5000 57.0000 -28.1535 54 48 32
15.5000 57.0000 -29.2983 53 46 30
16.5000 57.0000 -30.6317 53 43 31
17.5000 57.0000 -32.1584 52 40 28
18.5000 57.0000 -33.8727 46 33 24
19.5000 57.0000 -35.7598 42 29 20
20.5000 57.0000 -37.7957 39 25 16
21.5000 57.0000 -39.9455 36 23 14
22.5000 57.0000 -42.1605 33 20 12
23.5000 57.0000 -44.3785 27 17 8
24.5000 57.0000 -46.5307 24 15 8
25.5000 57.0000 -48.5541 21 14 6
26.5000 57.0000 -50.4060 20 13 5
-70.5000 56.0000 -48.4113 13 19 15
-69.5000 56.0000 -44.9227 15 24 19
-68.5000 56.0000 -41.9192 18 28 20
-67.5000 56.0000 -39.3727 22 27 20
-66.5000 56.0000 -37.2334 23 29 19
-65.5000 56.0000 -35.4338 25 31 19
-64.5000 56.0000 -33.9010 28 34 22
-63.5000 56.0000 -32.5686 33 37 23
-62.5000 56.0000 -31.3827 36 40 26
-61.5000 56.0000 -30.3033 41 42 28
-60.5000 56.0000 -29.3024 42 43 27
-59.5000 56.0000 -28.3624 48 46 31
-58.5000 56.0000 -27.4747 50 49 31
-57.5000 56.0000 -26.6378 56 51 32
-56.5000 56.0000 -25.8561 60 55 36
-55.5000 56.0000 -25.1373 65 58 39
-54.5000 56.0000 -24.4893 69 62 43
-53.5000 56.0000 -23.9183 72 66 44
-52.5000 56.0000 -23.4264 75 67 46
-51.5000 56.0000 -23.0115 79 68 48
-50.5000 56.0000 -22.6677 82 69 50
-49.5000 56.0000 -22.3856 84 72 50
-48.5000 56.0000 -22.1535 85 74 52
-47.5000 56.0000 -21.9566 86 75 53
-46.5000 56.0000 -21.7783 85 74 52
-45.5000 56.0000 -21.6009 84 74 49
-44.5000 56.0000 -21.4080 83 73 48
-43.5000 56.0000 -21.1872 89 79 54
-42.5000 56.0000 -20.9326 89 79 52
-41.5000 56.0000 -20.6461 91 79 53
-40.5000 56.0000 -20.3362 97 83 57
-39.5000 56.0000 -20.0157 105 89 63
-38.5000 56.0000 -19.6983 112 95 69
-37.5000 56.0000 -19.3957 118 98 73
-36.5000 56.0000 -19.1159 120 100 73
-35.5000 56.0000 -18.8639 125 106 76
-34.5000 56.0000 -18.6418 123 104 72
-33.5000 56.0000 -18.4508 125 104 73
-32.5000 56.0000 -18.2914 129 110 78
-31.5000 56.0000 -18.1633 132 111 80
-30.5000 56.0000 -18.0652 130 111 79
-29.5000 56.0000 -17.9942 133 112 81
-28.5000 56.0000 -17.9454 135 116 84
-27.5000 56.0000 -17.9132 127 106 75
-26.5000 56.0000 -17.8917 126 107 75
-25.5000 56.0000 -17.8765 128 107 76
-24.5000 56.0000 -17.8655 128 109 77
-23.5000 56.0000 -17.8591 130 109 78
-22.5000 56.0000 -17.8603 130 111 79
-21.5000 56.0000 -17.8733 132 111 80
-20.5000 56.0000 -17.9022 132 111 80
-19.5000 56.0000 -17.9503 132 107 77
-18.5000 56.0000 -18.0193 132 105 76
-17.5000 56.0000 -18.1091 132 105 78
-16.5000 56.0000 -18.2190 132 106 79
-15.5000 56.0000 -18.3476 133 107 80
-14.5000 56.0000 -18.4923 132 106 79
-13.5000 56.0000 -18.6495 127 101 76
-12.5000 56.0000 -18.8139 122 98 72
-11.5000 56.0000 -18.9786 117 93 69
-10.5000 56.0000 -19.1372 113 91 67
-9.5000 56.0000 -19.2850 110 88 64
-8.5000 56.0000 -19.4209 110 88 64
-7.5000 56.0000 -19.5472 112 90 67
-6.5000 56.0000 -19.6691 110 90 66
-5.5000 56.0000 -19.7925 108 88 64
-4.5000 56.0000 -19.9226 103 86 60
-3.5000 56.0000 -20.0634 104 93 65
-2.5000 56.0000 -20.2177 102 93 62
-1.5000 56.0000 -20.3878 101 92 63
-0.5000 56.0000 -20.5760 99 90 61
0.5000 56.0000 -20.7846 96 87 58
1.5000 56.0000 -21.0163 93 84 55
2.5000 56.0000 -21.2737 90 80 53
3.5000 56.0000 -21.5594 88 78 51
4.5000 56.0000 -21.8757 89 79 54
5.5000 56.0000 -22.2244 87 77 52
6.5000 56.0000 -22.6065 83 73 48
7.5000 56.0000 -23.0220 79 69 44
8.5000 56.0000 -23.4707 75 64 42
9.5000 56.0000 -23.9543 72 61 39
10.5000 56.0000 -24.4793 71 60 38
11.5000 56.0000 -25.0594 68 60 39
12.5000 56.0000 -25.7161 62 59 40
13.5000 56.0000 -26.4771 58 57 39
14.5000 56.0000 -27.3718 54 53 35
15.5000 56.0000 -28.4261 53 50 33
16.5000 56.0000 -29.6583 54 48 34
17.5000 56.0000 -31.0766 50 44 30
18.5000 56.0000 -32.6792 45 37 26
19.5000 56.0000 -34.4555 41 33 22
20.5000 56.0000 -36.3861 37 29 18
21.5000 56.0000 -38.4416 35 27 16
22.5000 56.0000 -40.5797 31 24 14
23.5000 56.0000 -42.7451 27 20 10
24.5000 56.0000 -44.8735 22 18 9
25.5000 56.0000 -46.9018 19 16 7
26.5000 56.0000 -48.7821 17 14 5
27.5000 56.0000 -50.4932 17 14 5
-70.5000 55.0000 -49.0296 12 18 14
-69.5000 55.0000 -45.7134 14 23 18
-68.5000 55.0000 -42.7410 16 26 18
-67.5000 55.0000 -40.1340 21 26 19
-66.5000 55.0000 -37.8866 22 28 18
-65.5000 55.0000 -35.9655 24 30 18
-64.5000 55.0000 -34.3199 28 34 22
-63.5000 55.0000 -32.8935 33 37 23
-62.5000 55.0000 -31.6344 36 40 26
-61.5000 55.0000 -30.4993 41 42 28
-60.5000 55.0000 -29.4552 42 43 27
-59.5000 55.0000 -28.4791 47 45 30
-58.5000 55.0000 -27.5583 49 48 30
-57.5000 55.0000 -26.6883 55 50 31
-56.5000 55.0000 -25.8720 60 55 36
-55.5000 55.0000 -25.1161 65 58 39
-54.5000 55.0000 -24.4285 70 63 44
-53.5000 55.0000 -23.8156 73 67 45
-52.5000 55.0000 -23.2807 75 69 47
-51.5000 55.0000 -22.8231 75 67 46
-50.5000 55.0000 -22.4392 80 69 49
-49.5000 55.0000 -22.1223 83 72 52
-48.5000 55.0000 -21.8630 85 77 56
-47.5000 55.0000 -21.6488 86 78 55
-46.5000 55.0000 -21.4639 86 78 55
-45.5000 55.0000 -21.2903 87 76 54
-44.5000 55.0000 -21.1092 86 76 51
-43.5000 55.0000 -20.9052 89 79 54
-42.5000 55.0000 -20.6686 91 81 56
-41.5000 55.0000 -20.3976 95 83 57
-40.5000 55.0000 -20.0986 100 86 60
-39.5000 55.0000 -19.7833 104 90 64
-38.5000 55.0000 -19.4660 110 94 69
-37.5000 55.0000 -19.1597 116 100 74
-36.5000 55.0000 -18.8745 121 104 76
-35.5000 55.0000 -18.6168 127 110 80
-34.5000 55.0000 -18.3895 123 107 74
-33.5000 55.0000 -18.1941 126 107 75
-32.5000 55.0000 -18.0307 131 115 82
-31.5000 55.0000 -17.8989 135 116 84
-30.5000 55.0000 -17.7973 131 115 82
-29.5000 55.0000 -17.7231 135 116 84
-28.5000 55.0000 -17.6722 139 123 90
-27.5000 55.0000 -17.6388 131 112 80
-26.5000 55.0000 -17.6171 129 113 80
-25.5000 55.0000 -17.6025 132 113 81
-24.5000 55.0000 -17.5921 131 115 82
-23.5000 55.0000 -17.5859 134 115 83
-22.5000 55.0000 -17.5862 134 118 85
-21.5000 55.0000 -17.5970 137 118 86
-20.5000 55.0000 -17.6231 137 118 86
-19.5000 55.0000 -17.6681 141 118 87
-18.5000 55.0000 -17.7343 139 114 84
-17.5000 55.0000 -17.8223 136 111 81
-16.5000 55.0000 -17.9316 136 111 81
-15.5000 55.0000 -18.0604 136 111 81
-14.5000 55.0000 -18.2059 133 110 79
-13.5000 55.0000 -18.3639 130 106 78
-12.5000 55.0000 -18.5287 124 103 74
-11.5000 55.0000 -18.6935 118 97 70
-10.5000 55.0000 -18.8514 115 94 67
-9.5000 55.0000 -18.9978 113 91 67
-8.5000 55.0000 -19.1312 112 92 67
-7.5000 55.0000 -19.2537 113 93 68
-6.5000 55.0000 -19.3699 111 94 68
-5.5000 55.0000 -19.4853 108 91 65
-4.5000 55.0000 -19.6052 105 89 63
-3.5000 55.0000 -19.7340 108 94 67
-2.5000 55.0000 -19.8750 106 95 67
-1.5000 55.0000 -20.0312 105 94 66
-0.5000 55.0000 -20.2056 104 93 65
0.5000 55.0000 -20.4014 101 89 63
1.5000 55.0000 -20.6216 97 85 59
2.5000 55.0000 -20.8690 94 82 56
3.5000 55.0000 -21.1457 92 80 54
4.5000 55.0000 -21.4536 91 79 55
5.5000 55.0000 -21.7934 90 78 54
6.5000 55.0000 -22.1651 88 76 54
7.5000 55.0000 -22.5679 84 72 50
8.5000 55.0000 -23.0008 80 68 46
9.5000 55.0000 -23.4644 76 64 42
10.5000 55.0000 -23.9642 73 60 41
11.5000 55.0000 -24.5121 68 60 39
12.5000 55.0000 -25.1275 63 65 44
13.5000 55.0000 -25.8357 58 63 41
14.5000 55.0000 -26.6644 54 59 39
15.5000 55.0000 -27.6390 52 55 36
16.5000 55.0000 -28.7789 50 53 34
17.5000 55.0000 -30.0950 46 47 29
18.5000 55.0000 -31.5893 40 41 25
19.5000 55.0000 -33.2560 36 37 21
20.5000 55.0000 -35.0813 33 34 20
21.5000 55.0000 -37.0423 31 32 18
22.5000 55.0000 -39.1042 27 28 14
23.5000 55.0000 -41.2184 22 24 10
24.5000 55.0000 -43.3249 19 21 8
25.5000 55.0000 -45.3601 16 20 6
26.5000 55.0000 -47.2698 14 18 4
27.5000 55.0000 -49.0217 15 17 4
28.5000 55.0000 -50.6141 15 15 5
-71.5000 54.0000 -53.1926 9 15 11
-70.5000 54.0000 -49.8491 12 18 14
-69.5000 54.0000 -46.6502 12 21 16
-68.5000 54.0000 -43.6704 14 24 16
-67.5000 54.0000 -40.9738 20 25 18
-66.5000 54.0000 -38.5942 21 27 17
-65.5000 54.0000 -36.5306 24 30 18
-64.5000 54.0000 -34.7539 27 33 21
-63.5000 54.0000 -33.2188 33 37 23
-62.5000 54.0000 -31.8755 36 40 26
-61.5000 54.0000 -30.6773 41 42 28
-60.5000 54.0000 -29.5856 42 43 27
-59.5000 54.0000 -28.5719 47 45 30
-58.5000 54.0000 -27.6186 49 48 30
-57.5000 54.0000 -26.7180 55 50 31
-56.5000 54.0000 -25.8705 60 55 36
-55.5000 54.0000 -25.0817 65 58 39
-54.5000 54.0000 -24.3588 70 63 44
-53.5000 54.0000 -23.7081 73 67 45
-52.5000 54.0000 -23.1334 75 69 47
-51.5000 54.0000 -22.6355 74 66 45
-50.5000 54.0000 -22.2126 77 69 48
-49.5000 54.0000 -21.8604 81 73 52
-48.5000 54.0000 -21.5721 85 77 56
-47.5000 54.0000 -21.3374 88 80 57
-46.5000 54.0000 -21.1420 88 80 57
-45.5000 54.0000 -20.9681 89 78 56
-44.5000 54.0000 -20.7960 87 77 52
-43.5000 54.0000 -20.6076 83 73 48
-42.5000 54.0000 -20.3899 91 79 53
-41.5000 54.0000 -20.1376 100 88 62
-40.5000 54.0000 -19.8538 106 94 68
-39.5000 54.0000 -19.5484 110 96 70
-38.5000 54.0000 -19.2354 110 96 70
-37.5000 54.0000 -18.9289 113 97 71
-36.5000 54.0000 -18.6407 115 100 71
-35.5000 54.0000 -18.3788 129 112 82
-34.5000 54.0000 -18.1473 124 108 75
-33.5000 54.0000 -17.9481 125 109 76
-32.5000 54.0000 -17.7812 132 116 83
-31.5000 54.0000 -17.6459 135 119 86
-30.5000 54.0000 -17.5407 132 116 83
-29.5000 54.0000 -17.4630 135 119 86
-28.5000 54.0000 -17.4088 141 125 92
-27.5000 54.0000 -17.3730 133 117 84
-26.5000 54.0000 -17.3500 133 117 84
-25.5000 54.0000 -17.3351 134 118 85
-24.5000 54.0000 -17.3250 136 120 87
-23.5000 54.0000 -17.3191 137 121 88
-22.5000 54.0000 -17.3191 138 122 89
-21.5000 54.0000 -17.3287 139 123 90
-20.5000 54.0000 -17.3527 142 123 91
-19.5000 54.0000 -17.3950 149 128 97
-18.5000 54.0000 -17.4587 146 123 92
-17.5000 54.0000 -17.5449 140 117 86
-16.5000 54.0000 -17.6529 136 113 82
-15.5000 54.0000 -17.7808 133 112 81
-14.5000 54.0000 -17.9255 133 112 81
-13.5000 54.0000 -18.0824 130 109 80
-12.5000 54.0000 -18.2454 127 108 78
-11.5000 54.0000 -18.4079 119 99 72
-10.5000 54.0000 -18.5633 117 97 70
-9.5000 54.0000 -18.7071 112 95 69
-8.5000 54.0000 -18.8378 112 95 69
-7.5000 54.0000 -18.9573 114 97 71
-6.5000 54.0000 -19.0697 112 96 70
-5.5000 54.0000 -19.1802 110 94 68
-4.5000 54.0000 -19.2940 107 91 65
-3.5000 54.0000 -19.4151 107 93 66
-2.5000 54.0000 -19.5472 106 94 68
-1.5000 54.0000 -19.6935 106 94 68
-0.5000 54.0000 -19.8575 105 93 67
0.5000 54.0000 -20.0429 103 91 65
1.5000 54.0000 -20.2532 100 88 64
2.5000 54.0000 -20.4914 97 85 61
3.5000 54.0000 -20.7596 95 83 59
4.5000 54.0000 -21.0589 90 78 56
5.5000 54.0000 -21.3895 90 78 56
6.5000 54.0000 -21.7506 90 78 56
7.5000 54.0000 -22.1408 88 75 56
8.5000 54.0000 -22.5588 84 71 52
9.5000 54.0000 -23.0053 78 65 46
10.5000 54.0000 -23.4847 72 59 40
11.5000 54.0000 -24.0076 66 58 39
12.5000 54.0000 -24.5911 65 67 46
13.5000 54.0000 -25.2575 58 66 43
14.5000 54.0000 -26.0318 54 62 41
15.5000 54.0000 -26.9378 51 59 38
16.5000 54.0000 -27.9950 50 55 35
17.5000 54.0000 -29.2160 45 50 30
18.5000 54.0000 -30.6068 39 43 26
19.5000 54.0000 -32.1665 34 38 21
20.5000 54.0000 -33.8875 32 36 21
21.5000 54.0000 -35.7541 30 34 19
22.5000 54.0000 -37.7389 26 30 15
23.5000 54.0000 -39.7998 22 26 11
24.5000 54.0000 -41.8805 17 23 9
25.5000 54.0000 -43.9162 14 20 6
26.5000 54.0000 -45.8458 12 18 4
27.5000 54.0000 -47.6259 14 18 4
28.5000 54.0000 -49.2421 15 15 5
29.5000 54.0000 -50.7118 17 14 5
-70.5000 53.0000 -50.6390 9 16 9
-69.5000 53.0000 -47.5548 14 24 16
-68.5000 53.0000 -44.5750 19 29 21
-67.5000 53.0000 -41.7968 20 25 18
-66.5000 53.0000 -39.2887 22 28 18
-65.5000 53.0000 -37.0810 25 31 19
-64.5000 53.0000 -35.1676 25 31 19
-63.5000 53.0000 -33.5166 27 31 17
-62.5000 53.0000 -32.0825 29 33 19
-61.5000 53.0000 -30.8168 35 36 22
-60.5000 53.0000 -29.6759 38 39 23
-59.5000 53.0000 -28.6254 39 37 22
-58.5000 53.0000 -27.6426 46 45 27
-57.5000 53.0000 -26.7161 57 52 33
-56.5000 53.0000 -25.8434 61 56 37
-55.5000 53.0000 -25.0281 62 55 36
-54.5000 53.0000 -24.2760 65 58 39
-53.5000 53.0000 -23.5930 73 67 45
-52.5000 53.0000 -22.9832 80 74 52
-51.5000 53.0000 -22.4483 83 77 53
-50.5000 53.0000 -21.9884 85 79 55
-49.5000 53.0000 -21.6015 90 82 59
-48.5000 53.0000 -21.2832 93 85 62
-47.5000 53.0000 -21.0255 97 86 64
-46.5000 53.0000 -20.8160 98 87 65
-45.5000 53.0000 -20.6377 98 86 62
-44.5000 53.0000 -20.4710 97 85 61
-43.5000 53.0000 -20.2960 86 74 50
-42.5000 53.0000 -20.0970 90 76 50
-41.5000 53.0000 -19.8650 95 81 55
-40.5000 53.0000 -19.5996 103 89 62
-39.5000 53.0000 -19.3082 111 97 70
-38.5000 53.0000 -19.0037 114 100 73
-37.5000 53.0000 -18.7005 112 98 71
-36.5000 53.0000 -18.4120 110 95 66
-35.5000 53.0000 -18.1477 129 112 82
-34.5000 53.0000 -17.9134 127 111 78
-33.5000 53.0000 -17.7113 125 109 76
-32.5000 53.0000 -17.5416 128 112 79
-31.5000 53.0000 -17.4035 133 117 84
-30.5000 53.0000 -17.2951 137 121 88
-29.5000 53.0000 -17.2138 137 121 88
-28.5000 53.0000 -17.1559 136 120 87
-27.5000 53.0000 -17.1168 136 120 87
-26.5000 53.0000 -17.0915 139 123 90
-25.5000 53.0000 -17.0754 137 121 88
-24.5000 53.0000 -17.0652 130 114 81
-23.5000 53.0000 -17.0596 130 114 81
-22.5000 53.0000 -17.0598 137 121 88
-21.5000 53.0000 -17.0688 137 121 88
-20.5000 53.0000 -17.0913 133 117 84
-19.5000 53.0000 -17.1315 139 120 87
-18.5000 53.0000 -17.1927 139 119 86
-17.5000 53.0000 -17.2763 136 117 84
-16.5000 53.0000 -17.3820 134 115 82
-15.5000 53.0000 -17.5075 131 112 80
-14.5000 53.0000 -17.6493 127 111 78
-13.5000 53.0000 -17.8025 125 109 76
-12.5000 53.0000 -17.9612 124 108 75
-11.5000 53.0000 -18.1188 121 106 75
-10.5000 53.0000 -18.2696 119 104 73
-9.5000 53.0000 -18.4095 116 101 72
-8.5000 53.0000 -18.5374 113 99 70
-7.5000 53.0000 -18.6548 111 97 68
-6.5000 53.0000 -18.7656 111 97 68
-5.5000 53.0000 -18.8746 111 97 70
-4.5000 53.0000 -18.9862 112 98 71
-3.5000 53.0000 -19.1043 108 94 68
-2.5000 53.0000 -19.2322 105 90 67
-1.5000 53.0000 -19.3729 103 88 65
-0.5000 53.0000 -19.5301 103 88 65
0.5000 53.0000 -19.7080 105 90 67
1.5000 53.0000 -19.9104 106 91 70
2.5000 53.0000 -20.1406 103 88 67
3.5000 53.0000 -20.4008 100 85 64
4.5000 53.0000 -20.6917 96 81 62
5.5000 53.0000 -21.0129 94 79 60
6.5000 53.0000 -21.3631 91 76 57
7.5000 53.0000 -21.7409 89 73 57
8.5000 53.0000 -22.1452 88 72 56
9.5000 53.0000 -22.5770 85 69 53
10.5000 53.0000 -23.0405 80 64 48
11.5000 53.0000 -23.5449 71 62 45
12.5000 53.0000 -24.1045 71 73 52
13.5000 53.0000 -24.7384 64 69 47
14.5000 53.0000 -25.4683 58 63 41
15.5000 53.0000 -26.3153 53 58 36
16.5000 53.0000 -27.2983 47 55 32
17.5000 53.0000 -28.4314 42 50 27
18.5000 53.0000 -29.7239 36 44 23
19.5000 53.0000 -31.1799 31 39 18
20.5000 53.0000 -32.7984 31 38 20
21.5000 53.0000 -34.5707 27 34 16
22.5000 53.0000 -36.4765 24 31 15
23.5000 53.0000 -38.4797 22 29 13
24.5000 53.0000 -40.5267 24 28 13
25.5000 53.0000 -42.5510 22 26 11
26.5000 53.0000 -44.4846 19 23 8
27.5000 53.0000 -46.2737 16 18 4
30.5000 53.0000 -50.6769 17 14 5
36.5000 53.0000 -59.0150 17 14 9
-69.5000 52.0000 -48.2849 9 19 11
-68.5000 52.0000 -45.3432 14 24 15
-67.5000 52.0000 -42.5191 18 24 14
-66.5000 52.0000 -39.9094 21 27 17
-65.5000 52.0000 -37.5736 24 30 18
-64.5000 52.0000 -35.5307 26 32 20
-63.5000 52.0000 -33.7651 28 32 18
-62.5000 52.0000 -32.2391 30 34 20
-61.5000 52.0000 -30.9048 36 37 23
-60.5000 52.0000 -29.7150 40 41 25
-59.5000 52.0000 -28.6303 41 39 24
-58.5000 52.0000 -27.6228 47 46 28
-57.5000 52.0000 -26.6768 56 51 32
-56.5000 52.0000 -25.7865 60 55 36
-55.5000 52.0000 -24.9526 63 56 37
-54.5000 52.0000 -24.1793 67 60 41
-53.5000 52.0000 -23.4710 74 68 46
-52.5000 52.0000 -22.8318 79 73 51
-51.5000 52.0000 -22.2644 83 77 53
-50.5000 52.0000 -21.7705 85 79 53
-49.5000 52.0000 -21.3503 90 82 59
-48.5000 52.0000 -21.0017 96 86 61
-47.5000 52.0000 -20.7191 98 87 65
-46.5000 52.0000 -20.4920 100 88 64
-45.5000 52.0000 -20.3053 100 88 64
-44.5000 52.0000 -20.1396 101 87 61
-43.5000 52.0000 -19.9746 104 90 64
-42.5000 52.0000 -19.7924 99 85 58
-41.5000 52.0000 -19.5807 97 81 55
-40.5000 52.0000 -19.3354 98 84 55
-39.5000 52.0000 -19.0609 105 91 64
-38.5000 52.0000 -18.7682 114 100 71
-37.5000 52.0000 -18.4716 121 107 80
-36.5000 52.0000 -18.1853 124 110 81
-35.5000 52.0000 -17.9207 131 114 84
-34.5000 52.0000 -17.6848 130 114 81
-33.5000 52.0000 -17.4808 130 114 81
-32.5000 52.0000 -17.3093 133 117 84
-31.5000 52.0000 -17.1692 138 122 89
-30.5000 52.0000 -17.0583 140 124 91
-29.5000 52.0000 -16.9738 140 124 91
-28.5000 52.0000 -16.9123 138 122 89
-27.5000 52.0000 -16.8697 142 126 93
-26.5000 52.0000 -16.8416 145 129 96
-25.5000 52.0000 -16.8238 143 127 94
-24.5000 52.0000 -16.8131 136 120 87
-23.5000 52.0000 -16.8078 135 119 86
-22.5000 52.0000 -16.8085 140 124 91
-21.5000 52.0000 -16.8175 140 124 91
-20.5000 52.0000 -16.8389 136 120 87
-19.5000 52.0000 -16.8771 144 125 92
-18.5000 52.0000 -16.9357 141 125 91
-17.5000 52.0000 -17.0162 139 123 89
-16.5000 52.0000 -17.1184 137 121 87
-15.5000 52.0000 -17.2399 134 118 85
-14.5000 52.0000 -17.3767 130 115 82
-13.5000 52.0000 -17.5239 128 113 80
-12.5000 52.0000 -17.6758 126 113 79
-11.5000 52.0000 -17.8265 122 109 77
-10.5000 52.0000 -17.9711 121 108 76
-9.5000 52.0000 -18.1062 118 104 75
-8.5000 52.0000 -18.2311 114 103 73
-7.5000 52.0000 -18.3476 113 102 72
-6.5000 52.0000 -18.4590 113 102 72
-5.5000 52.0000 -18.5694 113 102 74
-4.5000 52.0000 -18.6827 114 103 75
-3.5000 52.0000 -18.8018 113 98 75
-2.5000 52.0000 -18.9295 110 95 72
-1.5000 52.0000 -19.0686 108 93 72
-0.5000 52.0000 -19.2227 108 93 72
0.5000 52.0000 -19.3961 109 94 73
1.5000 52.0000 -19.5930 110 95 74
2.5000 52.0000 -19.8169 107 92 73
3.5000 52.0000 -20.0700 104 89 70
4.5000 52.0000 -20.3528 101 85 69
5.5000 52.0000 -20.6646 98 82 66
6.5000 52.0000 -21.0040 94 78 62
7.5000 52.0000 -21.3697 92 76 60
8.5000 52.0000 -21.7614 91 75 60
9.5000 52.0000 -22.1805 89 73 58
10.5000 52.0000 -22.6312 85 69 54
11.5000 52.0000 -23.1213 78 66 50
12.5000 52.0000 -23.6626 65 62 43
13.5000 52.0000 -24.2706 59 61 40
14.5000 52.0000 -24.9630 55 57 36
15.5000 52.0000 -25.7584 53 56 35
16.5000 52.0000 -26.6741 53 56 35
17.5000 52.0000 -27.7252 51 56 34
18.5000 52.0000 -28.9240 47 52 32
19.5000 52.0000 -30.2797 44 49 29
20.5000 52.0000 -31.7973 35 39 22
21.5000 52.0000 -33.4748 31 35 18
22.5000 52.0000 -35.2987 27 31 16
23.5000 52.0000 -37.2379 26 28 14
24.5000 52.0000 -39.2412 25 27 13
25.5000 52.0000 -41.2402 24 25 11
26.5000 52.0000 -43.1608 20 21 7
27.5000 52.0000 -44.9402 16 17 3
29.5000 52.0000 -47.9655 18 16 4
30.5000 52.0000 -49.2403 20 17 8
31.5000 52.0000 -50.4176 18 15 6
35.5000 52.0000 -55.3198 17 14 7
36.5000 52.0000 -56.8325 18 15 10
-68.5000 51.0000 -45.8911 8 18 9
-67.5000 51.0000 -43.0751 15 21 11
-66.5000 51.0000 -40.4088 19 25 15
-65.5000 51.0000 -37.9775 24 30 18
-64.5000 51.0000 -35.8249 26 32 20
-63.5000 51.0000 -33.9550 30 34 20
-62.5000 51.0000 -32.3415 32 36 22
-61.5000 51.0000 -30.9406 38 39 25
-60.5000 51.0000 -29.7039 42 43 27
-59.5000 51.0000 -28.5882 44 42 27
-58.5000 51.0000 -27.5609 48 47 29
-57.5000 51.0000 -26.6021 55 50 31
-56.5000 51.0000 -25.7019 60 55 36
-55.5000 51.0000 -24.8578 65 58 39
-54.5000 51.0000 -24.0713 70 63 44
-53.5000 51.0000 -23.3452 74 68 46
-52.5000 51.0000 -22.6831 77 71 47
-51.5000 51.0000 -22.0882 84 78 52
-50.5000 51.0000 -21.5639 86 81 52
-49.5000 51.0000 -21.1123 92 85 59
-48.5000 51.0000 -20.7337 98 88 61
-47.5000 51.0000 -20.4248 102 90 66
-46.5000 51.0000 -20.1775 105 91 65
-45.5000 51.0000 -19.9783 105 91 65
-44.5000 51.0000 -19.8091 105 89 63
-43.5000 51.0000 -19.6498 116 100 74
-42.5000 51.0000 -19.4810 109 94 65
-41.5000 51.0000 -19.2878 103 86 58
-40.5000 51.0000 -19.0625 101 86 55
-39.5000 51.0000 -18.8063 107 92 63
-38.5000 51.0000 -18.5276 118 103 72
-37.5000 51.0000 -18.2400 127 113 84
-36.5000 51.0000 -17.9584 134 121 89
-35.5000 51.0000 -17.6952 133 117 84
-34.5000 51.0000 -17.4590 133 117 84
-33.5000 51.0000 -17.2543 135 119 86
-32.5000 51.0000 -17.0819 139 123 90
-31.5000 51.0000 -16.9406 143 127 94
-30.5000 51.0000 -16.8281 145 129 96
-29.5000 51.0000 -16.7413 143 127 94
-28.5000 51.0000 -16.6768 141 125 92
-27.5000 51.0000 -16.6309 148 132 99
-26.5000 51.0000 -16.6000 151 135 102
-25.5000 51.0000 -16.5803 149 133 100
-24.5000 51.0000 -16.5690 144 128 95
-23.5000 51.0000 -16.5641 142 126 93
-22.5000 51.0000 -16.5654 145 129 96
-21.5000 51.0000 -16.5747 145 129 96
-20.5000 51.0000 -16.5955 143 127 94
-19.5000 51.0000 -16.6320 148 132 98
-18.5000 51.0000 -16.6877 147 131 95
-17.5000 51.0000 -16.7645 145 129 93
-16.5000 51.0000 -16.8621 142 128 91
-15.5000 51.0000 -16.9781 139 125 90
-14.5000 51.0000 -17.1084 137 123 88
-13.5000 51.0000 -17.2480 135 120 87
-12.5000 51.0000 -17.3917 133 120 86
-11.5000 51.0000 -17.5343 126 113 79
-10.5000 51.0000 -17.6718 123 113 78
-9.5000 51.0000 -17.8020 122 111 79
-8.5000 51.0000 -17.9246 120 109 77
-7.5000 51.0000 -18.0413 119 108 78
-6.5000 51.0000 -18.1553 118 109 78
-5.5000 51.0000 -18.2697 119 110 79
-4.5000 51.0000 -18.3874 120 109 81
-3.5000 51.0000 -18.5107 118 103 80
-2.5000 51.0000 -18.6415 116 101 80
-1.5000 51.0000 -18.7823 114 99 78
-0.5000 51.0000 -18.9365 114 99 78
0.5000 51.0000 -19.1083 114 99 80
1.5000 51.0000 -19.3022 114 99 80
2.5000 51.0000 -19.5216 112 97 78
3.5000 51.0000 -19.7689 110 95 76
4.5000 51.0000 -20.0443 107 91 75
5.5000 51.0000 -20.3470 103 87 71
6.5000 51.0000 -20.6757 99 83 68
7.5000 51.0000 -21.0297 96 80 65
8.5000 51.0000 -21.4093 95 79 64
9.5000 51.0000 -21.8168 93 77 62
10.5000 51.0000 -22.2561 90 74 61
11.5000 51.0000 -22.7339 85 72 56
12.5000 51.0000 -23.2595 74 65 48
13.5000 51.0000 -23.8448 70 63 44
14.5000 51.0000 -24.5039 64 59 39
15.5000 51.0000 -25.2522 62 57 37
16.5000 51.0000 -26.1056 58 55 36
17.5000 51.0000 -27.0795 55 54 34
18.5000 51.0000 -28.1888 51 50 30
19.5000 51.0000 -29.4468 47 46 26
20.5000 51.0000 -30.8641 42 41 23
21.5000 51.0000 -32.4453 38 37 19
22.5000 51.0000 -34.1828 34 32 17
23.5000 51.0000 -36.0505 32 29 14
24.5000 51.0000 -37.9996 32 26 12
25.5000 51.0000 -39.9606 29 23 9
26.5000 51.0000 -41.8550 25 17 6
27.5000 51.0000 -43.6123 20 14 2
28.5000 51.0000 -45.1875 21 17 6
29.5000 51.0000 -46.5712 21 19 7
30.5000 51.0000 -47.7877 22 20 8
31.5000 51.0000 -48.8856 21 19 7
32.5000 51.0000 -49.9251 19 16 7
33.5000 51.0000 -50.9695 17 14 5
34.5000 51.0000 -52.0792 18 15 6
35.5000 51.0000 -53.3053 20 17 8
36.5000 51.0000 -54.6842 18 15 8
-68.5000 50.0000 -46.1738 7 17 8
-67.5000 50.0000 -43.4294 13 19 9
-66.5000 50.0000 -40.7634 18 24 14
-65.5000 50.0000 -38.2810 23 29 17
-64.5000 50.0000 -36.0493 27 33 21
-63.5000 50.0000 -34.0932 31 35 21
-62.5000 50.0000 -32.4014 34 38 24
-61.5000 50.0000 -30.9380 40 41 27
-60.5000 50.0000 -29.6565 43 44 28
-59.5000 50.0000 -28.5120 48 46 31
-58.5000 50.0000 -27.4685 49 48 30
-57.5000 50.0000 -26.5018 55 50 31
-56.5000 50.0000 -25.5978 60 55 36
-55.5000 50.0000 -24.7504 67 60 41
-54.5000 50.0000 -23.9577 72 65 46
-53.5000 50.0000 -23.2206 75 69 47
-52.5000 50.0000 -22.5414 76 70 46
-51.5000 50.0000 -21.9240 85 80 51
-50.5000 50.0000 -21.3728 89 82 53
-49.5000 50.0000 -20.8922 95 85 58
-48.5000 50.0000 -20.4846 101 90 62
-47.5000 50.0000 -20.1488 106 92 65
-46.5000 50.0000 -19.8791 109 93 67
-45.5000 50.0000 -19.6639 110 94 68
-44.5000 50.0000 -19.4870 110 93 65
-43.5000 50.0000 -19.3286 118 98 71
-42.5000 50.0000 -19.1689 116 97 67
-41.5000 50.0000 -18.9909 113 94 64
-40.5000 50.0000 -18.7840 112 96 63
-39.5000 50.0000 -18.5458 116 99 69
-38.5000 50.0000 -18.2823 122 107 74
-37.5000 50.0000 -18.0056 128 113 80
-36.5000 50.0000 -17.7304 132 117 84
-35.5000 50.0000 -17.4703 133 117 84
-34.5000 50.0000 -17.2352 136 120 87
-33.5000 50.0000 -17.0305 140 124 91
-32.5000 50.0000 -16.8579 144 128 95
-31.5000 50.0000 -16.7162 147 131 98
-30.5000 50.0000 -16.6029 147 131 98
-29.5000 50.0000 -16.5146 145 129 96
-28.5000 50.0000 -16.4480 144 128 95
-27.5000 50.0000 -16.3996 150 134 101
-26.5000 50.0000 -16.3663 152 136 103
-25.5000 50.0000 -16.3451 153 137 104
-24.5000 50.0000 -16.3333 151 135 102
-23.5000 50.0000 -16.3289 149 133 100
-22.5000 50.0000 -16.3311 149 133 100
-21.5000 50.0000 -16.3411 150 134 101
-20.5000 50.0000 -16.3616 151 135 101
-19.5000 50.0000 -16.3965 153 137 103
-18.5000 50.0000 -16.4493 152 136 100
-17.5000 50.0000 -16.5219 150 134 98
-16.5000 50.0000 -16.6142 146 132 95
-15.5000 50.0000 -16.7237 145 129 95
-14.5000 50.0000 -16.8464 141 127 92
-13.5000 50.0000 -16.9778 139 124 91
-12.5000 50.0000 -17.1128 137 124 90
-11.5000 50.0000 -17.2473 131 118 84
-10.5000 50.0000 -17.3782 129 119 84
-9.5000 50.0000 -17.5042 130 117 85
-8.5000 50.0000 -17.6255 127 116 84
-7.5000 50.0000 -17.7441 126 115 85
-6.5000 50.0000 -17.8624 125 116 85
-5.5000 50.0000 -17.9827 126 115 85
-4.5000 50.0000 -18.1070 126 115 87
-3.5000 50.0000 -18.2366 122 108 82
-2.5000 50.0000 -18.3728 121 106 83
-1.5000 50.0000 -18.5177 119 104 81
-0.5000 50.0000 -18.6745 118 103 80
0.5000 50.0000 -18.8473 117 102 81
1.5000 50.0000 -19.0403 116 101 80
2.5000 50.0000 -19.2572 115 100 79
3.5000 50.0000 -19.4998 113 98 79
4.5000 50.0000 -19.7686 110 95 76
5.5000 50.0000 -20.0626 106 91 72
6.5000 50.0000 -20.3810 101 85 69
7.5000 50.0000 -20.7235 98 82 66
8.5000 50.0000 -21.0915 97 81 65
9.5000 50.0000 -21.4874 95 79 64
10.5000 50.0000 -21.9154 92 76 61
11.5000 50.0000 -22.3808 90 74 59
12.5000 50.0000 -22.8906 84 71 54
13.5000 50.0000 -23.4538 79 68 50
14.5000 50.0000 -24.0812 73 62 44
15.5000 50.0000 -24.7852 67 59 40
16.5000 50.0000 -25.5800 63 56 38
17.5000 50.0000 -26.4808 58 53 34
18.5000 50.0000 -27.5040 53 48 29
19.5000 50.0000 -28.6666 46 43 24
20.5000 50.0000 -29.9841 47 44 27
21.5000 50.0000 -31.4665 45 39 23
22.5000 50.0000 -33.1123 40 34 20
23.5000 50.0000 -34.9004 37 29 16
24.5000 50.0000 -36.7856 36 26 14
25.5000 50.0000 -38.6995 34 22 10
26.5000 50.0000 -40.5610 29 16 7
27.5000 50.0000 -42.2938 23 13 3
28.5000 50.0000 -43.8447 22 18 7
29.5000 50.0000 -45.1953 22 20 8
30.5000 50.0000 -46.3635 22 20 8
31.5000 50.0000 -47.3945 21 19 7
32.5000 50.0000 -48.3496 20 17 8
33.5000 50.0000 -49.2961 19 16 7
34.5000 50.0000 -50.2990 19 16 7
35.5000 50.0000 -51.4153 19 16 7
36.5000 50.0000 -52.6869 19 16 9
37.5000 50.0000 -54.1359 17 14 7
-83.5000 49.0000 -85.3535 14 15 10
-82.5000 49.0000 -75.4127 14 15 9
-81.5000 49.0000 -68.4133 13 14 8
-68.5000 49.0000 -46.1920 8 18 9
-67.5000 49.0000 -43.5827 12 18 8
-66.5000 49.0000 -40.9778 17 23 13
-65.5000 49.0000 -38.4948 24 30 18
-64.5000 49.0000 -36.2204 28 34 22
-63.5000 49.0000 -34.2010 33 37 23
-62.5000 49.0000 -32.4428 35 39 25
-61.5000 49.0000 -30.9215 41 42 28
-60.5000 49.0000 -29.5963 44 45 29
-59.5000 49.0000 -28.4231 50 48 33
-58.5000 49.0000 -27.3638 51 50 32
-57.5000 49.0000 -26.3909 57 52 33
-56.5000 49.0000 -25.4862 61 56 37
-55.5000 49.0000 -24.6395 68 61 42
-54.5000 49.0000 -23.8452 73 66 47
-53.5000 49.0000 -23.1017 75 69 47
-52.5000 49.0000 -22.4101 77 71 47
-51.5000 49.0000 -21.7743 87 80 52
-50.5000 49.0000 -21.1997 90 84 52
-49.5000 49.0000 -20.6925 97 88 59
-48.5000 49.0000 -20.2572 103 92 62
-47.5000 49.0000 -19.8948 111 96 67
-46.5000 49.0000 -19.6014 114 97 69
-45.5000 49.0000 -19.3677 117 97 70
-44.5000 49.0000 -19.1791 117 98 68
-43.5000 49.0000 -19.0172 120 99 70
-42.5000 49.0000 -18.8619 119 98 67
-41.5000 49.0000 -18.6952 119 98 67
-40.5000 49.0000 -18.5038 119 100 67
-39.5000 49.0000 -18.2825 119 103 70
-38.5000 49.0000 -18.0342 123 109 74
-37.5000 49.0000 -17.7695 128 114 79
-36.5000 49.0000 -17.5023 131 117 82
-35.5000 49.0000 -17.2467 135 119 86
-34.5000 49.0000 -17.0138 140 121 89
-33.5000 49.0000 -16.8100 145 126 94
-32.5000 49.0000 -16.6378 149 130 98
-31.5000 49.0000 -16.4963 151 132 100
-30.5000 49.0000 -16.3828 151 132 100
-29.5000 49.0000 -16.2938 150 131 99
-28.5000 49.0000 -16.2258 149 130 98
-27.5000 49.0000 -16.1756 151 132 100
-26.5000 49.0000 -16.1407 153 134 102
-25.5000 49.0000 -16.1185 156 137 105
-24.5000 49.0000 -16.1065 157 138 106
-23.5000 49.0000 -16.1029 155 136 104
-22.5000 49.0000 -16.1063 153 134 102
-21.5000 49.0000 -16.1173 156 137 105
-20.5000 49.0000 -16.1379 160 141 108
-19.5000 49.0000 -16.1715 158 139 106
-18.5000 49.0000 -16.2213 157 139 103
-17.5000 49.0000 -16.2895 155 137 101
-16.5000 49.0000 -16.3760 150 134 98
-15.5000 49.0000 -16.4786 149 131 95
-14.5000 49.0000 -16.5937 145 129 93
-13.5000 49.0000 -16.7169 143 127 93
-12.5000 49.0000 -16.8438 141 127 92
-11.5000 49.0000 -16.9711 137 122 89
-10.5000 49.0000 -17.0967 136 123 89
-9.5000 49.0000 -17.2200 137 122 91
-8.5000 49.0000 -17.3418 135 122 90
-7.5000 49.0000 -17.4639 134 121 89
-6.5000 49.0000 -17.5881 131 120 88
-5.5000 49.0000 -17.7160 132 119 87
-4.5000 49.0000 -17.8483 131 117 88
-3.5000 49.0000 -17.9856 123 109 82
-2.5000 49.0000 -18.1287 124 108 83
-1.5000 49.0000 -18.2793 123 107 82
-0.5000 49.0000 -18.4404 121 105 80
0.5000 49.0000 -18.6158 119 103 80
1.5000 49.0000 -18.8097 117 101 78
2.5000 49.0000 -19.0253 116 100 77
3.5000 49.0000 -19.2643 116 99 79
4.5000 49.0000 -19.5272 110 93 73
5.5000 49.0000 -19.8131 107 90 70
6.5000 49.0000 -20.1217 102 85 67
7.5000 49.0000 -20.4534 100 83 65
8.5000 49.0000 -20.8099 99 82 64
9.5000 49.0000 -21.1941 97 80 64
10.5000 49.0000 -21.6098 94 77 61
11.5000 49.0000 -22.0613 89 73 57
12.5000 49.0000 -22.5539 84 69 50
13.5000 49.0000 -23.0940 78 65 46
14.5000 49.0000 -23.6899 74 61 44
15.5000 49.0000 -24.3515 71 60 42
16.5000 49.0000 -25.0909 68 60 41
17.5000 49.0000 -25.9227 65 58 39
18.5000 49.0000 -26.8641 59 54 35
19.5000 49.0000 -27.9344 56 51 32
20.5000 49.0000 -29.1529 54 48 32
21.5000 49.0000 -30.5347 49 43 27
22.5000 49.0000 -32.0839 45 38 22
23.5000 49.0000 -33.7855 42 33 18
24.5000 49.0000 -35.5998 41 29 17
25.5000 49.0000 -37.4618 38 24 13
26.5000 49.0000 -39.2907 32 18 7
27.5000 49.0000 -41.0059 27 15 3
28.5000 49.0000 -42.5460 24 18 6
29.5000 49.0000 -43.8825 21 19 6
30.5000 49.0000 -45.0242 20 18 6
31.5000 49.0000 -46.0115 20 18 6
32.5000 49.0000 -46.9062 20 18 6
33.5000 49.0000 -47.7798 19 17 5
34.5000 49.0000 -48.7034 19 16 7
35.5000 49.0000 -49.7392 18 15 6
36.5000 49.0000 -50.9335 21 18 11
37.5000 49.0000 -52.3126 18 15 8
40.5000 49.0000 -57.5227 17 14 9
41.5000 49.0000 -59.5195 17 14 9
-83.5000 48.0000 -77.6364 17 18 13
-82.5000 48.0000 -69.1713 16 17 11
-81.5000 48.0000 -63.3954 15 16 10
-80.5000 48.0000 -59.7483 13 14 8
-72.5000 48.0000 -53.0236 8 15 7
-69.5000 48.0000 -48.2142 8 18 9
-68.5000 48.0000 -45.9849 11 21 12
-67.5000 48.0000 -43.5665 12 18 8
-66.5000 48.0000 -41.0790 18 24 14
-65.5000 48.0000 -38.6447 25 31 19
-64.5000 48.0000 -36.3653 30 36 24
-63.5000 48.0000 -34.3066 34 38 24
-62.5000 48.0000 -32.4943 36 40 26
-61.5000 48.0000 -30.9190 41 42 28
-60.5000 48.0000 -29.5489 43 44 28
-59.5000 48.0000 -28.3440 50 48 33
-58.5000 48.0000 -27.2660 53 52 34
-57.5000 48.0000 -26.2848 60 55 36
-56.5000 48.0000 -25.3786 63 58 39
-55.5000 48.0000 -24.5330 68 61 42
-54.5000 48.0000 -23.7388 71 64 45
-53.5000 48.0000 -22.9914 75 69 47
-52.5000 48.0000 -22.2902 78 72 48
-51.5000 48.0000 -21.6390 88 81 52
-50.5000 48.0000 -21.0440 93 84 53
-49.5000 48.0000 -20.5128 100 89 59
-48.5000 48.0000 -20.0515 108 95 63
-47.5000 48.0000 -19.6632 114 97 67
-46.5000 48.0000 -19.3459 119 100 70
-45.5000 48.0000 -19.0921 122 101 72
-44.5000 48.0000 -18.8891 124 101 70
-43.5000 48.0000 -18.7197 129 106 75
-42.5000 48.0000 -18.5646 127 104 72
-41.5000 48.0000 -18.4049 124 101 69
-40.5000 48.0000 -18.2257 119 99 66
-39.5000 48.0000 -18.0191 118 99 66
-38.5000 48.0000 -17.7857 122 106 70
-37.5000 48.0000 -17.5335 132 116 80
-36.5000 48.0000 -17.2757 139 123 87
-35.5000 48.0000 -17.0262 142 123 90
-34.5000 48.0000 -16.7968 146 127 95
-33.5000 48.0000 -16.5949 150 131 99
-32.5000 48.0000 -16.4236 153 134 102
-31.5000 48.0000 -16.2827 153 134 102
-30.5000 48.0000 -16.1693 153 134 102
-29.5000 48.0000 -16.0800 154 135 103
-28.5000 48.0000 -16.0112 156 137 105
-27.5000 48.0000 -15.9601 153 134 102
-26.5000 48.0000 -15.9241 155 136 104
-25.5000 48.0000 -15.9012 159 140 108
-24.5000 48.0000 -15.8895 162 143 111
-23.5000 48.0000 -15.8868 159 140 108
-22.5000 48.0000 -15.8917 155 136 104
-21.5000 48.0000 -15.9040 157 138 106
-20.5000 48.0000 -15.9250 165 145 112
-19.5000 48.0000 -15.9576 161 141 106
-18.5000 48.0000 -16.0047 160 140 105
-17.5000 48.0000 -16.0685 158 138 103
-16.5000 48.0000 -16.1492 156 136 101
-15.5000 48.0000 -16.2452 153 133 98
-14.5000 48.0000 -16.3530 150 132 96
-13.5000 48.0000 -16.4689 148 129 96
-12.5000 48.0000 -16.5890 145 129 95
-11.5000 48.0000 -16.7109 143 127 94
-10.5000 48.0000 -16.8329 143 127 94
-9.5000 48.0000 -16.9554 142 125 95
-8.5000 48.0000 -17.0794 140 125 94
-7.5000 48.0000 -17.2065 138 123 92
-6.5000 48.0000 -17.3382 136 121 90
-5.5000 48.0000 -17.4749 134 119 88
-4.5000 48.0000 -17.6164 132 117 86
-3.5000 48.0000 -17.7624 126 111 82
-2.5000 48.0000 -17.9133 127 112 83
-1.5000 48.0000 -18.0704 127 112 83
-0.5000 48.0000 -18.2366 124 109 80
0.5000 48.0000 -18.4155 120 104 78
1.5000 48.0000 -18.6110 117 101 75
2.5000 48.0000 -18.8259 117 101 76
3.5000 48.0000 -19.0620 118 102 77
4.5000 48.0000 -19.3196 109 93 68
5.5000 48.0000 -19.5983 107 91 66
6.5000 48.0000 -19.8981 104 88 65
7.5000 48.0000 -20.2198 103 87 64
8.5000 48.0000 -20.5655 102 85 65
9.5000 48.0000 -20.9379 99 82 62
10.5000 48.0000 -21.3403 94 77 57
11.5000 48.0000 -21.7762 89 72 52
12.5000 48.0000 -22.2497 91 76 57
13.5000 48.0000 -22.7655 84 71 52
14.5000 48.0000 -23.3299 78 67 49
15.5000 48.0000 -23.9508 72 64 45
16.5000 48.0000 -24.6386 70 62 43
17.5000 48.0000 -25.4066 64 59 39
18.5000 48.0000 -26.2719 58 53 34
19.5000 48.0000 -27.2549 52 49 30
20.5000 48.0000 -28.3776 55 52 35
21.5000 48.0000 -29.6593 51 48 31
22.5000 48.0000 -31.1097 49 42 26
23.5000 48.0000 -32.7209 45 38 22
24.5000 48.0000 -34.4606 45 33 21
25.5000 48.0000 -36.2702 41 29 17
26.5000 48.0000 -38.0718 36 22 11
27.5000 48.0000 -39.7821 31 19 7
28.5000 48.0000 -41.3313 26 20 8
29.5000 48.0000 -42.6791 21 19 6
30.5000 48.0000 -43.8225 20 18 6
31.5000 48.0000 -44.7948 20 18 6
32.5000 48.0000 -45.6565 21 19 7
33.5000 48.0000 -46.4836 21 19 7
34.5000 48.0000 -47.3536 19 16 7
35.5000 48.0000 -48.3349 18 15 6
36.5000 48.0000 -49.4780 22 19 12
37.5000 48.0000 -50.8116 19 16 9
38.5000 48.0000 -52.3431 17 14 7
40.5000 48.0000 -55.9315 18 15 10
41.5000 48.0000 -57.9131 18 15 10
-83.5000 47.0000 -70.9138 15 16 10
-82.5000 47.0000 -63.9458 15 16 8
-81.5000 47.0000 -59.3024 14 15 7
-80.5000 47.0000 -56.4333 14 15 7
-79.5000 47.0000 -54.7861 12 15 6
-73.5000 47.0000 -52.1147 10 18 7
-72.5000 47.0000 -51.4303 10 18 7
-71.5000 47.0000 -50.4674 8 16 5
-70.5000 47.0000 -49.1801 8 16 5
-69.5000 47.0000 -47.5524 8 18 7
-68.5000 47.0000 -45.6104 10 20 9
-67.5000 47.0000 -43.4249 13 19 9
-66.5000 47.0000 -41.1010 19 25 15
-65.5000 47.0000 -38.7584 26 32 20
-64.5000 47.0000 -36.5081 31 37 25
-63.5000 47.0000 -34.4330 35 39 25
-62.5000 47.0000 -32.5781 36 40 26
-61.5000 47.0000 -30.9516 40 41 27
-60.5000 47.0000 -29.5340 42 43 27
-59.5000 47.0000 -28.2918 49 47 32
-58.5000 47.0000 -27.1891 54 53 35
-57.5000 47.0000 -26.1943 63 58 39
-56.5000 47.0000 -25.2826 66 61 42
-55.5000 47.0000 -24.4355 67 60 41
-54.5000 47.0000 -23.6402 70 63 44
-53.5000 47.0000 -22.8891 75 69 47
-52.5000 47.0000 -22.1798 80 74 50
-51.5000 47.0000 -21.5154 88 81 52
-50.5000 47.0000 -20.9025 94 85 52
-49.5000 47.0000 -20.3498 101 90 58
-48.5000 47.0000 -19.8648 109 96 62
-47.5000 47.0000 -19.4521 117 101 68
-46.5000 47.0000 -19.1114 122 103 71
-45.5000 47.0000 -18.8369 127 104 73
-44.5000 47.0000 -18.6176 128 103 72
-43.5000 47.0000 -18.4378 136 111 80
-42.5000 47.0000 -18.2790 133 110 76
-41.5000 47.0000 -18.1224 128 105 71
-40.5000 47.0000 -17.9521 122 102 67
-39.5000 47.0000 -17.7582 120 102 66
-38.5000 47.0000 -17.5388 124 109 70
-37.5000 47.0000 -17.2999 134 119 80
-36.5000 47.0000 -17.0529 143 127 91
-35.5000 47.0000 -16.8112 149 130 97
-34.5000 47.0000 -16.5868 154 133 102
-33.5000 47.0000 -16.3880 157 136 105
-32.5000 47.0000 -16.2184 159 138 107
-31.5000 47.0000 -16.0783 158 137 106
-30.5000 47.0000 -15.9653 159 138 107
-29.5000 47.0000 -15.8760 162 141 110
-28.5000 47.0000 -15.8068 165 144 113
-27.5000 47.0000 -15.7548 162 141 110
-26.5000 47.0000 -15.7180 162 141 110
-25.5000 47.0000 -15.6946 167 146 115
-24.5000 47.0000 -15.6830 170 149 118
-23.5000 47.0000 -15.6812 164 143 112
-22.5000 47.0000 -15.6876 156 135 104
-21.5000 47.0000 -15.7013 158 137 106
-20.5000 47.0000 -15.7232 166 146 113
-19.5000 47.0000 -15.7552 169 145 111
-18.5000 47.0000 -15.8001 168 144 108
-17.5000 47.0000 -15.8601 166 142 108
-16.5000 47.0000 -15.9356 162 139 105
-15.5000 47.0000 -16.0255 159 136 102
-14.5000 47.0000 -16.1270 157 134 100
-13.5000 47.0000 -16.2368 155 132 100
-12.5000 47.0000 -16.3518 152 132 99
-11.5000 47.0000 -16.4699 149 128 97
-10.5000 47.0000 -16.5904 148 129 97
-9.5000 47.0000 -16.7138 147 128 96
-8.5000 47.0000 -16.8415 146 127 95
-7.5000 47.0000 -16.9750 143 124 94
-6.5000 47.0000 -17.1151 137 120 90
-5.5000 47.0000 -17.2615 134 117 87
-4.5000 47.0000 -17.4131 132 115 85
-3.5000 47.0000 -17.5686 129 114 83
-2.5000 47.0000 -17.7277 131 116 85
-1.5000 47.0000 -17.8917 131 116 85
-0.5000 47.0000 -18.0631 128 113 82
0.5000 47.0000 -18.2455 123 108 79
1.5000 47.0000 -18.4423 120 105 76
2.5000 47.0000 -18.6566 120 105 76
3.5000 47.0000 -18.8899 121 106 77
4.5000 47.0000 -19.1429 110 94 68
5.5000 47.0000 -19.4155 108 92 66
6.5000 47.0000 -19.7081 108 92 67
7.5000 47.0000 -20.0214 108 92 67
8.5000 47.0000 -20.3575 107 91 66
9.5000 47.0000 -20.7185 102 86 61
10.5000 47.0000 -21.1072 95 79 56
11.5000 47.0000 -21.5263 88 73 50
12.5000 47.0000 -21.9792 94 82 60
13.5000 47.0000 -22.4700 86 78 57
14.5000 47.0000 -23.0036 79 73 51
15.5000 47.0000 -23.5865 73 68 46
16.5000 47.0000 -24.2273 69 64 44
17.5000 47.0000 -24.9381 61 60 39
18.5000 47.0000 -25.7349 55 54 34
19.5000 47.0000 -26.6382 48 50 29
20.5000 47.0000 -27.6716 54 56 35
21.5000 47.0000 -28.8576 50 52 31
22.5000 47.0000 -30.2111 48 45 28
23.5000 47.0000 -31.7322 45 42 25
24.5000 47.0000 -33.3975 45 37 24
25.5000 47.0000 -35.1573 42 34 21
26.5000 47.0000 -36.9387 38 28 16
27.5000 47.0000 -38.6575 34 24 12
28.5000 47.0000 -40.2359 27 23 11
29.5000 47.0000 -41.6202 24 22 9
30.5000 47.0000 -42.7936 22 20 7
31.5000 47.0000 -43.7794 22 20 7
32.5000 47.0000 -44.6352 24 22 10
33.5000 47.0000 -45.4398 25 23 11
34.5000 47.0000 -46.2776 22 20 8
35.5000 47.0000 -47.2237 20 18 6
36.5000 47.0000 -48.3336 22 19 10
37.5000 47.0000 -49.6384 20 17 8
38.5000 47.0000 -51.1452 17 14 7
39.5000 47.0000 -52.8394 17 14 7
40.5000 47.0000 -54.6870 18 15 8
41.5000 47.0000 -56.6393 18 15 8
-83.5000 46.0000 -65.2060 13 14 8
-82.5000 46.0000 -59.6202 13 14 8
-81.5000 46.0000 -55.9539 13 14 8
-80.5000 46.0000 -53.6931 13 16 9
-79.5000 46.0000 -52.3701 13 16 9
-78.5000 46.0000 -51.6217 11 16 9
-77.5000 46.0000 -51.1968 12 17 10
-76.5000 46.0000 -50.9340 12 17 10
-74.5000 46.0000 -50.5076 9 16 8
-73.5000 46.0000 -50.2013 12 19 11
-72.5000 46.0000 -49.7402 12 19 11
-71.5000 46.0000 -49.0520 9 16 8
-70.5000 46.0000 -48.0729 8 15 7
-69.5000 46.0000 -46.7631 9 16 8
-68.5000 46.0000 -45.1221 12 17 10
-67.5000 46.0000 -43.1948 16 19 12
-66.5000 46.0000 -41.0672 22 25 16
-65.5000 46.0000 -38.8503 29 32 23
-64.5000 46.0000 -36.6586 33 36 25
-63.5000 46.0000 -34.5882 36 38 27
-62.5000 46.0000 -32.7026 37 39 26
-61.5000 46.0000 -31.0280 39 40 26
-60.5000 46.0000 -29.5599 43 41 26
-59.5000 46.0000 -28.2742 49 47 32
-58.5000 46.0000 -27.1391 56 53 36
-57.5000 46.0000 -26.1234 65 60 41
-56.5000 46.0000 -25.1998 67 62 42
-55.5000 46.0000 -24.3465 67 60 41
-54.5000 46.0000 -23.5471 68 62 40
-53.5000 46.0000 -22.7910 75 69 47
-52.5000 46.0000 -22.0741 83 76 50
-51.5000 46.0000 -21.3982 92 81 53
-50.5000 46.0000 -20.7700 97 84 52
-49.5000 46.0000 -20.1986 105 90 59
-48.5000 46.0000 -19.6925 111 96 63
-47.5000 46.0000 -19.2574 120 101 69
-46.5000 46.0000 -18.8945 124 104 71
-45.5000 46.0000 -18.5996 128 105 73
-44.5000 46.0000 -18.3630 129 106 72
-43.5000 46.0000 -18.1708 134 111 77
-42.5000 46.0000 -18.0055 134 112 75
-41.5000 46.0000 -17.8489 132 112 75
-40.5000 46.0000 -17.6847 130 110 73
-39.5000 46.0000 -17.5017 128 110 72
-38.5000 46.0000 -17.2959 128 113 74
-37.5000 46.0000 -17.0709 135 120 81
-36.5000 46.0000 -16.8364 141 126 87
-35.5000 46.0000 -16.6046 156 136 101
-34.5000 46.0000 -16.3871 161 138 106
-33.5000 46.0000 -16.1927 164 141 109
-32.5000 46.0000 -16.0257 165 142 110
-31.5000 46.0000 -15.8869 164 141 109
-30.5000 46.0000 -15.7744 165 142 110
-29.5000 46.0000 -15.6850 170 147 115
-28.5000 46.0000 -15.6152 174 151 119
-27.5000 46.0000 -15.5624 171 148 116
-26.5000 46.0000 -15.5244 171 148 116
-25.5000 46.0000 -15.5001 173 153 120
-24.5000 46.0000 -15.4880 175 155 122
-23.5000 46.0000 -15.4866 166 147 114
-22.5000 46.0000 -15.4942 156 137 104
-21.5000 46.0000 -15.5095 156 137 104
-20.5000 46.0000 -15.5325 165 145 110
-19.5000 46.0000 -15.5647 171 149 112
-18.5000 46.0000 -15.6083 171 147 109
-17.5000 46.0000 -15.6653 169 145 109
-16.5000 46.0000 -15.7365 165 143 106
-15.5000 46.0000 -15.8214 163 141 104
-14.5000 46.0000 -15.9177 160 138 101
-13.5000 46.0000 -16.0228 158 135 101
-12.5000 46.0000 -16.1343 155 135 100
-11.5000 46.0000 -16.2505 150 130 97
-10.5000 46.0000 -16.3710 149 130 97
-9.5000 46.0000 -16.4966 148 129 97
-8.5000 46.0000 -16.6290 147 128 96
-7.5000 46.0000 -16.7695 143 124 94
-6.5000 46.0000 -16.9186 137 120 90
-5.5000 46.0000 -17.0751 133 116 86
-4.5000 46.0000 -17.2371 130 113 83
-3.5000 46.0000 -17.4025 133 116 86
-2.5000 46.0000 -17.5702 135 118 88
-1.5000 46.0000 -17.7409 135 118 88
-0.5000 46.0000 -17.9170 132 115 85
0.5000 46.0000 -18.1019 126 109 81
1.5000 46.0000 -18.2993 123 106 78
2.5000 46.0000 -18.5123 122 107 78
3.5000 46.0000 -18.7428 124 109 80
4.5000 46.0000 -18.9919 111 95 69
5.5000 46.0000 -19.2599 110 94 68
6.5000 46.0000 -19.5472 110 96 70
7.5000 46.0000 -19.8543 111 97 71
8.5000 46.0000 -20.1826 110 96 70
9.5000 46.0000 -20.5333 105 91 65
10.5000 46.0000 -20.9085 96 81 58
11.5000 46.0000 -21.3106 87 75 51
12.5000 46.0000 -21.7425 82 74 51
13.5000 46.0000 -22.2083 78 72 48
14.5000 46.0000 -22.7126 74 68 46
15.5000 46.0000 -23.2610 72 67 45
16.5000 46.0000 -23.8607 70 68 47
17.5000 46.0000 -24.5222 68 65 46
18.5000 46.0000 -25.2601 64 63 43
19.5000 46.0000 -26.0941 61 60 42
20.5000 46.0000 -27.0479 58 57 39
21.5000 46.0000 -28.1464 54 53 35
22.5000 46.0000 -29.4094 50 47 30
23.5000 46.0000 -30.8446 49 43 29
24.5000 46.0000 -32.4389 48 40 27
25.5000 46.0000 -34.1525 44 36 23
26.5000 46.0000 -35.9196 41 32 17
27.5000 46.0000 -37.6566 37 27 15
28.5000 46.0000 -39.2785 33 27 15
29.5000 46.0000 -40.7186 30 24 12
30.5000 46.0000 -41.9451 27 20 10
31.5000 46.0000 -42.9693 26 22 11
32.5000 46.0000 -43.8432 28 24 13
33.5000 46.0000 -44.6465 29 25 16
34.5000 46.0000 -45.4691 26 22 13
35.5000 46.0000 -46.3931 22 19 10
36.5000 46.0000 -47.4799 23 20 11
37.5000 46.0000 -48.7641 20 17 10
38.5000 46.0000 -50.2528 18 15 8
39.5000 46.0000 -51.9284 16 15 10
40.5000 46.0000 -53.7519 17 16 11
41.5000 46.0000 -55.6693 17 16 11
-86.5000 45.0000 -86.8350 10 15 9
-85.5000 45.0000 -75.6469 12 15 8
-83.5000 45.0000 -60.4999 17 18 13
-82.5000 45.0000 -56.0940 14 15 10
-78.5000 45.0000 -49.5731 8 15 8
-77.5000 45.0000 -49.1234 11 18 11
-76.5000 45.0000 -48.8316 14 21 14
-75.5000 45.0000 -48.6355 13 20 13
-74.5000 45.0000 -48.4816 12 19 12
-73.5000 45.0000 -48.3088 11 18 11
-72.5000 45.0000 -48.0432 9 16 9
-71.5000 45.0000 -47.6021 10 15 9
-70.5000 45.0000 -46.9068 12 14 9
-69.5000 45.0000 -45.8985 13 15 10
-68.5000 45.0000 -44.5535 14 15 10
-67.5000 45.0000 -42.8924 15 14 10
-66.5000 45.0000 -40.9800 21 18 13
-65.5000 45.0000 -38.9140 26 23 18
-64.5000 45.0000 -36.8066 29 26 19
-63.5000 45.0000 -34.7621 32 29 20
-62.5000 45.0000 -32.8592 37 35 23
-61.5000 45.0000 -31.1424 44 42 29
-60.5000 45.0000 -29.6231 51 48 33
-59.5000 45.0000 -28.2888 50 47 32
-58.5000 45.0000 -27.1140 53 47 31
-57.5000 45.0000 -26.0692 56 51 32
-56.5000 45.0000 -25.1265 60 55 35
-55.5000 45.0000 -24.2612 64 59 37
-54.5000 45.0000 -23.4539 68 64 39
-53.5000 45.0000 -22.6914 71 67 42
-52.5000 45.0000 -21.9671 74 67 41
-51.5000 45.0000 -21.2816 102 86 61
-50.5000 45.0000 -20.6407 102 82 57
-49.5000 45.0000 -20.0535 107 87 60
-48.5000 45.0000 -19.5292 118 99 69
-47.5000 45.0000 -19.0743 124 105 73
-46.5000 45.0000 -18.6910 123 104 71
-45.5000 45.0000 -18.3764 126 106 71
-44.5000 45.0000 -18.1226 133 113 76
-43.5000 45.0000 -17.9168 131 113 73
-42.5000 45.0000 -17.7433 132 114 74
-41.5000 45.0000 -17.5847 131 113 73
-40.5000 45.0000 -17.4249 128 113 72
-39.5000 45.0000 -17.2518 128 113 72
-38.5000 45.0000 -17.0595 130 117 75
-37.5000 45.0000 -16.8496 136 123 81
-36.5000 45.0000 -16.6292 143 128 87
-35.5000 45.0000 -16.4093 156 137 97
-34.5000 45.0000 -16.2007 160 136 98
-33.5000 45.0000 -16.0122 162 138 100
-32.5000 45.0000 -15.8487 166 142 104
-31.5000 45.0000 -15.7116 171 145 108
-30.5000 45.0000 -15.5997 175 149 112
-29.5000 45.0000 -15.5099 179 153 116
-28.5000 45.0000 -15.4392 181 155 118
-27.5000 45.0000 -15.3848 174 150 112
-26.5000 45.0000 -15.3450 174 150 112
-25.5000 45.0000 -15.3188 173 151 112
-24.5000 45.0000 -15.3054 173 155 115
-23.5000 45.0000 -15.3036 173 158 117
-22.5000 45.0000 -15.3118 171 156 115
-21.5000 45.0000 -15.3285 164 151 109
-20.5000 45.0000 -15.3531 160 145 104
-19.5000 45.0000 -15.3862 166 147 105
-18.5000 45.0000 -15.4296 169 150 107
-17.5000 45.0000 -15.4850 170 151 108
-16.5000 45.0000 -15.5533 168 149 106
-15.5000 45.0000 -15.6343 165 146 104
-14.5000 45.0000 -15.7268 162 145 102
-13.5000 45.0000 -15.8285 163 145 105
-12.5000 45.0000 -15.9377 164 149 110
-11.5000 45.0000 -16.0531 158 142 106
-10.5000 45.0000 -16.1746 154 138 102
-9.5000 45.0000 -16.3033 151 135 101
-8.5000 45.0000 -16.4407 151 137 102
-7.5000 45.0000 -16.5884 153 138 105
-6.5000 45.0000 -16.7463 150 135 102
-5.5000 45.0000 -16.9128 141 126 93
-4.5000 45.0000 -17.0852 134 117 87
-3.5000 45.0000 -17.2602 139 118 91
-2.5000 45.0000 -17.4362 142 118 92
-1.5000 45.0000 -17.6130 140 119 92
-0.5000 45.0000 -17.7927 135 114 87
0.5000 45.0000 -17.9789 127 107 82
1.5000 45.0000 -18.1756 122 102 77
2.5000 45.0000 -18.3863 119 102 76
3.5000 45.0000 -18.6139 120 104 78
4.5000 45.0000 -18.8598 113 97 72
5.5000 45.0000 -19.1248 111 97 71
6.5000 45.0000 -19.4090 107 95 71
7.5000 45.0000 -19.7124 104 94 69
8.5000 45.0000 -20.0351 101 91 66
9.5000 45.0000 -20.3772 97 90 64
10.5000 45.0000 -20.7398 95 87 64
11.5000 45.0000 -21.1251 93 87 63
12.5000 45.0000 -21.5364 88 82 56
13.5000 45.0000 -21.9783 86 80 54
14.5000 45.0000 -22.4555 81 75 51
15.5000 45.0000 -22.9735 77 70 51
16.5000 45.0000 -23.5385 73 66 48
17.5000 45.0000 -24.1594 70 63 47
18.5000 45.0000 -24.8489 69 61 48
19.5000 45.0000 -25.6252 69 61 48
20.5000 45.0000 -26.5115 65 57 46
21.5000 45.0000 -27.5336 61 53 42
22.5000 45.0000 -28.7155 58 48 38
23.5000 45.0000 -30.0722 55 45 33
24.5000 45.0000 -31.6003 54 42 30
25.5000 45.0000 -33.2708 49 37 23
26.5000 45.0000 -35.0256 43 31 15
27.5000 45.0000 -36.7835 38 26 12
28.5000 45.0000 -38.4545 36 23 14
29.5000 45.0000 -39.9604 27 14 6
30.5000 45.0000 -41.2551 28 15 9
31.5000 45.0000 -42.3369 29 18 12
32.5000 45.0000 -43.2494 24 15 8
33.5000 45.0000 -44.0704 28 19 14
34.5000 45.0000 -44.8927 30 23 17
35.5000 45.0000 -45.8047 21 16 10
36.5000 45.0000 -46.8746 22 19 12
37.5000 45.0000 -48.1417 20 17 12
-81.5000 44.0000 -50.9895 13 15 12
-80.5000 44.0000 -49.4882 13 18 14
-79.5000 44.0000 -48.4705 14 19 15
-78.5000 44.0000 -47.7548 13 19 15
-77.5000 44.0000 -47.2472 10 19 14
-76.5000 44.0000 -46.9036 9 18 13
-75.5000 44.0000 -46.6956 12 21 16
-74.5000 44.0000 -46.5861 11 20 15
-73.5000 44.0000 -46.5173 12 18 14
-72.5000 44.0000 -46.4113 11 17 13
-71.5000 44.0000 -46.1775 13 15 12
-70.5000 44.0000 -45.7268 13 15 12
-69.5000 44.0000 -44.9867 15 15 13
-68.5000 44.0000 -43.9157 16 16 14
-66.5000 44.0000 -40.8226 19 15 12
-65.5000 44.0000 -38.9252 25 22 17
-64.5000 44.0000 -36.9251 30 27 20
-63.5000 44.0000 -34.9292 35 32 25
-62.5000 44.0000 -33.0271 40 36 25
-61.5000 44.0000 -31.2789 44 40 29
-60.5000 44.0000 -29.7120 47 44 29
-59.5000 44.0000 -28.3269 54 48 34
-58.5000 44.0000 -27.1065 56 51 32
-57.5000 44.0000 -26.0255 59 54 35
-56.5000 44.0000 -25.0564 64 58 36
-55.5000 44.0000 -24.1733 68 62 40
-54.5000 44.0000 -23.3544 72 66 42
-53.5000 44.0000 -22.5838 75 69 43
-52.5000 44.0000 -21.8527 80 70 45
-51.5000 44.0000 -21.1596 102 84 60
-50.5000 44.0000 -20.5092 104 82 58
-49.5000 44.0000 -19.9097 109 87 63
-48.5000 44.0000 -19.3704 119 98 69
-47.5000 44.0000 -18.8984 124 105 73
-46.5000 44.0000 -18.4969 124 106 70
-45.5000 44.0000 -18.1642 127 109 73
-44.5000 44.0000 -17.8937 133 115 75
-43.5000 44.0000 -17.6745 133 118 77
-42.5000 44.0000 -17.4922 134 119 76
-41.5000 44.0000 -17.3308 134 119 76
-40.5000 44.0000 -17.1746 133 118 75
-39.5000 44.0000 -17.0111 132 119 77
-38.5000 44.0000 -16.8328 135 122 80
-37.5000 44.0000 -16.6389 141 128 86
-36.5000 44.0000 -16.4344 147 132 91
-35.5000 44.0000 -16.2282 161 139 98
-34.5000 44.0000 -16.0301 164 141 100
-33.5000 44.0000 -15.8487 168 143 103
-32.5000 44.0000 -15.6894 171 146 106
-31.5000 44.0000 -15.5544 177 149 110
-30.5000 44.0000 -15.4429 180 152 113
-29.5000 44.0000 -15.3525 182 154 115
-28.5000 44.0000 -15.2802 183 155 116
-27.5000 44.0000 -15.2234 179 151 112
-26.5000 44.0000 -15.1808 177 152 112
-25.5000 44.0000 -15.1516 176 154 113
-24.5000 44.0000 -15.1357 176 157 115
-23.5000 44.0000 -15.1325 175 160 117
-22.5000 44.0000 -15.1406 172 159 115
-21.5000 44.0000 -15.1585 167 154 110
-20.5000 44.0000 -15.1851 162 149 104
-19.5000 44.0000 -15.2201 174 157 111
-18.5000 44.0000 -15.2645 177 159 113
-17.5000 44.0000 -15.3197 178 160 114
-16.5000 44.0000 -15.3865 176 158 112
-15.5000 44.0000 -15.4651 172 153 110
-14.5000 44.0000 -15.5547 169 152 108
-13.5000 44.0000 -15.6541 170 153 110
-12.5000 44.0000 -15.7618 169 154 113
-11.5000 44.0000 -15.8771 157 142 103
-10.5000 44.0000 -16.0001 155 140 101
-9.5000 44.0000 -16.1320 152 136 100
-8.5000 44.0000 -16.2746 152 138 103
-7.5000 44.0000 -16.4290 153 138 105
-6.5000 44.0000 -16.5952 150 135 102
-5.5000 44.0000 -16.7711 142 127 94
-4.5000 44.0000 -16.9530 137 120 90
-3.5000 44.0000 -17.1370 139 115 89
-2.5000 44.0000 -17.3202 140 114 91
-1.5000 44.0000 -17.5018 138 114 90
-0.5000 44.0000 -17.6837 135 111 87
0.5000 44.0000 -17.8696 129 107 84
1.5000 44.0000 -18.0640 125 105 81
2.5000 44.0000 -18.2716 122 104 80
3.5000 44.0000 -18.4959 121 105 80
4.5000 44.0000 -18.7394 113 97 74
5.5000 44.0000 -19.0029 109 97 73
6.5000 44.0000 -19.2862 107 95 73
7.5000 44.0000 -19.5882 102 91 69
8.5000 44.0000 -19.9073 97 89 66
9.5000 44.0000 -20.2423 93 87 63
10.5000 44.0000 -20.5935 91 85 63
11.5000 44.0000 -20.9627 88 84 59
12.5000 44.0000 -21.3543 88 82 56
13.5000 44.0000 -21.7736 85 79 53
14.5000 44.0000 -22.2263 81 75 51
15.5000 44.0000 -22.7182 77 70 51
16.5000 44.0000 -23.2547 74 65 48
17.5000 44.0000 -23.8433 71 62 47
18.5000 44.0000 -24.4948 70 60 48
19.5000 44.0000 -25.2251 70 60 50
20.5000 44.0000 -26.0561 67 54 46
21.5000 44.0000 -27.0139 64 51 42
22.5000 44.0000 -28.1255 60 47 38
23.5000 44.0000 -29.4119 57 45 33
24.5000 44.0000 -30.8786 56 42 29
25.5000 44.0000 -32.5065 52 39 23
26.5000 44.0000 -34.2460 45 32 16
27.5000 44.0000 -36.0198 41 28 12
28.5000 44.0000 -37.7358 40 23 16
29.5000 44.0000 -39.3078 29 14 9
30.5000 44.0000 -40.6772 30 15 10
31.5000 44.0000 -41.8296 31 18 12
32.5000 44.0000 -42.7978 25 14 10
33.5000 44.0000 -43.6542 28 19 14
34.5000 44.0000 -44.4915 31 21 19
35.5000 44.0000 -45.4028 21 16 12
36.5000 44.0000 -46.4630 24 19 15
37.5000 44.0000 -47.7180 23 20 15
38.5000 44.0000 -49.1806 20 19 15
39.5000 44.0000 -50.8315 17 18 13
40.5000 44.0000 -52.6251 14 16 13
41.5000 44.0000 -54.4988 12 14 11
-86.5000 43.0000 -71.9612 10 15 8
-85.5000 43.0000 -63.7858 11 17 7
-84.5000 43.0000 -57.8692 12 17 10
-82.5000 43.0000 -51.0473 13 14 9
-81.5000 43.0000 -49.2040 15 17 12
-80.5000 43.0000 -47.9104 15 20 14
-79.5000 43.0000 -46.9443 17 22 16
-78.5000 43.0000 -46.1925 16 23 16
-77.5000 43.0000 -45.6166 14 24 16
-76.5000 43.0000 -45.2131 13 23 15
-75.5000 43.0000 -44.9785 14 24 16
-74.5000 43.0000 -44.8877 13 23 15
-73.5000 43.0000 -44.8860 14 21 14
-72.5000 43.0000 -44.8932 12 19 12
-71.5000 43.0000 -44.8148 15 17 12
-70.5000 43.0000 -44.5564 15 17 12
-69.5000 43.0000 -44.0378 17 18 13
-68.5000 43.0000 -43.2054 17 18 13
-67.5000 43.0000 -42.0414 13 14 9
-66.5000 43.0000 -40.5694 15 16 11
-65.5000 43.0000 -38.8518 20 21 15
-64.5000 43.0000 -36.9804 27 28 20
-63.5000 43.0000 -35.0579 35 35 27
-62.5000 43.0000 -33.1794 41 39 27
-61.5000 43.0000 -31.4166 42 40 28
-60.5000 43.0000 -29.8113 42 39 24
-59.5000 43.0000 -28.3774 56 50 36
-58.5000 43.0000 -27.1084 58 53 34
-57.5000 43.0000 -25.9853 62 55 37
-56.5000 43.0000 -24.9835 67 59 38
-55.5000 43.0000 -24.0772 72 64 43
-54.5000 43.0000 -23.2433 76 68 45
-53.5000 43.0000 -22.4635 81 71 46
-52.5000 43.0000 -21.7266 84 72 48
-51.5000 43.0000 -21.0284 102 84 60
-50.5000 43.0000 -20.3718 104 84 59
-49.5000 43.0000 -19.7638 110 90 65
-48.5000 43.0000 -19.2131 119 100 70
-47.5000 43.0000 -18.7272 125 106 74
-46.5000 43.0000 -18.3100 127 109 73
-45.5000 43.0000 -17.9611 131 113 77
-44.5000 43.0000 -17.6755 135 117 77
-43.5000 43.0000 -17.4437 137 122 81
-42.5000 43.0000 -17.2532 139 124 81
-41.5000 43.0000 -17.0891 140 125 82
-40.5000 43.0000 -16.9367 140 125 82
-39.5000 43.0000 -16.7830 140 125 84
-38.5000 43.0000 -16.6192 143 128 87
-37.5000 43.0000 -16.4423 147 134 92
-36.5000 43.0000 -16.2547 153 138 97
-35.5000 43.0000 -16.0632 164 142 101
-34.5000 43.0000 -15.8766 169 144 104
-33.5000 43.0000 -15.7029 175 147 108
-32.5000 43.0000 -15.5482 179 151 112
-31.5000 43.0000 -15.4152 183 153 115
-30.5000 43.0000 -15.3039 184 154 116
-29.5000 43.0000 -15.2123 184 154 116
-28.5000 43.0000 -15.1376 183 155 116
-27.5000 43.0000 -15.0776 182 154 115
-26.5000 43.0000 -15.0311 180 155 115
-25.5000 43.0000 -14.9980 181 158 117
-24.5000 43.0000 -14.9787 182 160 119
-23.5000 43.0000 -14.9733 181 164 121
-22.5000 43.0000 -14.9808 176 161 118
-21.5000 43.0000 -14.9997 171 158 114
-20.5000 43.0000 -15.0285 168 154 109
-19.5000 43.0000 -15.0661 181 163 117
-18.5000 43.0000 -15.1127 184 163 116
-17.5000 43.0000 -15.1688 183 162 117
-16.5000 43.0000 -15.2354 181 160 115
-15.5000 43.0000 -15.3126 177 156 113
-14.5000 43.0000 -15.4003 175 154 111
-13.5000 43.0000 -15.4979 175 153 112
-12.5000 43.0000 -15.6046 173 154 114
-11.5000 43.0000 -15.7201 159 139 102
-10.5000 43.0000 -15.8449 158 140 102
-9.5000 43.0000 -15.9802 157 139 103
-8.5000 43.0000 -16.1276 155 139 103
-7.5000 43.0000 -16.2883 154 138 104
-6.5000 43.0000 -16.4620 150 134 100
-5.5000 43.0000 -16.6462 146 130 97
-4.5000 43.0000 -16.8365 144 125 95
-3.5000 43.0000 -17.0280 138 114 88
-2.5000 43.0000 -17.2168 137 111 86
-1.5000 43.0000 -17.4016 134 110 86
-0.5000 43.0000 -17.5839 133 109 85
0.5000 43.0000 -17.7676 131 109 85
1.5000 43.0000 -17.9584 129 109 84
2.5000 43.0000 -18.1618 125 107 83
3.5000 43.0000 -18.3828 122 106 81
4.5000 43.0000 -18.6243 115 99 76
5.5000 43.0000 -18.8876 110 98 74
6.5000 43.0000 -19.1715 107 95 71
7.5000 43.0000 -19.4736 102 92 67
8.5000 43.0000 -19.7905 96 88 65
9.5000 43.0000 -20.1196 91 85 61
10.5000 43.0000 -20.4600 88 82 58
11.5000 43.0000 -20.8139 86 80 56
12.5000 43.0000 -21.1865 88 81 55
13.5000 43.0000 -21.5847 86 79 53
14.5000 43.0000 -22.0154 83 75 52
15.5000 43.0000 -22.4849 78 70 51
16.5000 43.0000 -22.9984 75 66 49
17.5000 43.0000 -23.5618 72 63 48
18.5000 43.0000 -24.1839 70 60 48
19.5000 43.0000 -24.8783 69 59 49
20.5000 43.0000 -25.6650 66 53 44
21.5000 43.0000 -26.5696 63 50 41
22.5000 43.0000 -27.6209 60 47 38
23.5000 43.0000 -28.8444 58 46 34
24.5000 43.0000 -30.2529 56 44 30
25.5000 43.0000 -31.8359 52 40 24
26.5000 43.0000 -33.5522 47 35 19
27.5000 43.0000 -35.3303 42 30 14
28.5000 43.0000 -37.0793 38 23 16
29.5000 43.0000 -38.7090 30 15 10
30.5000 43.0000 -40.1520 31 16 11
31.5000 43.0000 -41.3818 32 19 13
32.5000 43.0000 -42.4194 25 14 10
33.5000 43.0000 -43.3283 27 18 13
34.5000 43.0000 -44.1978 31 22 17
35.5000 43.0000 -45.1234 21 16 10
36.5000 43.0000 -46.1866 21 16 12
37.5000 43.0000 -47.4413 21 18 13
38.5000 43.0000 -48.9061 21 20 16
39.5000 43.0000 -50.5647 20 21 16
40.5000 43.0000 -52.3703 18 20 15
41.5000 43.0000 -54.2580 15 17 12
42.5000 43.0000 -56.1606 10 15 11
-87.5000 42.0000 -76.1458 10 15 8
-86.5000 42.0000 -66.6811 14 19 12
-85.5000 42.0000 -59.7051 18 24 14
-84.5000 42.0000 -54.8275 20 26 16
-83.5000 42.0000 -51.5392 19 20 15
-82.5000 42.0000 -49.3363 17 18 13
-81.5000 42.0000 -47.8019 14 16 11
-80.5000 42.0000 -46.6450 11 16 10
-79.5000 42.0000 -45.7011 13 18 12
-78.5000 42.0000 -44.9078 16 23 16
-77.5000 42.0000 -44.2662 19 29 21
-76.5000 42.0000 -43.8003 23 33 25
-75.5000 42.0000 -43.5243 16 26 18
-74.5000 42.0000 -43.4224 15 25 17
-73.5000 42.0000 -43.4441 15 22 15
-72.5000 42.0000 -43.5105 14 21 14
-71.5000 42.0000 -43.5281 17 19 14
-70.5000 42.0000 -43.4026 17 19 14
-69.5000 42.0000 -43.0516 19 20 15
-68.5000 42.0000 -42.4145 19 20 15
-67.5000 42.0000 -41.4609 16 18 13
-66.5000 42.0000 -40.1966 13 18 12
-65.5000 42.0000 -38.6650 15 20 13
-64.5000 42.0000 -36.9412 23 26 17
-63.5000 42.0000 -35.1185 33 34 26
-62.5000 42.0000 -33.2906 39 39 27
-61.5000 42.0000 -31.5355 40 40 28
-60.5000 42.0000 -29.9065 41 39 24
-59.5000 42.0000 -28.4307 54 51 36
-58.5000 42.0000 -27.1133 59 52 34
-57.5000 42.0000 -25.9442 64 55 38
-56.5000 42.0000 -24.9042 70 59 39
-55.5000 42.0000 -23.9700 75 64 44
-54.5000 42.0000 -23.1180 80 68 46
-53.5000 42.0000 -22.3283 84 72 48
-52.5000 42.0000 -21.5867 87 72 49
-51.5000 42.0000 -20.8863 101 83 59
-50.5000 42.0000 -20.2272 106 86 61
-49.5000 42.0000 -19.6147 112 92 67
-48.5000 42.0000 -19.0564 120 101 71
-47.5000 42.0000 -18.5600 127 108 76
-46.5000 42.0000 -18.1301 131 113 77
-45.5000 42.0000 -17.7675 135 117 81
-44.5000 42.0000 -17.4688 138 120 80
-43.5000 42.0000 -17.2261 140 125 84
-42.5000 42.0000 -17.0285 142 127 84
-41.5000 42.0000 -16.8627 145 130 87
-40.5000 42.0000 -16.7146 146 131 88
-39.5000 42.0000 -16.5711 145 130 89
-38.5000 42.0000 -16.4221 147 132 91
-37.5000 42.0000 -16.2622 150 137 95
-36.5000 42.0000 -16.0916 157 139 99
-35.5000 42.0000 -15.9150 166 143 102
-34.5000 42.0000 -15.7398 170 145 105
-33.5000 42.0000 -15.5738 177 149 110
-32.5000 42.0000 -15.4234 181 153 114
-31.5000 42.0000 -15.2920 185 155 117
-30.5000 42.0000 -15.1803 185 155 117
-29.5000 42.0000 -15.0868 184 154 116
-28.5000 42.0000 -15.0091 183 153 115
-27.5000 42.0000 -14.9452 185 155 117
-26.5000 42.0000 -14.8943 186 158 119
-25.5000 42.0000 -14.8568 187 162 122
-24.5000 42.0000 -14.8336 188 165 124
-23.5000 42.0000 -14.8254 186 167 125
-22.5000 42.0000 -14.8319 182 165 122
-21.5000 42.0000 -14.8515 176 161 118
-20.5000 42.0000 -14.8825 176 159 115
-19.5000 42.0000 -14.9231 183 160 116
-18.5000 42.0000 -14.9725 183 159 113
-17.5000 42.0000 -15.0305 182 158 114
-16.5000 42.0000 -15.0976 178 155 111
-15.5000 42.0000 -15.1741 176 151 110
-14.5000 42.0000 -15.2604 173 150 108
-13.5000 42.0000 -15.3566 172 149 108
-12.5000 42.0000 -15.4626 170 148 107
-11.5000 42.0000 -15.5786 162 140 101
-10.5000 42.0000 -15.7054 161 141 104
-9.5000 42.0000 -15.8442 162 142 107
-8.5000 42.0000 -15.9966 160 140 105
-7.5000 42.0000 -16.1634 157 137 104
-6.5000 42.0000 -16.3440 153 134 101
-5.5000 42.0000 -16.5354 151 130 99
-4.5000 42.0000 -16.7325 150 129 98
-3.5000 42.0000 -16.9298 141 117 91
-2.5000 42.0000 -17.1223 137 113 87
-1.5000 42.0000 -17.3082 134 110 86
-0.5000 42.0000 -17.4888 131 109 85
0.5000 42.0000 -17.6687 132 112 87
1.5000 42.0000 -17.8544 131 111 86
2.5000 42.0000 -18.0528 126 108 84
3.5000 42.0000 -18.2701 121 105 80
4.5000 42.0000 -18.5099 118 102 79
5.5000 42.0000 -18.7734 116 101 78
6.5000 42.0000 -19.0587 110 98 74
7.5000 42.0000 -19.3614 104 94 69
8.5000 42.0000 -19.6765 99 88 66
9.5000 42.0000 -19.9997 93 85 62
10.5000 42.0000 -20.3294 89 81 58
11.5000 42.0000 -20.6683 86 80 56
12.5000 42.0000 -21.0226 88 81 55
13.5000 42.0000 -21.4010 87 80 54
14.5000 42.0000 -21.8118 84 76 53
15.5000 42.0000 -22.2620 80 72 51
16.5000 42.0000 -22.7564 76 68 49
17.5000 42.0000 -23.2998 73 64 47
18.5000 42.0000 -23.8988 70 60 48
19.5000 42.0000 -24.5647 69 59 49
20.5000 42.0000 -25.3154 66 53 44
21.5000 42.0000 -26.1755 63 50 41
22.5000 42.0000 -27.1745 60 48 36
23.5000 42.0000 -28.3407 58 46 34
24.5000 42.0000 -29.6922 57 45 31
25.5000 42.0000 -31.2254 54 42 28
26.5000 42.0000 -32.9072 49 37 21
27.5000 42.0000 -34.6734 44 32 18
28.5000 42.0000 -36.4380 38 24 15
29.5000 42.0000 -38.1111 30 17 11
30.5000 42.0000 -39.6203 32 19 13
31.5000 42.0000 -40.9290 31 20 14
32.5000 42.0000 -42.0459 25 14 10
33.5000 42.0000 -43.0229 26 17 12
34.5000 42.0000 -43.9431 30 23 17
35.5000 42.0000 -44.9022 22 17 11
36.5000 42.0000 -45.9877 18 13 9
37.5000 42.0000 -47.2619 17 14 9
38.5000 42.0000 -48.7512 16 15 11
39.5000 42.0000 -50.4430 16 15 11
40.5000 42.0000 -52.2909 14 15 10
41.5000 42.0000 -54.2270 12 14 9
-87.5000 41.0000 -70.9257 11 16 9
-86.5000 41.0000 -62.5379 15 20 13
-85.5000 41.0000 -56.5733 18 24 14
-84.5000 41.0000 -52.5279 20 26 16
-83.5000 41.0000 -49.8482 19 20 15
-82.5000 41.0000 -48.0389 18 19 14
-81.5000 41.0000 -46.7228 14 16 11
-80.5000 41.0000 -45.6574 12 17 11
-79.5000 41.0000 -44.7233 13 18 12
-78.5000 41.0000 -43.8931 17 24 17
-77.5000 41.0000 -43.1928 20 30 22
-76.5000 41.0000 -42.6634 23 33 25
-75.5000 41.0000 -42.3304 17 27 19
-74.5000 41.0000 -42.1859 16 26 18
-73.5000 41.0000 -42.1856 17 24 17
-72.5000 41.0000 -42.2568 15 22 15
-71.5000 41.0000 -42.3115 18 20 15
-70.5000 41.0000 -42.2603 18 20 15
-69.5000 41.0000 -42.0230 20 21 16
-68.5000 41.0000 -41.5366 19 21 16
-67.5000 41.0000 -40.7621 18 23 17
-66.5000 41.0000 -39.6903 14 21 14
-65.5000 41.0000 -38.3461 12 19 11
-64.5000 41.0000 -36.7861 17 23 13
-63.5000 41.0000 -35.0888 27 30 21
-62.5000 41.0000 -33.3405 35 37 24
-61.5000 41.0000 -31.6194 40 40 28
-60.5000 41.0000 -29.9862 43 41 26
-59.5000 41.0000 -28.4795 53 50 35
-58.5000 41.0000 -27.1173 58 51 33
-57.5000 41.0000 -25.9007 62 53 36
-56.5000 41.0000 -24.8187 69 58 38
-55.5000 41.0000 -23.8523 75 62 43
-54.5000 41.0000 -22.9795 82 67 46
-53.5000 41.0000 -22.1790 86 71 48
-52.5000 41.0000 -21.4339 89 73 50
-51.5000 41.0000 -20.7340 101 83 59
-50.5000 41.0000 -20.0762 106 89 63
-49.5000 41.0000 -19.4633 112 95 69
-48.5000 41.0000 -18.9016 119 102 72
-47.5000 41.0000 -18.3984 126 110 77
-46.5000 41.0000 -17.9591 133 117 81
-45.5000 41.0000 -17.5857 138 122 86
-44.5000 41.0000 -17.2762 139 124 83
-43.5000 41.0000 -17.0246 142 127 86
-42.5000 41.0000 -16.8214 145 130 87
-41.5000 41.0000 -16.6549 149 134 91
-40.5000 41.0000 -16.5115 150 135 92
-39.5000 41.0000 -16.3781 149 134 93
-38.5000 41.0000 -16.2433 149 134 93
-37.5000 41.0000 -16.0997 151 136 95
-36.5000 41.0000 -15.9451 155 137 97
-35.5000 41.0000 -15.7823 166 143 102
-34.5000 41.0000 -15.6175 172 144 104
-33.5000 41.0000 -15.4583 178 149 109
-32.5000 41.0000 -15.3114 182 153 113
-31.5000 41.0000 -15.1808 187 155 116
-30.5000 41.0000 -15.0680 187 155 116
-29.5000 41.0000 -14.9719 186 154 115
-28.5000 41.0000 -14.8907 185 153 114
-27.5000 41.0000 -14.8227 189 157 118
-26.5000 41.0000 -14.7673 190 161 121
-25.5000 41.0000 -14.7253 193 165 125
-24.5000 41.0000 -14.6982 193 168 127
-23.5000 41.0000 -14.6873 192 169 127
-22.5000 41.0000 -14.6925 189 168 125
-21.5000 41.0000 -14.7126 184 165 122
-20.5000 41.0000 -14.7454 182 163 120
-19.5000 41.0000 -14.7888 184 160 116
-18.5000 41.0000 -14.8410 185 158 113
-17.5000 41.0000 -14.9012 183 156 111
-16.5000 41.0000 -14.9692 179 155 111
-15.5000 41.0000 -15.0454 179 151 111
-14.5000 41.0000 -15.1307 175 150 109
-13.5000 41.0000 -15.2257 173 148 108
-12.5000 41.0000 -15.3313 170 147 106
-11.5000 41.0000 -15.4483 167 143 105
-10.5000 41.0000 -15.5776 167 145 108
-9.5000 41.0000 -15.7206 166 143 109
-8.5000 41.0000 -15.8784 164 141 107
-7.5000 41.0000 -16.0515 160 137 105
-6.5000 41.0000 -16.2387 155 135 102
-5.5000 41.0000 -16.4366 155 132 101
-4.5000 41.0000 -16.6393 154 131 100
-3.5000 41.0000 -16.8405 144 120 94
-2.5000 41.0000 -17.0348 141 117 91
-1.5000 41.0000 -17.2196 137 113 87
-0.5000 41.0000 -17.3966 133 112 85
0.5000 41.0000 -17.5709 133 113 88
1.5000 41.0000 -17.7501 132 112 87
2.5000 41.0000 -17.9427 125 108 82
3.5000 41.0000 -18.1557 121 105 79
4.5000 41.0000 -18.3937 123 107 82
5.5000 41.0000 -18.6572 120 106 80
6.5000 41.0000 -18.9434 114 102 78
7.5000 41.0000 -19.2461 108 98 73
8.5000 41.0000 -19.5585 103 93 68
9.5000 41.0000 -19.8747 96 89 63
10.5000 41.0000 -20.1931 92 84 61
11.5000 41.0000 -20.5167 90 82 59
12.5000 41.0000 -20.8533 91 81 56
13.5000 41.0000 -21.2131 90 80 55
14.5000 41.0000 -21.6058 88 77 55
15.5000 41.0000 -22.0390 84 73 53
16.5000 41.0000 -22.5171 81 70 52
17.5000 41.0000 -23.0435 77 65 49
18.5000 41.0000 -23.6230 74 62 48
19.5000 41.0000 -24.2648 72 60 48
20.5000 41.0000 -24.9847 67 55 43
21.5000 41.0000 -25.8061 64 52 40
22.5000 41.0000 -26.7581 61 49 37
23.5000 41.0000 -27.8704 59 47 35
24.5000 41.0000 -29.1641 58 46 32
25.5000 41.0000 -30.6413 55 43 29
26.5000 41.0000 -32.2760 50 38 22
27.5000 41.0000 -34.0126 45 33 19
28.5000 41.0000 -35.7730 38 25 16
29.5000 41.0000 -37.4717 32 19 11
30.5000 41.0000 -39.0354 34 21 15
31.5000 41.0000 -40.4198 32 21 15
32.5000 41.0000 -41.6214 24 13 7
33.5000 41.0000 -42.6795 25 16 9
34.5000 41.0000 -43.6687 29 22 16
35.5000 41.0000 -44.6825 22 17 11
36.5000 41.0000 -45.8133 21 16 12
37.5000 41.0000 -47.1320 19 16 11
38.5000 41.0000 -48.6728 15 14 9
43.5000 41.0000 -58.3899 12 14 9
-88.5000 40.0000 -76.8708 12 15 8
-87.5000 40.0000 -66.6861 11 16 9
-86.5000 40.0000 -59.2647 12 17 10
-85.5000 40.0000 -54.1559 12 18 8
-84.5000 40.0000 -50.7800 12 18 8
-83.5000 40.0000 -48.5679 13 14 8
-82.5000 40.0000 -47.0491 15 16 11
-81.5000 40.0000 -45.8886 17 19 14
-80.5000 40.0000 -44.8868 17 22 16
-79.5000 40.0000 -43.9581 18 23 17
-78.5000 40.0000 -43.0982 18 25 18
-77.5000 40.0000 -42.3466 15 25 17
-76.5000 40.0000 -41.7528 15 25 17
-75.5000 40.0000 -41.3487 17 27 19
-74.5000 40.0000 -41.1337 16 26 18
-73.5000 40.0000 -41.0723 17 24 17
-72.5000 40.0000 -41.1012 16 23 16
-71.5000 40.0000 -41.1425 18 20 15
-70.5000 40.0000 -41.1153 18 20 15
-69.5000 40.0000 -40.9450 20 21 16
-68.5000 40.0000 -40.5693 20 22 17
-67.5000 40.0000 -39.9438 18 25 18
-66.5000 40.0000 -39.0477 13 23 15
-65.5000 40.0000 -37.8890 13 20 12
-64.5000 40.0000 -36.5050 15 23 12
-63.5000 40.0000 -34.9563 23 26 17
-62.5000 40.0000 -33.3158 31 35 21
-61.5000 40.0000 -31.6567 40 40 28
-60.5000 40.0000 -30.0419 45 43 28
-59.5000 40.0000 -28.5193 53 50 35
-58.5000 40.0000 -27.1194 57 52 33
-57.5000 40.0000 -25.8566 63 54 37
-56.5000 40.0000 -24.7302 70 59 39
-55.5000 40.0000 -23.7283 76 63 44
-54.5000 40.0000 -22.8318 83 68 47
-53.5000 40.0000 -22.0194 87 72 49
-52.5000 40.0000 -21.2716 90 74 51
-51.5000 40.0000 -20.5746 99 83 58
-50.5000 40.0000 -19.9215 107 90 64
-49.5000 40.0000 -19.3122 114 97 71
-48.5000 40.0000 -18.7512 119 102 72
-47.5000 40.0000 -18.2452 128 112 79
-46.5000 40.0000 -17.8001 137 121 85
-45.5000 40.0000 -17.4189 142 126 90
-44.5000 40.0000 -17.1012 141 126 85
-43.5000 40.0000 -16.8425 145 130 89
-42.5000 40.0000 -16.6351 149 134 91
-41.5000 40.0000 -16.4685 153 138 95
-40.5000 40.0000 -16.3299 154 139 96
-39.5000 40.0000 -16.2057 152 137 96
-38.5000 40.0000 -16.0835 150 135 94
-37.5000 40.0000 -15.9542 150 135 94
-36.5000 40.0000 -15.8134 154 135 93
-35.5000 40.0000 -15.6623 168 143 102
-34.5000 40.0000 -15.5062 173 145 105
-33.5000 40.0000 -15.3523 178 149 109
-32.5000 40.0000 -15.2076 182 153 113
-31.5000 40.0000 -15.0769 187 155 116
-30.5000 40.0000 -14.9621 188 156 117
-29.5000 40.0000 -14.8630 190 156 118
-28.5000 40.0000 -14.7781 189 155 117
-27.5000 40.0000 -14.7060 192 158 120
-26.5000 40.0000 -14.6465 195 163 124
-25.5000 40.0000 -14.6007 197 168 128
-24.5000 40.0000 -14.5702 199 171 131
-23.5000 40.0000 -14.5566 195 170 129
-22.5000 40.0000 -14.5604 192 169 127
-21.5000 40.0000 -14.5805 189 168 125
-20.5000 40.0000 -14.6147 190 167 123
-19.5000 40.0000 -14.6602 191 164 119
-18.5000 40.0000 -14.7147 189 162 117
-17.5000 40.0000 -14.7767 186 159 114
-16.5000 40.0000 -14.8456 185 158 113
-15.5000 40.0000 -14.9218 185 158 115
-14.5000 40.0000 -15.0064 182 157 116
-13.5000 40.0000 -15.1008 179 154 114
-12.5000 40.0000 -15.2067 176 153 112
-11.5000 40.0000 -15.3255 174 150 112
-10.5000 40.0000 -15.4583 171 147 109
-9.5000 40.0000 -15.6064 168 144 108
-8.5000 40.0000 -15.7705 165 142 108
-7.5000 40.0000 -15.9506 162 139 107
-6.5000 40.0000 -16.1448 159 136 104
-5.5000 40.0000 -16.3488 156 133 102
-4.5000 40.0000 -16.5562 153 130 99
-3.5000 40.0000 -16.7600 146 122 94
-2.5000 40.0000 -16.9541 142 121 94
-1.5000 40.0000 -17.1360 139 118 91
-0.5000 40.0000 -17.3075 136 116 89
0.5000 40.0000 -17.4744 134 114 89
1.5000 40.0000 -17.6459 130 113 87
2.5000 40.0000 -17.8314 127 110 84
3.5000 40.0000 -18.0394 124 108 82
4.5000 40.0000 -18.2745 123 109 83
5.5000 40.0000 -18.5371 121 107 81
6.5000 40.0000 -18.8228 116 104 80
7.5000 40.0000 -19.1237 111 99 75
8.5000 40.0000 -19.4313 105 95 70
9.5000 40.0000 -19.7390 100 90 65
10.5000 40.0000 -20.0448 96 85 63
11.5000 40.0000 -20.3528 92 84 61
12.5000 40.0000 -20.6722 93 83 58
13.5000 40.0000 -21.0148 92 82 57
14.5000 40.0000 -21.3912 90 79 57
15.5000 40.0000 -21.8091 87 76 54
16.5000 40.0000 -22.2724 84 73 53
17.5000 40.0000 -22.7832 79 68 50
18.5000 40.0000 -23.3445 76 64 48
19.5000 40.0000 -23.9639 73 61 47
20.5000 40.0000 -24.6555 69 57 43
21.5000 40.0000 -25.4412 66 54 40
22.5000 40.0000 -26.3491 63 51 39
23.5000 40.0000 -27.4090 61 49 35
24.5000 40.0000 -28.6432 59 47 33
25.5000 40.0000 -30.0578 53 44 29
26.5000 40.0000 -31.6334 50 38 22
27.5000 40.0000 -33.3238 45 33 19
28.5000 40.0000 -35.0607 38 25 16
29.5000 40.0000 -36.7667 31 21 12
30.5000 40.0000 -38.3706 34 23 17
31.5000 40.0000 -39.8234 34 23 17
32.5000 40.0000 -41.1109 23 14 7
33.5000 40.0000 -42.2594 24 15 8
34.5000 40.0000 -43.3331 29 22 16
35.5000 40.0000 -44.4218 25 18 12
36.5000 40.0000 -45.6209 27 22 18
37.5000 40.0000 -47.0083 24 21 16
38.5000 40.0000 -48.6253 20 17 12
39.5000 40.0000 -50.4670 16 15 10
41.5000 40.0000 -54.6003 14 15 10
42.5000 40.0000 -56.7279 15 16 11
43.5000 40.0000 -58.7976 16 17 12
-89.5000 39.0000 -84.7361 13 16 9
-88.5000 39.0000 -72.4171 14 17 10
-87.5000 39.0000 -63.1489 12 17 10
-86.5000 39.0000 -56.6075 11 16 9
-83.5000 39.0000 -47.5549 13 14 8
-82.5000 39.0000 -46.2525 15 16 10
-81.5000 39.0000 -45.2037 16 19 12
-80.5000 39.0000 -44.2467 16 21 14
-79.5000 39.0000 -43.3216 16 21 14
-78.5000 39.0000 -42.4382 15 22 14
-77.5000 39.0000 -41.6418 12 22 13
-76.5000 39.0000 -40.9842 11 21 12
-75.5000 39.0000 -40.5005 17 27 18
-74.5000 39.0000 -40.1966 16 26 17
-73.5000 39.0000 -40.0466 17 24 16
-72.5000 39.0000 -40.0001 15 22 14
-71.5000 39.0000 -39.9917 18 21 14
-70.5000 39.0000 -39.9517 18 21 14
-69.5000 39.0000 -39.8130 20 21 15
-68.5000 39.0000 -39.5163 19 22 15
-67.5000 39.0000 -39.0143 14 21 14
-66.5000 39.0000 -38.2777 13 23 15
-65.5000 39.0000 -37.3000 16 23 15
-64.5000 39.0000 -36.0997 17 25 14
-63.5000 39.0000 -34.7178 23 26 17
-62.5000 39.0000 -33.2105 29 33 19
-61.5000 39.0000 -31.6401 38 38 26
-60.5000 39.0000 -30.0679 45 43 28
-59.5000 39.0000 -28.5474 55 52 37
-58.5000 39.0000 -27.1208 59 54 35
-57.5000 39.0000 -25.8159 64 57 39
-56.5000 39.0000 -24.6449 70 62 41
-55.5000 39.0000 -23.6050 78 67 47
-54.5000 39.0000 -22.6821 84 72 50
-53.5000 39.0000 -21.8560 88 76 52
-52.5000 39.0000 -21.1053 92 77 54
-51.5000 39.0000 -20.4127 99 83 58
-50.5000 39.0000 -19.7671 107 91 65
-49.5000 39.0000 -19.1650 115 99 73
-48.5000 39.0000 -18.6086 119 104 73
-47.5000 39.0000 -18.1036 129 113 80
-46.5000 39.0000 -17.6560 140 124 88
-45.5000 39.0000 -17.2699 145 129 93
-44.5000 39.0000 -16.9461 143 128 87
-43.5000 39.0000 -16.6821 153 135 95
-42.5000 39.0000 -16.4714 157 140 97
-41.5000 39.0000 -16.3048 161 144 101
-40.5000 39.0000 -16.1700 161 144 101
-39.5000 39.0000 -16.0533 158 140 100
-38.5000 39.0000 -15.9413 155 137 97
-37.5000 39.0000 -15.8234 153 135 95
-36.5000 39.0000 -15.6935 156 134 93
-35.5000 39.0000 -15.5514 172 147 106
-34.5000 39.0000 -15.4016 175 148 105
-33.5000 39.0000 -15.2512 179 150 108
-32.5000 39.0000 -15.1073 183 154 112
-31.5000 39.0000 -14.9754 189 157 116
-30.5000 39.0000 -14.8581 193 160 119
-29.5000 39.0000 -14.7556 196 161 121
-28.5000 39.0000 -14.6670 196 163 122
-27.5000 39.0000 -14.5914 192 159 118
-26.5000 39.0000 -14.5286 196 164 123
-25.5000 39.0000 -14.4797 202 170 129
-24.5000 39.0000 -14.4466 202 173 131
-23.5000 39.0000 -14.4309 199 172 129
-22.5000 39.0000 -14.4332 194 170 126
-21.5000 39.0000 -14.4528 193 169 125
-20.5000 39.0000 -14.4873 193 169 125
-19.5000 39.0000 -14.5340 192 168 122
-18.5000 39.0000 -14.5900 189 165 117
-17.5000 39.0000 -14.6533 186 162 116
-16.5000 39.0000 -14.7230 186 162 116
-15.5000 39.0000 -14.7994 187 163 119
-14.5000 39.0000 -14.8840 187 163 119
-13.5000 39.0000 -14.9789 184 159 118
-12.5000 39.0000 -15.0862 180 157 116
-11.5000 39.0000 -15.2080 180 156 118
-10.5000 39.0000 -15.3457 174 152 113
-9.5000 39.0000 -15.5002 168 146 109
-8.5000 39.0000 -15.6719 163 143 106
-7.5000 39.0000 -15.8599 162 142 107
-6.5000 39.0000 -16.0616 160 140 105
-5.5000 39.0000 -16.2719 154 134 101
-4.5000 39.0000 -16.4835 149 128 97
-3.5000 39.0000 -16.6888 141 120 91
-2.5000 39.0000 -16.8813 141 122 92
-1.5000 39.0000 -17.0585 141 121 94
-0.5000 39.0000 -17.2226 139 119 92
0.5000 39.0000 -17.3806 136 116 89
1.5000 39.0000 -17.5426 132 115 87
2.5000 39.0000 -17.7198 131 114 88
3.5000 39.0000 -17.9214 131 115 89
4.5000 39.0000 -18.1522 121 107 81
5.5000 39.0000 -18.4120 120 106 80
6.5000 39.0000 -18.6948 114 102 76
7.5000 39.0000 -18.9915 110 98 72
8.5000 39.0000 -19.2918 105 93 69
9.5000 39.0000 -19.5888 99 89 64
10.5000 39.0000 -19.8808 96 86 61
11.5000 39.0000 -20.1733 94 84 59
12.5000 39.0000 -20.4768 96 84 60
13.5000 39.0000 -20.8039 95 83 59
14.5000 39.0000 -21.1660 94 82 60
15.5000 39.0000 -21.5702 91 79 57
16.5000 39.0000 -22.0195 86 75 55
17.5000 39.0000 -22.5146 82 71 53
18.5000 39.0000 -23.0574 78 67 49
19.5000 39.0000 -23.6541 75 63 47
20.5000 39.0000 -24.3178 70 61 44
21.5000 39.0000 -25.0690 66 57 40
22.5000 39.0000 -25.9344 63 54 39
23.5000 39.0000 -26.9424 60 51 34
24.5000 39.0000 -28.1157 57 48 31
25.5000 39.0000 -29.4624 52 45 27
26.5000 39.0000 -30.9694 47 38 21
27.5000 39.0000 -32.5997 42 33 18
28.5000 39.0000 -34.2966 37 27 17
29.5000 39.0000 -35.9925 32 22 13
30.5000 39.0000 -37.6216 36 26 17
31.5000 39.0000 -39.1331 34 25 16
32.5000 39.0000 -40.5037 23 14 5
33.5000 39.0000 -41.7475 24 15 6
34.5000 39.0000 -42.9177 29 22 14
35.5000 39.0000 -44.0984 25 18 10
36.5000 39.0000 -45.3849 25 20 14
37.5000 39.0000 -46.8595 23 20 13
38.5000 39.0000 -48.5684 21 18 13
39.5000 39.0000 -50.5085 17 16 11
40.5000 39.0000 -52.6283 15 14 9
-88.5000 38.0000 -68.4251 14 17 10
-87.5000 38.0000 -60.0758 14 19 12
-86.5000 38.0000 -54.3530 13 18 11
-85.5000 38.0000 -50.6218 11 17 7
-84.5000 38.0000 -48.2438 10 16 6
-83.5000 38.0000 -46.6811 19 20 14
-82.5000 38.0000 -45.5400 17 18 12
-81.5000 38.0000 -44.5706 13 16 9
-78.5000 38.0000 -41.8178 10 17 9
-77.5000 38.0000 -40.9829 12 22 13
-76.5000 38.0000 -40.2659 15 25 16
-75.5000 38.0000 -39.7024 17 27 18
-74.5000 38.0000 -39.3032 16 26 17
-73.5000 38.0000 -39.0530 16 23 15
-72.5000 38.0000 -38.9144 15 22 14
-71.5000 38.0000 -38.8365 17 20 13
-70.5000 38.0000 -38.7616 18 21 14
-69.5000 38.0000 -38.6315 19 20 14
-68.5000 38.0000 -38.3911 19 22 15
-67.5000 38.0000 -37.9928 12 17 11
-66.5000 38.0000 -37.4009 14 21 14
-65.5000 38.0000 -36.5970 20 25 18
-64.5000 38.0000 -35.5829 22 28 18
-63.5000 38.0000 -34.3798 25 28 19
-62.5000 38.0000 -33.0251 29 31 18
-61.5000 38.0000 -31.5674 36 36 24
-60.5000 38.0000 -30.0614 41 42 26
-59.5000 38.0000 -28.5632 56 54 39
-58.5000 38.0000 -27.1241 60 57 38
-57.5000 38.0000 -25.7850 66 61 42
-56.5000 38.0000 -24.5717 72 66 44
-55.5000 38.0000 -23.4924 79 71 50
-54.5000 38.0000 -22.5403 84 76 53
-53.5000 38.0000 -21.6977 90 80 55
-52.5000 38.0000 -20.9426 93 83 58
-51.5000 38.0000 -20.2543 98 84 58
-50.5000 38.0000 -19.6176 108 92 66
-49.5000 38.0000 -19.0252 116 100 74
-48.5000 38.0000 -18.4764 119 104 73
-47.5000 38.0000 -17.9755 129 113 80
-46.5000 38.0000 -17.5283 142 126 90
-45.5000 38.0000 -17.1397 147 131 95
-44.5000 38.0000 -16.8118 145 130 89
-43.5000 38.0000 -16.5434 157 139 99
-42.5000 38.0000 -16.3298 161 144 101
-41.5000 38.0000 -16.1627 165 148 105
-40.5000 38.0000 -16.0303 166 149 106
-39.5000 38.0000 -15.9189 162 144 104
-38.5000 38.0000 -15.8142 158 139 99
-37.5000 38.0000 -15.7044 155 136 96
-36.5000 38.0000 -15.5821 157 135 94
-35.5000 38.0000 -15.4460 175 150 109
-34.5000 38.0000 -15.3001 178 151 108
-33.5000 38.0000 -15.1512 181 152 110
-32.5000 38.0000 -15.0069 184 155 113
-31.5000 38.0000 -14.8729 191 159 118
-30.5000 38.0000 -14.7526 196 163 122
-29.5000 38.0000 -14.6467 200 165 125
-28.5000 38.0000 -14.5548 202 167 127
-27.5000 38.0000 -14.4763 192 159 118
-26.5000 38.0000 -14.4111 197 164 123
-25.5000 38.0000 -14.3602 203 170 129
-24.5000 38.0000 -14.3253 204 172 131
-23.5000 38.0000 -14.3079 200 171 129
-22.5000 38.0000 -14.3088 197 170 127
-21.5000 38.0000 -14.3272 196 169 126
-20.5000 38.0000 -14.3612 195 171 125
-19.5000 38.0000 -14.4079 190 166 118
-18.5000 38.0000 -14.4644 185 163 114
-17.5000 38.0000 -14.5284 183 161 114
-16.5000 38.0000 -14.5989 183 161 114
-15.5000 38.0000 -14.6763 185 162 118
-14.5000 38.0000 -14.7621 186 163 119
-13.5000 38.0000 -14.8589 183 160 118
-12.5000 38.0000 -14.9694 179 158 115
-11.5000 38.0000 -15.0959 183 161 120
-10.5000 38.0000 -15.2401 174 155 115
-9.5000 38.0000 -15.4025 166 146 109
-8.5000 38.0000 -15.5830 162 144 106
-7.5000 38.0000 -15.7799 162 144 108
-6.5000 38.0000 -15.9896 160 142 106
-5.5000 38.0000 -16.2062 153 134 101
-4.5000 38.0000 -16.4216 147 128 95
-3.5000 38.0000 -16.6273 137 118 86
-2.5000 38.0000 -16.8169 140 121 91
-1.5000 38.0000 -16.9877 142 122 95
-0.5000 38.0000 -17.1427 138 121 93
0.5000 38.0000 -17.2900 135 118 90
1.5000 38.0000 -17.4411 133 116 88
2.5000 38.0000 -17.6083 134 118 92
3.5000 38.0000 -17.8016 137 121 95
4.5000 38.0000 -18.0261 119 105 79
5.5000 38.0000 -18.2806 117 103 77
6.5000 38.0000 -18.5580 112 100 74
7.5000 38.0000 -18.8474 108 96 70
8.5000 38.0000 -19.1380 103 91 67
9.5000 38.0000 -19.4226 99 87 63
10.5000 38.0000 -19.7005 96 84 60
11.5000 38.0000 -19.9783 93 83 58
12.5000 38.0000 -20.2677 97 85 61
13.5000 38.0000 -20.5820 96 84 60
14.5000 38.0000 -20.9320 95 83 61
15.5000 38.0000 -21.3239 93 81 59
16.5000 38.0000 -21.7593 89 76 57
17.5000 38.0000 -22.2380 83 72 52
18.5000 38.0000 -22.7610 79 68 48
19.5000 38.0000 -23.3340 76 65 47
20.5000 38.0000 -23.9694 71 63 44
21.5000 38.0000 -24.6867 68 59 42
22.5000 38.0000 -25.5108 64 55 38
23.5000 38.0000 -26.4681 60 53 35
24.5000 38.0000 -27.5802 57 50 32
25.5000 38.0000 -28.8565 52 45 27
26.5000 38.0000 -30.2889 46 39 21
27.5000 38.0000 -31.8496 41 34 18
28.5000 38.0000 -33.4935 37 27 17
29.5000 38.0000 -35.1647 31 22 13
30.5000 38.0000 -36.8047 36 27 18
31.5000 38.0000 -38.3635 34 25 16
32.5000 38.0000 -39.8116 23 14 5
33.5000 38.0000 -41.1523 23 14 5
34.5000 38.0000 -42.4278 28 21 13
35.5000 38.0000 -43.7137 25 18 10
36.5000 38.0000 -45.1023 18 13 7
37.5000 38.0000 -46.6759 19 14 8
38.5000 38.0000 -48.4824 18 15 10
39.5000 38.0000 -50.5184 17 14 9
-89.5000 37.0000 -75.1754 13 16 9
-88.5000 37.0000 -64.7132 15 18 11
-87.5000 37.0000 -57.2983 14 19 12
-86.5000 37.0000 -52.3492 13 18 11
-85.5000 37.0000 -49.1884 12 18 8
-84.5000 37.0000 -47.1885 11 17 7
-83.5000 37.0000 -45.8510 15 16 8
-82.5000 37.0000 -44.8289 16 17 9
-81.5000 37.0000 -43.9134 15 18 9
-80.5000 37.0000 -43.0048 14 20 10
-79.5000 37.0000 -42.0797 15 21 11
-78.5000 37.0000 -41.1617 15 23 12
-77.5000 37.0000 -40.2956 13 23 12
-76.5000 37.0000 -39.5279 13 23 12
-75.5000 37.0000 -38.8928 13 23 12
-74.5000 37.0000 -38.4047 14 24 13
-73.5000 37.0000 -38.0572 18 26 15
-72.5000 37.0000 -37.8258 20 28 17
-71.5000 37.0000 -37.6731 24 27 18
-70.5000 37.0000 -37.5541 24 27 18
-69.5000 37.0000 -37.4199 25 26 18
-68.5000 37.0000 -37.2206 25 26 20
-67.5000 37.0000 -36.9098 26 28 23
-66.5000 37.0000 -36.4480 24 29 23
-65.5000 37.0000 -35.8077 27 30 23
-64.5000 37.0000 -34.9762 28 31 22
-63.5000 37.0000 -33.9564 29 30 22
-62.5000 37.0000 -32.7670 28 30 17
-61.5000 37.0000 -31.4407 29 29 17
-60.5000 37.0000 -30.0230 28 29 13
-59.5000 37.0000 -28.5682 49 47 32
-58.5000 37.0000 -27.1338 59 58 38
-57.5000 37.0000 -25.7718 66 63 44
-56.5000 37.0000 -24.5211 65 63 40
-55.5000 37.0000 -23.4025 70 65 43
-54.5000 37.0000 -22.4182 82 78 53
-53.5000 37.0000 -21.5552 90 86 59
-52.5000 37.0000 -20.7921 92 86 60
-51.5000 37.0000 -20.1059 98 86 60
-50.5000 37.0000 -19.4776 107 93 66
-49.5000 37.0000 -18.8955 118 104 77
-48.5000 37.0000 -18.3559 127 114 82
-47.5000 37.0000 -17.8612 134 119 86
-46.5000 37.0000 -17.4163 138 124 87
-45.5000 37.0000 -17.0268 143 127 91
-44.5000 37.0000 -16.6958 146 131 90
-43.5000 37.0000 -16.4238 158 140 100
-42.5000 37.0000 -16.2072 159 142 99
-41.5000 37.0000 -16.0387 162 143 101
-40.5000 37.0000 -15.9072 163 144 102
-39.5000 37.0000 -15.7988 162 143 103
-38.5000 37.0000 -15.6986 161 139 100
-37.5000 37.0000 -15.5939 159 137 98
-36.5000 37.0000 -15.4763 157 135 94
-35.5000 37.0000 -15.3436 169 144 103
-34.5000 37.0000 -15.1993 175 151 107
-33.5000 37.0000 -15.0504 181 154 111
-32.5000 37.0000 -14.9044 181 152 110
-31.5000 37.0000 -14.7678 185 153 112
-30.5000 37.0000 -14.6441 193 161 120
-29.5000 37.0000 -14.5350 199 166 125
-28.5000 37.0000 -14.4404 198 165 124
-27.5000 37.0000 -14.3597 205 170 130
-26.5000 37.0000 -14.2930 201 168 127
-25.5000 37.0000 -14.2410 201 168 127
-24.5000 37.0000 -14.2050 205 173 132
-23.5000 37.0000 -14.1864 209 180 138
-22.5000 37.0000 -14.1858 210 183 140
-21.5000 37.0000 -14.2026 205 178 135
-20.5000 37.0000 -14.2352 197 173 127
-19.5000 37.0000 -14.2810 201 179 130
-18.5000 37.0000 -14.3373 197 177 126
-17.5000 37.0000 -14.4019 191 171 121
-16.5000 37.0000 -14.4737 186 166 116
-15.5000 37.0000 -14.5530 183 162 115
-14.5000 37.0000 -14.6417 180 162 114
-13.5000 37.0000 -14.7424 181 163 117
-12.5000 37.0000 -14.8581 180 163 119
-11.5000 37.0000 -14.9913 184 167 124
-10.5000 37.0000 -15.1435 171 156 113
-9.5000 37.0000 -15.3151 166 151 110
-8.5000 37.0000 -15.5053 168 153 112
-7.5000 37.0000 -15.7117 165 150 111
-6.5000 37.0000 -15.9295 156 141 102
-5.5000 37.0000 -16.1519 151 135 99
-4.5000 37.0000 -16.3700 154 138 104
-3.5000 37.0000 -16.5749 144 128 95
-2.5000 37.0000 -16.7598 141 125 92
-1.5000 37.0000 -16.9225 137 120 90
-0.5000 37.0000 -17.0668 135 118 88
0.5000 37.0000 -17.2018 136 119 89
1.5000 37.0000 -17.3404 135 120 89
2.5000 37.0000 -17.4960 133 118 89
3.5000 37.0000 -17.6792 131 116 87
4.5000 37.0000 -17.8951 131 117 90
5.5000 37.0000 -18.1417 127 113 86
6.5000 37.0000 -18.4107 119 105 78
7.5000 37.0000 -18.6904 112 98 71
8.5000 37.0000 -18.9694 107 93 67
9.5000 37.0000 -19.2409 102 90 64
10.5000 37.0000 -19.5053 101 89 63
11.5000 37.0000 -19.7705 101 89 65
12.5000 37.0000 -20.0488 109 94 71
13.5000 37.0000 -20.3532 108 93 72
14.5000 37.0000 -20.6935 104 89 68
15.5000 37.0000 -21.0742 94 82 60
16.5000 37.0000 -21.4957 86 74 52
17.5000 37.0000 -21.9567 82 70 48
18.5000 37.0000 -22.4583 81 70 48
19.5000 37.0000 -23.0064 84 73 53
20.5000 37.0000 -23.6134 77 69 48
21.5000 37.0000 -24.2979 68 60 41
22.5000 37.0000 -25.0830 68 61 42
23.5000 37.0000 -25.9925 69 62 43
24.5000 37.0000 -27.0458 61 54 36
25.5000 37.0000 -28.2526 59 54 35
26.5000 37.0000 -29.6087 58 52 36
27.5000 37.0000 -31.0946 48 42 26
28.5000 37.0000 -32.6768 42 34 23
29.5000 37.0000 -34.3115 40 32 21
30.5000 37.0000 -35.9494 38 30 19
31.5000 37.0000 -37.5440 34 28 16
32.5000 37.0000 -39.0625 30 23 13
33.5000 37.0000 -40.4998 27 20 10
34.5000 37.0000 -41.8870 24 17 7
35.5000 37.0000 -43.2897 23 16 6
36.5000 37.0000 -44.7925 29 25 16
37.5000 37.0000 -46.4734 26 22 13
38.5000 37.0000 -48.3774 21 16 10
39.5000 37.0000 -50.4988 18 15 8
40.5000 37.0000 -52.7791 19 16 9
41.5000 37.0000 -55.1207 18 15 8
-90.5000 36.0000 -83.3420 13 14 9
-89.5000 36.0000 -70.5856 14 17 10
-88.5000 36.0000 -61.1998 15 18 11
-87.5000 36.0000 -54.7300 14 19 12
-86.5000 36.0000 -50.5124 13 18 11
-85.5000 36.0000 -47.8589 12 18 8
-84.5000 36.0000 -46.1751 11 17 7
-83.5000 36.0000 -45.0136 16 17 9
-82.5000 36.0000 -44.0769 17 18 10
-81.5000 36.0000 -43.1954 16 19 10
-80.5000 36.0000 -42.2951 15 21 11
-79.5000 36.0000 -41.3662 16 22 12
-78.5000 36.0000 -40.4359 16 24 13
-77.5000 36.0000 -39.5468 15 25 14
-76.5000 36.0000 -38.7407 15 25 14
-75.5000 36.0000 -38.0490 17 27 16
-74.5000 36.0000 -37.4876 18 28 17
-73.5000 36.0000 -37.0568 22 30 19
-72.5000 36.0000 -36.7428 24 32 21
-71.5000 36.0000 -36.5207 28 31 22
-70.5000 36.0000 -36.3570 28 31 22
-69.5000 36.0000 -36.2122 29 30 22
-68.5000 36.0000 -36.0427 28 29 21
-67.5000 36.0000 -35.8045 26 28 23
-66.5000 36.0000 -35.4569 26 28 23
-65.5000 36.0000 -34.9657 28 29 23
-64.5000 36.0000 -34.3066 29 30 22
-63.5000 36.0000 -33.4670 29 30 22
-62.5000 36.0000 -32.4481 29 31 18
-61.5000 36.0000 -31.2666 30 30 18
-60.5000 36.0000 -29.9563 30 31 15
-59.5000 36.0000 -28.5664 49 47 32
-58.5000 36.0000 -27.1560 58 57 37
-57.5000 36.0000 -25.7852 65 64 44
-56.5000 36.0000 -24.5048 66 66 42
-55.5000 36.0000 -23.3482 71 71 47
-54.5000 36.0000 -22.3285 81 81 55
-53.5000 36.0000 -21.4396 89 88 60
-52.5000 36.0000 -20.6629 92 88 61
-51.5000 36.0000 -19.9740 96 86 59
-50.5000 36.0000 -19.3508 106 92 65
-49.5000 36.0000 -18.7775 116 102 75
-48.5000 36.0000 -18.2469 125 112 80
-47.5000 36.0000 -17.7587 133 118 85
-46.5000 36.0000 -17.3170 138 124 87
-45.5000 36.0000 -16.9272 145 129 93
-44.5000 36.0000 -16.5936 149 134 93
-43.5000 36.0000 -16.3179 157 139 99
-42.5000 36.0000 -16.0979 159 142 99
-41.5000 36.0000 -15.9273 162 143 101
-40.5000 36.0000 -15.7955 164 145 103
-39.5000 36.0000 -15.6883 167 145 106
-38.5000 36.0000 -15.5906 166 144 105
-37.5000 36.0000 -15.4887 164 142 103
-36.5000 36.0000 -15.3736 163 141 100
-35.5000 36.0000 -15.2424 173 150 108
-34.5000 36.0000 -15.0983 182 158 114
-33.5000 36.0000 -14.9480 187 163 119
-32.5000 36.0000 -14.7997 187 160 117
-31.5000 36.0000 -14.6601 188 159 117
-30.5000 36.0000 -14.5333 196 164 123
-29.5000 36.0000 -14.4214 202 170 129
-28.5000 36.0000 -14.3245 203 170 129
-27.5000 36.0000 -14.2424 208 173 133
-26.5000 36.0000 -14.1750 205 172 131
-25.5000 36.0000 -14.1226 204 171 130
-24.5000 36.0000 -14.0862 207 175 134
-23.5000 36.0000 -14.0666 211 182 140
-22.5000 36.0000 -14.0645 212 183 141
-21.5000 36.0000 -14.0795 206 179 136
-20.5000 36.0000 -14.1102 198 174 128
-19.5000 36.0000 -14.1545 199 179 129
-18.5000 36.0000 -14.2102 195 178 126
-17.5000 36.0000 -14.2756 191 173 123
-16.5000 36.0000 -14.3495 187 169 119
-15.5000 36.0000 -14.4324 185 167 119
-14.5000 36.0000 -14.5259 184 168 119
-13.5000 36.0000 -14.6327 185 168 122
-12.5000 36.0000 -14.7557 184 170 123
-11.5000 36.0000 -14.8974 181 167 122
-10.5000 36.0000 -15.0591 173 160 116
-9.5000 36.0000 -15.2409 167 154 112
-8.5000 36.0000 -15.4411 166 153 111
-7.5000 36.0000 -15.6565 165 151 112
-6.5000 36.0000 -15.8815 158 144 105
-5.5000 36.0000 -16.1082 152 138 101
-4.5000 36.0000 -16.3271 149 135 98
-3.5000 36.0000 -16.5289 141 127 92
-2.5000 36.0000 -16.7071 139 123 90
-1.5000 36.0000 -16.8598 135 118 88
-0.5000 36.0000 -16.9918 134 117 87
0.5000 36.0000 -17.1133 135 120 89
1.5000 36.0000 -17.2382 135 120 89
2.5000 36.0000 -17.3810 134 119 90
3.5000 36.0000 -17.5526 132 117 88
4.5000 36.0000 -17.7578 132 118 91
5.5000 36.0000 -17.9941 127 113 86
6.5000 36.0000 -18.2524 119 105 78
7.5000 36.0000 -18.5205 112 98 71
8.5000 36.0000 -18.7870 107 93 67
9.5000 36.0000 -19.0460 105 91 65
10.5000 36.0000 -19.2991 106 92 66
11.5000 36.0000 -19.5547 107 93 67
12.5000 36.0000 -19.8254 107 92 71
13.5000 36.0000 -20.1231 107 92 71
14.5000 36.0000 -20.4558 105 90 69
15.5000 36.0000 -20.8262 99 84 63
16.5000 36.0000 -21.2331 92 77 56
17.5000 36.0000 -21.6753 84 72 50
18.5000 36.0000 -22.1541 82 71 49
19.5000 36.0000 -22.6767 82 71 49
20.5000 36.0000 -23.2561 75 67 44
21.5000 36.0000 -23.9103 67 59 38
22.5000 36.0000 -24.6604 67 61 39
23.5000 36.0000 -25.5270 66 61 41
24.5000 36.0000 -26.5266 58 53 34
25.5000 36.0000 -27.6682 57 52 33
26.5000 36.0000 -28.9501 56 50 34
27.5000 36.0000 -30.3600 45 39 23
28.5000 36.0000 -31.8753 44 38 24
29.5000 36.0000 -33.4644 42 36 24
30.5000 36.0000 -35.0888 39 33 21
31.5000 36.0000 -36.7079 35 29 17
32.5000 36.0000 -38.2893 31 24 14
33.5000 36.0000 -39.8220 28 21 11
34.5000 36.0000 -41.3270 26 19 9
35.5000 36.0000 -42.8583 26 19 9
36.5000 36.0000 -44.4887 29 25 16
37.5000 36.0000 -46.2865 26 22 13
38.5000 36.0000 -48.2894 21 16 10
39.5000 36.0000 -50.4869 19 14 8
40.5000 36.0000 -52.8173 18 15 8
41.5000 36.0000 -55.1807 18 15 8
-91.5000 35.0000 -92.8193 13 14 9
-90.5000 35.0000 -77.7048 14 15 10
-89.5000 35.0000 -66.1469 14 17 10
-88.5000 35.0000 -57.8952 15 18 11
-87.5000 35.0000 -52.3571 14 19 12
-86.5000 35.0000 -48.8196 14 19 12
-85.5000 35.0000 -46.6110 13 19 9
-84.5000 35.0000 -45.1881 13 19 9
-83.5000 35.0000 -44.1614 18 19 11
-82.5000 35.0000 -43.2836 18 19 11
-81.5000 35.0000 -42.4210 18 21 12
-80.5000 35.0000 -41.5223 17 23 13
-79.5000 35.0000 -40.5887 18 24 14
-78.5000 35.0000 -39.6504 18 26 15
-77.5000 35.0000 -38.7474 17 27 16
-76.5000 35.0000 -37.9167 17 27 16
-75.5000 35.0000 -37.1860 21 31 20
-74.5000 35.0000 -36.5709 22 32 21
-73.5000 35.0000 -36.0758 26 34 23
-72.5000 35.0000 -35.6951 28 36 25
-71.5000 35.0000 -35.4137 32 35 26
-70.5000 35.0000 -35.2085 32 35 26
-69.5000 35.0000 -35.0489 33 34 26
-68.5000 35.0000 -34.8984 32 33 25
-67.5000 35.0000 -34.7170 28 29 24
-66.5000 35.0000 -34.4646 28 29 24
-65.5000 35.0000 -34.1034 28 29 23
-64.5000 35.0000 -33.6007 29 30 22
-63.5000 35.0000 -32.9315 30 31 23
-62.5000 35.0000 -32.0819 31 33 20
-61.5000 35.0000 -31.0535 31 33 20
-60.5000 35.0000 -29.8669 32 35 18
-59.5000 35.0000 -28.5624 45 46 30
-58.5000 35.0000 -27.1968 54 56 35
-57.5000 35.0000 -25.8337 63 65 44
-56.5000 35.0000 -24.5333 68 70 46
-55.5000 35.0000 -23.3414 74 76 52
-54.5000 35.0000 -22.2831 82 85 58
-53.5000 35.0000 -21.3617 89 89 61
-52.5000 35.0000 -20.5632 91 90 62
-51.5000 35.0000 -19.8644 98 88 61
-50.5000 35.0000 -19.2404 104 93 65
-49.5000 35.0000 -18.6719 113 102 74
-48.5000 35.0000 -18.1477 120 109 77
-47.5000 35.0000 -17.6647 129 116 82
-46.5000 35.0000 -17.2255 137 123 86
-45.5000 35.0000 -16.8352 146 130 94
-44.5000 35.0000 -16.4988 151 136 95
-43.5000 35.0000 -16.2192 156 138 98
-42.5000 35.0000 -15.9956 159 142 99
-41.5000 35.0000 -15.8223 163 144 102
-40.5000 35.0000 -15.6893 168 146 105
-39.5000 35.0000 -15.5825 171 147 109
-38.5000 35.0000 -15.4861 171 147 109
-37.5000 35.0000 -15.3859 171 147 109
-36.5000 35.0000 -15.2723 169 147 106
-35.5000 35.0000 -15.1416 175 154 109
-34.5000 35.0000 -14.9968 186 165 118
-33.5000 35.0000 -14.8449 194 172 125
-32.5000 35.0000 -14.6941 192 168 122
-31.5000 35.0000 -14.5517 192 165 120
-30.5000 35.0000 -14.4222 198 169 125
-29.5000 35.0000 -14.3080 207 176 132
-28.5000 35.0000 -14.2096 210 179 135
-27.5000 35.0000 -14.1267 212 179 136
-26.5000 35.0000 -14.0591 210 177 134
-25.5000 35.0000 -14.0068 209 176 133
-24.5000 35.0000 -13.9702 211 180 136
-23.5000 35.0000 -13.9500 214 185 141
-22.5000 35.0000 -13.9465 214 185 141
-21.5000 35.0000 -13.9595 208 181 136
-20.5000 35.0000 -13.9881 201 177 131
-19.5000 35.0000 -14.0309 199 181 131
-18.5000 35.0000 -14.0865 196 180 128
-17.5000 35.0000 -14.1533 193 177 125
-16.5000 35.0000 -14.2307 191 175 123
-15.5000 35.0000 -14.3188 190 174 123
-14.5000 35.0000 -14.4192 189 175 126
-13.5000 35.0000 -14.5342 190 176 129
-12.5000 35.0000 -14.6663 191 177 130
-11.5000 35.0000 -14.8179 180 166 121
-10.5000 35.0000 -14.9899 176 163 119
-9.5000 35.0000 -15.1819 170 157 115
-8.5000 35.0000 -15.3915 164 152 110
-7.5000 35.0000 -15.6146 164 152 112
-6.5000 35.0000 -15.8446 162 150 110
-5.5000 35.0000 -16.0728 153 141 101
-4.5000 35.0000 -16.2894 142 130 92
-3.5000 35.0000 -16.4851 138 124 89
-2.5000 35.0000 -16.6538 135 120 87
-1.5000 35.0000 -16.7947 132 117 84
-0.5000 35.0000 -16.9132 132 117 84
0.5000 35.0000 -17.0206 135 120 89
1.5000 35.0000 -17.1316 136 121 90
2.5000 35.0000 -17.2611 135 120 89
3.5000 35.0000 -17.4202 134 119 88
4.5000 35.0000 -17.6133 134 119 90
5.5000 35.0000 -17.8377 129 114 85
6.5000 35.0000 -18.0838 121 105 79
7.5000 35.0000 -18.3395 114 98 72
8.5000 35.0000 -18.5941 110 94 68
9.5000 35.0000 -18.8425 110 94 68
10.5000 35.0000 -19.0872 112 96 71
11.5000 35.0000 -19.3371 114 98 73
12.5000 35.0000 -19.6038 108 91 71
13.5000 35.0000 -19.8976 109 92 72
14.5000 35.0000 -20.2243 107 90 70
15.5000 35.0000 -20.5845 102 87 66
16.5000 35.0000 -20.9762 95 80 57
17.5000 35.0000 -21.3982 87 75 51
18.5000 35.0000 -21.8536 83 73 48
19.5000 35.0000 -22.3511 82 72 47
20.5000 35.0000 -22.9049 79 72 46
21.5000 35.0000 -23.5327 70 62 39
22.5000 35.0000 -24.2533 69 63 41
23.5000 35.0000 -25.0838 68 63 43
24.5000 35.0000 -26.0371 60 55 36
25.5000 35.0000 -27.1200 56 53 34
26.5000 35.0000 -28.3322 55 52 35
27.5000 35.0000 -29.6673 44 41 24
28.5000 35.0000 -31.1124 46 43 28
29.5000 35.0000 -32.6482 43 40 25
30.5000 35.0000 -34.2482 38 35 20
31.5000 35.0000 -35.8807 34 31 16
32.5000 35.0000 -37.5170 30 26 14
33.5000 35.0000 -39.1434 27 23 11
34.5000 35.0000 -40.7726 26 22 11
35.5000 35.0000 -42.4456 26 22 11
36.5000 35.0000 -44.2202 29 25 14
37.5000 35.0000 -46.1500 25 21 10
38.5000 35.0000 -48.2606 21 17 8
39.5000 35.0000 -50.5335 19 15 6
40.5000 35.0000 -52.9034 19 14 8
41.5000 35.0000 -55.2706 19 14 8
-91.5000 34.0000 -86.1537 15 16 11
-90.5000 34.0000 -72.2640 15 16 11
-89.5000 34.0000 -61.9865 15 18 11
-88.5000 34.0000 -54.8688 16 19 12
-87.5000 34.0000 -50.2126 14 19 12
-86.5000 34.0000 -47.2867 14 19 12
-85.5000 34.0000 -45.4577 14 20 10
-84.5000 34.0000 -44.2440 14 20 10
-83.5000 34.0000 -43.3170 19 20 12
-82.5000 34.0000 -42.4770 19 20 12
-81.5000 34.0000 -41.6229 19 22 13
-80.5000 34.0000 -40.7222 19 25 15
-79.5000 34.0000 -39.7853 20 26 16
-78.5000 34.0000 -38.8443 20 28 17
-77.5000 34.0000 -37.9364 19 29 18
-76.5000 34.0000 -37.0942 20 30 19
-75.5000 34.0000 -36.3411 22 32 21
-74.5000 34.0000 -35.6911 23 33 22
-73.5000 34.0000 -35.1503 27 35 24
-72.5000 34.0000 -34.7183 29 37 26
-71.5000 34.0000 -34.3877 33 36 27
-70.5000 34.0000 -34.1439 33 36 27
-69.5000 34.0000 -33.9648 34 35 27
-68.5000 34.0000 -33.8211 34 35 27
-67.5000 34.0000 -33.6786 29 32 25
-66.5000 34.0000 -33.4998 28 30 25
-65.5000 34.0000 -33.2458 28 31 24
-64.5000 34.0000 -32.8790 29 32 23
-63.5000 34.0000 -32.3654 30 33 24
-62.5000 34.0000 -31.6793 32 34 21
-61.5000 34.0000 -30.8081 34 36 23
-60.5000 34.0000 -29.7586 35 38 21
-59.5000 34.0000 -28.5593 43 44 28
-58.5000 34.0000 -27.2596 51 53 32
-57.5000 34.0000 -25.9224 61 63 42
-56.5000 34.0000 -24.6138 70 72 48
-55.5000 34.0000 -23.3907 79 81 57
-54.5000 34.0000 -22.2911 85 88 61
-53.5000 34.0000 -21.3296 90 90 62
-52.5000 34.0000 -20.4999 92 91 63
-51.5000 34.0000 -19.7814 100 93 65
-50.5000 34.0000 -19.1483 108 97 69
-49.5000 34.0000 -18.5782 114 103 75
-48.5000 34.0000 -18.0561 119 108 76
-47.5000 34.0000 -17.5756 127 114 80
-46.5000 34.0000 -17.1372 134 122 84
-45.5000 34.0000 -16.7454 144 130 93
-44.5000 34.0000 -16.4057 151 136 95
-43.5000 34.0000 -16.1218 158 140 100
-42.5000 34.0000 -15.8940 160 143 100
-41.5000 34.0000 -15.7178 166 144 103
-40.5000 34.0000 -15.5833 169 147 106
-39.5000 34.0000 -15.4764 172 148 110
-38.5000 34.0000 -15.3811 172 148 110
-37.5000 34.0000 -15.2826 171 147 109
-36.5000 34.0000 -15.1703 169 147 106
-35.5000 34.0000 -15.0404 169 151 105
-34.5000 34.0000 -14.8953 183 165 117
-33.5000 34.0000 -14.7421 194 173 126
-32.5000 34.0000 -14.5894 193 171 124
-31.5000 34.0000 -14.4447 192 168 122
-30.5000 34.0000 -14.3133 199 172 127
-29.5000 34.0000 -14.1977 208 179 135
-28.5000 34.0000 -14.0985 215 184 140
-27.5000 34.0000 -14.0155 215 184 140
-26.5000 34.0000 -13.9481 214 183 139
-25.5000 34.0000 -13.8961 214 183 139
-24.5000 34.0000 -13.8595 214 185 141
-23.5000 34.0000 -13.8387 217 188 144
-22.5000 34.0000 -13.8339 215 188 143
-21.5000 34.0000 -13.8451 211 184 139
-20.5000 34.0000 -13.8721 204 180 132
-19.5000 34.0000 -13.9140 207 187 136
-18.5000 34.0000 -13.9702 202 186 134
-17.5000 34.0000 -14.0398 201 184 132
-16.5000 34.0000 -14.1221 197 181 129
-15.5000 34.0000 -14.2173 196 180 129
-14.5000 34.0000 -14.3263 195 179 128
-13.5000 34.0000 -14.4510 196 180 131
-12.5000 34.0000 -14.5935 194 180 133
-11.5000 34.0000 -14.7555 179 165 120
-10.5000 34.0000 -14.9377 179 166 121
-9.5000 34.0000 -15.1389 173 160 116
-8.5000 34.0000 -15.3561 164 152 110
-7.5000 34.0000 -15.5841 165 151 112
-6.5000 34.0000 -15.8156 165 153 113
-5.5000 34.0000 -16.0415 153 141 101
-4.5000 34.0000 -16.2518 137 125 87
-3.5000 34.0000 -16.4379 137 123 88
-2.5000 34.0000 -16.5946 134 119 86
-1.5000 34.0000 -16.7220 132 117 84
-0.5000 34.0000 -16.8266 132 117 84
0.5000 34.0000 -16.9203 135 120 89
1.5000 34.0000 -17.0181 138 123 92
2.5000 34.0000 -17.1349 138 123 92
3.5000 34.0000 -17.2815 136 121 90
4.5000 34.0000 -17.4623 135 120 91
5.5000 34.0000 -17.6741 130 115 86
6.5000 34.0000 -17.9077 123 107 81
7.5000 34.0000 -18.1515 116 100 74
8.5000 34.0000 -18.3958 113 97 71
9.5000 34.0000 -18.6365 114 98 72
10.5000 34.0000 -18.8765 117 101 76
11.5000 34.0000 -19.1242 119 103 78
12.5000 34.0000 -19.3901 112 95 75
13.5000 34.0000 -19.6820 111 94 74
14.5000 34.0000 -20.0033 107 90 70
15.5000 34.0000 -20.3530 102 86 63
16.5000 34.0000 -20.7286 96 81 58
17.5000 34.0000 -21.1300 90 78 52
18.5000 34.0000 -21.5621 88 76 50
19.5000 34.0000 -22.0360 86 76 49
20.5000 34.0000 -22.5672 85 78 52
21.5000 34.0000 -23.1734 75 69 43
22.5000 34.0000 -23.8708 75 69 45
23.5000 34.0000 -24.6728 73 68 46
24.5000 34.0000 -25.5876 62 60 39
25.5000 34.0000 -26.6189 60 57 38
26.5000 34.0000 -27.7666 58 55 38
27.5000 34.0000 -29.0283 47 44 27
28.5000 34.0000 -30.4002 47 44 29
29.5000 34.0000 -31.8749 44 41 26
30.5000 34.0000 -33.4389 39 36 21
31.5000 34.0000 -35.0724 33 30 15
32.5000 34.0000 -36.7537 29 25 13
33.5000 34.0000 -38.4703 26 22 10
34.5000 34.0000 -40.2285 26 22 11
35.5000 34.0000 -42.0564 25 21 10
36.5000 34.0000 -43.9943 28 24 13
37.5000 34.0000 -46.0766 25 21 10
38.5000 34.0000 -48.3120 20 16 7
39.5000 34.0000 -50.6703 18 14 5
40.5000 34.0000 -53.0810 19 14 8
41.5000 34.0000 -55.4452 18 13 7
-91.5000 33.0000 -79.8226 17 18 13
-90.5000 33.0000 -67.2480 17 18 13
-89.5000 33.0000 -58.2486 16 19 12
-88.5000 33.0000 -52.2031 16 19 12
-87.5000 33.0000 -48.3427 14 19 12
-86.5000 33.0000 -45.9436 15 20 13
-85.5000 33.0000 -44.4252 16 22 12
-84.5000 33.0000 -43.3715 16 22 12
-83.5000 33.0000 -42.5130 19 21 10
-82.5000 33.0000 -41.6939 19 21 10
-81.5000 33.0000 -40.8411 20 23 12
-80.5000 33.0000 -39.9378 19 25 13
-79.5000 33.0000 -39.0010 21 27 15
-78.5000 33.0000 -38.0633 22 30 17
-77.5000 33.0000 -37.1591 21 32 18
-76.5000 33.0000 -36.3163 22 33 19
-75.5000 33.0000 -35.5537 21 32 18
-74.5000 33.0000 -34.8830 23 34 20
-73.5000 33.0000 -34.3106 26 34 21
-72.5000 33.0000 -33.8389 28 36 23
-71.5000 33.0000 -33.4661 32 35 24
-70.5000 33.0000 -33.1843 33 36 25
-69.5000 33.0000 -32.9791 33 35 24
-68.5000 33.0000 -32.8289 32 35 26
-67.5000 33.0000 -32.7059 30 35 28
-66.5000 33.0000 -32.5772 29 34 28
-65.5000 33.0000 -32.4056 28 33 26
-64.5000 33.0000 -32.1518 28 34 24
-63.5000 33.0000 -31.7764 28 34 24
-62.5000 33.0000 -31.2446 32 36 22
-61.5000 33.0000 -30.5320 34 38 24
-60.5000 33.0000 -29.6307 36 39 22
-59.5000 33.0000 -28.5550 41 42 26
-58.5000 33.0000 -27.3425 46 48 27
-57.5000 33.0000 -26.0507 59 58 38
-56.5000 33.0000 -24.7477 72 72 48
-55.5000 33.0000 -23.4995 82 82 58
-54.5000 33.0000 -22.3571 88 88 62
-53.5000 33.0000 -21.3485 91 90 62
-52.5000 33.0000 -20.4772 94 90 63
-51.5000 33.0000 -19.7280 105 98 70
-50.5000 33.0000 -19.0761 111 102 73
-49.5000 33.0000 -18.4965 115 106 77
-48.5000 33.0000 -17.9707 120 109 77
-47.5000 33.0000 -17.4888 126 113 79
-46.5000 33.0000 -17.0489 133 121 83
-45.5000 33.0000 -16.6542 143 129 92
-44.5000 33.0000 -16.3103 150 135 94
-43.5000 33.0000 -16.0217 162 144 104
-42.5000 33.0000 -15.7895 164 147 104
-41.5000 33.0000 -15.6100 169 147 106
-40.5000 33.0000 -15.4737 170 148 107
-39.5000 33.0000 -15.3668 172 148 110
-38.5000 33.0000 -15.2728 170 146 108
-37.5000 33.0000 -15.1763 169 143 106
-36.5000 33.0000 -15.0662 165 143 102
-35.5000 33.0000 -14.9380 162 146 97
-34.5000 33.0000 -14.7938 175 162 110
-33.5000 33.0000 -14.6406 188 172 121
-32.5000 33.0000 -14.4872 189 171 121
-31.5000 33.0000 -14.3416 191 169 120
-30.5000 33.0000 -14.2093 198 174 126
-29.5000 33.0000 -14.0933 209 182 135
-28.5000 33.0000 -13.9941 214 186 139
-27.5000 33.0000 -13.9114 215 187 140
-26.5000 33.0000 -13.8446 215 187 140
-25.5000 33.0000 -13.7930 216 188 141
-24.5000 33.0000 -13.7565 218 190 143
-23.5000 33.0000 -13.7351 219 191 144
-22.5000 33.0000 -13.7293 217 190 143
-21.5000 33.0000 -13.7393 214 187 140
-20.5000 33.0000 -13.7653 208 184 136
-19.5000 33.0000 -13.8074 215 195 144
-18.5000 33.0000 -13.8656 211 194 140
-17.5000 33.0000 -13.9394 210 190 139
-16.5000 33.0000 -14.0282 204 187 135
-15.5000 33.0000 -14.1319 200 182 132
-14.5000 33.0000 -14.2507 198 180 130
-13.5000 33.0000 -14.3859 196 178 130
-12.5000 33.0000 -14.5389 194 177 131
-11.5000 33.0000 -14.7108 182 165 121
-10.5000 33.0000 -14.9018 181 167 122
-9.5000 33.0000 -15.1100 175 160 117
-8.5000 33.0000 -15.3317 165 152 108
-7.5000 33.0000 -15.5608 164 149 108
-6.5000 33.0000 -15.7895 163 150 108
-5.5000 33.0000 -16.0085 152 138 99
-4.5000 33.0000 -16.2084 136 122 85
-3.5000 33.0000 -16.3817 138 124 89
-2.5000 33.0000 -16.5244 135 122 87
-1.5000 33.0000 -16.6378 132 119 85
-0.5000 33.0000 -16.7292 134 121 87
0.5000 33.0000 -16.8106 137 124 90
1.5000 33.0000 -16.8970 139 126 92
2.5000 33.0000 -17.0027 141 126 95
3.5000 33.0000 -17.1381 140 125 94
4.5000 33.0000 -17.3071 137 122 93
5.5000 33.0000 -17.5068 133 118 89
6.5000 33.0000 -17.7287 126 111 82
7.5000 33.0000 -17.9622 120 105 76
8.5000 33.0000 -18.1988 118 101 75
9.5000 33.0000 -18.4350 119 102 76
10.5000 33.0000 -18.6738 121 104 78
11.5000 33.0000 -18.9225 124 106 82
12.5000 33.0000 -19.1894 119 101 81
13.5000 33.0000 -19.4802 114 96 76
14.5000 33.0000 -19.7960 107 89 69
15.5000 33.0000 -20.1346 100 84 61
16.5000 33.0000 -20.4937 95 80 57
17.5000 33.0000 -20.8745 92 80 54
18.5000 33.0000 -21.2846 93 81 55
19.5000 33.0000 -21.7374 92 83 54
20.5000 33.0000 -22.2501 87 80 52
21.5000 33.0000 -22.8397 76 70 44
22.5000 33.0000 -23.5202 76 70 46
23.5000 33.0000 -24.3004 73 68 46
24.5000 33.0000 -25.1835 62 60 39
25.5000 33.0000 -26.1692 58 57 37
26.5000 33.0000 -27.2560 55 54 36
27.5000 33.0000 -28.4447 44 42 27
28.5000 33.0000 -29.7391 45 43 28
29.5000 33.0000 -31.1432 42 40 25
30.5000 33.0000 -32.6579 38 36 21
31.5000 33.0000 -34.2767 32 30 15
32.5000 33.0000 -35.9890 29 26 11
33.5000 33.0000 -37.7870 26 23 8
34.5000 33.0000 -39.6738 24 20 8
35.5000 33.0000 -41.6654 23 19 7
36.5000 33.0000 -43.7834 28 24 13
37.5000 33.0000 -46.0398 24 20 9
38.5000 33.0000 -48.4218 22 15 7
39.5000 33.0000 -50.8830 20 13 5
40.5000 33.0000 -53.3445 20 13 5
41.5000 33.0000 -55.7071 20 13 5
-92.5000 32.0000 -89.2243 16 16 14
-91.5000 32.0000 -74.0878 18 19 14
-90.5000 32.0000 -62.8329 18 19 14
-89.5000 32.0000 -55.0380 16 19 12
-88.5000 32.0000 -49.9548 16 19 12
-87.5000 32.0000 -46.7778 15 20 13
-86.5000 32.0000 -44.8112 16 21 14
-85.5000 32.0000 -43.5336 17 23 13
-84.5000 32.0000 -42.5934 18 24 14
-83.5000 32.0000 -41.7753 18 20 9
-82.5000 32.0000 -40.9625 19 21 10
-81.5000 32.0000 -40.1059 20 23 12
-80.5000 32.0000 -39.2009 20 26 14
-79.5000 32.0000 -38.2689 22 28 16
-78.5000 32.0000 -37.3412 23 31 18
-77.5000 32.0000 -36.4483 22 33 19
-76.5000 32.0000 -35.6128 23 34 20
-75.5000 32.0000 -34.8494 21 32 18
-74.5000 32.0000 -34.1670 22 33 19
-73.5000 32.0000 -33.5714 26 34 21
-72.5000 32.0000 -33.0666 28 36 23
-71.5000 32.0000 -32.6546 32 35 24
-70.5000 32.0000 -32.3331 32 35 24
-69.5000 32.0000 -32.0941 33 35 24
-68.5000 32.0000 -31.9235 32 35 26
-67.5000 32.0000 -31.8006 33 40 32
-66.5000 32.0000 -31.6986 30 40 32
-65.5000 32.0000 -31.5844 28 38 29
-64.5000 32.0000 -31.4200 28 36 25
-63.5000 32.0000 -31.1641 28 36 25
-62.5000 32.0000 -30.7761 30 36 22
-61.5000 32.0000 -30.2211 32 38 24
-60.5000 32.0000 -29.4771 35 39 22
-59.5000 32.0000 -28.5419 37 40 23
-58.5000 32.0000 -27.4377 40 42 21
-57.5000 32.0000 -26.2119 52 51 31
-56.5000 32.0000 -24.9306 70 68 45
-55.5000 32.0000 -23.6659 82 80 57
-54.5000 32.0000 -22.4816 89 85 60
-53.5000 32.0000 -21.4200 92 88 61
-52.5000 32.0000 -20.4973 95 91 64
-51.5000 32.0000 -19.7063 107 100 72
-50.5000 32.0000 -19.0250 112 103 74
-49.5000 32.0000 -18.4274 117 108 79
-48.5000 32.0000 -17.8916 121 112 79
-47.5000 32.0000 -17.4040 127 117 82
-46.5000 32.0000 -16.9599 135 123 85
-45.5000 32.0000 -16.5609 145 131 94
-44.5000 32.0000 -16.2121 151 138 96
-43.5000 32.0000 -15.9183 168 150 110
-42.5000 32.0000 -15.6813 169 152 109
-41.5000 32.0000 -15.4980 173 151 110
-40.5000 32.0000 -15.3596 174 152 111
-39.5000 32.0000 -15.2524 173 149 111
-38.5000 32.0000 -15.1597 171 147 109
-37.5000 32.0000 -15.0659 169 143 106
-36.5000 32.0000 -14.9591 166 143 102
-35.5000 32.0000 -14.8342 161 147 98
-34.5000 32.0000 -14.6926 174 162 110
-33.5000 32.0000 -14.5412 186 173 121
-32.5000 32.0000 -14.3888 189 173 122
-31.5000 32.0000 -14.2438 193 173 123
-30.5000 32.0000 -14.1121 201 179 130
-29.5000 32.0000 -13.9966 209 185 137
-28.5000 32.0000 -13.8982 213 186 139
-27.5000 32.0000 -13.8164 216 188 141
-26.5000 32.0000 -13.7503 217 189 142
-25.5000 32.0000 -13.6992 218 190 143
-24.5000 32.0000 -13.6627 219 192 145
-23.5000 32.0000 -13.6410 220 193 146
-22.5000 32.0000 -13.6345 217 193 145
-21.5000 32.0000 -13.6440 215 191 143
-20.5000 32.0000 -13.6702 212 190 140
-19.5000 32.0000 -13.7139 221 199 149
-18.5000 32.0000 -13.7755 219 198 145
-17.5000 32.0000 -13.8549 215 193 143
-16.5000 32.0000 -13.9516 210 188 138
-15.5000 32.0000 -14.0646 205 183 134
-14.5000 32.0000 -14.1938 200 180 130
-13.5000 32.0000 -14.3393 197 176 129
-12.5000 32.0000 -14.5018 193 175 127
-11.5000 32.0000 -14.6820 184 166 120
-10.5000 32.0000 -14.8791 182 165 121
-9.5000 32.0000 -15.0910 177 160 117
-8.5000 32.0000 -15.3130 170 153 110
-7.5000 32.0000 -15.5386 164 146 106
-6.5000 32.0000 -15.7598 159 141 101
-5.5000 32.0000 -15.9676 150 132 94
-4.5000 32.0000 -16.1537 140 125 86
-3.5000 32.0000 -16.3120 141 128 93
-2.5000 32.0000 -16.4401 138 125 90
-1.5000 32.0000 -16.5404 136 123 89
-0.5000 32.0000 -16.6205 137 124 90
0.5000 32.0000 -16.6924 140 127 93
1.5000 32.0000 -16.7701 143 130 96
2.5000 32.0000 -16.8672 144 129 98
3.5000 32.0000 -16.9932 143 128 97
4.5000 32.0000 -17.1520 138 123 94
5.5000 32.0000 -17.3410 135 120 91
6.5000 32.0000 -17.5530 130 115 86
7.5000 32.0000 -17.7785 125 110 81
8.5000 32.0000 -18.0103 123 106 80
9.5000 32.0000 -18.2452 122 105 79
10.5000 32.0000 -18.4855 123 106 80
11.5000 32.0000 -18.7370 124 106 82
12.5000 32.0000 -19.0057 123 105 85
13.5000 32.0000 -19.2949 116 98 78
14.5000 32.0000 -19.6043 107 89 69
15.5000 32.0000 -19.9310 99 83 60
16.5000 32.0000 -20.2735 97 81 56
17.5000 32.0000 -20.6351 97 83 56
18.5000 32.0000 -21.0257 96 85 57
19.5000 32.0000 -21.4612 96 87 58
20.5000 32.0000 -21.9598 86 79 51
21.5000 32.0000 -22.5379 75 70 41
22.5000 32.0000 -23.2067 73 69 42
23.5000 32.0000 -23.9703 69 67 44
24.5000 32.0000 -24.8264 59 57 36
25.5000 32.0000 -25.7700 55 54 34
26.5000 32.0000 -26.7976 52 50 35
27.5000 32.0000 -27.9117 40 38 23
28.5000 32.0000 -29.1225 45 43 28
29.5000 32.0000 -30.4449 44 42 27
30.5000 32.0000 -31.8938 40 38 23
31.5000 32.0000 -33.4781 36 34 19
32.5000 32.0000 -35.2008 32 29 14
33.5000 32.0000 -37.0624 27 24 9
34.5000 32.0000 -39.0664 24 20 8
35.5000 32.0000 -41.2196 22 18 6
36.5000 32.0000 -43.5251 27 23 12
37.5000 32.0000 -45.9710 24 20 9
38.5000 32.0000 -48.5194 21 14 6
56.5000 32.0000 -64.1016 14 15 10
57.5000 32.0000 -64.2692 15 16 11
58.5000 32.0000 -64.7542 13 14 9
-93.5000 31.0000 -100.7128 15 15 13
-92.5000 31.0000 -82.9492 18 18 16
-91.5000 31.0000 -69.0849 20 21 16
-90.5000 31.0000 -59.0949 19 20 15
-89.5000 31.0000 -52.3871 17 20 13
-88.5000 31.0000 -48.1311 16 19 12
-87.5000 31.0000 -45.5156 15 20 13
-86.5000 31.0000 -43.8871 16 21 14
-85.5000 31.0000 -42.7845 18 24 14
-84.5000 31.0000 -41.9158 19 25 15
-83.5000 31.0000 -41.1134 17 19 8
-82.5000 31.0000 -40.2942 18 20 9
-81.5000 31.0000 -39.4296 19 22 11
-80.5000 31.0000 -38.5247 19 25 13
-79.5000 31.0000 -37.6026 22 28 16
-78.5000 31.0000 -36.6915 23 31 18
-77.5000 31.0000 -35.8161 22 33 19
-76.5000 31.0000 -34.9937 23 34 20
-75.5000 31.0000 -34.2347 23 34 20
-74.5000 31.0000 -33.5453 24 35 21
-73.5000 31.0000 -32.9305 28 36 23
-72.5000 31.0000 -32.3955 30 38 25
-71.5000 31.0000 -31.9448 34 37 26
-70.5000 31.0000 -31.5802 34 37 26
-69.5000 31.0000 -31.2996 35 37 26
-68.5000 31.0000 -31.0956 32 38 28
-67.5000 31.0000 -30.9550 35 45 36
-66.5000 31.0000 -30.8580 31 44 35
-65.5000 31.0000 -30.7776 29 41 31
-64.5000 31.0000 -30.6799 26 38 26
-63.5000 31.0000 -30.5249 26 36 25
-62.5000 31.0000 -30.2691 29 37 22
-61.5000 31.0000 -29.8694 32 38 24
-60.5000 31.0000 -29.2899 35 39 22
-59.5000 31.0000 -28.5103 35 38 21
-58.5000 31.0000 -27.5347 37 36 16
-57.5000 31.0000 -26.3961 48 45 26
-56.5000 31.0000 -25.1542 68 63 41
-55.5000 31.0000 -23.8845 82 77 55
-54.5000 31.0000 -22.6616 88 82 58
-53.5000 31.0000 -21.5435 92 86 60
-52.5000 31.0000 -20.5611 96 90 64
-51.5000 31.0000 -19.7178 103 96 68
-50.5000 31.0000 -18.9968 108 101 72
-49.5000 31.0000 -18.3726 117 108 79
-48.5000 31.0000 -17.8205 124 115 82
-47.5000 31.0000 -17.3232 131 121 86
-46.5000 31.0000 -16.8726 140 128 90
-45.5000 31.0000 -16.4681 149 135 98
-44.5000 31.0000 -16.1138 155 142 100
-43.5000 31.0000 -15.8142 173 155 115
-42.5000 31.0000 -15.5718 174 157 114
-41.5000 31.0000 -15.3840 178 156 115
-40.5000 31.0000 -15.2427 178 156 115
-39.5000 31.0000 -15.1345 178 154 116
-38.5000 31.0000 -15.0430 176 150 113
-37.5000 31.0000 -14.9521 175 147 110
-36.5000 31.0000 -14.8497 170 147 106
-35.5000 31.0000 -14.7294 171 157 108
-34.5000 31.0000 -14.5924 181 169 117
-33.5000 31.0000 -14.4447 190 178 126
-32.5000 31.0000 -14.2952 193 180 128
-31.5000 31.0000 -14.1523 198 180 130
-30.5000 31.0000 -14.0223 206 186 136
-29.5000 31.0000 -13.9083 212 188 140
-28.5000 31.0000 -13.8114 211 187 139
-27.5000 31.0000 -13.7309 214 187 140
-26.5000 31.0000 -13.6657 216 189 142
-25.5000 31.0000 -13.6152 219 192 145
-24.5000 31.0000 -13.5789 221 194 147
-23.5000 31.0000 -13.5572 221 194 147
-22.5000 31.0000 -13.5507 219 195 147
-21.5000 31.0000 -13.5606 217 193 145
-20.5000 31.0000 -13.5882 215 193 143
-19.5000 31.0000 -13.6347 223 200 150
-18.5000 31.0000 -13.7010 221 198 146
-17.5000 31.0000 -13.7872 217 194 142
-16.5000 31.0000 -13.8923 213 190 140
-15.5000 31.0000 -14.0149 207 183 135
-14.5000 31.0000 -14.1539 201 179 130
-13.5000 31.0000 -14.3085 197 175 128
-12.5000 31.0000 -14.4788 195 173 126
-11.5000 31.0000 -14.6645 188 165 121
-10.5000 31.0000 -14.8643 183 162 119
-9.5000 31.0000 -15.0755 179 157 116
-8.5000 31.0000 -15.2931 172 153 111
-7.5000 31.0000 -15.5105 162 143 103
-6.5000 31.0000 -15.7198 151 132 92
-5.5000 31.0000 -15.9131 146 126 89
-4.5000 31.0000 -16.0835 144 129 90
-3.5000 31.0000 -16.2265 146 133 98
-2.5000 31.0000 -16.3411 141 131 95
-1.5000 31.0000 -16.4307 141 128 93
-0.5000 31.0000 -16.5029 141 128 93
0.5000 31.0000 -16.5688 144 131 97
1.5000 31.0000 -16.6413 146 133 99
2.5000 31.0000 -16.7327 146 133 99
3.5000 31.0000 -16.8518 144 131 97
4.5000 31.0000 -17.0024 140 125 94
5.5000 31.0000 -17.1828 137 122 91
6.5000 31.0000 -17.3870 135 118 90
7.5000 31.0000 -17.6071 131 114 86
8.5000 31.0000 -17.8367 128 111 83
9.5000 31.0000 -18.0727 125 108 80
10.5000 31.0000 -18.3161 124 107 81
11.5000 31.0000 -18.5707 123 105 81
12.5000 31.0000 -18.8404 125 104 85
13.5000 31.0000 -19.1267 119 98 79
14.5000 31.0000 -19.4282 108 90 70
15.5000 31.0000 -19.7426 102 86 63
16.5000 31.0000 -20.0694 101 85 60
17.5000 31.0000 -20.4142 100 86 59
18.5000 31.0000 -20.7891 98 87 59
19.5000 31.0000 -21.2117 96 87 56
20.5000 31.0000 -21.7010 91 84 55
21.5000 31.0000 -22.2723 81 76 47
22.5000 31.0000 -22.9335 78 74 47
23.5000 31.0000 -23.6838 74 72 47
24.5000 31.0000 -24.5153 63 61 40
25.5000 31.0000 -25.4181 58 57 37
26.5000 31.0000 -26.3861 53 54 38
27.5000 31.0000 -27.4226 42 43 27
28.5000 31.0000 -28.5428 47 46 28
29.5000 31.0000 -29.7712 47 46 28
30.5000 31.0000 -31.1358 46 44 29
31.5000 31.0000 -32.6613 42 40 25
32.5000 31.0000 -34.3659 37 35 20
33.5000 31.0000 -36.2618 31 29 14
34.5000 31.0000 -38.3567 26 22 10
35.5000 31.0000 -40.6521 23 19 7
36.5000 31.0000 -43.1360 29 22 12
37.5000 31.0000 -45.7728 25 18 8
38.5000 31.0000 -48.4975 21 14 4
56.5000 31.0000 -60.6924 15 16 11
57.5000 31.0000 -60.7080 16 17 12
58.5000 31.0000 -61.1087 14 15 10
-93.5000 30.0000 -93.9621 16 17 12
-92.5000 30.0000 -77.3962 19 20 15
-91.5000 30.0000 -64.8184 20 21 15
-90.5000 30.0000 -56.0081 19 20 14
-89.5000 30.0000 -50.2542 18 19 13
-88.5000 30.0000 -46.6877 16 19 12
-87.5000 30.0000 -44.5178 17 20 13
-86.5000 30.0000 -43.1419 19 22 15
-85.5000 30.0000 -42.1576 21 24 15
-84.5000 30.0000 -41.3252 22 25 16
-83.5000 30.0000 -40.5185 17 19 8
-82.5000 30.0000 -39.6830 18 20 9
-81.5000 30.0000 -38.8077 18 21 10
-80.5000 30.0000 -37.9051 21 24 13
-79.5000 30.0000 -36.9978 21 27 15
-78.5000 30.0000 -36.1090 24 30 18
-77.5000 30.0000 -35.2566 24 32 19
-76.5000 30.0000 -34.4517 25 33 20
-75.5000 30.0000 -33.7002 27 35 22
-74.5000 30.0000 -33.0064 28 36 23
-73.5000 30.0000 -32.3747 31 37 25
-72.5000 30.0000 -31.8108 33 39 27
-71.5000 30.0000 -31.3211 36 39 28
-70.5000 30.0000 -30.9105 36 39 28
-69.5000 30.0000 -30.5818 37 39 28
-68.5000 30.0000 -30.3338 36 39 28
-67.5000 30.0000 -30.1603 40 48 35
-66.5000 30.0000 -30.0494 35 46 32
-65.5000 30.0000 -29.9819 31 42 28
-64.5000 30.0000 -29.9304 30 38 25
-63.5000 30.0000 -29.8592 28 36 21
-62.5000 30.0000 -29.7242 29 35 21
-61.5000 30.0000 -29.4759 31 38 22
-60.5000 30.0000 -29.0656 34 38 21
-59.5000 30.0000 -28.4543 34 35 19
-58.5000 30.0000 -27.6256 34 33 15
-57.5000 30.0000 -26.5948 44 41 22
-56.5000 30.0000 -25.4110 65 60 40
-55.5000 30.0000 -24.1494 81 75 53
-54.5000 30.0000 -22.8942 87 79 56
-53.5000 30.0000 -21.7185 92 84 61
-52.5000 30.0000 -20.6698 97 90 64
-51.5000 30.0000 -19.7648 102 93 64
-50.5000 30.0000 -18.9946 108 99 68
-49.5000 30.0000 -18.3355 116 107 74
-48.5000 30.0000 -17.7610 125 117 81
-47.5000 30.0000 -17.2502 133 123 87
-46.5000 30.0000 -16.7910 142 133 94
-45.5000 30.0000 -16.3802 152 140 100
-44.5000 30.0000 -16.0199 159 146 104
-43.5000 30.0000 -15.7144 173 158 117
-42.5000 30.0000 -15.4658 175 160 117
-41.5000 30.0000 -15.2725 178 161 118
-40.5000 30.0000 -15.1270 180 161 119
-39.5000 30.0000 -15.0167 181 159 120
-38.5000 30.0000 -14.9256 179 157 118
-37.5000 30.0000 -14.8376 177 153 115
-36.5000 30.0000 -14.7399 174 152 111
-35.5000 30.0000 -14.6255 181 167 120
-34.5000 30.0000 -14.4944 190 178 128
-33.5000 30.0000 -14.3519 196 184 134
-32.5000 30.0000 -14.2067 198 184 135
-31.5000 30.0000 -14.0673 203 187 138
-30.5000 30.0000 -13.9399 209 191 141
-29.5000 30.0000 -13.8282 214 192 143
-28.5000 30.0000 -13.7332 211 187 139
-27.5000 30.0000 -13.6543 211 187 139
-26.5000 30.0000 -13.5905 215 189 140
-25.5000 30.0000 -13.5409 219 193 144
-24.5000 30.0000 -13.5052 221 195 146
-23.5000 30.0000 -13.4839 222 196 147
-22.5000 30.0000 -13.4780 221 195 144
-21.5000 30.0000 -13.4892 221 195 144
-20.5000 30.0000 -13.5191 220 194 143
-19.5000 30.0000 -13.5694 223 197 146
-18.5000 30.0000 -13.6412 222 196 145
-17.5000 30.0000 -13.7344 219 193 142
-16.5000 30.0000 -13.8478 215 189 140
-15.5000 30.0000 -13.9793 208 184 136
-14.5000 30.0000 -14.1268 203 179 131
-13.5000 30.0000 -14.2888 199 175 129
-12.5000 30.0000 -14.4642 196 172 126
-11.5000 30.0000 -14.6520 189 166 122
-10.5000 30.0000 -14.8506 183 160 118
-9.5000 30.0000 -15.0567 179 156 115
-8.5000 30.0000 -15.2653 175 153 112
-7.5000 30.0000 -15.4703 163 141 102
-6.5000 30.0000 -15.6646 148 126 87
-5.5000 30.0000 -15.8416 145 123 86
-4.5000 30.0000 -15.9961 149 131 95
-3.5000 30.0000 -16.1254 149 136 101
-2.5000 30.0000 -16.2295 144 134 98
-1.5000 30.0000 -16.3122 143 130 96
-0.5000 30.0000 -16.3806 144 131 97
0.5000 30.0000 -16.4446 146 133 99
1.5000 30.0000 -16.5156 148 135 101
2.5000 30.0000 -16.6044 148 133 100
3.5000 30.0000 -16.7192 147 132 99
4.5000 30.0000 -16.8640 140 125 94
5.5000 30.0000 -17.0379 140 123 93
6.5000 30.0000 -17.2365 137 120 92
7.5000 30.0000 -17.4534 134 117 89
8.5000 30.0000 -17.6827 130 113 85
9.5000 30.0000 -17.9210 125 110 81
10.5000 30.0000 -18.1677 123 108 79
11.5000 30.0000 -18.4246 121 105 79
12.5000 30.0000 -18.6934 122 104 82
13.5000 30.0000 -18.9745 116 98 78
14.5000 30.0000 -19.2666 110 92 70
15.5000 30.0000 -19.5683 105 89 64
16.5000 30.0000 -19.8811 103 89 62
17.5000 30.0000 -20.2123 103 89 60
18.5000 30.0000 -20.5761 100 86 57
19.5000 30.0000 -20.9911 95 84 54
20.5000 30.0000 -21.4760 102 93 62
21.5000 30.0000 -22.0444 90 83 54
22.5000 30.0000 -22.7008 89 82 54
23.5000 30.0000 -23.4395 85 79 55
24.5000 30.0000 -24.2471 74 67 48
25.5000 30.0000 -25.1088 69 64 45
26.5000 30.0000 -26.0159 65 59 45
27.5000 30.0000 -26.9716 52 49 34
28.5000 30.0000 -27.9948 51 48 33
29.5000 30.0000 -29.1176 50 48 33
30.5000 30.0000 -30.3793 50 48 33
31.5000 30.0000 -31.8190 48 46 31
32.5000 30.0000 -33.4706 43 40 25
33.5000 30.0000 -35.3601 36 33 18
34.5000 30.0000 -37.5037 29 25 13
35.5000 30.0000 -39.9027 24 20 8
36.5000 30.0000 -42.5345 29 22 12
37.5000 30.0000 -45.3438 25 18 8
38.5000 30.0000 -48.2394 21 14 6
57.5000 30.0000 -57.3533 13 14 8
-94.5000 29.0000 -106.6257 14 15 9
-93.5000 29.0000 -87.7800 17 18 10
-92.5000 29.0000 -72.5172 18 19 11
-91.5000 29.0000 -61.2073 17 19 8
-90.5000 29.0000 -53.4779 20 22 11
-89.5000 29.0000 -48.5470 22 24 13
-88.5000 29.0000 -45.5441 21 22 14
-87.5000 29.0000 -43.7189 19 20 12
-86.5000 29.0000 -42.5249 19 20 12
-85.5000 29.0000 -41.6142 21 22 16
-84.5000 29.0000 -40.7926 24 25 17
-83.5000 29.0000 -39.9683 21 23 12
-82.5000 29.0000 -39.1114 30 32 19
-81.5000 29.0000 -38.2251 32 34 21
-80.5000 29.0000 -37.3276 27 29 16
-79.5000 29.0000 -36.4397 24 28 14
-78.5000 29.0000 -35.5782 28 32 18
-77.5000 29.0000 -34.7532 29 33 19
-76.5000 29.0000 -33.9692 25 29 15
-75.5000 29.0000 -33.2283 29 33 19
-74.5000 29.0000 -32.5327 31 35 21
-73.5000 29.0000 -31.8865 35 39 25
-72.5000 29.0000 -31.2959 39 43 29
-71.5000 29.0000 -30.7682 42 44 31
-70.5000 29.0000 -30.3107 43 45 32
-69.5000 29.0000 -29.9300 42 44 31
-68.5000 29.0000 -29.6303 41 43 29
-67.5000 29.0000 -29.4126 45 46 28
-66.5000 29.0000 -29.2733 43 44 26
-65.5000 29.0000 -29.2021 41 42 24
-64.5000 29.0000 -29.1801 42 43 25
-63.5000 29.0000 -29.1778 43 44 28
-62.5000 29.0000 -29.1529 42 45 28
-61.5000 29.0000 -29.0514 38 41 24
-60.5000 29.0000 -28.8121 36 37 21
-59.5000 29.0000 -28.3780 44 45 29
-58.5000 29.0000 -27.7108 47 46 28
-57.5000 29.0000 -26.8053 46 43 26
-56.5000 29.0000 -25.6971 52 47 28
-55.5000 29.0000 -24.4575 70 63 44
-54.5000 29.0000 -23.1775 92 84 63
-53.5000 29.0000 -21.9451 102 91 71
-52.5000 29.0000 -20.8253 98 88 63
-51.5000 29.0000 -19.8505 114 103 71
-50.5000 29.0000 -19.0219 115 105 69
-49.5000 29.0000 -18.3200 117 108 69
-48.5000 29.0000 -17.7173 123 114 75
-47.5000 29.0000 -17.1894 132 123 82
-46.5000 29.0000 -16.7199 142 133 92
-45.5000 29.0000 -16.3021 150 141 98
-44.5000 29.0000 -15.9358 157 145 103
-43.5000 29.0000 -15.6238 172 160 118
-42.5000 29.0000 -15.3686 172 160 118
-41.5000 29.0000 -15.1687 172 160 118
-40.5000 29.0000 -15.0177 177 164 122
-39.5000 29.0000 -14.9039 180 167 125
-38.5000 29.0000 -14.8121 181 166 125
-37.5000 29.0000 -14.7262 176 161 120
-36.5000 29.0000 -14.6331 172 157 114
-35.5000 29.0000 -14.5248 179 162 119
-34.5000 29.0000 -14.4002 184 167 123
-33.5000 29.0000 -14.2639 191 174 128
-32.5000 29.0000 -14.1239 196 179 133
-31.5000 29.0000 -13.9885 199 182 136
-30.5000 29.0000 -13.8643 204 186 138
-29.5000 29.0000 -13.7553 209 191 141
-28.5000 29.0000 -13.6626 214 194 144
-27.5000 29.0000 -13.5858 210 188 138
-26.5000 29.0000 -13.5237 216 193 141
-25.5000 29.0000 -13.4755 224 199 145
-24.5000 29.0000 -13.4409 230 203 150
-23.5000 29.0000 -13.4207 233 203 149
-22.5000 29.0000 -13.4162 231 200 145
-21.5000 29.0000 -13.4292 227 194 140
-20.5000 29.0000 -13.4619 223 192 138
-19.5000 29.0000 -13.5163 228 201 148
-18.5000 29.0000 -13.5935 224 198 147
-17.5000 29.0000 -13.6932 218 192 143
-16.5000 29.0000 -13.8138 209 183 134
-15.5000 29.0000 -13.9527 201 174 127
-14.5000 29.0000 -14.1067 198 171 124
-13.5000 29.0000 -14.2735 200 176 130
-12.5000 29.0000 -14.4511 204 180 134
-11.5000 29.0000 -14.6378 192 168 124
-10.5000 29.0000 -14.8312 187 162 121
-9.5000 29.0000 -15.0283 178 153 113
-8.5000 29.0000 -15.2244 168 145 104
-7.5000 29.0000 -15.4142 162 138 100
-6.5000 29.0000 -15.5920 160 136 98
-5.5000 29.0000 -15.7528 161 137 101
-4.5000 29.0000 -15.8932 160 140 105
-3.5000 29.0000 -16.0118 147 134 100
-2.5000 29.0000 -16.1094 138 128 93
-1.5000 29.0000 -16.1896 140 127 95
-0.5000 29.0000 -16.2587 149 136 104
0.5000 29.0000 -16.3250 155 140 109
1.5000 29.0000 -16.3981 152 137 106
2.5000 29.0000 -16.4874 151 134 104
3.5000 29.0000 -16.6004 154 137 107
4.5000 29.0000 -16.7413 143 126 96
5.5000 29.0000 -16.9107 142 125 95
6.5000 29.0000 -17.1054 141 124 94
7.5000 29.0000 -17.3205 138 123 92
8.5000 29.0000 -17.5505 134 119 88
9.5000 29.0000 -17.7911 130 117 85
10.5000 29.0000 -18.0401 124 113 81
11.5000 29.0000 -18.2971 122 111 81
12.5000 29.0000 -18.5624 119 105 79
13.5000 29.0000 -18.8360 117 101 76
14.5000 29.0000 -19.1171 113 97 71
15.5000 29.0000 -19.4062 107 93 64
16.5000 29.0000 -19.7069 103 89 60
17.5000 29.0000 -20.0284 101 88 56
18.5000 29.0000 -20.3860 100 87 55
19.5000 29.0000 -20.7985 99 86 54
20.5000 29.0000 -21.2836 99 85 56
21.5000 29.0000 -21.8525 97 83 56
22.5000 29.0000 -22.5057 93 79 53
23.5000 29.0000 -23.2328 86 71 50
24.5000 29.0000 -24.0158 79 63 47
25.5000 29.0000 -24.8355 73 57 42
26.5000 29.0000 -25.6804 69 52 42
27.5000 29.0000 -26.5535 65 51 40
28.5000 29.0000 -27.4755 54 48 36
29.5000 29.0000 -28.4840 51 47 35
30.5000 29.0000 -29.6267 47 43 31
31.5000 29.0000 -30.9547 44 40 28
32.5000 29.0000 -32.5164 42 36 24
33.5000 29.0000 -34.3523 40 34 22
34.5000 29.0000 -36.4903 38 32 20
35.5000 29.0000 -38.9368 37 31 19
36.5000 29.0000 -41.6657 23 14 5
53.5000 29.0000 -56.5968 17 14 7
54.5000 29.0000 -55.5115 23 18 12
55.5000 29.0000 -54.6943 24 19 13
56.5000 29.0000 -54.2630 21 18 11
57.5000 29.0000 -54.2687 16 16 8
58.5000 29.0000 -54.7005 15 16 8
59.5000 29.0000 -55.5143 16 17 9
60.5000 29.0000 -56.6743 14 17 10
61.5000 29.0000 -58.1946 12 17 10
62.5000 29.0000 -60.1756 12 14 9
-94.5000 28.0000 -99.7456 14 17 8
-93.5000 28.0000 -82.1712 18 19 11
-92.5000 28.0000 -68.2453 19 21 10
-91.5000 28.0000 -58.1458 15 17 4
-90.5000 28.0000 -51.3873 18 20 7
-89.5000 28.0000 -47.1560 21 21 11
-88.5000 28.0000 -44.6070 20 20 10
-87.5000 28.0000 -43.0435 19 19 11
-86.5000 28.0000 -41.9766 18 18 10
-85.5000 28.0000 -41.1080 20 19 14
-84.5000 28.0000 -40.2819 23 23 15
-83.5000 28.0000 -39.4350 19 21 10
-82.5000 28.0000 -38.5570 26 28 15
-81.5000 28.0000 -37.6629 30 32 19
-80.5000 28.0000 -36.7749 27 29 16
-79.5000 28.0000 -35.9108 26 28 15
-78.5000 28.0000 -35.0806 30 32 19
-77.5000 28.0000 -34.2863 31 33 20
-76.5000 28.0000 -33.5265 29 31 18
-75.5000 28.0000 -32.7995 32 34 21
-74.5000 28.0000 -32.1061 33 35 22
-73.5000 28.0000 -31.4498 36 38 25
-72.5000 28.0000 -30.8368 39 41 28
-71.5000 28.0000 -30.2747 41 43 30
-70.5000 28.0000 -29.7722 42 44 31
-69.5000 28.0000 -29.3390 43 45 32
-68.5000 28.0000 -28.9843 44 45 29
-67.5000 28.0000 -28.7163 48 47 27
-66.5000 28.0000 -28.5397 48 46 23
-65.5000 28.0000 -28.4540 46 45 24
-64.5000 28.0000 -28.4500 47 46 25
-63.5000 28.0000 -28.5056 47 48 30
-62.5000 28.0000 -28.5817 46 47 29
-61.5000 28.0000 -28.6208 42 45 28
-60.5000 28.0000 -28.5510 38 41 24
-59.5000 28.0000 -28.2975 41 42 26
-58.5000 28.0000 -27.8001 41 42 26
-57.5000 28.0000 -27.0324 43 40 23
-56.5000 28.0000 -26.0135 47 44 25
-55.5000 28.0000 -24.8080 67 60 42
-54.5000 28.0000 -23.5110 89 82 63
-53.5000 28.0000 -22.2238 103 92 72
-52.5000 28.0000 -21.0294 103 93 66
-51.5000 28.0000 -19.9776 120 107 73
-50.5000 28.0000 -19.0821 121 109 69
-49.5000 28.0000 -18.3295 124 112 72
-48.5000 28.0000 -17.6928 130 118 78
-47.5000 28.0000 -17.1441 139 127 85
-46.5000 28.0000 -16.6627 148 136 94
-45.5000 28.0000 -16.2374 156 144 102
-44.5000 28.0000 -15.8649 161 149 107
-43.5000 28.0000 -15.5466 172 160 118
-42.5000 28.0000 -15.2842 172 160 118
-41.5000 28.0000 -15.0769 175 163 121
-40.5000 28.0000 -14.9191 180 168 126
-39.5000 28.0000 -14.8005 184 171 129
-38.5000 28.0000 -14.7065 184 171 129
-37.5000 28.0000 -14.6216 180 167 125
-36.5000 28.0000 -14.5322 176 161 120
-35.5000 28.0000 -14.4295 183 164 122
-34.5000 28.0000 -14.3113 188 169 127
-33.5000 28.0000 -14.1812 194 175 132
-32.5000 28.0000 -14.0466 198 181 137
-31.5000 28.0000 -13.9155 200 183 137
-30.5000 28.0000 -13.7949 203 187 138
-29.5000 28.0000 -13.6887 208 190 140
-28.5000 28.0000 -13.5987 212 195 143
-27.5000 28.0000 -13.5243 214 192 142
-26.5000 28.0000 -13.4646 217 194 140
-25.5000 28.0000 -13.4185 224 199 145
-24.5000 28.0000 -13.3859 230 200 146
-23.5000 28.0000 -13.3675 233 202 147
-22.5000 28.0000 -13.3648 233 201 144
-21.5000 28.0000 -13.3800 234 197 142
-20.5000 28.0000 -13.4155 231 196 140
-19.5000 28.0000 -13.4733 235 203 152
-18.5000 28.0000 -13.5548 231 201 151
-17.5000 28.0000 -13.6595 224 193 146
-16.5000 28.0000 -13.7854 215 184 137
-15.5000 28.0000 -13.9292 205 177 130
-14.5000 28.0000 -14.0873 199 171 124
-13.5000 28.0000 -14.2563 195 168 123
-12.5000 28.0000 -14.4333 193 169 123
-11.5000 28.0000 -14.6158 187 162 121
-10.5000 28.0000 -14.8013 182 159 117
-9.5000 28.0000 -14.9866 175 152 111
-8.5000 28.0000 -15.1681 167 145 104
-7.5000 28.0000 -15.3417 162 140 101
-6.5000 28.0000 -15.5035 158 139 99
-5.5000 28.0000 -15.6500 159 139 102
-4.5000 28.0000 -15.7795 159 141 105
-3.5000 28.0000 -15.8913 157 144 110
-2.5000 28.0000 -15.9868 147 136 104
-1.5000 28.0000 -16.0690 145 132 100
-0.5000 28.0000 -16.1429 148 135 103
0.5000 28.0000 -16.2150 151 136 105
1.5000 28.0000 -16.2931 149 132 102
2.5000 28.0000 -16.3853 150 131 101
3.5000 28.0000 -16.4985 153 134 104
4.5000 28.0000 -16.6373 149 130 100
5.5000 28.0000 -16.8035 148 129 99
6.5000 28.0000 -16.9954 143 126 96
7.5000 28.0000 -17.2092 139 124 93
8.5000 28.0000 -17.4395 133 120 88
9.5000 28.0000 -17.6812 127 114 82
10.5000 28.0000 -17.9304 121 110 78
11.5000 28.0000 -18.1850 118 107 77
12.5000 28.0000 -18.4442 115 101 74
13.5000 28.0000 -18.7079 113 99 72
14.5000 28.0000 -18.9769 110 96 67
15.5000 28.0000 -19.2538 107 93 64
16.5000 28.0000 -19.5445 105 92 60
17.5000 28.0000 -19.8600 104 91 59
18.5000 28.0000 -20.2161 105 90 57
19.5000 28.0000 -20.6308 105 90 59
20.5000 28.0000 -21.1199 103 88 59
21.5000 28.0000 -21.6911 98 82 56
22.5000 28.0000 -22.3414 92 74 50
23.5000 28.0000 -23.0560 83 65 45
24.5000 28.0000 -23.8125 76 57 42
25.5000 28.0000 -24.5889 71 52 38
26.5000 28.0000 -25.3713 71 48 40
27.5000 28.0000 -26.1618 68 50 40
28.5000 28.0000 -26.9821 59 49 39
29.5000 28.0000 -27.8721 57 50 40
30.5000 28.0000 -28.8853 56 47 38
31.5000 28.0000 -30.0813 52 44 33
32.5000 28.0000 -31.5201 47 39 28
33.5000 28.0000 -33.2559 42 34 21
34.5000 28.0000 -35.3299 37 29 18
35.5000 28.0000 -37.7586 34 26 15
36.5000 28.0000 -40.5188 32 23 14
37.5000 28.0000 -43.5359 27 18 11
53.5000 28.0000 -53.4230 20 16 7
54.5000 28.0000 -52.3925 26 19 11
55.5000 28.0000 -51.6808 25 21 12
56.5000 28.0000 -51.3713 22 18 9
57.5000 28.0000 -51.4905 16 16 6
58.5000 28.0000 -52.0168 16 16 6
59.5000 28.0000 -52.9062 15 17 6
60.5000 28.0000 -54.1276 13 16 7
61.5000 28.0000 -55.6953 13 16 7
62.5000 28.0000 -57.7008 12 15 8
-94.5000 27.0000 -93.4595 16 19 10
-93.5000 27.0000 -77.1803 20 21 13
-92.5000 27.0000 -64.5392 20 22 11
-91.5000 27.0000 -55.5460 14 16 3
-90.5000 27.0000 -49.6338 16 18 5
-89.5000 27.0000 -45.9837 19 19 9
-88.5000 27.0000 -43.7931 19 19 9
-87.5000 27.0000 -42.4241 17 17 9
-86.5000 27.0000 -41.4436 17 17 9
-85.5000 27.0000 -40.5971 19 18 13
-84.5000 27.0000 -39.7606 21 21 13
-83.5000 27.0000 -38.8933 17 19 8
-82.5000 27.0000 -38.0002 24 26 13
-81.5000 27.0000 -37.1051 28 30 17
-80.5000 27.0000 -36.2320 27 29 16
-79.5000 27.0000 -35.3959 27 29 16
-78.5000 27.0000 -34.5998 30 32 19
-77.5000 27.0000 -33.8390 32 34 21
-76.5000 27.0000 -33.1065 31 33 20
-75.5000 27.0000 -32.3975 35 37 24
-74.5000 27.0000 -31.7115 35 37 24
-73.5000 27.0000 -31.0515 36 38 25
-72.5000 27.0000 -30.4228 37 39 26
-71.5000 27.0000 -29.8327 40 42 29
-70.5000 27.0000 -29.2907 42 44 31
-69.5000 27.0000 -28.8090 45 47 34
-68.5000 27.0000 -28.4014 46 49 32
-67.5000 27.0000 -28.0828 48 50 29
-66.5000 27.0000 -27.8669 48 50 26
-65.5000 27.0000 -27.7629 47 51 28
-64.5000 27.0000 -27.7715 50 54 31
-63.5000 27.0000 -27.8784 51 56 36
-62.5000 27.0000 -28.0481 50 55 35
-61.5000 27.0000 -28.2204 44 51 33
-60.5000 27.0000 -28.3138 40 47 29
-59.5000 27.0000 -28.2373 37 41 24
-58.5000 27.0000 -27.9103 36 40 23
-57.5000 27.0000 -27.2851 36 37 19
-56.5000 27.0000 -26.3633 40 42 21
-55.5000 27.0000 -25.2005 60 57 38
-54.5000 27.0000 -23.8929 82 80 59
-53.5000 27.0000 -22.5530 100 94 72
-52.5000 27.0000 -21.2815 106 99 71
-51.5000 27.0000 -20.1465 120 105 72
-50.5000 27.0000 -19.1761 123 108 69
-49.5000 27.0000 -18.3652 128 113 74
-48.5000 27.0000 -17.6885 134 119 80
-47.5000 27.0000 -17.1154 141 126 87
-46.5000 27.0000 -16.6203 150 135 96
-45.5000 27.0000 -16.1871 158 143 102
-44.5000 27.0000 -15.8088 164 149 108
-43.5000 27.0000 -15.4843 175 157 117
-42.5000 27.0000 -15.2147 177 159 119
-41.5000 27.0000 -14.9994 183 165 125
-40.5000 27.0000 -14.8341 189 171 131
-39.5000 27.0000 -14.7094 192 175 132
-38.5000 27.0000 -14.6119 191 174 131
-37.5000 27.0000 -14.5266 187 168 126
-36.5000 27.0000 -14.4395 183 164 122
-35.5000 27.0000 -14.3413 187 165 124
-34.5000 27.0000 -14.2288 190 171 129
-33.5000 27.0000 -14.1044 196 177 134
-32.5000 27.0000 -13.9749 201 182 139
-31.5000 27.0000 -13.8481 203 185 139
-30.5000 27.0000 -13.7311 206 188 140
-29.5000 27.0000 -13.6281 210 192 142
-28.5000 27.0000 -13.5411 213 196 144
-27.5000 27.0000 -13.4698 217 195 145
-26.5000 27.0000 -13.4131 219 196 142
-25.5000 27.0000 -13.3700 224 199 145
-24.5000 27.0000 -13.3402 229 199 145
-23.5000 27.0000 -13.3243 232 201 146
-22.5000 27.0000 -13.3238 234 202 145
-21.5000 27.0000 -13.3411 238 201 146
-20.5000 27.0000 -13.3786 238 201 148
-19.5000 27.0000 -13.4387 239 201 152
-18.5000 27.0000 -13.5225 235 197 150
-17.5000 27.0000 -13.6298 228 191 146
-16.5000 27.0000 -13.7582 221 184 139
-15.5000 27.0000 -13.9043 213 179 134
-14.5000 27.0000 -14.0637 204 173 127
-13.5000 27.0000 -14.2323 195 166 122
-12.5000 27.0000 -14.4063 189 162 117
-11.5000 27.0000 -14.5827 181 156 115
-10.5000 27.0000 -14.7586 177 156 113
-9.5000 27.0000 -14.9313 171 152 110
-8.5000 27.0000 -15.0981 167 150 107
-7.5000 27.0000 -15.2566 162 147 106
-6.5000 27.0000 -15.4043 159 146 104
-5.5000 27.0000 -15.5398 158 144 105
-4.5000 27.0000 -15.6620 156 144 106
-3.5000 27.0000 -15.7712 161 151 116
-2.5000 27.0000 -15.8685 153 142 110
-1.5000 27.0000 -15.9563 149 136 104
-0.5000 27.0000 -16.0379 149 136 104
0.5000 27.0000 -16.1183 149 134 103
1.5000 27.0000 -16.2035 149 132 102
2.5000 27.0000 -16.3003 151 132 102
3.5000 27.0000 -16.4150 154 135 105
4.5000 27.0000 -16.5527 153 134 104
5.5000 27.0000 -16.7162 151 132 102
6.5000 27.0000 -16.9054 146 129 99
7.5000 27.0000 -17.1172 140 125 94
8.5000 27.0000 -17.3466 132 119 87
9.5000 27.0000 -17.5875 126 113 81
10.5000 27.0000 -17.8347 118 107 75
11.5000 27.0000 -18.0843 115 104 74
12.5000 27.0000 -18.3350 117 103 76
13.5000 27.0000 -18.5871 115 101 74
14.5000 27.0000 -18.8434 113 99 70
15.5000 27.0000 -19.1089 109 95 66
16.5000 27.0000 -19.3919 107 94 62
17.5000 27.0000 -19.7048 105 92 60
18.5000 27.0000 -20.0633 105 90 59
19.5000 27.0000 -20.4839 105 90 59
20.5000 27.0000 -20.9793 105 90 61
21.5000 27.0000 -21.5538 99 83 57
22.5000 27.0000 -22.1999 88 72 47
23.5000 27.0000 -22.8994 79 62 42
24.5000 27.0000 -23.6270 73 54 39
25.5000 27.0000 -24.3583 69 50 36
26.5000 27.0000 -25.0784 68 48 39
27.5000 27.0000 -25.7884 67 49 39
28.5000 27.0000 -26.5096 61 47 38
29.5000 27.0000 -27.2828 61 48 39
30.5000 27.0000 -28.1634 62 49 40
31.5000 27.0000 -29.2160 60 48 36
32.5000 27.0000 -30.5088 54 44 32
33.5000 27.0000 -32.1070 48 39 24
34.5000 27.0000 -34.0649 42 32 20
35.5000 27.0000 -36.4112 37 29 16
36.5000 27.0000 -39.1321 43 35 24
37.5000 27.0000 -42.1560 36 27 18
38.5000 27.0000 -45.3500 26 19 13
51.5000 27.0000 -52.8396 16 18 7
52.5000 27.0000 -51.5063 19 16 7
53.5000 27.0000 -50.3323 23 19 10
54.5000 27.0000 -49.4318 28 21 13
55.5000 27.0000 -48.8921 25 21 12
56.5000 27.0000 -48.7579 23 19 10
57.5000 27.0000 -49.0294 17 17 7
58.5000 27.0000 -49.6744 15 15 5
59.5000 27.0000 -50.6519 14 16 5
60.5000 27.0000 -51.9387 14 15 7
62.5000 27.0000 -55.5818 13 14 8
-95.5000 26.0000 -105.9829 13 15 10
-94.5000 26.0000 -87.9373 18 21 12
-93.5000 26.0000 -72.8641 21 22 14
-92.5000 26.0000 -61.3781 20 22 11
-91.5000 26.0000 -53.3460 15 17 4
-90.5000 26.0000 -48.1426 18 20 7
-89.5000 26.0000 -44.9596 21 21 11
-88.5000 26.0000 -43.0431 20 20 10
-87.5000 26.0000 -41.8140 19 19 11
-86.5000 26.0000 -40.8899 18 18 10
-85.5000 26.0000 -40.0540 20 19 14
-84.5000 26.0000 -39.2079 23 23 15
-83.5000 26.0000 -38.3277 19 21 10
-82.5000 26.0000 -37.4292 24 26 13
-81.5000 26.0000 -36.5417 28 30 17
-80.5000 26.0000 -35.6899 28 30 17
-79.5000 26.0000 -34.8853 28 30 17
-78.5000 26.0000 -34.1255 29 31 18
-77.5000 26.0000 -33.4000 30 32 19
-76.5000 26.0000 -32.6976 31 33 20
-75.5000 26.0000 -32.0111 38 40 27
-74.5000 26.0000 -31.3388 37 39 26
-73.5000 26.0000 -30.6824 36 38 25
-72.5000 26.0000 -30.0465 36 38 25
-71.5000 26.0000 -29.4373 39 41 28
-70.5000 26.0000 -28.8647 42 44 31
-69.5000 26.0000 -28.3428 46 48 35
-68.5000 26.0000 -27.8899 49 51 37
-67.5000 26.0000 -27.5275 50 53 32
-66.5000 26.0000 -27.2773 50 54 29
-65.5000 26.0000 -27.1584 52 56 33
-64.5000 26.0000 -27.1803 55 60 38
-63.5000 26.0000 -27.3359 57 62 42
-62.5000 26.0000 -27.5928 53 61 40
-61.5000 26.0000 -27.8887 48 55 37
-60.5000 26.0000 -28.1337 43 50 32
-59.5000 26.0000 -28.2230 37 44 26
-58.5000 26.0000 -28.0580 36 40 23
-57.5000 26.0000 -27.5713 33 36 19
-56.5000 26.0000 -26.7474 37 38 20
-55.5000 26.0000 -25.6309 52 51 31
-54.5000 26.0000 -24.3168 73 71 50
-53.5000 26.0000 -22.9264 94 89 69
-52.5000 26.0000 -21.5763 106 99 73
-51.5000 26.0000 -20.3532 116 100 67
-50.5000 26.0000 -19.3013 122 102 65
-49.5000 26.0000 -18.4252 128 108 71
-48.5000 26.0000 -17.7029 134 114 77
-47.5000 26.0000 -17.1018 141 121 84
-46.5000 26.0000 -16.5913 149 129 92
-45.5000 26.0000 -16.1500 157 138 98
-44.5000 26.0000 -15.7662 163 144 104
-43.5000 26.0000 -15.4361 177 155 116
-42.5000 26.0000 -15.1596 182 160 121
-41.5000 26.0000 -14.9364 189 167 128
-40.5000 26.0000 -14.7630 195 173 134
-39.5000 26.0000 -14.6314 197 175 134
-38.5000 26.0000 -14.5292 195 172 131
-37.5000 26.0000 -14.4419 190 167 126
-36.5000 26.0000 -14.3558 186 163 122
-35.5000 26.0000 -14.2608 189 166 125
-34.5000 26.0000 -14.1529 193 172 129
-33.5000 26.0000 -14.0336 200 179 136
-32.5000 26.0000 -13.9090 203 185 139
-31.5000 26.0000 -13.7866 206 188 140
-30.5000 26.0000 -13.6734 210 192 144
-29.5000 26.0000 -13.5739 214 196 146
-28.5000 26.0000 -13.4904 220 200 149
-27.5000 26.0000 -13.4228 218 196 146
-26.5000 26.0000 -13.3699 221 198 146
-25.5000 26.0000 -13.3305 225 200 146
-24.5000 26.0000 -13.3043 231 201 147
-23.5000 26.0000 -13.2914 234 203 149
-22.5000 26.0000 -13.2934 236 203 149
-21.5000 26.0000 -13.3124 240 203 150
-20.5000 26.0000 -13.3509 240 203 150
-19.5000 26.0000 -13.4114 237 199 150
-18.5000 26.0000 -13.4952 232 194 147
-17.5000 26.0000 -13.6022 225 187 142
-16.5000 26.0000 -13.7302 220 183 138
-15.5000 26.0000 -13.8756 215 181 136
-14.5000 26.0000 -14.0336 209 176 131
-13.5000 26.0000 -14.1996 200 171 127
-12.5000 26.0000 -14.3691 194 167 122
-11.5000 26.0000 -14.5384 180 155 114
-10.5000 26.0000 -14.7046 177 156 113
-9.5000 26.0000 -14.8654 173 154 112
-8.5000 26.0000 -15.0193 172 155 112
-7.5000 26.0000 -15.1652 170 155 114
-6.5000 26.0000 -15.3023 167 154 112
-5.5000 26.0000 -15.4304 163 149 110
-4.5000 26.0000 -15.5492 159 147 109
-3.5000 26.0000 -15.6593 158 148 113
-2.5000 26.0000 -15.7613 154 143 111
-1.5000 26.0000 -15.8568 153 140 108
-0.5000 26.0000 -15.9478 151 138 106
0.5000 26.0000 -16.0376 153 136 106
1.5000 26.0000 -16.1307 153 136 106
2.5000 26.0000 -16.2325 156 137 107
3.5000 26.0000 -16.3491 158 139 109
4.5000 26.0000 -16.4857 153 134 104
5.5000 26.0000 -16.6463 152 133 103
6.5000 26.0000 -16.8318 146 129 99
7.5000 26.0000 -17.0402 140 125 94
8.5000 26.0000 -17.2668 134 119 88
9.5000 26.0000 -17.5048 126 113 81
10.5000 26.0000 -17.7476 119 108 76
11.5000 26.0000 -17.9905 115 104 72
12.5000 26.0000 -18.2313 124 110 81
13.5000 26.0000 -18.4714 122 108 81
14.5000 26.0000 -18.7152 118 104 75
15.5000 26.0000 -18.9705 113 99 70
16.5000 26.0000 -19.2480 109 96 64
17.5000 26.0000 -19.5612 104 91 59
18.5000 26.0000 -19.9254 102 87 56
19.5000 26.0000 -20.3545 101 86 55
20.5000 26.0000 -20.8577 107 92 63
21.5000 26.0000 -21.4346 100 84 58
22.5000 26.0000 -22.0741 90 74 51
23.5000 26.0000 -22.7548 81 64 44
24.5000 26.0000 -23.4497 75 58 42
25.5000 26.0000 -24.1339 71 53 39
26.5000 26.0000 -24.7917 69 49 38
27.5000 26.0000 -25.4243 66 48 38
28.5000 26.0000 -26.0519 62 44 34
29.5000 26.0000 -26.7145 62 45 35
30.5000 26.0000 -27.4671 64 47 37
31.5000 26.0000 -28.3760 65 49 36
32.5000 26.0000 -29.5130 61 47 34
33.5000 26.0000 -30.9511 58 46 30
34.5000 26.0000 -32.7548 55 43 27
35.5000 26.0000 -34.9658 51 42 27
36.5000 26.0000 -37.5831 49 39 27
37.5000 26.0000 -40.5454 40 32 21
38.5000 26.0000 -43.7249 28 21 13
39.5000 26.0000 -46.9369 20 13 7
46.5000 26.0000 -56.5496 17 14 5
50.5000 26.0000 -51.3947 15 18 7
51.5000 26.0000 -49.8901 21 23 12
52.5000 26.0000 -48.5455 24 21 12
53.5000 26.0000 -47.4668 26 22 13
54.5000 26.0000 -46.7336 29 22 14
55.5000 26.0000 -46.3903 28 21 13
56.5000 26.0000 -46.4442 24 20 11
57.5000 26.0000 -46.8722 20 17 8
58.5000 26.0000 -47.6358 15 17 6
59.5000 26.0000 -48.7001 14 16 5
60.5000 26.0000 -50.0524 15 15 7
61.5000 26.0000 -51.7172 15 15 7
-95.5000 25.0000 -100.3631 15 16 11
-94.5000 25.0000 -83.2503 20 21 13
-93.5000 25.0000 -69.2287 21 22 14
-92.5000 25.0000 -58.7268 20 22 11
-91.5000 25.0000 -51.4926 18 20 7
-90.5000 25.0000 -46.8596 21 23 10
-89.5000 25.0000 -44.0382 23 25 14
-88.5000 25.0000 -42.3236 22 24 13
-87.5000 25.0000 -41.1903 21 22 14
-86.5000 25.0000 -40.3008 20 21 13
-85.5000 25.0000 -39.4695 22 23 17
-84.5000 25.0000 -38.6182 25 26 18
-83.5000 25.0000 -37.7349 24 26 15
-82.5000 25.0000 -36.8420 27 29 16
-81.5000 25.0000 -35.9713 30 32 19
-80.5000 25.0000 -35.1468 31 33 20
-79.5000 25.0000 -34.3767 29 31 18
-78.5000 25.0000 -33.6545 27 29 16
-77.5000 25.0000 -32.9657 28 30 17
-76.5000 25.0000 -32.2958 30 32 19
-75.5000 25.0000 -31.6360 40 42 29
-74.5000 25.0000 -30.9831 38 40 27
-73.5000 25.0000 -30.3380 37 39 26
-72.5000 25.0000 -29.7037 37 39 26
-71.5000 25.0000 -29.0855 39 41 28
-70.5000 25.0000 -28.4936 43 45 32
-69.5000 25.0000 -27.9437 48 50 37
-68.5000 25.0000 -27.4582 51 53 39
-67.5000 25.0000 -27.0642 54 56 35
-66.5000 25.0000 -26.7913 54 58 35
-65.5000 25.0000 -26.6664 57 60 39
-64.5000 25.0000 -26.7070 60 65 43
-63.5000 25.0000 -26.9114 62 67 47
-62.5000 25.0000 -27.2493 59 63 46
-61.5000 25.0000 -27.6564 52 56 41
-60.5000 25.0000 -28.0363 46 50 35
-59.5000 25.0000 -28.2729 42 46 31
-58.5000 25.0000 -28.2530 37 41 24
-57.5000 25.0000 -27.8925 34 37 20
-56.5000 25.0000 -27.1602 35 36 18
-55.5000 25.0000 -26.0891 47 44 25
-54.5000 25.0000 -24.7705 65 60 40
-53.5000 25.0000 -23.3316 85 80 60
-52.5000 25.0000 -21.9029 103 93 68
-51.5000 25.0000 -20.5890 117 98 66
-50.5000 25.0000 -19.4507 125 102 68
-49.5000 25.0000 -18.5040 133 109 75
-48.5000 25.0000 -17.7316 139 115 81
-47.5000 25.0000 -17.0995 144 120 84
-46.5000 25.0000 -16.5723 151 127 91
-45.5000 25.0000 -16.1226 161 135 100
-44.5000 25.0000 -15.7339 168 142 107
-43.5000 25.0000 -15.3991 182 154 117
-42.5000 25.0000 -15.1165 187 159 122
-41.5000 25.0000 -14.8858 194 166 127
-40.5000 25.0000 -14.7043 200 172 133
-39.5000 25.0000 -14.5652 200 172 133
-38.5000 25.0000 -14.4574 198 168 130
-37.5000 25.0000 -14.3671 193 164 124
-36.5000 25.0000 -14.2806 188 160 120
-35.5000 25.0000 -14.1878 189 164 123
-34.5000 25.0000 -14.0837 193 172 129
-33.5000 25.0000 -13.9692 201 180 137
-32.5000 25.0000 -13.8494 207 186 141
-31.5000 25.0000 -13.7316 211 190 143
-30.5000 25.0000 -13.6227 216 195 148
-29.5000 25.0000 -13.5273 222 202 152
-28.5000 25.0000 -13.4478 226 206 155
-27.5000 25.0000 -13.3843 218 196 146
-26.5000 25.0000 -13.3358 222 199 147
-25.5000 25.0000 -13.3009 228 203 149
-24.5000 25.0000 -13.2787 235 205 151
-23.5000 25.0000 -13.2693 237 206 152
-22.5000 25.0000 -13.2737 238 205 151
-21.5000 25.0000 -13.2938 239 202 149
-20.5000 25.0000 -13.3322 236 200 148
-19.5000 25.0000 -13.3912 237 204 153
-18.5000 25.0000 -13.4727 230 198 149
-17.5000 25.0000 -13.5767 221 189 142
-16.5000 25.0000 -13.7014 216 184 137
-15.5000 25.0000 -13.8433 212 181 135
-14.5000 25.0000 -13.9978 208 180 133
-13.5000 25.0000 -14.1595 203 174 130
-12.5000 25.0000 -14.3237 199 172 127
-11.5000 25.0000 -14.4861 184 159 118
-10.5000 25.0000 -14.6438 182 159 117
-9.5000 25.0000 -14.7949 180 158 117
-8.5000 25.0000 -14.9388 182 160 119
-7.5000 25.0000 -15.0756 181 162 122
-6.5000 25.0000 -15.2060 178 160 120
-5.5000 25.0000 -15.3302 172 154 116
-4.5000 25.0000 -15.4489 165 149 113
-3.5000 25.0000 -15.5622 158 145 111
-2.5000 25.0000 -15.6705 157 146 114
-1.5000 25.0000 -15.7745 159 146 114
-0.5000 25.0000 -15.8750 156 143 111
0.5000 25.0000 -15.9740 156 139 109
1.5000 25.0000 -16.0744 155 138 108
2.5000 25.0000 -16.1806 156 137 107
3.5000 25.0000 -16.2982 154 135 105
4.5000 25.0000 -16.4329 151 132 102
5.5000 25.0000 -16.5892 150 131 101
6.5000 25.0000 -16.7694 145 128 98
7.5000 25.0000 -16.9725 140 125 94
8.5000 25.0000 -17.1940 135 120 89
9.5000 25.0000 -17.4271 128 115 83
10.5000 25.0000 -17.6642 122 111 79
11.5000 25.0000 -17.8995 119 108 76
12.5000 25.0000 -18.1304 124 110 81
13.5000 25.0000 -18.3591 123 109 80
14.5000 25.0000 -18.5920 120 106 77
15.5000 25.0000 -18.8393 116 102 73
16.5000 25.0000 -19.1138 112 99 67
17.5000 25.0000 -19.4302 107 94 62
18.5000 25.0000 -19.8025 104 90 61
19.5000 25.0000 -20.2418 102 88 59
20.5000 25.0000 -20.7528 105 91 64
21.5000 25.0000 -21.3306 99 85 58
22.5000 25.0000 -21.9600 91 76 53
23.5000 25.0000 -22.6173 85 70 49
24.5000 25.0000 -23.2752 81 65 49
25.5000 25.0000 -23.9091 76 60 45
26.5000 25.0000 -24.5045 70 52 40
27.5000 25.0000 -25.0626 66 48 36
28.5000 25.0000 -25.6032 69 49 38
29.5000 25.0000 -26.1646 70 48 35
30.5000 25.0000 -26.7999 67 48 34
31.5000 25.0000 -27.5740 67 48 33
32.5000 25.0000 -28.5592 65 48 32
33.5000 25.0000 -29.8315 63 47 31
34.5000 25.0000 -31.4622 61 48 31
35.5000 25.0000 -33.5035 60 48 32
36.5000 25.0000 -35.9685 49 40 23
37.5000 25.0000 -38.8114 40 33 17
38.5000 25.0000 -41.9175 29 23 11
39.5000 25.0000 -45.1100 21 14 4
49.5000 25.0000 -50.5011 14 16 5
50.5000 25.0000 -48.7824 20 22 11
51.5000 25.0000 -47.2009 26 26 16
52.5000 25.0000 -45.8857 30 26 17
53.5000 25.0000 -44.9248 31 24 16
54.5000 25.0000 -44.3625 31 22 15
55.5000 25.0000 -44.2040 28 21 13
56.5000 25.0000 -44.4252 25 21 12
57.5000 25.0000 -44.9866 22 19 10
58.5000 25.0000 -45.8487 16 18 7
59.5000 25.0000 -46.9861 14 16 5
60.5000 25.0000 -48.3975 18 15 8
61.5000 25.0000 -50.1123 18 15 8
62.5000 25.0000 -52.1999 18 13 9
-95.5000 24.0000 -95.6149 15 16 11
-94.5000 24.0000 -79.3125 20 21 13
-93.5000 24.0000 -66.1868 20 21 13
-92.5000 24.0000 -56.5058 19 21 10
-91.5000 24.0000 -49.9204 20 22 9
-90.5000 24.0000 -45.7369 22 24 11
-89.5000 24.0000 -43.1890 24 26 15
-88.5000 24.0000 -41.6183 24 26 15
-87.5000 24.0000 -40.5476 22 23 15
-86.5000 24.0000 -39.6777 22 23 15
-85.5000 24.0000 -38.8490 24 25 19
-84.5000 24.0000 -37.9986 26 27 19
-83.5000 24.0000 -37.1225 28 30 19
-82.5000 24.0000 -36.2459 28 30 17
-81.5000 24.0000 -35.4006 31 33 20
-80.5000 24.0000 -34.6088 34 36 23
-79.5000 24.0000 -33.8758 32 34 21
-78.5000 24.0000 -33.1922 27 29 16
-77.5000 24.0000 -32.5407 28 30 17
-76.5000 24.0000 -31.9052 32 34 21
-75.5000 24.0000 -31.2753 40 42 29
-74.5000 24.0000 -30.6466 39 41 28
-73.5000 24.0000 -30.0188 38 40 27
-72.5000 24.0000 -29.3939 38 40 27
-71.5000 24.0000 -28.7768 40 42 29
-70.5000 24.0000 -28.1775 44 46 33
-69.5000 24.0000 -27.6138 49 51 38
-68.5000 24.0000 -27.1111 52 53 39
-67.5000 24.0000 -26.7017 58 57 37
-66.5000 24.0000 -26.4212 59 58 37
-65.5000 24.0000 -26.3029 63 62 42
-64.5000 24.0000 -26.3698 65 66 48
-63.5000 24.0000 -26.6238 66 67 51
-62.5000 24.0000 -27.0357 61 64 47
-61.5000 24.0000 -27.5390 52 54 40
-60.5000 24.0000 -28.0323 45 47 33
-59.5000 24.0000 -28.3920 44 46 32
-58.5000 24.0000 -28.4940 40 41 27
-57.5000 24.0000 -28.2415 37 35 20
-56.5000 24.0000 -27.5892 38 35 20
-55.5000 24.0000 -26.5589 45 38 22
-54.5000 24.0000 -25.2364 58 49 32
-53.5000 24.0000 -23.7515 78 70 51
-52.5000 24.0000 -22.2462 101 86 65
-51.5000 24.0000 -20.8415 121 100 71
-50.5000 24.0000 -19.6148 131 107 73
-49.5000 24.0000 -18.5945 140 114 81
-48.5000 24.0000 -17.7688 146 120 87
-47.5000 24.0000 -17.1035 150 124 91
-46.5000 24.0000 -16.5586 157 131 96
-45.5000 24.0000 -16.1007 167 138 104
-44.5000 24.0000 -15.7080 174 145 111
-43.5000 24.0000 -15.3694 183 153 117
-42.5000 24.0000 -15.0817 189 159 123
-41.5000 24.0000 -14.8441 196 166 128
-40.5000 24.0000 -14.6548 203 171 133
-39.5000 24.0000 -14.5082 203 171 133
-38.5000 24.0000 -14.3943 200 168 129
-37.5000 24.0000 -14.3003 199 165 127
-36.5000 24.0000 -14.2129 194 165 125
-35.5000 24.0000 -14.1216 194 166 126
-34.5000 24.0000 -14.0211 197 174 130
-33.5000 24.0000 -13.9114 204 181 137
-32.5000 24.0000 -13.7968 209 188 141
-31.5000 24.0000 -13.6842 214 193 146
-30.5000 24.0000 -13.5800 219 199 149
-29.5000 24.0000 -13.4892 224 204 154
-28.5000 24.0000 -13.4141 228 208 157
-27.5000 24.0000 -13.3552 220 199 146
-26.5000 24.0000 -13.3113 223 200 148
-25.5000 24.0000 -13.2810 229 204 150
-24.5000 24.0000 -13.2632 236 206 154
-23.5000 24.0000 -13.2573 238 207 153
-22.5000 24.0000 -13.2640 237 204 151
-21.5000 24.0000 -13.2848 236 200 148
-20.5000 24.0000 -13.3221 234 198 146
-19.5000 24.0000 -13.3783 240 210 158
-18.5000 24.0000 -13.4555 232 204 154
-17.5000 24.0000 -13.5543 224 196 148
-16.5000 24.0000 -13.6736 216 188 140
-15.5000 24.0000 -13.8101 211 183 136
-14.5000 24.0000 -13.9593 205 178 131
-13.5000 24.0000 -14.1159 202 175 130
-12.5000 24.0000 -14.2747 200 173 128
-11.5000 24.0000 -14.4312 191 166 125
-10.5000 24.0000 -14.5823 188 163 122
-9.5000 24.0000 -14.7265 185 162 121
-8.5000 24.0000 -14.8638 187 164 123
-7.5000 24.0000 -14.9954 188 164 126
-6.5000 24.0000 -15.1224 185 163 124
-5.5000 24.0000 -15.2459 178 156 119
-4.5000 24.0000 -15.3664 170 150 115
-3.5000 24.0000 -15.4842 163 148 115
-2.5000 24.0000 -15.5991 164 153 121
-1.5000 24.0000 -15.7110 165 152 120
-0.5000 24.0000 -15.8199 160 145 114
0.5000 24.0000 -15.9264 155 138 108
1.5000 24.0000 -16.0324 153 136 106
2.5000 24.0000 -16.1414 152 133 103
3.5000 24.0000 -16.2585 148 129 99
4.5000 24.0000 -16.3894 149 130 100
5.5000 24.0000 -16.5397 148 129 99
6.5000 24.0000 -16.7125 146 127 97
7.5000 24.0000 -16.9081 141 124 94
8.5000 24.0000 -17.1227 136 121 90
9.5000 24.0000 -17.3493 130 117 85
10.5000 24.0000 -17.5799 126 113 81
11.5000 24.0000 -17.8079 122 111 79
12.5000 24.0000 -18.0304 118 104 75
13.5000 24.0000 -18.2500 119 105 76
14.5000 24.0000 -18.4749 118 104 75
15.5000 24.0000 -18.7174 118 104 75
16.5000 24.0000 -18.9922 116 103 71
17.5000 24.0000 -19.3144 114 101 69
18.5000 24.0000 -19.6968 112 98 69
19.5000 24.0000 -20.1471 111 97 70
20.5000 24.0000 -20.6651 105 91 64
21.5000 24.0000 -21.2412 98 84 58
22.5000 24.0000 -21.8566 91 76 53
23.5000 24.0000 -22.4859 87 72 51
24.5000 24.0000 -23.1020 84 68 52
25.5000 24.0000 -23.6823 78 65 48
26.5000 24.0000 -24.2140 72 56 41
27.5000 24.0000 -24.6999 67 49 35
28.5000 24.0000 -25.1598 80 58 45
29.5000 24.0000 -25.6303 79 56 42
30.5000 24.0000 -26.1622 74 52 38
31.5000 24.0000 -26.8171 71 50 33
32.5000 24.0000 -27.6648 66 47 30
33.5000 24.0000 -28.7805 63 46 28
34.5000 24.0000 -30.2379 61 46 27
35.5000 24.0000 -32.0965 59 46 29
36.5000 24.0000 -34.3819 53 42 24
37.5000 24.0000 -37.0658 44 35 18
38.5000 24.0000 -40.0522 33 25 12
39.5000 24.0000 -43.1798 25 19 7
40.5000 24.0000 -46.2402 22 15 7
41.5000 24.0000 -49.0072 18 13 7
48.5000 24.0000 -50.1273 15 15 5
49.5000 24.0000 -48.2698 21 21 11
50.5000 24.0000 -46.4459 26 26 16
51.5000 24.0000 -44.8407 31 28 19
52.5000 24.0000 -43.5842 34 27 19
53.5000 24.0000 -42.7446 33 24 17
54.5000 24.0000 -42.3342 31 22 15
55.5000 24.0000 -42.3261 30 21 14
56.5000 24.0000 -42.6739 28 21 13
57.5000 24.0000 -43.3298 24 21 12
58.5000 24.0000 -44.2589 18 20 9
59.5000 24.0000 -45.4474 16 18 7
60.5000 24.0000 -46.9048 21 18 11
61.5000 24.0000 -48.6631 21 16 10
62.5000 24.0000 -50.7802 20 15 11
63.5000 24.0000 -53.3559 18 13 9
-95.5000 23.0000 -91.4794 16 15 11
-94.5000 23.0000 -75.9090 20 20 12
-93.5000 23.0000 -63.5710 19 20 12
-92.5000 23.0000 -54.5926 18 20 9
-91.5000 23.0000 -48.5466 18 20 7
-90.5000 23.0000 -44.7240 21 23 10
-89.5000 23.0000 -42.3857 22 25 14
-88.5000 23.0000 -40.9182 21 24 13
-87.5000 23.0000 -39.8880 20 23 14
-86.5000 23.0000 -39.0295 19 22 13
-85.5000 23.0000 -38.2048 21 24 17
-84.5000 23.0000 -37.3628 24 27 18
-83.5000 23.0000 -36.5041 29 31 20
-82.5000 23.0000 -35.6541 28 30 17
-81.5000 23.0000 -34.8426 31 33 20
-80.5000 23.0000 -34.0888 36 38 25
-79.5000 23.0000 -33.3957 35 37 24
-78.5000 23.0000 -32.7517 29 31 18
-77.5000 23.0000 -32.1383 31 33 20
-76.5000 23.0000 -31.5381 37 39 26
-75.5000 23.0000 -30.9395 40 42 29
-74.5000 23.0000 -30.3374 40 42 29
-73.5000 23.0000 -29.7307 39 41 28
-72.5000 23.0000 -29.1208 40 42 29
-71.5000 23.0000 -28.5124 42 44 31
-70.5000 23.0000 -27.9166 46 48 35
-69.5000 23.0000 -27.3526 49 51 38
-68.5000 23.0000 -26.8485 52 53 39
-67.5000 23.0000 -26.4404 62 57 38
-66.5000 23.0000 -26.1682 65 58 39
-65.5000 23.0000 -26.0694 69 62 44
-64.5000 23.0000 -26.1701 72 66 50
-63.5000 23.0000 -26.4738 72 66 52
-62.5000 23.0000 -26.9510 64 61 46
-61.5000 23.0000 -27.5333 54 50 38
-60.5000 23.0000 -28.1163 46 42 31
-59.5000 23.0000 -28.5717 46 42 31
-58.5000 23.0000 -28.7692 43 37 25
-57.5000 23.0000 -28.6028 41 33 20
-56.5000 23.0000 -28.0164 42 32 20
-55.5000 23.0000 -27.0207 46 34 20
-54.5000 23.0000 -25.6943 56 43 27
-53.5000 23.0000 -24.1673 79 63 47
-52.5000 23.0000 -22.5899 101 83 63
-51.5000 23.0000 -21.0975 122 98 70
-50.5000 23.0000 -19.7834 131 106 75
-49.5000 23.0000 -18.6888 141 116 85
-48.5000 23.0000 -17.8086 147 123 89
-47.5000 23.0000 -17.1089 151 125 92
-46.5000 23.0000 -16.5458 156 130 97
-45.5000 23.0000 -16.0799 167 138 104
-44.5000 23.0000 -15.6838 175 146 112
-43.5000 23.0000 -15.3426 182 152 116
-42.5000 23.0000 -15.0508 190 157 122
-41.5000 23.0000 -14.8073 198 166 128
-40.5000 23.0000 -14.6109 204 170 132
-39.5000 23.0000 -14.4571 206 172 134
-38.5000 23.0000 -14.3372 206 172 134
-37.5000 23.0000 -14.2394 208 173 135
-36.5000 23.0000 -14.1509 207 175 134
-35.5000 23.0000 -14.0613 201 172 130
-34.5000 23.0000 -13.9646 203 179 133
-33.5000 23.0000 -13.8601 209 185 139
-32.5000 23.0000 -13.7514 213 191 144
-31.5000 23.0000 -13.6445 216 194 147
-30.5000 23.0000 -13.5458 220 198 149
-29.5000 23.0000 -13.4599 224 202 153
-28.5000 23.0000 -13.3895 227 205 155
-27.5000 23.0000 -13.3351 225 202 150
-26.5000 23.0000 -13.2957 226 203 151
-25.5000 23.0000 -13.2699 229 204 150
-24.5000 23.0000 -13.2562 233 203 151
-23.5000 23.0000 -13.2538 234 202 151
-22.5000 23.0000 -13.2627 234 201 148
-21.5000 23.0000 -13.2839 235 199 147
-20.5000 23.0000 -13.3196 232 199 146
-19.5000 23.0000 -13.3722 233 206 153
-18.5000 23.0000 -13.4442 231 205 154
-17.5000 23.0000 -13.5368 227 201 152
-16.5000 23.0000 -13.6493 221 195 146
-15.5000 23.0000 -13.7792 214 187 140
-14.5000 23.0000 -13.9225 206 182 134
-13.5000 23.0000 -14.0737 203 179 133
-12.5000 23.0000 -14.2275 201 177 131
-11.5000 23.0000 -14.3793 195 170 129
-10.5000 23.0000 -14.5259 191 166 125
-9.5000 23.0000 -14.6660 187 162 122
-8.5000 23.0000 -14.8000 188 163 123
-7.5000 23.0000 -14.9294 189 163 126
-6.5000 23.0000 -15.0558 187 161 124
-5.5000 23.0000 -15.1805 179 153 118
-4.5000 23.0000 -15.3039 170 147 113
-3.5000 23.0000 -15.4263 164 148 114
-2.5000 23.0000 -15.5470 167 154 120
-1.5000 23.0000 -15.6653 167 152 119
-0.5000 23.0000 -15.7805 157 142 109
0.5000 23.0000 -15.8923 152 136 103
1.5000 23.0000 -16.0016 154 135 103
2.5000 23.0000 -16.1111 155 134 103
3.5000 23.0000 -16.2255 152 131 100
4.5000 23.0000 -16.3507 151 130 99
5.5000 23.0000 -16.4929 149 130 98
6.5000 23.0000 -16.6564 147 128 96
7.5000 23.0000 -16.8425 142 126 93
8.5000 23.0000 -17.0484 136 121 88
9.5000 23.0000 -17.2677 130 117 83
10.5000 23.0000 -17.4919 126 113 79
11.5000 23.0000 -17.7138 124 111 77
12.5000 23.0000 -17.9305 118 103 72
13.5000 23.0000 -18.1448 119 104 73
14.5000 23.0000 -18.3660 120 105 74
15.5000 23.0000 -18.6080 120 105 74
16.5000 23.0000 -18.8869 119 105 76
17.5000 23.0000 -19.2177 117 103 74
18.5000 23.0000 -19.6116 115 101 74
19.5000 23.0000 -20.0726 114 100 73
20.5000 23.0000 -20.5958 102 90 64
21.5000 23.0000 -21.1671 94 82 58
22.5000 23.0000 -21.7643 85 73 51
23.5000 23.0000 -22.3609 80 68 46
24.5000 23.0000 -22.9310 80 67 50
25.5000 23.0000 -23.4542 77 66 48
26.5000 23.0000 -23.9210 72 59 43
27.5000 23.0000 -24.3362 69 53 38
28.5000 23.0000 -24.7206 78 59 42
29.5000 23.0000 -25.1101 79 58 41
30.5000 23.0000 -25.5528 77 56 39
31.5000 23.0000 -26.1067 74 53 34
32.5000 23.0000 -26.8371 69 51 31
33.5000 23.0000 -27.8155 64 47 27
34.5000 23.0000 -29.1141 60 45 24
35.5000 23.0000 -30.7958 57 45 23
36.5000 23.0000 -32.8960 60 47 28
37.5000 23.0000 -35.4026 52 41 23
38.5000 23.0000 -38.2402 41 32 15
39.5000 23.0000 -41.2672 33 26 10
40.5000 23.0000 -44.2867 29 21 10
41.5000 23.0000 -47.0718 25 18 8
42.5000 23.0000 -49.3964 21 14 6
44.5000 23.0000 -51.9577 21 14 6
48.5000 23.0000 -48.1788 18 18 6
49.5000 23.0000 -46.2426 26 26 14
50.5000 23.0000 -44.3869 31 29 17
51.5000 23.0000 -42.8094 33 29 18
52.5000 23.0000 -41.6344 37 28 19
53.5000 23.0000 -40.9099 34 24 15
54.5000 23.0000 -40.6223 31 21 12
55.5000 23.0000 -40.7221 30 21 12
56.5000 23.0000 -41.1504 30 23 13
57.5000 23.0000 -41.8589 26 24 12
58.5000 23.0000 -42.8213 21 23 10
59.5000 23.0000 -44.0359 18 20 9
60.5000 23.0000 -45.5215 22 22 14
61.5000 23.0000 -47.3100 22 19 12
62.5000 23.0000 -49.4454 21 18 13
63.5000 23.0000 -51.9971 18 15 10
-95.5000 22.0000 -87.6502 16 15 11
-94.5000 22.0000 -72.7916 20 20 12
-93.5000 22.0000 -61.1932 19 20 12
-92.5000 22.0000 -52.8545 17 19 8
-91.5000 22.0000 -47.2844 16 18 5
-90.5000 22.0000 -43.7691 19 21 8
-89.5000 22.0000 -41.6018 20 23 12
-88.5000 22.0000 -40.2140 20 23 12
-87.5000 22.0000 -39.2136 18 21 12
-86.5000 22.0000 -38.3654 17 20 11
-85.5000 22.0000 -37.5502 19 22 15
-84.5000 22.0000 -36.7260 22 25 16
-83.5000 22.0000 -35.8956 28 30 19
-82.5000 22.0000 -35.0829 26 28 15
-81.5000 22.0000 -34.3139 30 32 19
-80.5000 22.0000 -33.6045 37 39 26
-79.5000 22.0000 -32.9550 37 39 26
-78.5000 22.0000 -32.3525 32 34 21
-77.5000 22.0000 -31.7776 34 36 23
-76.5000 22.0000 -31.2124 41 43 30
-75.5000 22.0000 -30.6447 39 41 28
-74.5000 22.0000 -30.0688 40 42 29
-73.5000 22.0000 -29.4835 40 42 29
-72.5000 22.0000 -28.8906 41 43 30
-71.5000 22.0000 -28.2958 44 46 33
-70.5000 22.0000 -27.7110 46 48 35
-69.5000 22.0000 -27.1572 49 51 38
-68.5000 22.0000 -26.6647 54 52 39
-67.5000 22.0000 -26.2719 64 57 39
-66.5000 22.0000 -26.0213 67 58 41
-65.5000 22.0000 -25.9524 71 62 47
-64.5000 22.0000 -26.0923 74 67 51
-63.5000 22.0000 -26.4440 73 65 52
-62.5000 22.0000 -26.9765 65 59 47
-61.5000 22.0000 -27.6199 54 47 37
-60.5000 22.0000 -28.2682 45 38 28
-59.5000 22.0000 -28.7921 46 37 28
-58.5000 22.0000 -29.0587 41 32 23
-57.5000 22.0000 -28.9567 41 31 21
-56.5000 22.0000 -28.4218 44 32 20
-55.5000 22.0000 -27.4546 47 33 20
-54.5000 22.0000 -26.1254 56 40 27
-53.5000 22.0000 -24.5618 78 60 46
-52.5000 22.0000 -22.9193 103 82 63
-51.5000 22.0000 -21.3451 115 94 67
-50.5000 22.0000 -19.9476 126 103 71
-49.5000 22.0000 -18.7804 136 113 81
-48.5000 22.0000 -17.8460 142 119 87
-47.5000 22.0000 -17.1116 146 121 90
-46.5000 22.0000 -16.5299 152 126 93
-45.5000 22.0000 -16.0562 161 135 100
-44.5000 22.0000 -15.6575 171 142 108
-43.5000 22.0000 -15.3146 181 151 115
-42.5000 22.0000 -15.0199 190 158 120
-41.5000 22.0000 -14.7715 199 167 128
-40.5000 22.0000 -14.5687 206 172 134
-39.5000 22.0000 -14.4083 208 174 136
-38.5000 22.0000 -14.2830 211 176 136
-37.5000 22.0000 -14.1818 215 180 140
-36.5000 22.0000 -14.0927 217 184 141
-35.5000 22.0000 -14.0054 206 177 133
-34.5000 22.0000 -13.9133 209 182 137
-33.5000 22.0000 -13.8147 215 188 143
-32.5000 22.0000 -13.7126 216 192 144
-31.5000 22.0000 -13.6121 217 193 145
-30.5000 22.0000 -13.5192 218 196 147
-29.5000 22.0000 -13.4384 222 200 150
-28.5000 22.0000 -13.3725 224 202 152
-27.5000 22.0000 -13.3222 230 207 155
-26.5000 22.0000 -13.2868 228 205 153
-25.5000 22.0000 -13.2649 230 203 150
-24.5000 22.0000 -13.2550 230 200 148
-23.5000 22.0000 -13.2557 230 198 147
-22.5000 22.0000 -13.2667 232 199 148
-21.5000 22.0000 -13.2884 235 199 149
-20.5000 22.0000 -13.3226 234 201 150
-19.5000 22.0000 -13.3719 225 195 145
-18.5000 22.0000 -13.4387 226 198 148
-17.5000 22.0000 -13.5249 229 201 153
-16.5000 22.0000 -13.6305 226 198 150
-15.5000 22.0000 -13.7536 219 192 145
-14.5000 22.0000 -13.8907 213 186 139
-13.5000 22.0000 -14.0367 210 183 138
-12.5000 22.0000 -14.1862 208 184 138
-11.5000 22.0000 -14.3346 197 172 131
-10.5000 22.0000 -14.4785 192 167 126
-9.5000 22.0000 -14.6168 186 163 122
-8.5000 22.0000 -14.7498 185 162 121
-7.5000 22.0000 -14.8791 187 163 125
-6.5000 22.0000 -15.0066 184 160 122
-5.5000 22.0000 -15.1333 176 152 116
-4.5000 22.0000 -15.2599 165 145 110
-3.5000 22.0000 -15.3861 160 144 110
-2.5000 22.0000 -15.5112 164 151 117
-1.5000 22.0000 -15.6340 163 148 115
-0.5000 22.0000 -15.7531 154 138 105
0.5000 22.0000 -15.8676 151 132 100
1.5000 22.0000 -15.9777 156 137 105
2.5000 22.0000 -16.0855 161 140 109
3.5000 22.0000 -16.1953 160 139 108
4.5000 22.0000 -16.3132 153 132 101
5.5000 22.0000 -16.4459 152 131 100
6.5000 22.0000 -16.5986 149 128 97
7.5000 22.0000 -16.7740 144 125 93
8.5000 22.0000 -16.9702 137 121 88
9.5000 22.0000 -17.1815 131 116 83
10.5000 22.0000 -17.3998 126 111 78
11.5000 22.0000 -17.6178 122 109 75
12.5000 22.0000 -17.8320 122 107 76
13.5000 22.0000 -18.0456 123 108 77
14.5000 22.0000 -18.2683 123 108 77
15.5000 22.0000 -18.5149 122 107 76
16.5000 22.0000 -18.8019 119 105 76
17.5000 22.0000 -19.1438 116 102 73
18.5000 22.0000 -19.5496 113 99 72
19.5000 22.0000 -20.0196 109 97 71
20.5000 22.0000 -20.5450 101 89 65
21.5000 22.0000 -21.1074 92 80 56
22.5000 22.0000 -21.6821 80 68 46
23.5000 22.0000 -22.2419 74 63 43
24.5000 22.0000 -22.7624 74 63 43
25.5000 22.0000 -23.2261 75 64 46
26.5000 22.0000 -23.6270 72 60 44
27.5000 22.0000 -23.9730 69 56 39
28.5000 22.0000 -24.2865 70 53 35
29.5000 22.0000 -24.6034 73 55 35
30.5000 22.0000 -24.9702 74 56 36
31.5000 22.0000 -25.4409 75 57 35
32.5000 22.0000 -26.0758 73 55 33
33.5000 22.0000 -26.9408 69 53 28
34.5000 22.0000 -28.1041 63 48 25
35.5000 22.0000 -29.6283 61 46 23
36.5000 22.0000 -31.5548 65 53 31
37.5000 22.0000 -33.8847 59 46 27
38.5000 22.0000 -36.5613 49 38 20
39.5000 22.0000 -39.4621 42 30 14
40.5000 22.0000 -42.4045 35 25 13
41.5000 22.0000 -45.1641 30 20 10
42.5000 22.0000 -47.5043 24 14 5
44.5000 22.0000 -50.1344 23 16 6
48.5000 22.0000 -46.3070 20 20 8
49.5000 22.0000 -44.3738 31 29 17
50.5000 22.0000 -42.5584 34 30 19
51.5000 22.0000 -41.0580 35 28 18
52.5000 22.0000 -39.9851 38 28 19
53.5000 22.0000 -39.3685 34 24 15
54.5000 22.0000 -39.1758 33 20 12
55.5000 22.0000 -39.3451 31 21 12
56.5000 22.0000 -39.8140 30 23 13
57.5000 22.0000 -40.5395 28 26 14
58.5000 22.0000 -41.5065 23 25 12
59.5000 22.0000 -42.7250 19 23 9
60.5000 22.0000 -44.2203 23 23 13
61.5000 22.0000 -46.0219 22 22 14
62.5000 22.0000 -48.1591 20 19 14
63.5000 22.0000 -50.6723 17 16 11
-95.5000 21.0000 -83.9091 16 15 11
-94.5000 21.0000 -69.7775 19 19 11
-93.5000 21.0000 -58.9099 21 21 13
-92.5000 21.0000 -51.1864 21 23 12
-91.5000 21.0000 -46.0624 21 23 10
-90.5000 21.0000 -42.8278 21 25 11
-89.5000 21.0000 -40.8130 22 25 14
-88.5000 21.0000 -39.4958 21 24 13
-87.5000 21.0000 -38.5245 18 24 14
-86.5000 21.0000 -37.6924 19 25 15
-85.5000 21.0000 -36.8968 23 28 21
-84.5000 21.0000 -36.1027 27 33 23
-83.5000 21.0000 -35.3135 24 27 16
-82.5000 21.0000 -34.5498 27 29 16
-81.5000 21.0000 -33.8330 30 32 19
-80.5000 21.0000 -33.1752 32 34 21
-79.5000 21.0000 -32.5739 35 37 24
-78.5000 21.0000 -32.0150 36 38 25
-77.5000 21.0000 -31.4786 36 38 25
-76.5000 21.0000 -30.9467 37 39 26
-75.5000 21.0000 -30.4070 38 40 27
-74.5000 21.0000 -29.8541 38 40 27
-73.5000 21.0000 -29.2875 39 41 28
-72.5000 21.0000 -28.7101 40 42 29
-71.5000 21.0000 -28.1294 42 44 31
-70.5000 21.0000 -27.5590 45 47 34
-69.5000 21.0000 -27.0213 48 50 37
-68.5000 21.0000 -26.5483 52 50 37
-67.5000 21.0000 -26.1797 59 52 36
-66.5000 21.0000 -25.9590 67 58 41
-65.5000 21.0000 -25.9259 70 61 46
-64.5000 21.0000 -26.1064 65 58 42
-63.5000 21.0000 -26.5016 62 54 41
-62.5000 21.0000 -27.0784 61 55 43
-61.5000 21.0000 -27.7654 55 48 38
-60.5000 21.0000 -28.4569 43 39 28
-59.5000 21.0000 -29.0248 42 35 25
-58.5000 21.0000 -29.3369 37 28 19
-57.5000 21.0000 -29.2803 39 29 19
-56.5000 21.0000 -28.7847 47 35 23
-55.5000 21.0000 -27.8415 48 34 21
-54.5000 21.0000 -26.5123 51 35 22
-53.5000 21.0000 -24.9197 71 53 39
-52.5000 21.0000 -23.2214 96 77 60
-51.5000 21.0000 -21.5744 121 101 76
-50.5000 21.0000 -20.0999 126 107 75
-49.5000 21.0000 -18.8640 135 114 83
-48.5000 21.0000 -17.8770 142 122 89
-47.5000 21.0000 -17.1083 149 126 94
-46.5000 21.0000 -16.5081 154 131 97
-45.5000 21.0000 -16.0267 161 137 101
-44.5000 21.0000 -15.6257 167 141 106
-43.5000 21.0000 -15.2821 175 149 112
-42.5000 21.0000 -14.9854 188 160 121
-41.5000 21.0000 -14.7332 199 170 130
-40.5000 21.0000 -14.5251 202 170 131
-39.5000 21.0000 -14.3590 203 171 130
-38.5000 21.0000 -14.2289 207 174 131
-37.5000 21.0000 -14.1251 208 175 132
-36.5000 21.0000 -14.0364 205 172 129
-35.5000 21.0000 -13.9522 200 169 125
-34.5000 21.0000 -13.8654 201 173 126
-33.5000 21.0000 -13.7737 209 181 134
-32.5000 21.0000 -13.6787 217 190 143
-31.5000 21.0000 -13.5850 219 192 145
-30.5000 21.0000 -13.4980 213 190 140
-29.5000 21.0000 -13.4221 214 191 141
-28.5000 21.0000 -13.3603 221 198 148
-27.5000 21.0000 -13.3134 219 196 144
-26.5000 21.0000 -13.2812 222 199 147
-25.5000 21.0000 -13.2625 227 199 149
-24.5000 21.0000 -13.2555 228 198 148
-23.5000 21.0000 -13.2590 226 194 145
-22.5000 21.0000 -13.2720 225 192 141
-21.5000 21.0000 -13.2946 227 191 141
-20.5000 21.0000 -13.3282 228 192 142
-19.5000 21.0000 -13.3750 237 201 153
-18.5000 21.0000 -13.4377 235 199 151
-17.5000 21.0000 -13.5183 230 196 150
-16.5000 21.0000 -13.6176 226 192 146
-15.5000 21.0000 -13.7344 221 188 143
-14.5000 21.0000 -13.8657 216 185 139
-13.5000 21.0000 -14.0068 211 182 138
-12.5000 21.0000 -14.1525 209 182 137
-11.5000 21.0000 -14.2983 191 166 125
-10.5000 21.0000 -14.4408 193 170 128
-9.5000 21.0000 -14.5786 193 171 130
-8.5000 21.0000 -14.7120 188 169 127
-7.5000 21.0000 -14.8425 181 163 123
-6.5000 21.0000 -14.9716 173 158 117
-5.5000 21.0000 -15.1006 171 156 117
-4.5000 21.0000 -15.2297 170 156 119
-3.5000 21.0000 -15.3587 163 149 114
-2.5000 21.0000 -15.4866 161 147 112
-1.5000 21.0000 -15.6118 159 143 109
-0.5000 21.0000 -15.7327 155 139 105
0.5000 21.0000 -15.8477 154 135 102
1.5000 21.0000 -15.9566 153 133 100
2.5000 21.0000 -16.0612 154 131 99
3.5000 21.0000 -16.1655 154 131 99
4.5000 21.0000 -16.2755 152 129 97
5.5000 21.0000 -16.3983 145 125 92
6.5000 21.0000 -16.5399 151 131 98
7.5000 21.0000 -16.7041 153 134 101
8.5000 21.0000 -16.8902 139 123 89
9.5000 21.0000 -17.0937 135 121 86
10.5000 21.0000 -17.3070 134 120 85
11.5000 21.0000 -17.5231 123 109 74
12.5000 21.0000 -17.7385 111 96 63
13.5000 21.0000 -17.9561 117 102 69
14.5000 21.0000 -18.1858 125 110 79
15.5000 21.0000 -18.4421 128 113 82
16.5000 21.0000 -18.7409 124 110 81
17.5000 21.0000 -19.0952 119 105 76
18.5000 21.0000 -19.5116 113 102 74
19.5000 21.0000 -19.9874 112 100 74
20.5000 21.0000 -20.5100 97 85 61
21.5000 21.0000 -21.0583 85 74 52
22.5000 21.0000 -21.6056 79 68 48
23.5000 21.0000 -22.1250 80 72 51
24.5000 21.0000 -22.5935 81 73 52
25.5000 21.0000 -22.9968 74 66 45
26.5000 21.0000 -23.3324 66 58 39
27.5000 21.0000 -23.6114 65 54 34
28.5000 21.0000 -23.8588 79 64 43
29.5000 21.0000 -24.1111 80 64 41
30.5000 21.0000 -24.4136 81 65 42
31.5000 21.0000 -24.8172 80 64 39
32.5000 21.0000 -25.3770 78 62 37
33.5000 21.0000 -26.1529 74 60 33
34.5000 21.0000 -27.2074 70 56 30
35.5000 21.0000 -28.6002 68 54 28
36.5000 21.0000 -30.3748 58 43 20
37.5000 21.0000 -32.5408 56 41 20
38.5000 21.0000 -35.0555 50 37 20
39.5000 21.0000 -37.8130 44 31 15
40.5000 21.0000 -40.6434 38 24 11
41.5000 21.0000 -43.3279 33 19 8
42.5000 21.0000 -45.6261 30 16 7
43.5000 21.0000 -47.3141 28 15 6
46.5000 21.0000 -47.5671 17 15 2
47.5000 21.0000 -46.2057 21 19 6
48.5000 21.0000 -44.4574 25 23 10
49.5000 21.0000 -42.6016 28 26 13
50.5000 21.0000 -40.8928 33 27 15
51.5000 21.0000 -39.5162 35 27 16
52.5000 21.0000 -38.5664 41 28 19
53.5000 21.0000 -38.0552 41 28 19
54.5000 21.0000 -37.9385 40 26 17
55.5000 21.0000 -38.1502 35 25 15
56.5000 21.0000 -38.6319 31 25 13
57.5000 21.0000 -39.3505 27 25 12
58.5000 21.0000 -40.3029 22 24 10
59.5000 21.0000 -41.5092 20 24 10
60.5000 21.0000 -42.9994 19 22 11
61.5000 21.0000 -44.7989 18 21 12
62.5000 21.0000 -46.9227 15 18 11
63.5000 21.0000 -49.3858 13 16 9
-95.5000 20.0000 -80.1819 19 15 12
-94.5000 20.0000 -66.7919 21 21 13
-93.5000 20.0000 -56.6520 22 22 14
-92.5000 20.0000 -49.5300 22 24 13
-91.5000 20.0000 -44.8356 22 24 11
-90.5000 20.0000 -41.8688 21 25 11
-89.5000 20.0000 -40.0003 21 24 13
-88.5000 20.0000 -38.7548 19 25 13
-87.5000 20.0000 -37.8202 19 25 15
-86.5000 20.0000 -37.0163 20 28 17
-85.5000 20.0000 -36.2551 23 30 22
-84.5000 20.0000 -35.5065 26 32 22
-83.5000 20.0000 -34.7731 27 30 19
-82.5000 20.0000 -34.0712 30 32 19
-81.5000 20.0000 -33.4169 32 34 21
-80.5000 20.0000 -32.8179 34 36 23
-79.5000 20.0000 -32.2689 36 38 25
-78.5000 20.0000 -31.7548 36 38 25
-77.5000 20.0000 -31.2555 37 39 26
-76.5000 20.0000 -30.7532 36 38 25
-75.5000 20.0000 -30.2364 41 43 30
-74.5000 20.0000 -29.7007 41 43 30
-73.5000 20.0000 -29.1471 41 43 30
-72.5000 20.0000 -28.5808 43 45 32
-71.5000 20.0000 -28.0113 45 47 34
-70.5000 20.0000 -27.4542 48 50 37
-69.5000 20.0000 -26.9334 50 52 39
-68.5000 20.0000 -26.4817 53 54 40
-67.5000 20.0000 -26.1397 56 53 36
-66.5000 20.0000 -25.9505 64 59 40
-65.5000 20.0000 -25.9528 67 61 45
-64.5000 20.0000 -26.1706 62 59 44
-63.5000 20.0000 -26.6018 60 56 44
-62.5000 20.0000 -27.2109 58 56 43
-61.5000 20.0000 -27.9256 53 51 39
-60.5000 20.0000 -28.6413 42 42 30
-59.5000 20.0000 -29.2332 43 41 29
-58.5000 20.0000 -29.5725 37 33 22
-57.5000 20.0000 -29.5466 38 31 21
-56.5000 20.0000 -29.0816 43 35 24
-55.5000 20.0000 -28.1609 43 33 21
-54.5000 20.0000 -26.8364 47 35 21
-53.5000 20.0000 -25.2245 68 54 41
-52.5000 20.0000 -23.4826 95 80 61
-51.5000 20.0000 -21.7743 117 101 75
-50.5000 20.0000 -20.2323 124 109 78
-49.5000 20.0000 -18.9341 135 118 88
-48.5000 20.0000 -17.8981 145 126 94
-47.5000 20.0000 -17.0965 149 130 97
-46.5000 20.0000 -16.4782 153 133 98
-45.5000 20.0000 -15.9890 158 135 101
-44.5000 20.0000 -15.5862 161 137 99
-43.5000 20.0000 -15.2424 177 153 115
-42.5000 20.0000 -14.9448 188 163 123
-41.5000 20.0000 -14.6898 198 170 130
-40.5000 20.0000 -14.4775 200 171 129
-39.5000 20.0000 -14.3067 204 173 129
-38.5000 20.0000 -14.1729 208 177 133
-37.5000 20.0000 -14.0675 208 175 132
-36.5000 20.0000 -13.9799 204 171 126
-35.5000 20.0000 -13.8997 209 176 131
-34.5000 20.0000 -13.8192 209 178 132
-33.5000 20.0000 -13.7348 217 186 140
-32.5000 20.0000 -13.6474 224 196 149
-31.5000 20.0000 -13.5605 225 197 149
-30.5000 20.0000 -13.4792 221 195 146
-29.5000 20.0000 -13.4078 223 197 148
-28.5000 20.0000 -13.3493 227 204 154
-27.5000 20.0000 -13.3050 221 198 146
-26.5000 20.0000 -13.2751 226 200 149
-25.5000 20.0000 -13.2585 229 201 151
-24.5000 20.0000 -13.2538 228 200 150
-23.5000 20.0000 -13.2595 228 196 147
-22.5000 20.0000 -13.2746 226 194 145
-21.5000 20.0000 -13.2987 227 193 145
-20.5000 20.0000 -13.3327 230 194 146
-19.5000 20.0000 -13.3785 230 192 145
-18.5000 20.0000 -13.4386 232 194 147
-17.5000 20.0000 -13.5152 234 196 151
-16.5000 20.0000 -13.6094 232 195 150
-15.5000 20.0000 -13.7208 226 192 147
-14.5000 20.0000 -13.8467 218 185 140
-13.5000 20.0000 -13.9832 208 179 135
-12.5000 20.0000 -14.1255 202 175 130
-11.5000 20.0000 -14.2691 185 160 119
-10.5000 20.0000 -14.4106 186 165 122
-9.5000 20.0000 -14.5485 185 166 124
-8.5000 20.0000 -14.6829 181 164 121
-7.5000 20.0000 -14.8148 174 159 118
-6.5000 20.0000 -14.9457 169 156 114
-5.5000 20.0000 -15.0765 166 154 114
-4.5000 20.0000 -15.2075 166 154 114
-3.5000 20.0000 -15.3382 163 149 112
-2.5000 20.0000 -15.4675 161 147 112
-1.5000 20.0000 -15.5936 159 143 109
-0.5000 20.0000 -15.7145 158 139 106
0.5000 20.0000 -15.8286 156 136 103
1.5000 20.0000 -15.9355 154 134 101
2.5000 20.0000 -16.0366 155 132 100
3.5000 20.0000 -16.1356 155 132 100
4.5000 20.0000 -16.2386 156 133 101
5.5000 20.0000 -16.3525 150 127 95
6.5000 20.0000 -16.4841 154 134 101
7.5000 20.0000 -16.6379 157 137 104
8.5000 20.0000 -16.8146 147 128 95
9.5000 20.0000 -17.0107 142 126 92
10.5000 20.0000 -17.2199 138 124 89
11.5000 20.0000 -17.4360 126 112 77
12.5000 20.0000 -17.6557 118 103 70
13.5000 20.0000 -17.8818 125 110 77
14.5000 20.0000 -18.1232 131 116 85
15.5000 20.0000 -18.3932 132 117 86
16.5000 20.0000 -18.7059 124 110 81
17.5000 20.0000 -19.0722 115 101 74
18.5000 20.0000 -19.4960 108 96 70
19.5000 20.0000 -19.9721 106 94 70
20.5000 20.0000 -20.4852 97 86 64
21.5000 20.0000 -21.0127 84 76 53
22.5000 20.0000 -21.5273 77 69 48
23.5000 20.0000 -22.0026 79 71 50
24.5000 20.0000 -22.4179 80 72 51
25.5000 20.0000 -22.7616 74 68 46
26.5000 20.0000 -23.0346 69 63 41
27.5000 20.0000 -23.2513 68 62 40
28.5000 20.0000 -23.4388 77 66 44
29.5000 20.0000 -23.6348 79 67 43
30.5000 20.0000 -23.8840 79 67 41
31.5000 20.0000 -24.2345 79 67 41
32.5000 20.0000 -24.7373 76 65 37
33.5000 20.0000 -25.4460 73 62 34
34.5000 20.0000 -26.4172 71 57 30
35.5000 20.0000 -27.7054 69 55 28
36.5000 20.0000 -29.3528 63 48 25
37.5000 20.0000 -31.3720 60 45 24
38.5000 20.0000 -33.7289 55 40 21
39.5000 20.0000 -36.3291 48 32 16
40.5000 20.0000 -39.0141 40 24 11
41.5000 20.0000 -41.5728 34 18 5
42.5000 20.0000 -43.7675 30 13 5
46.5000 20.0000 -45.5475 17 15 2
47.5000 20.0000 -44.2379 19 17 4
48.5000 20.0000 -42.5890 23 21 8
49.5000 20.0000 -40.8729 29 25 13
50.5000 20.0000 -39.3278 36 28 17
51.5000 20.0000 -38.1163 39 29 19
52.5000 20.0000 -37.3118 43 29 20
53.5000 20.0000 -36.9107 42 28 19
54.5000 20.0000 -36.8624 41 27 18
55.5000 20.0000 -37.1034 39 26 17
56.5000 20.0000 -37.5842 33 27 15
57.5000 20.0000 -38.2845 28 26 13
58.5000 20.0000 -39.2134 24 26 12
59.5000 20.0000 -40.3999 20 26 12
60.5000 20.0000 -41.8768 19 25 13
61.5000 20.0000 -43.6651 17 23 13
62.5000 20.0000 -45.7675 15 20 13
63.5000 20.0000 -48.1783 12 17 10
64.5000 20.0000 -50.9117 10 15 8
-96.5000 19.0000 -92.1889 17 13 10
-95.5000 19.0000 -76.5031 20 16 13
-94.5000 19.0000 -63.8430 23 20 13
-93.5000 19.0000 -54.4088 23 23 15
-92.5000 19.0000 -47.8649 23 25 14
-91.5000 19.0000 -43.5819 23 25 12
-90.5000 19.0000 -40.8735 21 25 11
-89.5000 19.0000 -39.1509 19 25 13
-88.5000 19.0000 -37.9850 19 25 13
-87.5000 19.0000 -37.1006 21 27 17
-86.5000 19.0000 -36.3420 22 30 19
-85.5000 19.0000 -35.6335 23 30 22
-84.5000 19.0000 -34.9482 24 32 21
-83.5000 19.0000 -34.2861 31 34 23
-82.5000 19.0000 -33.6582 33 35 22
-81.5000 19.0000 -33.0753 35 37 24
-80.5000 19.0000 -32.5401 36 38 25
-79.5000 19.0000 -32.0452 37 39 26
-78.5000 19.0000 -31.5743 37 39 26
-77.5000 19.0000 -31.1078 36 38 25
-76.5000 19.0000 -30.6289 36 38 25
-75.5000 19.0000 -30.1277 43 45 32
-74.5000 19.0000 -29.6016 43 45 32
-73.5000 19.0000 -29.0540 44 46 33
-72.5000 19.0000 -28.4926 45 47 34
-71.5000 19.0000 -27.9291 47 49 36
-70.5000 19.0000 -27.3810 50 52 39
-69.5000 19.0000 -26.8734 53 55 42
-68.5000 19.0000 -26.4397 54 56 42
-67.5000 19.0000 -26.1202 52 53 37
-66.5000 19.0000 -25.9574 56 59 40
-65.5000 19.0000 -25.9882 59 62 45
-64.5000 19.0000 -26.2337 56 60 43
-63.5000 19.0000 -26.6894 54 58 43
-62.5000 19.0000 -27.3171 50 56 42
-61.5000 19.0000 -28.0444 44 50 38
-60.5000 19.0000 -28.7691 38 44 32
-59.5000 19.0000 -29.3705 43 46 35
-58.5000 19.0000 -29.7241 34 38 24
-57.5000 19.0000 -29.7199 32 34 21
-56.5000 19.0000 -29.2811 35 36 22
-55.5000 19.0000 -28.3844 35 33 18
-54.5000 19.0000 -27.0724 38 35 18
-53.5000 19.0000 -25.4536 61 55 39
-52.5000 19.0000 -23.6834 88 80 61
-51.5000 19.0000 -21.9294 113 101 75
-50.5000 19.0000 -20.3333 124 111 79
-49.5000 19.0000 -18.9828 137 122 91
-48.5000 19.0000 -17.9041 145 130 97
-47.5000 19.0000 -17.0730 150 134 100
-46.5000 19.0000 -16.4379 154 136 100
-45.5000 19.0000 -15.9418 155 135 100
-44.5000 19.0000 -15.5374 156 134 95
-43.5000 19.0000 -15.1942 180 156 118
-42.5000 19.0000 -14.8967 189 164 124
-41.5000 19.0000 -14.6402 197 169 129
-40.5000 19.0000 -14.4249 201 172 130
-39.5000 19.0000 -14.2506 208 177 133
-38.5000 19.0000 -14.1140 213 182 136
-37.5000 19.0000 -14.0078 211 178 133
-36.5000 19.0000 -13.9222 204 171 126
-35.5000 19.0000 -13.8467 208 175 130
-34.5000 19.0000 -13.7728 208 176 129
-33.5000 19.0000 -13.6961 214 182 135
-32.5000 19.0000 -13.6162 221 190 143
-31.5000 19.0000 -13.5359 221 193 145
-30.5000 19.0000 -13.4598 218 192 143
-29.5000 19.0000 -13.3920 220 194 145
-28.5000 19.0000 -13.3360 226 200 151
-27.5000 19.0000 -13.2934 224 198 149
-26.5000 19.0000 -13.2647 227 201 152
-25.5000 19.0000 -13.2493 230 202 154
-24.5000 19.0000 -13.2461 230 202 154
-23.5000 19.0000 -13.2538 230 198 151
-22.5000 19.0000 -13.2711 228 196 149
-21.5000 19.0000 -13.2974 229 195 149
-20.5000 19.0000 -13.3330 230 196 148
-19.5000 19.0000 -13.3795 226 190 142
-18.5000 19.0000 -13.4387 226 192 144
-17.5000 19.0000 -13.5130 228 194 148
-16.5000 19.0000 -13.6036 227 195 148
-15.5000 19.0000 -13.7104 223 190 145
-14.5000 19.0000 -13.8316 215 184 138
-13.5000 19.0000 -13.9637 206 177 133
-12.5000 19.0000 -14.1024 200 173 128
-11.5000 19.0000 -14.2436 186 161 120
-10.5000 19.0000 -14.3841 186 163 121
-9.5000 19.0000 -14.5220 185 163 122
-8.5000 19.0000 -14.6572 181 162 120
-7.5000 19.0000 -14.7905 176 158 118
-6.5000 19.0000 -14.9228 170 155 114
-5.5000 19.0000 -15.0551 168 153 114
-4.5000 19.0000 -15.1873 167 153 114
-3.5000 19.0000 -15.3190 164 150 113
-2.5000 19.0000 -15.4488 162 148 111
-1.5000 19.0000 -15.5749 160 144 108
-0.5000 19.0000 -15.6952 158 140 104
0.5000 19.0000 -15.8081 157 137 102
1.5000 19.0000 -15.9131 155 135 100
2.5000 19.0000 -16.0116 156 133 99
3.5000 19.0000 -16.1071 157 133 99
4.5000 19.0000 -16.2053 160 136 102
5.5000 19.0000 -16.3130 155 132 98
6.5000 19.0000 -16.4371 156 136 101
7.5000 19.0000 -16.5825 160 140 105
8.5000 19.0000 -16.7511 154 136 100
9.5000 19.0000 -16.9408 148 132 96
10.5000 19.0000 -17.1470 141 127 90
11.5000 19.0000 -17.3645 130 116 79
12.5000 19.0000 -17.5908 124 108 74
13.5000 19.0000 -17.8283 130 114 80
14.5000 19.0000 -18.0843 135 120 87
15.5000 19.0000 -18.3700 133 118 87
16.5000 19.0000 -18.6968 123 109 80
17.5000 19.0000 -19.0725 114 100 73
18.5000 19.0000 -19.4985 106 94 68
19.5000 19.0000 -19.9672 105 93 69
20.5000 19.0000 -20.4625 98 87 65
21.5000 19.0000 -20.9611 85 77 56
22.5000 19.0000 -21.4368 76 68 47
23.5000 19.0000 -21.8648 76 70 48
24.5000 19.0000 -22.2266 77 71 49
25.5000 19.0000 -22.5135 73 68 46
26.5000 19.0000 -22.7292 71 66 44
27.5000 19.0000 -22.8905 73 69 44
28.5000 19.0000 -23.0267 77 70 44
29.5000 19.0000 -23.1763 80 70 45
30.5000 19.0000 -23.3834 81 71 44
31.5000 19.0000 -23.6941 80 70 43
32.5000 19.0000 -24.1555 78 69 40
33.5000 19.0000 -24.8161 74 65 36
34.5000 19.0000 -25.7260 71 60 32
35.5000 19.0000 -26.9336 69 58 30
36.5000 19.0000 -28.4758 68 56 32
37.5000 19.0000 -30.3640 63 51 29
38.5000 19.0000 -32.5667 55 42 23
39.5000 19.0000 -34.9963 47 34 17
40.5000 19.0000 -37.5039 41 25 12
41.5000 19.0000 -39.8887 34 18 5
42.5000 19.0000 -41.9233 29 12 4
45.5000 19.0000 -44.1366 18 15 0
46.5000 19.0000 -43.4261 18 16 1
47.5000 19.0000 -42.1947 20 18 3
48.5000 19.0000 -40.6870 25 22 7
49.5000 19.0000 -39.1584 32 26 12
50.5000 19.0000 -37.8207 39 29 17
51.5000 19.0000 -36.8082 44 32 20
52.5000 19.0000 -36.1703 46 29 19
53.5000 19.0000 -35.8898 46 29 19
54.5000 19.0000 -35.9131 45 28 18
55.5000 19.0000 -36.1830 40 28 16
56.5000 19.0000 -36.6623 35 29 15
57.5000 19.0000 -37.3442 30 28 13
58.5000 19.0000 -38.2502 25 29 12
59.5000 19.0000 -39.4170 22 29 13
60.5000 19.0000 -40.8797 21 27 15
61.5000 19.0000 -42.6554 18 26 15
62.5000 19.0000 -44.7372 15 22 14
63.5000 19.0000 -47.1040 13 20 12
64.5000 19.0000 -49.7479 10 17 9
65.5000 19.0000 -52.7134 9 16 8
66.5000 19.0000 -56.1298 8 15 8
67.5000 19.0000 -60.2158 8 15 8
-96.5000 18.0000 -88.0422 18 13 10
-95.5000 18.0000 -72.9365 21 16 13
-94.5000 18.0000 -60.9660 21 18 11
-93.5000 18.0000 -52.1921 21 21 13
-92.5000 18.0000 -46.1875 22 24 13
-91.5000 18.0000 -42.2907 24 26 13
-90.5000 18.0000 -39.8302 22 26 12
-89.5000 18.0000 -38.2559 20 26 14
-88.5000 18.0000 -37.1809 20 28 15
-87.5000 18.0000 -36.3640 22 30 19
-86.5000 18.0000 -35.6706 22 32 21
-85.5000 18.0000 -35.0344 22 32 23
-84.5000 18.0000 -34.4298 24 32 21
-83.5000 18.0000 -33.8530 34 37 26
-82.5000 18.0000 -33.3088 36 38 25
-81.5000 18.0000 -32.8023 37 39 26
-80.5000 18.0000 -32.3319 38 40 27
-79.5000 18.0000 -31.8880 38 40 27
-78.5000 18.0000 -31.4544 37 39 26
-77.5000 18.0000 -31.0129 36 38 25
-76.5000 18.0000 -30.5488 35 37 24
-75.5000 18.0000 -30.0544 43 45 32
-74.5000 18.0000 -29.5298 43 45 32
-73.5000 18.0000 -28.9811 43 45 32
-72.5000 18.0000 -28.4184 44 46 33
-71.5000 18.0000 -27.8554 47 49 36
-70.5000 18.0000 -27.3108 49 51 38
-69.5000 18.0000 -26.8105 52 54 41
-68.5000 18.0000 -26.3877 54 56 42
-67.5000 18.0000 -26.0820 51 55 38
-66.5000 18.0000 -25.9345 52 60 39
-65.5000 18.0000 -25.9802 54 61 43
-64.5000 18.0000 -26.2381 52 61 44
-63.5000 18.0000 -26.7015 48 56 41
-62.5000 18.0000 -27.3313 41 52 36
-61.5000 18.0000 -28.0560 34 45 31
-60.5000 18.0000 -28.7765 29 40 26
-59.5000 18.0000 -29.3770 35 46 32
-58.5000 18.0000 -29.7379 30 38 25
-57.5000 18.0000 -29.7514 29 35 21
-56.5000 18.0000 -29.3394 33 37 23
-55.5000 18.0000 -28.4721 31 33 19
-54.5000 18.0000 -27.1836 32 33 17
-53.5000 18.0000 -25.5744 51 50 32
-52.5000 18.0000 -23.7957 77 72 52
-51.5000 18.0000 -22.0168 109 99 72
-50.5000 18.0000 -20.3856 122 111 81
-49.5000 18.0000 -18.9981 136 122 93
-48.5000 18.0000 -17.8874 143 130 98
-47.5000 18.0000 -17.0334 150 134 101
-46.5000 18.0000 -16.3851 155 139 105
-45.5000 18.0000 -15.8836 160 140 105
-44.5000 18.0000 -15.4788 160 138 101
-43.5000 18.0000 -15.1372 180 156 118
-42.5000 18.0000 -14.8410 188 163 122
-41.5000 18.0000 -14.5845 195 168 125
-40.5000 18.0000 -14.3676 201 172 128
-39.5000 18.0000 -14.1911 212 181 135
-38.5000 18.0000 -14.0528 219 188 142
-37.5000 18.0000 -13.9467 218 185 140
-36.5000 18.0000 -13.8635 211 177 131
-35.5000 18.0000 -13.7928 211 177 131
-34.5000 18.0000 -13.7257 209 175 129
-33.5000 18.0000 -13.6564 213 179 133
-32.5000 18.0000 -13.5835 220 188 141
-31.5000 18.0000 -13.5092 221 190 143
-30.5000 18.0000 -13.4373 218 190 142
-29.5000 18.0000 -13.3724 220 192 144
-28.5000 18.0000 -13.3178 225 199 150
-27.5000 18.0000 -13.2758 223 197 148
-26.5000 18.0000 -13.2474 226 200 151
-25.5000 18.0000 -13.2324 230 202 154
-24.5000 18.0000 -13.2302 230 202 154
-23.5000 18.0000 -13.2395 230 198 151
-22.5000 18.0000 -13.2592 228 196 149
-21.5000 18.0000 -13.2884 230 196 150
-20.5000 18.0000 -13.3269 231 197 151
-19.5000 18.0000 -13.3754 227 195 146
-18.5000 18.0000 -13.4355 225 195 145
-17.5000 18.0000 -13.5090 222 191 144
-16.5000 18.0000 -13.5973 218 187 140
-15.5000 18.0000 -13.7005 213 185 138
-14.5000 18.0000 -13.8173 210 182 135
-13.5000 18.0000 -13.9450 207 180 135
-12.5000 18.0000 -14.0799 204 180 134
-11.5000 18.0000 -14.2183 194 169 128
-10.5000 18.0000 -14.3572 193 170 128
-9.5000 18.0000 -14.4946 191 168 127
-8.5000 18.0000 -14.6303 187 165 124
-7.5000 18.0000 -14.7644 183 161 122
-6.5000 18.0000 -14.8979 177 158 118
-5.5000 18.0000 -15.0313 175 155 118
-4.5000 18.0000 -15.1646 172 154 116
-3.5000 18.0000 -15.2970 165 149 113
-2.5000 18.0000 -15.4272 163 147 111
-1.5000 18.0000 -15.5532 162 144 108
-0.5000 18.0000 -15.6731 159 141 105
0.5000 18.0000 -15.7855 158 138 103
1.5000 18.0000 -15.8900 159 136 102
2.5000 18.0000 -15.9880 159 135 101
3.5000 18.0000 -16.0829 159 135 101
4.5000 18.0000 -16.1797 161 137 103
5.5000 18.0000 -16.2849 158 134 100
6.5000 18.0000 -16.4049 158 135 101
7.5000 18.0000 -16.5449 158 138 103
8.5000 18.0000 -16.7076 157 139 103
9.5000 18.0000 -16.8925 153 135 99
10.5000 18.0000 -17.0965 143 127 91
11.5000 18.0000 -17.3163 132 118 81
12.5000 18.0000 -17.5502 127 111 77
13.5000 18.0000 -17.7999 131 115 81
14.5000 18.0000 -18.0710 133 118 85
15.5000 18.0000 -18.3718 129 114 83
16.5000 18.0000 -18.7100 121 107 78
17.5000 18.0000 -19.0903 114 100 74
18.5000 18.0000 -19.5112 110 98 74
19.5000 18.0000 -19.9639 110 99 77
20.5000 18.0000 -20.4319 97 89 68
21.5000 18.0000 -20.8932 85 77 56
22.5000 18.0000 -21.3238 75 69 47
23.5000 18.0000 -21.7015 73 68 46
24.5000 18.0000 -22.0107 72 67 45
25.5000 18.0000 -22.2452 68 66 41
26.5000 18.0000 -22.4110 68 66 41
27.5000 18.0000 -22.5266 74 70 45
28.5000 18.0000 -22.6225 79 73 47
29.5000 18.0000 -22.7374 81 74 48
30.5000 18.0000 -22.9147 82 75 47
31.5000 18.0000 -23.1987 81 74 46
32.5000 18.0000 -23.6332 81 71 44
33.5000 18.0000 -24.2622 77 68 39
34.5000 18.0000 -25.1295 74 65 36
35.5000 18.0000 -26.2759 71 61 34
36.5000 18.0000 -27.7308 71 61 36
37.5000 18.0000 -29.4997 64 53 31
38.5000 18.0000 -31.5491 55 44 24
39.5000 18.0000 -33.7947 47 35 19
40.5000 18.0000 -36.0964 41 27 14
41.5000 18.0000 -38.2667 35 21 10
42.5000 18.0000 -40.0952 29 15 6
43.5000 18.0000 -41.3873 23 13 3
44.5000 18.0000 -42.0109 20 14 0
45.5000 18.0000 -41.9337 20 17 2
46.5000 18.0000 -41.2380 22 20 5
47.5000 18.0000 -40.1042 26 24 9
48.5000 18.0000 -38.7663 30 27 12
49.5000 18.0000 -37.4560 36 30 16
50.5000 18.0000 -36.3541 40 30 18
51.5000 18.0000 -35.5635 45 31 20
52.5000 18.0000 -35.1098 48 30 20
53.5000 18.0000 -34.9628 48 30 20
54.5000 18.0000 -35.0680 47 29 19
55.5000 18.0000 -35.3762 43 29 18
56.5000 18.0000 -35.8631 38 30 17
57.5000 18.0000 -36.5356 32 30 15
58.5000 18.0000 -37.4266 28 32 15
59.5000 18.0000 -38.5800 25 32 16
60.5000 18.0000 -40.0328 23 29 17
61.5000 18.0000 -41.7996 20 28 17
62.5000 18.0000 -43.8669 18 23 16
63.5000 18.0000 -46.2032 14 21 13
64.5000 18.0000 -48.7863 12 17 10
65.5000 18.0000 -51.6413 10 17 9
66.5000 18.0000 -54.8758 10 15 9
67.5000 18.0000 -58.6915 9 16 9
-96.5000 17.0000 -84.0791 19 14 11
-95.5000 17.0000 -69.5188 20 15 12
-94.5000 17.0000 -58.1818 20 17 10
-93.5000 17.0000 -50.0087 20 20 12
-92.5000 17.0000 -44.4952 21 23 12
-91.5000 17.0000 -40.9548 23 25 12
-90.5000 17.0000 -38.7305 23 27 13
-89.5000 17.0000 -37.3075 22 28 16
-88.5000 17.0000 -36.3362 22 30 17
-87.5000 17.0000 -35.6044 24 32 21
-86.5000 17.0000 -34.9949 22 32 21
-85.5000 17.0000 -34.4483 23 33 24
-84.5000 17.0000 -33.9383 23 33 22
-83.5000 17.0000 -33.4559 35 38 27
-82.5000 17.0000 -32.9997 36 38 25
-81.5000 17.0000 -32.5688 37 39 26
-80.5000 17.0000 -32.1581 37 39 26
-79.5000 17.0000 -31.7569 37 39 26
-78.5000 17.0000 -31.3503 36 38 25
-77.5000 17.0000 -30.9228 34 36 23
-76.5000 17.0000 -30.4630 33 35 22
-75.5000 17.0000 -29.9665 40 42 29
-74.5000 17.0000 -29.4363 40 42 29
-73.5000 17.0000 -28.8810 40 42 29
-72.5000 17.0000 -28.3126 41 43 30
-71.5000 17.0000 -27.7461 44 46 33
-70.5000 17.0000 -27.2008 46 48 35
-69.5000 17.0000 -26.7022 49 51 38
-68.5000 17.0000 -26.2824 50 54 39
-67.5000 17.0000 -25.9795 50 57 39
-66.5000 17.0000 -25.8327 49 58 37
-65.5000 17.0000 -25.8751 50 59 40
-64.5000 17.0000 -26.1246 48 59 42
-63.5000 17.0000 -26.5739 43 54 38
-62.5000 17.0000 -27.1853 33 46 29
-61.5000 17.0000 -27.8901 26 38 24
-60.5000 17.0000 -28.5937 22 34 22
-59.5000 17.0000 -29.1854 27 39 27
-58.5000 17.0000 -29.5500 23 34 20
-57.5000 17.0000 -29.5817 27 35 20
-56.5000 17.0000 -29.2008 33 39 25
-55.5000 17.0000 -28.3725 31 35 20
-54.5000 17.0000 -27.1229 28 31 14
-53.5000 17.0000 -25.5445 41 42 24
-52.5000 17.0000 -23.7832 65 63 42
-51.5000 17.0000 -22.0070 105 98 72
-50.5000 17.0000 -20.3669 121 110 80
-49.5000 17.0000 -18.9642 135 121 92
-48.5000 17.0000 -17.8378 140 127 95
-47.5000 17.0000 -16.9717 148 132 99
-46.5000 17.0000 -16.3166 159 143 109
-45.5000 17.0000 -15.8132 167 147 112
-44.5000 17.0000 -15.4102 167 145 108
-43.5000 17.0000 -15.0718 178 154 116
-42.5000 17.0000 -14.7786 186 161 120
-41.5000 17.0000 -14.5238 197 168 126
-40.5000 17.0000 -14.3072 205 174 130
-39.5000 17.0000 -14.1300 216 185 139
-38.5000 17.0000 -13.9912 226 193 148
-37.5000 17.0000 -13.8859 225 191 145
-36.5000 17.0000 -13.8054 218 184 138
-35.5000 17.0000 -13.7395 224 187 142
-34.5000 17.0000 -13.6784 220 184 136
-33.5000 17.0000 -13.6158 219 185 137
-32.5000 17.0000 -13.5491 225 193 144
-31.5000 17.0000 -13.4795 228 198 148
-30.5000 17.0000 -13.4109 225 197 147
-29.5000 17.0000 -13.3475 228 200 152
-28.5000 17.0000 -13.2934 233 205 157
-27.5000 17.0000 -13.2511 222 196 147
-26.5000 17.0000 -13.2221 225 199 150
-25.5000 17.0000 -13.2069 229 201 153
-24.5000 17.0000 -13.2051 229 201 153
-23.5000 17.0000 -13.2159 230 197 152
-22.5000 17.0000 -13.2382 228 195 150
-21.5000 17.0000 -13.2708 230 196 151
-20.5000 17.0000 -13.3131 230 198 151
-19.5000 17.0000 -13.3650 223 195 145
-18.5000 17.0000 -13.4273 219 196 144
-17.5000 17.0000 -13.5014 216 193 143
-16.5000 17.0000 -13.5885 213 190 140
-15.5000 17.0000 -13.6888 212 185 138
-14.5000 17.0000 -13.8016 209 182 135
-13.5000 17.0000 -13.9247 205 181 135
-12.5000 17.0000 -14.0553 204 180 134
-11.5000 17.0000 -14.1903 200 175 134
-10.5000 17.0000 -14.3268 198 173 132
-9.5000 17.0000 -14.4631 193 168 128
-8.5000 17.0000 -14.5986 189 164 124
-7.5000 17.0000 -14.7333 185 159 122
-6.5000 17.0000 -14.8678 181 155 118
-5.5000 17.0000 -15.0024 178 152 117
-4.5000 17.0000 -15.1370 173 151 114
-3.5000 17.0000 -15.2706 167 149 113
-2.5000 17.0000 -15.4016 163 147 111
-1.5000 17.0000 -15.5283 163 145 109
-0.5000 17.0000 -15.6489 160 142 106
0.5000 17.0000 -15.7622 159 139 104
1.5000 17.0000 -15.8684 160 137 103
2.5000 17.0000 -15.9687 161 137 103
3.5000 17.0000 -16.0662 161 137 103
4.5000 17.0000 -16.1654 158 134 100
5.5000 17.0000 -16.2721 158 134 100
6.5000 17.0000 -16.3919 156 133 99
7.5000 17.0000 -16.5300 154 134 99
8.5000 17.0000 -16.6895 154 136 100
9.5000 17.0000 -16.8711 150 132 96
10.5000 17.0000 -17.0739 140 124 88
11.5000 17.0000 -17.2961 136 120 84
12.5000 17.0000 -17.5368 135 119 83
13.5000 17.0000 -17.7973 134 118 84
14.5000 17.0000 -18.0812 130 114 81
15.5000 17.0000 -18.3934 123 108 77
16.5000 17.0000 -18.7380 115 101 72
17.5000 17.0000 -19.1161 111 97 71
18.5000 17.0000 -19.5238 109 97 73
19.5000 17.0000 -19.9515 109 98 76
20.5000 17.0000 -20.3833 96 88 67
21.5000 17.0000 -20.7996 85 77 58
22.5000 17.0000 -21.1797 76 69 50
23.5000 17.0000 -21.5053 74 69 47
24.5000 17.0000 -21.7639 69 67 44
25.5000 17.0000 -21.9520 64 64 38
26.5000 17.0000 -22.0770 65 65 39
27.5000 17.0000 -22.1585 70 69 41
28.5000 17.0000 -22.2268 84 77 51
29.5000 17.0000 -22.3203 86 76 51
30.5000 17.0000 -22.4812 87 77 52
31.5000 17.0000 -22.7517 86 76 49
32.5000 17.0000 -23.1733 82 75 47
33.5000 17.0000 -23.7854 79 72 44
34.5000 17.0000 -24.6259 75 68 40
35.5000 17.0000 -25.7270 72 65 37
36.5000 17.0000 -27.1084 69 62 36
37.5000 17.0000 -28.7664 62 54 31
38.5000 17.0000 -30.6623 52 44 23
39.5000 17.0000 -32.7126 45 36 19
40.5000 17.0000 -34.7862 40 31 16
41.5000 17.0000 -36.7122 36 26 14
42.5000 17.0000 -38.3025 31 23 12
43.5000 17.0000 -39.3886 26 20 8
45.5000 17.0000 -39.7164 21 19 4
46.5000 17.0000 -39.0411 28 26 11
47.5000 17.0000 -38.0172 34 32 17
48.5000 17.0000 -36.8637 39 36 21
49.5000 17.0000 -35.7855 43 35 22
50.5000 17.0000 -34.9309 44 32 20
51.5000 17.0000 -34.3722 44 30 19
52.5000 17.0000 -34.1125 49 31 21
53.5000 17.0000 -34.1103 48 30 20
54.5000 17.0000 -34.3109 48 30 20
55.5000 17.0000 -34.6725 44 30 19
56.5000 17.0000 -35.1827 39 31 18
57.5000 17.0000 -35.8608 34 32 17
58.5000 17.0000 -36.7496 29 33 16
59.5000 17.0000 -37.8990 27 34 18
60.5000 17.0000 -39.3480 24 30 18
61.5000 17.0000 -41.1097 22 28 18
62.5000 17.0000 -43.1670 21 24 17
63.5000 17.0000 -45.4832 16 21 14
64.5000 17.0000 -48.0282 15 18 11
65.5000 17.0000 -50.8167 11 16 9
66.5000 17.0000 -53.9444 12 14 9
67.5000 17.0000 -57.6062 10 15 9
-97.5000 16.0000 -97.1766 20 11 14
-96.5000 16.0000 -80.3050 25 17 15
-95.5000 16.0000 -66.2550 22 17 14
-94.5000 16.0000 -55.4936 21 18 11
-93.5000 16.0000 -47.8600 24 21 14
-92.5000 16.0000 -42.7877 24 26 15
-91.5000 16.0000 -39.5723 22 24 11
-90.5000 16.0000 -37.5716 22 28 14
-89.5000 16.0000 -36.3016 26 32 20
-88.5000 16.0000 -35.4440 26 34 21
-87.5000 16.0000 -34.8107 22 32 21
-86.5000 16.0000 -34.2980 21 31 20
-85.5000 16.0000 -33.8513 22 34 24
-84.5000 16.0000 -33.4419 25 35 24
-83.5000 16.0000 -33.0555 32 35 24
-82.5000 16.0000 -32.6839 34 36 23
-81.5000 16.0000 -32.3209 35 37 24
-80.5000 16.0000 -31.9589 35 37 24
-79.5000 16.0000 -31.5875 35 37 24
-78.5000 16.0000 -31.1945 34 36 23
-77.5000 16.0000 -30.7688 33 35 22
-76.5000 16.0000 -30.3032 32 34 21
-75.5000 16.0000 -29.7972 37 39 26
-74.5000 16.0000 -29.2566 38 40 27
-73.5000 16.0000 -28.6921 38 40 27
-72.5000 16.0000 -28.1168 39 41 28
-71.5000 16.0000 -27.5462 41 43 30
-70.5000 16.0000 -26.9988 44 46 33
-69.5000 16.0000 -26.4987 47 49 36
-68.5000 16.0000 -26.0760 48 52 37
-67.5000 16.0000 -25.7658 52 59 41
-66.5000 16.0000 -25.6048 49 58 39
-65.5000 16.0000 -25.6243 49 58 41
-64.5000 16.0000 -25.8418 49 60 43
-63.5000 16.0000 -26.2520 43 54 38
-62.5000 16.0000 -26.8212 33 44 30
-61.5000 16.0000 -27.4861 24 36 24
-60.5000 16.0000 -28.1583 21 33 21
-59.5000 16.0000 -28.7329 24 34 23
-58.5000 16.0000 -29.0986 21 31 20
-57.5000 16.0000 -29.1510 26 34 21
-56.5000 16.0000 -28.8087 34 40 26
-55.5000 16.0000 -28.0322 32 36 21
-54.5000 16.0000 -26.8410 27 29 15
-53.5000 16.0000 -25.3199 38 39 23
-52.5000 16.0000 -23.6080 60 58 37
-51.5000 16.0000 -21.8692 105 95 70
-50.5000 16.0000 -20.2535 123 109 82
-49.5000 16.0000 -18.8644 135 121 92
-48.5000 16.0000 -17.7444 140 125 94
-47.5000 16.0000 -16.8814 149 132 102
-46.5000 16.0000 -16.2290 164 145 112
-45.5000 16.0000 -15.7295 171 151 118
-44.5000 16.0000 -15.3315 170 148 111
-43.5000 16.0000 -14.9988 179 153 116
-42.5000 16.0000 -14.7108 190 162 122
-41.5000 16.0000 -14.4600 202 170 129
-40.5000 16.0000 -14.2458 209 176 133
-39.5000 16.0000 -14.0699 219 186 141
-38.5000 16.0000 -13.9321 229 195 149
-37.5000 16.0000 -13.8283 231 194 149
-36.5000 16.0000 -13.7506 225 189 141
-35.5000 16.0000 -13.6888 228 190 143
-34.5000 16.0000 -13.6330 222 184 137
-33.5000 16.0000 -13.5757 219 183 135
-32.5000 16.0000 -13.5137 224 190 142
-31.5000 16.0000 -13.4475 227 195 146
-30.5000 16.0000 -13.3807 227 197 147
-29.5000 16.0000 -13.3178 227 199 151
-28.5000 16.0000 -13.2629 232 204 156
-27.5000 16.0000 -13.2193 222 196 147
-26.5000 16.0000 -13.1889 226 200 151
-25.5000 16.0000 -13.1728 230 202 154
-24.5000 16.0000 -13.1712 230 202 154
-23.5000 16.0000 -13.1834 230 199 153
-22.5000 16.0000 -13.2085 230 197 152
-21.5000 16.0000 -13.2450 232 198 153
-20.5000 16.0000 -13.2917 232 200 153
-19.5000 16.0000 -13.3479 218 190 142
-18.5000 16.0000 -13.4135 219 193 142
-17.5000 16.0000 -13.4892 222 196 147
-16.5000 16.0000 -13.5759 223 197 148
-15.5000 16.0000 -13.6739 220 193 146
-14.5000 16.0000 -13.7829 214 187 140
-13.5000 16.0000 -13.9013 207 180 135
-12.5000 16.0000 -14.0272 201 177 131
-11.5000 16.0000 -14.1579 199 174 133
-10.5000 16.0000 -14.2914 195 170 129
-9.5000 16.0000 -14.4259 190 165 125
-8.5000 16.0000 -14.5608 185 160 120
-7.5000 16.0000 -14.6960 182 156 119
-6.5000 16.0000 -14.8317 178 154 116
-5.5000 16.0000 -14.9681 175 151 115
-4.5000 16.0000 -15.1046 171 149 112
-3.5000 16.0000 -15.2401 167 149 113
-2.5000 16.0000 -15.3730 164 148 112
-1.5000 16.0000 -15.5016 163 145 109
-0.5000 16.0000 -15.6244 161 143 107
0.5000 16.0000 -15.7407 162 139 105
1.5000 16.0000 -15.8508 162 139 105
2.5000 16.0000 -15.9563 162 138 104
3.5000 16.0000 -16.0597 163 139 105
4.5000 16.0000 -16.1649 155 131 97
5.5000 16.0000 -16.2766 159 135 101
6.5000 16.0000 -16.3999 154 131 97
7.5000 16.0000 -16.5391 149 129 94
8.5000 16.0000 -16.6978 151 131 96
9.5000 16.0000 -16.8779 145 127 91
10.5000 16.0000 -17.0798 138 122 86
11.5000 16.0000 -17.3034 141 125 89
12.5000 16.0000 -17.5486 143 127 91
13.5000 16.0000 -17.8164 136 120 84
14.5000 16.0000 -18.1081 127 111 77
15.5000 16.0000 -18.4255 118 103 72
16.5000 16.0000 -18.7693 113 98 69
17.5000 16.0000 -19.1373 106 94 68
18.5000 16.0000 -19.5238 102 90 68
19.5000 16.0000 -19.9185 99 88 68
20.5000 16.0000 -20.3071 92 84 65
21.5000 16.0000 -20.6732 84 77 58
22.5000 16.0000 -21.0000 79 74 54
23.5000 16.0000 -21.2737 77 75 52
24.5000 16.0000 -21.4855 74 74 50
25.5000 16.0000 -21.6341 68 68 42
26.5000 16.0000 -21.7285 67 67 39
27.5000 16.0000 -21.7879 71 70 42
28.5000 16.0000 -21.8422 87 80 54
29.5000 16.0000 -21.9280 89 79 54
30.5000 16.0000 -22.0858 90 80 55
31.5000 16.0000 -22.3562 89 79 54
32.5000 16.0000 -22.7778 87 77 50
33.5000 16.0000 -23.3866 82 75 47
34.5000 16.0000 -24.2141 78 71 43
35.5000 16.0000 -25.2832 75 69 43
36.5000 16.0000 -26.6025 70 64 40
37.5000 16.0000 -28.1569 60 55 33
38.5000 16.0000 -29.9003 50 45 25
39.5000 16.0000 -31.7489 43 38 19
40.5000 16.0000 -33.5813 41 35 21
41.5000 16.0000 -35.2458 39 33 21
42.5000 16.0000 -36.5811 32 28 17
43.5000 16.0000 -37.4486 28 24 13
44.5000 16.0000 -37.7694 18 16 3
45.5000 16.0000 -37.5532 24 22 7
46.5000 16.0000 -36.9033 33 31 16
47.5000 16.0000 -35.9943 42 39 24
48.5000 16.0000 -35.0269 48 42 28
49.5000 16.0000 -34.1784 48 40 27
50.5000 16.0000 -33.5662 48 36 24
51.5000 16.0000 -33.2354 48 31 21
52.5000 16.0000 -33.1697 49 29 20
53.5000 16.0000 -33.3184 49 29 20
54.5000 16.0000 -33.6264 48 30 20
55.5000 16.0000 -34.0582 44 30 19
56.5000 16.0000 -34.6107 39 31 18
57.5000 16.0000 -35.3128 35 33 18
58.5000 16.0000 -36.2146 30 34 17
59.5000 16.0000 -37.3701 28 35 19
60.5000 16.0000 -38.8193 27 30 19
61.5000 16.0000 -40.5750 26 27 19
62.5000 16.0000 -42.6193 22 23 17
63.5000 16.0000 -44.9148 19 20 14
64.5000 16.0000 -47.4299 15 16 10
65.5000 16.0000 -50.1762 13 14 8
-97.5000 15.0000 -93.2617 26 17 20
-96.5000 15.0000 -76.7231 31 23 21
-95.5000 15.0000 -63.1514 27 22 19
-94.5000 15.0000 -52.9115 26 23 16
-93.5000 15.0000 -45.7587 28 25 18
-92.5000 15.0000 -41.0785 29 31 20
-91.5000 15.0000 -38.1556 19 21 8
-90.5000 15.0000 -36.3630 23 29 15
-89.5000 15.0000 -35.2425 30 36 24
-88.5000 15.0000 -34.5018 29 37 24
-87.5000 15.0000 -33.9716 22 32 21
-86.5000 15.0000 -33.5587 19 29 18
-85.5000 15.0000 -33.2110 22 34 24
-84.5000 15.0000 -32.8973 28 38 27
-83.5000 15.0000 -32.5977 29 32 21
-82.5000 15.0000 -32.2986 30 32 19
-81.5000 15.0000 -31.9891 32 34 21
-80.5000 15.0000 -31.6602 32 34 21
-79.5000 15.0000 -31.3033 33 35 22
-78.5000 15.0000 -30.9103 32 34 21
-77.5000 15.0000 -30.4754 31 33 20
-76.5000 15.0000 -29.9965 30 32 19
-75.5000 15.0000 -29.4768 38 40 27
-74.5000 15.0000 -28.9249 38 40 27
-73.5000 15.0000 -28.3524 38 40 27
-72.5000 15.0000 -27.7730 39 41 28
-71.5000 15.0000 -27.2013 42 44 31
-70.5000 15.0000 -26.6545 44 46 33
-69.5000 15.0000 -26.1540 47 49 36
-68.5000 15.0000 -25.7262 49 51 37
-67.5000 15.0000 -25.4024 54 58 41
-66.5000 15.0000 -25.2156 51 55 38
-65.5000 15.0000 -25.1950 53 57 42
-64.5000 15.0000 -25.3588 55 62 46
-63.5000 15.0000 -25.7053 51 57 43
-62.5000 15.0000 -26.2077 39 47 34
-61.5000 15.0000 -26.8109 32 40 29
-60.5000 15.0000 -27.4350 31 39 28
-59.5000 15.0000 -27.9819 28 36 25
-58.5000 15.0000 -28.3442 25 31 21
-57.5000 15.0000 -28.4186 30 33 22
-56.5000 15.0000 -28.1224 37 39 26
-55.5000 15.0000 -27.4123 34 35 21
-54.5000 15.0000 -26.3017 31 29 16
-53.5000 15.0000 -24.8681 44 41 26
-52.5000 15.0000 -23.2423 66 59 41
-51.5000 15.0000 -21.5807 104 92 68
-50.5000 15.0000 -20.0280 125 109 83
-49.5000 15.0000 -18.6860 139 124 95
-48.5000 15.0000 -17.5986 144 127 97
-47.5000 15.0000 -16.7571 153 134 104
-46.5000 15.0000 -16.1193 167 147 114
-45.5000 15.0000 -15.6310 173 150 118
-44.5000 15.0000 -15.2427 167 143 107
-43.5000 15.0000 -14.9188 183 155 118
-42.5000 15.0000 -14.6389 195 166 126
-41.5000 15.0000 -14.3948 209 176 135
-40.5000 15.0000 -14.1856 214 179 137
-39.5000 15.0000 -14.0132 222 185 141
-38.5000 15.0000 -13.8780 229 192 147
-37.5000 15.0000 -13.7766 231 193 148
-36.5000 15.0000 -13.7017 228 190 143
-35.5000 15.0000 -13.6434 227 189 142
-34.5000 15.0000 -13.5915 219 181 132
-33.5000 15.0000 -13.5381 215 179 131
-32.5000 15.0000 -13.4791 219 185 137
-31.5000 15.0000 -13.4148 223 191 142
-30.5000 15.0000 -13.3483 223 193 143
-29.5000 15.0000 -13.2844 224 196 146
-28.5000 15.0000 -13.2276 229 201 151
-27.5000 15.0000 -13.1817 226 200 151
-26.5000 15.0000 -13.1492 229 203 154
-25.5000 15.0000 -13.1317 233 205 158
-24.5000 15.0000 -13.1298 234 206 159
-23.5000 15.0000 -13.1434 234 203 157
-22.5000 15.0000 -13.1714 233 202 156
-21.5000 15.0000 -13.2121 235 202 157
-20.5000 15.0000 -13.2636 237 205 158
-19.5000 15.0000 -13.3245 223 189 143
-18.5000 15.0000 -13.3940 226 192 144
-17.5000 15.0000 -13.4720 228 196 149
-16.5000 15.0000 -13.5590 229 197 150
-15.5000 15.0000 -13.6553 225 194 148
-14.5000 15.0000 -13.7607 219 188 142
-13.5000 15.0000 -13.8744 211 182 138
-12.5000 15.0000 -13.9951 205 178 133
-11.5000 15.0000 -14.1212 198 173 132
-10.5000 15.0000 -14.2511 193 170 128
-9.5000 15.0000 -14.3835 186 164 123
-8.5000 15.0000 -14.5178 183 161 120
-7.5000 15.0000 -14.6538 181 162 122
-6.5000 15.0000 -14.7913 179 161 121
-5.5000 15.0000 -14.9302 176 158 120
-4.5000 15.0000 -15.0695 174 156 118
-3.5000 15.0000 -15.2080 165 149 113
-2.5000 15.0000 -15.3439 164 148 112
-1.5000 15.0000 -15.4757 164 146 110
-0.5000 15.0000 -15.6023 162 144 108
0.5000 15.0000 -15.7236 163 140 106
1.5000 15.0000 -15.8399 163 140 106
2.5000 15.0000 -15.9529 164 140 106
3.5000 15.0000 -16.0647 164 140 106
4.5000 15.0000 -16.1785 153 129 95
5.5000 15.0000 -16.2979 161 137 103
6.5000 15.0000 -16.4269 155 132 98
7.5000 15.0000 -16.5696 147 127 92
8.5000 15.0000 -16.7292 147 127 92
9.5000 15.0000 -16.9085 141 123 87
10.5000 15.0000 -17.1092 138 122 86
11.5000 15.0000 -17.3322 147 131 95
12.5000 15.0000 -17.5783 143 125 87
13.5000 15.0000 -17.8478 134 116 80
14.5000 15.0000 -18.1404 122 106 72
15.5000 15.0000 -18.4553 116 101 70
16.5000 15.0000 -18.7901 115 99 73
17.5000 15.0000 -19.1404 108 96 70
18.5000 15.0000 -19.4988 99 87 65
19.5000 15.0000 -19.8550 89 78 58
20.5000 15.0000 -20.1968 87 79 60
21.5000 15.0000 -20.5109 83 76 57
22.5000 15.0000 -20.7851 83 78 58
23.5000 15.0000 -21.0101 86 84 61
24.5000 15.0000 -21.1806 83 83 59
25.5000 15.0000 -21.2979 77 77 51
26.5000 15.0000 -21.3717 72 75 46
27.5000 15.0000 -21.4209 78 77 49
28.5000 15.0000 -21.4733 91 80 58
29.5000 15.0000 -21.5639 93 81 59
30.5000 15.0000 -21.7309 93 81 57
31.5000 15.0000 -22.0129 92 82 57
32.5000 15.0000 -22.4464 90 80 55
33.5000 15.0000 -23.0637 84 77 51
34.5000 15.0000 -23.8900 80 73 47
35.5000 15.0000 -24.9387 77 71 45
36.5000 15.0000 -26.2061 72 68 43
37.5000 15.0000 -27.6647 60 58 35
38.5000 15.0000 -29.2599 49 47 26
39.5000 15.0000 -30.9075 41 40 20
40.5000 15.0000 -32.4961 39 37 22
41.5000 15.0000 -33.8950 35 36 22
42.5000 15.0000 -34.9721 31 31 19
43.5000 15.0000 -35.6206 26 26 14
44.5000 15.0000 -35.7904 23 21 8
45.5000 15.0000 -35.5100 28 26 11
46.5000 15.0000 -34.8887 37 35 20
47.5000 15.0000 -34.0924 45 42 27
48.5000 15.0000 -33.3016 51 45 31
49.5000 15.0000 -32.6669 53 43 31
50.5000 15.0000 -32.2784 53 39 28
51.5000 15.0000 -32.1587 52 35 25
52.5000 15.0000 -32.2766 48 28 19
53.5000 15.0000 -32.5747 48 28 19
54.5000 15.0000 -32.9978 47 29 19
55.5000 15.0000 -33.5148 44 30 19
56.5000 15.0000 -34.1286 39 31 18
57.5000 15.0000 -34.8737 35 33 18
58.5000 15.0000 -35.8037 31 35 18
59.5000 15.0000 -36.9739 28 35 19
60.5000 15.0000 -38.4241 28 30 19
61.5000 15.0000 -40.1668 27 27 19
62.5000 15.0000 -42.1857 23 22 17
63.5000 15.0000 -44.4468 19 18 13
64.5000 15.0000 -46.9229 16 15 10
-98.5000 14.0000 -107.9230 21 12 15
-97.5000 14.0000 -89.5890 29 23 23
-96.5000 14.0000 -73.3800 33 28 25
-95.5000 14.0000 -60.2505 31 28 23
-94.5000 14.0000 -50.4764 30 27 20
-93.5000 14.0000 -43.7447 30 30 20
-92.5000 14.0000 -39.4057 33 35 24
-91.5000 14.0000 -36.7391 18 20 9
-90.5000 14.0000 -35.1323 26 29 18
-89.5000 14.0000 -34.1495 33 39 29
-88.5000 14.0000 -33.5186 31 37 27
-87.5000 14.0000 -33.0845 23 31 20
-86.5000 14.0000 -32.7613 20 28 17
-85.5000 14.0000 -32.4988 23 33 22
-84.5000 14.0000 -32.2634 32 40 27
-83.5000 14.0000 -32.0312 26 29 18
-82.5000 14.0000 -31.7839 28 30 19
-81.5000 14.0000 -31.5082 29 31 20
-80.5000 14.0000 -31.1947 32 32 20
-79.5000 14.0000 -30.8375 32 32 22
-78.5000 14.0000 -30.4335 32 32 20
-77.5000 14.0000 -29.9823 31 31 19
-76.5000 14.0000 -29.4869 30 30 18
-75.5000 14.0000 -28.9538 40 40 28
-74.5000 14.0000 -28.3934 40 40 28
-73.5000 14.0000 -27.8180 40 40 28
-72.5000 14.0000 -27.2405 42 42 30
-71.5000 14.0000 -26.6743 44 44 32
-70.5000 14.0000 -26.1345 46 48 35
-69.5000 14.0000 -25.6386 48 50 37
-68.5000 14.0000 -25.2085 50 52 38
-67.5000 14.0000 -24.8702 56 57 41
-66.5000 14.0000 -24.6521 53 54 38
-65.5000 14.0000 -24.5809 56 57 41
-64.5000 14.0000 -24.6755 61 63 49
-63.5000 14.0000 -24.9393 58 60 47
-62.5000 14.0000 -25.3539 48 50 39
-61.5000 14.0000 -25.8750 42 43 35
-60.5000 14.0000 -26.4332 42 45 36
-59.5000 14.0000 -26.9386 35 38 29
-58.5000 14.0000 -27.2890 30 33 24
-57.5000 14.0000 -27.3831 32 33 25
-56.5000 14.0000 -27.1375 38 38 28
-55.5000 14.0000 -26.5063 36 34 22
-54.5000 14.0000 -25.4981 33 31 18
-53.5000 14.0000 -24.1825 47 43 31
-52.5000 14.0000 -22.6801 71 64 46
-51.5000 14.0000 -21.1361 103 91 67
-50.5000 14.0000 -19.6857 127 111 85
-49.5000 14.0000 -18.4251 143 128 99
-48.5000 14.0000 -17.3972 147 130 100
-47.5000 14.0000 -16.5967 156 137 105
-46.5000 14.0000 -15.9863 170 147 115
-45.5000 14.0000 -15.5170 172 148 112
-44.5000 14.0000 -15.1434 163 137 100
-43.5000 14.0000 -14.8322 187 157 119
-42.5000 14.0000 -14.5634 202 170 129
-41.5000 14.0000 -14.3289 213 180 137
-40.5000 14.0000 -14.1276 217 183 138
-39.5000 14.0000 -13.9613 221 184 139
-38.5000 14.0000 -13.8304 227 189 142
-37.5000 14.0000 -13.7324 229 191 144
-36.5000 14.0000 -13.6604 227 189 142
-35.5000 14.0000 -13.6049 235 197 150
-34.5000 14.0000 -13.5558 225 189 141
-33.5000 14.0000 -13.5047 221 185 137
-32.5000 14.0000 -13.4472 225 191 143
-31.5000 14.0000 -13.3831 229 197 148
-30.5000 14.0000 -13.3156 231 199 150
-29.5000 14.0000 -13.2494 233 203 153
-28.5000 14.0000 -13.1895 235 207 157
-27.5000 14.0000 -13.1403 230 202 152
-26.5000 14.0000 -13.1050 233 205 157
-25.5000 14.0000 -13.0855 237 209 161
-24.5000 14.0000 -13.0831 237 209 161
-23.5000 14.0000 -13.0978 238 207 160
-22.5000 14.0000 -13.1286 237 206 159
-21.5000 14.0000 -13.1733 238 207 160
-20.5000 14.0000 -13.2296 241 209 160
-19.5000 14.0000 -13.2953 231 197 149
-18.5000 14.0000 -13.3689 230 196 148
-17.5000 14.0000 -13.4496 227 193 145
-16.5000 14.0000 -13.5375 224 192 145
-15.5000 14.0000 -13.6325 220 189 142
-14.5000 14.0000 -13.7347 216 188 141
-13.5000 14.0000 -13.8439 214 187 142
-12.5000 14.0000 -13.9595 211 187 143
-11.5000 14.0000 -14.0808 200 177 135
-10.5000 14.0000 -14.2071 194 173 130
-9.5000 14.0000 -14.3376 187 168 126
-8.5000 14.0000 -14.4719 185 166 124
-7.5000 14.0000 -14.6094 186 169 126
-6.5000 14.0000 -14.7498 185 170 129
-5.5000 14.0000 -14.8922 183 168 127
-4.5000 14.0000 -15.0354 181 166 125
-3.5000 14.0000 -15.1778 165 149 113
-2.5000 14.0000 -15.3176 164 148 112
-1.5000 14.0000 -15.4537 164 146 110
-0.5000 14.0000 -15.5854 162 144 108
0.5000 14.0000 -15.7129 164 142 105
1.5000 14.0000 -15.8370 163 141 104
2.5000 14.0000 -15.9590 164 140 104
3.5000 14.0000 -16.0806 165 141 107
4.5000 14.0000 -16.2041 153 130 96
5.5000 14.0000 -16.3323 163 140 106
6.5000 14.0000 -16.4681 155 135 102
7.5000 14.0000 -16.6150 145 126 93
8.5000 14.0000 -16.7761 143 127 94
9.5000 14.0000 -16.9544 137 122 89
10.5000 14.0000 -17.1524 136 123 89
11.5000 14.0000 -17.3720 150 137 103
12.5000 14.0000 -17.6141 131 116 83
13.5000 14.0000 -17.8788 122 107 74
14.5000 14.0000 -18.1647 115 100 69
15.5000 14.0000 -18.4689 114 100 71
16.5000 14.0000 -18.7871 116 104 78
17.5000 14.0000 -19.1131 112 102 77
18.5000 14.0000 -19.4387 97 89 66
19.5000 14.0000 -19.7543 84 78 56
20.5000 14.0000 -20.0494 83 76 57
21.5000 14.0000 -20.3141 82 77 57
22.5000 14.0000 -20.5403 85 83 62
23.5000 14.0000 -20.7227 92 90 67
24.5000 14.0000 -20.8595 92 90 67
25.5000 14.0000 -20.9543 85 83 58
26.5000 14.0000 -21.0171 81 81 55
27.5000 14.0000 -21.0659 86 82 57
28.5000 14.0000 -21.1266 90 82 59
29.5000 14.0000 -21.2317 94 82 60
30.5000 14.0000 -21.4172 94 84 59
31.5000 14.0000 -21.7199 93 83 58
32.5000 14.0000 -22.1744 91 81 56
33.5000 14.0000 -22.8094 85 78 50
34.5000 14.0000 -23.6441 82 75 47
35.5000 14.0000 -24.6821 78 72 46
36.5000 14.0000 -25.9069 75 71 44
37.5000 14.0000 -27.2786 65 61 36
38.5000 14.0000 -28.7339 52 47 27
39.5000 14.0000 -30.1882 42 39 20
40.5000 14.0000 -31.5405 40 37 22
41.5000 14.0000 -32.6817 38 36 23
42.5000 14.0000 -33.5091 32 30 18
43.5000 14.0000 -33.9481 27 25 13
44.5000 14.0000 -33.9759 27 25 12
45.5000 14.0000 -33.6378 31 29 14
46.5000 14.0000 -33.0457 38 36 21
47.5000 14.0000 -32.3541 44 42 27
48.5000 14.0000 -31.7224 49 46 31
49.5000 14.0000 -31.2764 52 46 32
50.5000 14.0000 -31.0831 53 43 31
51.5000 14.0000 -31.1479 54 42 30
52.5000 14.0000 -31.4301 44 30 21
53.5000 14.0000 -31.8684 43 29 20
54.5000 14.0000 -32.4082 42 29 20
55.5000 14.0000 -33.0209 40 30 20
56.5000 14.0000 -33.7121 36 32 20
57.5000 14.0000 -34.5174 33 34 20
58.5000 14.0000 -35.4895 28 35 19
59.5000 14.0000 -36.6816 28 34 20
60.5000 14.0000 -38.1308 28 30 19
61.5000 14.0000 -39.8494 26 26 18
62.5000 14.0000 -41.8246 23 23 15
63.5000 14.0000 -44.0294 19 18 13
64.5000 14.0000 -46.4458 15 14 9
-98.5000 13.0000 -104.4691 15 13 14
-97.5000 13.0000 -86.2801 26 25 21
-96.5000 13.0000 -70.3774 27 26 21
-95.5000 13.0000 -57.6383 26 26 16
-94.5000 13.0000 -48.2632 31 31 21
-93.5000 13.0000 -41.8853 33 35 24
-92.5000 13.0000 -37.8302 32 34 23
-91.5000 13.0000 -35.3767 32 33 25
-90.5000 13.0000 -33.9259 34 35 27
-89.5000 13.0000 -33.0591 34 37 30
-88.5000 13.0000 -32.5196 33 36 29
-87.5000 13.0000 -32.1626 30 33 24
-86.5000 13.0000 -31.9072 29 32 21
-85.5000 13.0000 -31.7045 30 34 20
-84.5000 13.0000 -31.5199 33 37 23
-83.5000 13.0000 -31.3271 27 28 20
-82.5000 13.0000 -31.1056 25 26 18
-81.5000 13.0000 -30.8413 25 25 17
-80.5000 13.0000 -30.5257 30 27 18
-79.5000 13.0000 -30.1564 35 32 25
-78.5000 13.0000 -29.7346 39 35 26
-77.5000 13.0000 -29.2651 38 34 25
-76.5000 13.0000 -28.7547 38 31 23
-75.5000 13.0000 -28.2126 47 40 30
-74.5000 13.0000 -27.6501 45 41 30
-73.5000 13.0000 -27.0791 44 40 29
-72.5000 13.0000 -26.5118 43 41 29
-71.5000 13.0000 -25.9599 45 43 30
-70.5000 13.0000 -25.4354 46 47 33
-69.5000 13.0000 -24.9521 47 49 35
-68.5000 13.0000 -24.5265 50 51 37
-67.5000 13.0000 -24.1785 58 52 36
-66.5000 13.0000 -23.9310 60 53 37
-65.5000 13.0000 -23.8077 63 55 42
-64.5000 13.0000 -23.8278 67 61 49
-63.5000 13.0000 -23.9996 72 65 55
-62.5000 13.0000 -24.3138 71 67 58
-61.5000 13.0000 -24.7377 66 61 55
-60.5000 13.0000 -25.2138 60 57 50
-59.5000 13.0000 -25.6622 56 55 50
-58.5000 13.0000 -25.9879 39 39 31
-57.5000 13.0000 -26.0936 31 31 23
-56.5000 13.0000 -25.8974 36 36 26
-55.5000 13.0000 -25.3526 38 38 26
-54.5000 13.0000 -24.4635 38 39 25
-53.5000 13.0000 -23.2913 52 53 39
-52.5000 13.0000 -21.9442 75 72 55
-51.5000 13.0000 -20.5528 108 101 75
-50.5000 13.0000 -19.2387 123 112 84
-49.5000 13.0000 -18.0892 140 126 97
-48.5000 13.0000 -17.1446 152 137 104
-47.5000 13.0000 -16.4021 161 142 109
-46.5000 13.0000 -15.8306 170 148 111
-45.5000 13.0000 -15.3878 179 154 114
-44.5000 13.0000 -15.0339 188 161 118
-43.5000 13.0000 -14.7387 194 163 119
-42.5000 13.0000 -14.4842 204 171 126
-41.5000 13.0000 -14.2622 210 176 130
-40.5000 13.0000 -14.0716 212 178 130
-39.5000 13.0000 -13.9136 219 185 137
-38.5000 13.0000 -13.7891 232 196 146
-37.5000 13.0000 -13.6955 236 200 150
-36.5000 13.0000 -13.6268 232 196 148
-35.5000 13.0000 -13.5738 221 184 139
-34.5000 13.0000 -13.5264 219 185 140
-33.5000 13.0000 -13.4765 220 186 141
-32.5000 13.0000 -13.4192 226 192 146
-31.5000 13.0000 -13.3541 232 200 153
-30.5000 13.0000 -13.2841 237 205 158
-29.5000 13.0000 -13.2145 238 206 157
-28.5000 13.0000 -13.1506 237 207 157
-27.5000 13.0000 -13.0973 236 206 156
-26.5000 13.0000 -13.0583 237 210 157
-25.5000 13.0000 -13.0364 240 213 160
-24.5000 13.0000 -13.0331 241 214 159
-23.5000 13.0000 -13.0486 239 212 157
-22.5000 13.0000 -13.0817 234 207 152
-21.5000 13.0000 -13.1301 228 201 146
-20.5000 13.0000 -13.1908 224 197 142
-19.5000 13.0000 -13.2609 219 192 137
-18.5000 13.0000 -13.3383 219 194 138
-17.5000 13.0000 -13.4218 221 196 142
-16.5000 13.0000 -13.5108 220 194 143
-15.5000 13.0000 -13.6050 212 189 139
-14.5000 13.0000 -13.7047 206 182 134
-13.5000 13.0000 -13.8098 203 181 134
-12.5000 13.0000 -13.9208 203 180 136
-11.5000 13.0000 -14.0379 206 185 142
-10.5000 13.0000 -14.1613 195 176 134
-9.5000 13.0000 -14.2907 187 168 126
-8.5000 13.0000 -14.4260 184 165 123
-7.5000 13.0000 -14.5664 185 168 125
-6.5000 13.0000 -14.7109 186 169 125
-5.5000 13.0000 -14.8579 182 165 121
-4.5000 13.0000 -15.0059 175 160 117
-3.5000 13.0000 -15.1527 165 150 111
-2.5000 13.0000 -15.2970 165 149 113
-1.5000 13.0000 -15.4378 168 150 112
-0.5000 13.0000 -15.5750 166 148 110
0.5000 13.0000 -15.7093 166 144 105
1.5000 13.0000 -15.8416 163 141 102
2.5000 13.0000 -15.9730 160 138 99
3.5000 13.0000 -16.1045 158 136 99
4.5000 13.0000 -16.2376 154 134 99
5.5000 13.0000 -16.3742 150 131 98
6.5000 13.0000 -16.5163 143 128 95
7.5000 13.0000 -16.6668 140 127 95
8.5000 13.0000 -16.8284 136 127 98
9.5000 13.0000 -17.0042 129 124 95
10.5000 13.0000 -17.1971 121 117 90
11.5000 13.0000 -17.4095 115 111 84
12.5000 13.0000 -17.6426 124 114 89
13.5000 13.0000 -17.8962 120 110 85
14.5000 13.0000 -18.1681 114 104 79
15.5000 13.0000 -18.4546 105 98 72
16.5000 13.0000 -18.7501 98 92 68
17.5000 13.0000 -19.0476 93 89 64
18.5000 13.0000 -19.3388 93 88 66
19.5000 13.0000 -19.6148 91 89 66
20.5000 13.0000 -19.8670 89 87 64
21.5000 13.0000 -20.0885 90 88 65
22.5000 13.0000 -20.2744 90 88 65
23.5000 13.0000 -20.4229 87 85 62
24.5000 13.0000 -20.5351 86 81 59
25.5000 13.0000 -20.6160 85 80 58
26.5000 13.0000 -20.6760 89 83 61
27.5000 13.0000 -20.7320 93 87 63
28.5000 13.0000 -20.8078 94 88 64
29.5000 13.0000 -20.9334 97 91 67
30.5000 13.0000 -21.1429 99 92 66
31.5000 13.0000 -21.4717 95 88 60
32.5000 13.0000 -21.9527 88 81 53
33.5000 13.0000 -22.6116 82 75 46
34.5000 13.0000 -23.4612 80 73 44
35.5000 13.0000 -24.4957 81 74 45
36.5000 13.0000 -25.6862 68 61 33
37.5000 13.0000 -26.9806 55 48 22
38.5000 13.0000 -28.3076 45 37 16
39.5000 13.0000 -29.5822 47 36 18
40.5000 13.0000 -30.7140 49 37 23
41.5000 13.0000 -31.6147 45 32 23
42.5000 13.0000 -32.2103 42 29 21
43.5000 13.0000 -32.4564 39 30 21
44.5000 13.0000 -32.3555 34 30 18
45.5000 13.0000 -31.9671 33 34 18
46.5000 13.0000 -31.4028 44 45 29
47.5000 13.0000 -30.8042 54 55 39
48.5000 13.0000 -30.3097 54 55 41
49.5000 13.0000 -30.0222 46 47 33
50.5000 13.0000 -29.9904 44 45 31
51.5000 13.0000 -30.2079 51 49 36
52.5000 13.0000 -30.6288 44 42 30
53.5000 13.0000 -31.1915 40 38 26
54.5000 13.0000 -31.8431 32 32 20
55.5000 13.0000 -32.5565 29 31 18
56.5000 13.0000 -33.3364 28 31 20
57.5000 13.0000 -34.2156 28 34 22
58.5000 13.0000 -35.2416 27 35 22
59.5000 13.0000 -36.4615 26 34 21
60.5000 13.0000 -37.9080 22 25 14
61.5000 13.0000 -39.5926 21 24 13
62.5000 13.0000 -41.5069 20 23 12
63.5000 13.0000 -43.6338 18 21 12
64.5000 13.0000 -45.9683 17 20 11
65.5000 13.0000 -48.5471 15 18 11
66.5000 13.0000 -51.4811 14 16 11
67.5000 13.0000 -54.9781 13 15 10
68.5000 13.0000 -59.3373 14 16 13
-98.5000 12.0000 -101.5489 17 17 15
-97.5000 12.0000 -83.4917 28 29 23
-96.5000 12.0000 -67.8446 29 30 22
-95.5000 12.0000 -55.4203 29 31 18
-94.5000 12.0000 -46.3600 33 35 22
-93.5000 12.0000 -40.2574 36 38 25
-92.5000 12.0000 -36.4210 35 37 26
-91.5000 12.0000 -34.1311 36 37 29
-90.5000 12.0000 -32.7991 38 39 33
-89.5000 12.0000 -32.0192 39 40 34
-88.5000 12.0000 -31.5448 38 39 33
-87.5000 12.0000 -31.2375 36 38 27
-86.5000 12.0000 -31.0202 35 37 24
-85.5000 12.0000 -30.8453 36 39 22
-84.5000 12.0000 -30.6786 38 40 26
-83.5000 12.0000 -30.4937 32 34 23
-82.5000 12.0000 -30.2707 31 31 23
-81.5000 12.0000 -29.9961 33 30 23
-80.5000 12.0000 -29.6639 37 33 24
-79.5000 12.0000 -29.2744 42 37 31
-78.5000 12.0000 -28.8328 46 39 31
-77.5000 12.0000 -28.3472 47 38 31
-76.5000 12.0000 -27.8270 45 36 27
-75.5000 12.0000 -27.2829 54 45 36
-74.5000 12.0000 -26.7261 54 46 35
-73.5000 12.0000 -26.1680 53 46 36
-72.5000 12.0000 -25.6195 53 49 37
-71.5000 12.0000 -25.0903 56 52 40
-70.5000 12.0000 -24.5900 58 56 41
-69.5000 12.0000 -24.1282 60 61 47
-68.5000 12.0000 -23.7159 64 63 45
-67.5000 12.0000 -23.3671 69 62 44
-66.5000 12.0000 -23.0989 71 63 44
-65.5000 12.0000 -22.9310 75 66 49
-64.5000 12.0000 -22.8822 81 74 58
-63.5000 12.0000 -22.9645 87 79 66
-62.5000 12.0000 -23.1766 88 82 70
-61.5000 12.0000 -23.4967 85 78 68
-60.5000 12.0000 -23.8796 79 75 64
-59.5000 12.0000 -24.2567 79 76 67
-58.5000 12.0000 -24.5425 60 60 50
-57.5000 12.0000 -24.6466 45 45 33
-56.5000 12.0000 -24.4918 41 43 30
-55.5000 12.0000 -24.0325 43 45 31
-54.5000 12.0000 -23.2699 49 52 35
-53.5000 12.0000 -22.2563 66 69 52
-52.5000 12.0000 -21.0852 87 89 67
-51.5000 12.0000 -19.8696 113 107 81
-50.5000 12.0000 -18.7150 127 116 86
-49.5000 12.0000 -17.6971 142 129 97
-48.5000 12.0000 -16.8521 154 139 106
-47.5000 12.0000 -16.1798 163 145 109
-46.5000 12.0000 -15.6557 171 149 110
-45.5000 12.0000 -15.2451 179 154 113
-44.5000 12.0000 -14.9146 187 158 114
-43.5000 12.0000 -14.6384 186 155 109
-42.5000 12.0000 -14.4006 197 165 118
-41.5000 12.0000 -14.1936 207 173 125
-40.5000 12.0000 -14.0159 213 179 131
-39.5000 12.0000 -13.8684 222 189 138
-38.5000 12.0000 -13.7518 232 199 148
-37.5000 12.0000 -13.6639 235 202 151
-36.5000 12.0000 -13.5990 232 198 150
-35.5000 12.0000 -13.5484 221 187 142
-34.5000 12.0000 -13.5025 220 185 143
-33.5000 12.0000 -13.4530 221 187 142
-32.5000 12.0000 -13.3951 225 191 146
-31.5000 12.0000 -13.3280 231 199 152
-30.5000 12.0000 -13.2549 236 204 157
-29.5000 12.0000 -13.1809 238 206 157
-28.5000 12.0000 -13.1122 237 205 156
-27.5000 12.0000 -13.0540 232 202 150
-26.5000 12.0000 -13.0110 234 204 152
-25.5000 12.0000 -12.9862 238 208 154
-24.5000 12.0000 -12.9817 238 212 155
-23.5000 12.0000 -12.9975 240 211 155
-22.5000 12.0000 -13.0324 234 208 151
-21.5000 12.0000 -13.0837 231 202 144
-20.5000 12.0000 -13.1478 225 199 140
-19.5000 12.0000 -13.2216 221 196 139
-18.5000 12.0000 -13.3023 221 199 141
-17.5000 12.0000 -13.3882 220 198 141
-16.5000 12.0000 -13.4784 214 191 137
-15.5000 12.0000 -13.5723 209 186 134
-14.5000 12.0000 -13.6701 206 184 135
-13.5000 12.0000 -13.7722 206 184 137
-12.5000 12.0000 -13.8796 205 184 139
-11.5000 12.0000 -13.9937 206 185 142
-10.5000 12.0000 -14.1153 200 178 137
-9.5000 12.0000 -14.2451 194 172 131
-8.5000 12.0000 -14.3829 189 170 128
-7.5000 12.0000 -14.5277 189 170 127
-6.5000 12.0000 -14.6776 187 168 125
-5.5000 12.0000 -14.8303 183 165 119
-4.5000 12.0000 -14.9835 178 161 117
-3.5000 12.0000 -15.1350 166 151 112
-2.5000 12.0000 -15.2835 166 150 114
-1.5000 12.0000 -15.4287 168 150 112
-0.5000 12.0000 -15.5711 166 148 110
0.5000 12.0000 -15.7118 164 145 105
1.5000 12.0000 -15.8516 162 140 99
2.5000 12.0000 -15.9914 159 137 98
3.5000 12.0000 -16.1317 155 136 96
4.5000 12.0000 -16.2731 150 132 96
5.5000 12.0000 -16.4164 146 130 96
6.5000 12.0000 -16.5632 142 129 95
7.5000 12.0000 -16.7153 137 128 97
8.5000 12.0000 -16.8754 131 125 99
9.5000 12.0000 -17.0463 125 121 96
10.5000 12.0000 -17.2310 117 117 93
11.5000 12.0000 -17.4324 114 112 89
12.5000 12.0000 -17.6518 120 114 92
13.5000 12.0000 -17.8890 117 109 86
14.5000 12.0000 -18.1418 111 103 82
15.5000 12.0000 -18.4058 105 99 75
16.5000 12.0000 -18.6751 101 96 74
17.5000 12.0000 -18.9427 96 94 69
18.5000 12.0000 -19.2005 94 92 69
19.5000 12.0000 -19.4407 91 91 65
20.5000 12.0000 -19.6564 89 89 65
21.5000 12.0000 -19.8429 90 90 64
22.5000 12.0000 -19.9980 92 90 67
23.5000 12.0000 -20.1223 92 88 63
24.5000 12.0000 -20.2188 91 85 63
25.5000 12.0000 -20.2938 91 85 61
26.5000 12.0000 -20.3574 96 88 67
27.5000 12.0000 -20.4254 99 91 68
28.5000 12.0000 -20.5196 95 89 65
29.5000 12.0000 -20.6681 96 90 64
30.5000 12.0000 -20.9034 97 90 62
31.5000 12.0000 -21.2599 94 87 59
32.5000 12.0000 -21.7692 88 83 53
33.5000 12.0000 -22.4544 83 78 48
34.5000 12.0000 -23.3225 80 74 42
35.5000 12.0000 -24.3583 79 72 43
36.5000 12.0000 -25.5213 67 60 32
37.5000 12.0000 -26.7483 55 48 22
38.5000 12.0000 -27.9605 45 37 14
39.5000 12.0000 -29.0734 48 37 19
40.5000 12.0000 -30.0064 49 37 23
41.5000 12.0000 -30.6908 46 34 22
42.5000 12.0000 -31.0787 43 30 21
43.5000 12.0000 -31.1534 41 31 21
44.5000 12.0000 -30.9399 39 35 23
45.5000 12.0000 -30.5091 37 38 22
46.5000 12.0000 -29.9703 45 46 30
47.5000 12.0000 -29.4514 55 56 40
48.5000 12.0000 -29.0705 56 57 43
49.5000 12.0000 -28.9106 48 50 36
50.5000 12.0000 -29.0058 45 47 34
51.5000 12.0000 -29.3424 46 50 36
52.5000 12.0000 -29.8737 41 45 31
53.5000 12.0000 -30.5408 37 41 27
54.5000 12.0000 -31.2939 31 34 23
55.5000 12.0000 -32.1066 27 33 21
56.5000 12.0000 -32.9809 27 33 23
57.5000 12.0000 -33.9432 27 35 24
58.5000 12.0000 -35.0323 28 34 24
59.5000 12.0000 -36.2861 26 34 23
60.5000 12.0000 -37.7310 19 27 14
61.5000 12.0000 -39.3772 18 26 13
62.5000 12.0000 -41.2215 17 25 12
63.5000 12.0000 -43.2581 15 23 10
64.5000 12.0000 -45.4968 14 22 11
65.5000 12.0000 -47.9883 13 19 9
66.5000 12.0000 -50.8528 12 17 11
67.5000 12.0000 -54.2992 11 16 10
68.5000 12.0000 -58.6206 12 17 13
-98.5000 11.0000 -99.3195 21 20 16
-97.5000 11.0000 -81.3558 32 32 24
-96.5000 11.0000 -65.8876 34 34 24
-95.5000 11.0000 -53.6811 34 34 22
-94.5000 11.0000 -44.8368 38 39 25
-93.5000 11.0000 -38.9220 41 42 28
-92.5000 11.0000 -35.2346 40 40 28
-91.5000 11.0000 -33.0557 42 42 34
-90.5000 11.0000 -31.8031 44 44 36
-89.5000 11.0000 -31.0779 46 46 38
-88.5000 11.0000 -30.6392 45 45 37
-87.5000 11.0000 -30.3522 42 42 30
-86.5000 11.0000 -30.1420 42 43 29
-85.5000 11.0000 -29.9630 43 44 26
-84.5000 11.0000 -29.7828 45 46 30
-83.5000 11.0000 -29.5772 41 41 29
-82.5000 11.0000 -29.3286 42 39 30
-81.5000 11.0000 -29.0263 42 39 30
-80.5000 11.0000 -28.6669 46 42 31
-79.5000 11.0000 -28.2534 52 45 37
-78.5000 11.0000 -27.7934 56 47 38
-77.5000 11.0000 -27.2965 56 47 38
-76.5000 11.0000 -26.7734 57 47 37
-75.5000 11.0000 -26.2346 64 54 44
-74.5000 11.0000 -25.6910 63 55 42
-73.5000 11.0000 -25.1529 65 57 46
-72.5000 11.0000 -24.6299 67 61 47
-71.5000 11.0000 -24.1304 69 66 51
-70.5000 11.0000 -23.6613 72 71 53
-69.5000 11.0000 -23.2286 76 74 59
-68.5000 11.0000 -22.8387 78 77 57
-67.5000 11.0000 -22.4996 77 73 48
-66.5000 11.0000 -22.2231 81 75 49
-65.5000 11.0000 -22.0246 86 80 54
-64.5000 11.0000 -21.9214 92 88 63
-63.5000 11.0000 -21.9272 99 94 72
-62.5000 11.0000 -22.0464 99 97 76
-61.5000 11.0000 -22.2662 98 95 76
-60.5000 11.0000 -22.5522 95 94 76
-59.5000 11.0000 -22.8479 100 99 81
-58.5000 11.0000 -23.0790 84 85 67
-57.5000 11.0000 -23.1655 67 70 49
-56.5000 11.0000 -23.0380 57 62 40
-55.5000 11.0000 -22.6546 58 63 40
-54.5000 11.0000 -22.0145 68 74 48
-53.5000 11.0000 -21.1607 83 89 63
-52.5000 11.0000 -20.1709 98 101 74
-51.5000 11.0000 -19.1390 122 117 87
-50.5000 11.0000 -18.1523 133 122 92
-49.5000 11.0000 -17.2741 145 132 100
-48.5000 11.0000 -16.5359 157 141 107
-47.5000 11.0000 -15.9396 167 149 111
-46.5000 11.0000 -15.4671 175 153 112
-45.5000 11.0000 -15.0918 181 157 113
-44.5000 11.0000 -14.7869 186 157 113
-43.5000 11.0000 -14.5315 193 162 116
-42.5000 11.0000 -14.3119 202 170 123
-41.5000 11.0000 -14.1214 211 177 129
-40.5000 11.0000 -13.9581 216 183 132
-39.5000 11.0000 -13.8227 221 188 137
-38.5000 11.0000 -13.7153 226 193 142
-37.5000 11.0000 -13.6340 225 192 141
-36.5000 11.0000 -13.5735 221 187 139
-35.5000 11.0000 -13.5258 222 190 143
-34.5000 11.0000 -13.4814 221 188 143
-33.5000 11.0000 -13.4323 220 187 142
-32.5000 11.0000 -13.3734 223 190 145
-31.5000 11.0000 -13.3040 229 197 150
-30.5000 11.0000 -13.2272 234 202 155
-29.5000 11.0000 -13.1485 237 205 156
-28.5000 11.0000 -13.0745 237 205 156
-27.5000 11.0000 -13.0113 243 211 160
-26.5000 11.0000 -12.9639 246 214 163
-25.5000 11.0000 -12.9361 250 219 165
-24.5000 11.0000 -12.9300 252 222 168
-23.5000 11.0000 -12.9458 253 222 167
-22.5000 11.0000 -12.9818 249 220 164
-21.5000 11.0000 -13.0350 246 215 158
-20.5000 11.0000 -13.1016 242 213 155
-19.5000 11.0000 -13.1779 227 198 140
-18.5000 11.0000 -13.2610 230 204 147
-17.5000 11.0000 -13.3487 227 200 145
-16.5000 11.0000 -13.4399 214 189 135
-15.5000 11.0000 -13.5339 209 183 132
-14.5000 11.0000 -13.6306 212 185 138
-13.5000 11.0000 -13.7308 213 186 141
-12.5000 11.0000 -13.8362 208 184 140
-11.5000 11.0000 -13.9487 208 183 142
-10.5000 11.0000 -14.0704 204 181 139
-9.5000 11.0000 -14.2023 201 178 136
-8.5000 11.0000 -14.3443 198 175 133
-7.5000 11.0000 -14.4948 195 172 130
-6.5000 11.0000 -14.6511 189 168 125
-5.5000 11.0000 -14.8101 184 163 118
-4.5000 11.0000 -14.9686 179 160 117
-3.5000 11.0000 -15.1245 169 154 113
-2.5000 11.0000 -15.2767 166 152 113
-1.5000 11.0000 -15.4253 165 150 111
-0.5000 11.0000 -15.5717 165 147 109
0.5000 11.0000 -15.7172 163 144 104
1.5000 11.0000 -15.8629 159 140 100
2.5000 11.0000 -16.0094 155 136 96
3.5000 11.0000 -16.1564 153 134 94
4.5000 11.0000 -16.3039 146 128 92
5.5000 11.0000 -16.4518 144 128 94
6.5000 11.0000 -16.6007 143 128 95
7.5000 11.0000 -16.7520 136 125 95
8.5000 11.0000 -16.9079 128 121 93
9.5000 11.0000 -17.0711 123 117 93
10.5000 11.0000 -17.2448 119 114 92
11.5000 11.0000 -17.4319 118 113 91
12.5000 11.0000 -17.6342 120 112 89
13.5000 11.0000 -17.8518 115 108 82
14.5000 11.0000 -18.0825 110 102 79
15.5000 11.0000 -18.3221 107 101 75
16.5000 11.0000 -18.5647 107 103 78
17.5000 11.0000 -18.8035 103 102 74
18.5000 11.0000 -19.0312 99 97 72
19.5000 11.0000 -19.2410 94 93 65
20.5000 11.0000 -19.4274 92 90 65
21.5000 11.0000 -19.5877 94 93 65
22.5000 11.0000 -19.7213 97 93 68
23.5000 11.0000 -19.8303 96 92 65
24.5000 11.0000 -19.9192 96 90 66
25.5000 11.0000 -19.9944 98 91 65
26.5000 11.0000 -20.0658 103 92 70
27.5000 11.0000 -20.1480 106 96 71
28.5000 11.0000 -20.2612 100 90 65
29.5000 11.0000 -20.4319 98 88 63
30.5000 11.0000 -20.6916 97 87 60
31.5000 11.0000 -21.0743 95 85 58
32.5000 11.0000 -21.6110 91 84 55
33.5000 11.0000 -22.3221 87 80 51
34.5000 11.0000 -23.2096 80 75 45
35.5000 11.0000 -24.2495 75 70 40
36.5000 11.0000 -25.3909 65 60 31
37.5000 11.0000 -26.5602 53 49 22
38.5000 11.0000 -27.6726 44 40 15
39.5000 11.0000 -28.6442 43 41 20
40.5000 11.0000 -29.4035 44 41 22
41.5000 11.0000 -29.8995 40 37 22
42.5000 11.0000 -30.1075 38 34 22
43.5000 11.0000 -30.0352 40 36 24
44.5000 11.0000 -29.7266 46 42 30
45.5000 11.0000 -29.2613 46 44 29
46.5000 11.0000 -28.7454 51 49 34
47.5000 11.0000 -28.2928 59 57 42
48.5000 11.0000 -28.0029 62 60 45
49.5000 11.0000 -27.9414 55 56 40
50.5000 11.0000 -28.1312 49 50 36
51.5000 11.0000 -28.5551 47 49 35
52.5000 11.0000 -29.1686 44 46 33
53.5000 11.0000 -29.9181 40 42 29
54.5000 11.0000 -30.7583 34 36 25
55.5000 11.0000 -31.6634 31 34 23
56.5000 11.0000 -32.6318 31 34 23
57.5000 11.0000 -33.6814 29 35 23
58.5000 11.0000 -34.8398 30 33 22
59.5000 11.0000 -36.1341 26 32 20
60.5000 11.0000 -37.5829 17 28 14
61.5000 11.0000 -39.1946 16 27 13
62.5000 11.0000 -40.9712 15 26 12
63.5000 11.0000 -42.9185 13 24 10
64.5000 11.0000 -45.0611 12 22 11
65.5000 11.0000 -47.4639 12 20 9
66.5000 11.0000 -50.2551 12 17 11
67.5000 11.0000 -53.6431 11 16 10
68.5000 11.0000 -57.9112 14 16 13
-98.5000 10.0000 -97.8485 21 20 15
-97.5000 10.0000 -79.9247 35 32 23
-96.5000 10.0000 -64.5445 36 36 24
-95.5000 10.0000 -52.4492 38 36 23
-94.5000 10.0000 -43.7178 40 41 25
-93.5000 10.0000 -37.9033 44 42 27
-92.5000 10.0000 -34.2976 41 42 28
-91.5000 10.0000 -32.1801 45 42 33
-90.5000 10.0000 -30.9700 46 46 36
-89.5000 10.0000 -30.2701 50 47 38
-88.5000 10.0000 -29.8407 47 47 37
-87.5000 10.0000 -29.5483 47 45 32
-86.5000 10.0000 -29.3195 45 46 30
-85.5000 10.0000 -29.1110 49 48 28
-84.5000 10.0000 -28.8934 51 50 32
-83.5000 10.0000 -28.6463 50 48 35
-82.5000 10.0000 -28.3558 52 48 37
-81.5000 10.0000 -28.0149 53 49 37
-80.5000 10.0000 -27.6231 58 52 40
-79.5000 10.0000 -27.1852 62 54 43
-78.5000 10.0000 -26.7098 66 56 46
-77.5000 10.0000 -26.2070 67 57 45
-76.5000 10.0000 -25.6868 67 57 45
-75.5000 10.0000 -25.1592 76 64 52
-74.5000 10.0000 -24.6339 75 66 51
-73.5000 10.0000 -24.1204 77 68 53
-72.5000 10.0000 -23.6273 79 72 56
-71.5000 10.0000 -23.1614 82 77 58
-70.5000 10.0000 -22.7277 84 81 62
-69.5000 10.0000 -22.3293 87 84 65
-68.5000 10.0000 -21.9685 88 86 63
-67.5000 10.0000 -21.6487 82 81 51
-66.5000 10.0000 -21.3769 85 84 53
-65.5000 10.0000 -21.1644 92 89 58
-64.5000 10.0000 -21.0257 96 95 65
-63.5000 10.0000 -20.9746 101 100 72
-62.5000 10.0000 -21.0179 103 103 77
-61.5000 10.0000 -21.1490 103 103 79
-60.5000 10.0000 -21.3424 100 102 78
-59.5000 10.0000 -21.5527 105 107 83
-58.5000 10.0000 -21.7183 98 102 77
-57.5000 10.0000 -21.7717 86 92 66
-56.5000 10.0000 -21.6541 78 84 56
-55.5000 10.0000 -21.3297 79 86 55
-54.5000 10.0000 -20.7971 87 94 63
-53.5000 10.0000 -20.0903 93 103 69
-52.5000 10.0000 -19.2713 100 104 71
-51.5000 10.0000 -18.4146 129 124 92
-50.5000 10.0000 -17.5894 137 126 94
-49.5000 10.0000 -16.8468 148 133 100
-48.5000 10.0000 -16.2131 160 144 108
-47.5000 10.0000 -15.6919 172 152 115
-46.5000 10.0000 -15.2712 181 159 118
-45.5000 10.0000 -14.9316 186 162 118
-44.5000 10.0000 -14.6529 190 162 115
-43.5000 10.0000 -14.4187 203 172 125
-42.5000 10.0000 -14.2177 208 176 127
-41.5000 10.0000 -14.0440 213 180 129
-40.5000 10.0000 -13.8957 217 184 133
-39.5000 10.0000 -13.7728 219 186 135
-38.5000 10.0000 -13.6753 221 188 137
-37.5000 10.0000 -13.6014 220 187 136
-36.5000 10.0000 -13.5461 218 184 136
-35.5000 10.0000 -13.5017 225 193 146
-34.5000 10.0000 -13.4593 222 189 144
-33.5000 10.0000 -13.4108 220 187 142
-32.5000 10.0000 -13.3512 222 190 143
-31.5000 10.0000 -13.2795 228 196 149
-30.5000 10.0000 -13.1991 233 201 152
-29.5000 10.0000 -13.1158 236 204 155
-28.5000 10.0000 -13.0367 237 205 154
-27.5000 10.0000 -12.9686 240 208 157
-26.5000 10.0000 -12.9171 243 211 160
-25.5000 10.0000 -12.8865 247 216 162
-24.5000 10.0000 -12.8788 250 219 165
-23.5000 10.0000 -12.8942 250 217 163
-22.5000 10.0000 -12.9307 246 215 160
-21.5000 10.0000 -12.9850 242 210 153
-20.5000 10.0000 -13.0530 238 207 150
-19.5000 10.0000 -13.1307 229 198 141
-18.5000 10.0000 -13.2151 235 206 148
-17.5000 10.0000 -13.3040 233 203 149
-16.5000 10.0000 -13.3959 220 190 138
-15.5000 10.0000 -13.4901 214 184 134
-14.5000 10.0000 -13.5864 216 188 141
-13.5000 10.0000 -13.6860 217 188 144
-12.5000 10.0000 -13.7908 210 183 140
-11.5000 10.0000 -13.9037 208 180 140
-10.5000 10.0000 -14.0272 209 181 141
-9.5000 10.0000 -14.1629 208 180 140
-8.5000 10.0000 -14.3103 202 177 136
-7.5000 10.0000 -14.4674 196 171 130
-6.5000 10.0000 -14.6306 189 164 123
-5.5000 10.0000 -14.7958 183 159 115
-4.5000 10.0000 -14.9593 177 156 113
-3.5000 10.0000 -15.1188 171 156 115
-2.5000 10.0000 -15.2735 167 153 114
-1.5000 10.0000 -15.4244 164 149 110
-0.5000 10.0000 -15.5732 161 146 107
0.5000 10.0000 -15.7217 161 143 103
1.5000 10.0000 -15.8711 159 140 100
2.5000 10.0000 -16.0218 154 135 95
3.5000 10.0000 -16.1732 151 132 92
4.5000 10.0000 -16.3242 143 125 89
5.5000 10.0000 -16.4741 143 127 93
6.5000 10.0000 -16.6227 142 127 94
7.5000 10.0000 -16.7708 137 123 94
8.5000 10.0000 -16.9202 128 118 91
9.5000 10.0000 -17.0734 122 115 89
10.5000 10.0000 -17.2339 120 114 90
11.5000 10.0000 -17.4048 123 115 92
12.5000 10.0000 -17.5885 123 113 88
13.5000 10.0000 -17.7854 117 107 80
14.5000 10.0000 -17.9937 113 103 76
15.5000 10.0000 -18.2095 111 104 76
16.5000 10.0000 -18.4273 113 108 79
17.5000 10.0000 -18.6404 112 108 79
18.5000 10.0000 -18.8424 106 102 73
19.5000 10.0000 -19.0274 97 96 66
20.5000 10.0000 -19.1915 96 95 65
21.5000 10.0000 -19.3329 97 96 66
22.5000 10.0000 -19.4526 99 95 66
23.5000 10.0000 -19.5535 100 95 66
24.5000 10.0000 -19.6403 100 93 65
25.5000 10.0000 -19.7196 101 94 66
26.5000 10.0000 -19.8008 104 94 67
27.5000 10.0000 -19.8973 104 94 67
28.5000 10.0000 -20.0279 103 91 65
29.5000 10.0000 -20.2183 99 87 61
30.5000 10.0000 -20.4994 96 84 58
31.5000 10.0000 -20.9054 95 85 58
32.5000 10.0000 -21.4668 94 87 58
33.5000 10.0000 -22.2022 91 84 55
34.5000 10.0000 -23.1085 81 76 46
35.5000 10.0000 -24.1542 72 69 38
36.5000 10.0000 -25.2789 63 59 30
37.5000 10.0000 -26.4003 50 49 21
38.5000 10.0000 -27.4284 42 42 16
39.5000 10.0000 -28.2800 41 43 21
40.5000 10.0000 -28.8921 41 43 22
41.5000 10.0000 -29.2289 37 40 21
42.5000 10.0000 -29.2859 38 39 25
43.5000 10.0000 -29.0914 40 41 27
44.5000 10.0000 -28.7051 54 51 36
45.5000 10.0000 -28.2133 53 50 35
46.5000 10.0000 -27.7175 56 53 38
47.5000 10.0000 -27.3186 62 59 44
48.5000 10.0000 -27.0992 66 63 48
49.5000 10.0000 -27.1105 62 60 45
50.5000 10.0000 -27.3667 56 54 41
51.5000 10.0000 -27.8494 49 50 36
52.5000 10.0000 -28.5190 48 48 36
53.5000 10.0000 -29.3288 43 43 31
54.5000 10.0000 -30.2388 38 38 26
55.5000 10.0000 -31.2250 34 36 25
56.5000 10.0000 -32.2815 34 36 25
57.5000 10.0000 -33.4172 33 35 24
58.5000 10.0000 -34.6480 30 32 21
59.5000 10.0000 -35.9891 25 31 19
60.5000 10.0000 -37.4509 17 28 14
61.5000 10.0000 -39.0394 15 27 13
62.5000 10.0000 -40.7613 14 26 12
63.5000 10.0000 -42.6328 12 24 10
64.5000 10.0000 -44.6922 12 22 11
65.5000 10.0000 -47.0167 10 20 9
66.5000 10.0000 -49.7415 12 17 10
67.5000 10.0000 -53.0728 11 16 10
68.5000 10.0000 -57.2824 14 16 13
-98.5000 9.0000 -97.0855 21 18 11
-97.5000 9.0000 -79.1461 35 31 20
-96.5000 9.0000 -63.7669 37 35 22
-95.5000 9.0000 -51.6841 39 36 19
-94.5000 9.0000 -42.9724 42 41 23
-93.5000 9.0000 -37.1816 44 41 24
-92.5000 9.0000 -33.5998 41 39 24
-91.5000 9.0000 -31.5027 45 41 29
-90.5000 9.0000 -30.3056 47 45 33
-89.5000 9.0000 -29.6083 50 46 35
-88.5000 9.0000 -29.1689 49 47 35
-87.5000 9.0000 -28.8534 48 45 30
-86.5000 9.0000 -28.5895 47 46 28
-85.5000 9.0000 -28.3365 50 48 27
-84.5000 9.0000 -28.0687 53 51 30
-83.5000 9.0000 -27.7700 56 53 36
-82.5000 9.0000 -27.4308 60 54 40
-81.5000 9.0000 -27.0479 62 56 42
-80.5000 9.0000 -26.6233 66 58 45
-79.5000 9.0000 -26.1633 69 60 45
-78.5000 9.0000 -25.6764 74 62 48
-77.5000 9.0000 -25.1718 76 64 50
-76.5000 9.0000 -24.6587 78 66 50
-75.5000 9.0000 -24.1456 84 71 55
-74.5000 9.0000 -23.6414 85 73 57
-73.5000 9.0000 -23.1544 87 76 58
-72.5000 9.0000 -22.6924 88 80 61
-71.5000 9.0000 -22.2612 90 83 64
-70.5000 9.0000 -21.8641 91 86 66
-69.5000 9.0000 -21.5019 93 88 66
-68.5000 9.0000 -21.1739 92 90 65
-67.5000 9.0000 -20.8803 92 91 60
-66.5000 9.0000 -20.6239 94 95 61
-65.5000 9.0000 -20.4123 99 99 65
-64.5000 9.0000 -20.2569 102 103 71
-63.5000 9.0000 -20.1695 104 105 74
-62.5000 9.0000 -20.1570 105 105 77
-61.5000 9.0000 -20.2157 106 106 78
-60.5000 9.0000 -20.3266 104 107 80
-59.5000 9.0000 -20.4539 109 112 85
-58.5000 9.0000 -20.5485 103 108 78
-57.5000 9.0000 -20.5565 93 100 69
-56.5000 9.0000 -20.4314 88 95 62
-55.5000 9.0000 -20.1455 91 98 64
-54.5000 9.0000 -19.6977 99 106 72
-53.5000 9.0000 -19.1144 103 111 74
-52.5000 9.0000 -18.4431 105 109 74
-51.5000 9.0000 -17.7402 133 127 93
-50.5000 9.0000 -17.0585 143 130 96
-49.5000 9.0000 -16.4374 152 138 103
-48.5000 9.0000 -15.8985 163 148 109
-47.5000 9.0000 -15.4465 177 158 118
-46.5000 9.0000 -15.0744 188 165 123
-45.5000 9.0000 -14.7688 196 169 124
-44.5000 9.0000 -14.5154 198 170 123
-43.5000 9.0000 -14.3015 204 173 126
-42.5000 9.0000 -14.1182 206 174 125
-41.5000 9.0000 -13.9605 209 176 125
-40.5000 9.0000 -13.8263 214 181 130
-39.5000 9.0000 -13.7155 219 186 135
-38.5000 9.0000 -13.6279 223 190 139
-37.5000 9.0000 -13.5616 225 193 142
-36.5000 9.0000 -13.5119 229 197 148
-35.5000 9.0000 -13.4715 228 194 148
-34.5000 9.0000 -13.4316 224 190 144
-33.5000 9.0000 -13.3843 221 187 141
-32.5000 9.0000 -13.3245 222 188 140
-31.5000 9.0000 -13.2512 227 193 145
-30.5000 9.0000 -13.1678 233 199 151
-29.5000 9.0000 -13.0805 238 204 156
-28.5000 9.0000 -12.9971 240 207 156
-27.5000 9.0000 -12.9248 244 211 160
-26.5000 9.0000 -12.8700 247 214 161
-25.5000 9.0000 -12.8370 250 217 164
-24.5000 9.0000 -12.8281 251 218 165
-23.5000 9.0000 -12.8430 251 216 162
-22.5000 9.0000 -12.8798 245 212 158
-21.5000 9.0000 -12.9345 241 206 152
-20.5000 9.0000 -13.0030 236 203 149
-19.5000 9.0000 -13.0812 232 200 143
-18.5000 9.0000 -13.1660 237 206 149
-17.5000 9.0000 -13.2553 237 206 152
-16.5000 9.0000 -13.3475 229 197 146
-15.5000 9.0000 -13.4419 222 190 141
-14.5000 9.0000 -13.5384 222 189 144
-13.5000 9.0000 -13.6383 219 186 143
-12.5000 9.0000 -13.7441 213 181 140
-11.5000 9.0000 -13.8589 211 179 140
-10.5000 9.0000 -13.9858 210 181 141
-9.5000 9.0000 -14.1262 209 180 140
-8.5000 9.0000 -14.2796 204 176 136
-7.5000 9.0000 -14.4433 196 169 126
-6.5000 9.0000 -14.6129 188 161 118
-5.5000 9.0000 -14.7836 180 153 110
-4.5000 9.0000 -14.9512 173 150 108
-3.5000 9.0000 -15.1134 172 157 116
-2.5000 9.0000 -15.2697 166 154 114
-1.5000 9.0000 -15.4215 161 148 106
-0.5000 9.0000 -15.5711 159 144 103
0.5000 9.0000 -15.7209 158 143 102
1.5000 9.0000 -15.8720 158 140 100
2.5000 9.0000 -16.0248 153 135 95
3.5000 9.0000 -16.1781 149 131 91
4.5000 9.0000 -16.3304 142 124 88
5.5000 9.0000 -16.4801 144 125 92
6.5000 9.0000 -16.6265 142 126 93
7.5000 9.0000 -16.7697 138 123 92
8.5000 9.0000 -16.9111 131 117 90
9.5000 9.0000 -17.0532 126 114 88
10.5000 9.0000 -17.1996 126 116 91
11.5000 9.0000 -17.3540 128 118 93
12.5000 9.0000 -17.5191 127 116 88
13.5000 9.0000 -17.6961 121 112 83
14.5000 9.0000 -17.8836 116 107 78
15.5000 9.0000 -18.0781 114 107 78
16.5000 9.0000 -18.2742 117 112 82
17.5000 9.0000 -18.4657 115 112 81
18.5000 9.0000 -18.6465 109 106 75
19.5000 9.0000 -18.8120 103 100 69
20.5000 9.0000 -18.9591 103 100 69
21.5000 9.0000 -19.0873 103 100 69
22.5000 9.0000 -19.1982 103 98 68
23.5000 9.0000 -19.2952 102 97 67
24.5000 9.0000 -19.3830 102 95 66
25.5000 9.0000 -19.4680 103 94 65
26.5000 9.0000 -19.5589 102 91 63
27.5000 9.0000 -19.6681 101 90 62
28.5000 9.0000 -19.8137 105 94 66
29.5000 9.0000 -20.0207 100 89 61
30.5000 9.0000 -20.3201 96 87 58
31.5000 9.0000 -20.7463 97 88 59
32.5000 9.0000 -21.3297 97 90 61
33.5000 9.0000 -22.0872 94 87 58
34.5000 9.0000 -23.0114 82 77 47
35.5000 9.0000 -24.0641 71 68 37
36.5000 9.0000 -25.1768 59 58 28
37.5000 9.0000 -26.2599 49 49 21
38.5000 9.0000 -27.2188 43 43 17
39.5000 9.0000 -27.9715 42 44 22
40.5000 9.0000 -28.4621 41 44 23
41.5000 9.0000 -28.6678 37 42 22
42.5000 9.0000 -28.6014 39 42 25
43.5000 9.0000 -28.3082 44 45 29
44.5000 9.0000 -27.8605 60 54 38
45.5000 9.0000 -27.3491 62 55 39
46.5000 9.0000 -26.8709 64 57 41
47.5000 9.0000 -26.5147 66 60 44
48.5000 9.0000 -26.3485 70 64 48
49.5000 9.0000 -26.4110 69 63 47
50.5000 9.0000 -26.7101 63 57 43
51.5000 9.0000 -27.2279 54 51 36
52.5000 9.0000 -27.9305 53 49 37
53.5000 9.0000 -28.7792 48 46 33
54.5000 9.0000 -29.7403 43 41 28
55.5000 9.0000 -30.7922 40 38 26
56.5000 9.0000 -31.9257 39 37 25
57.5000 9.0000 -33.1412 35 35 23
58.5000 9.0000 -34.4434 31 31 19
59.5000 9.0000 -35.8360 26 30 16
60.5000 9.0000 -37.3212 17 28 12
61.5000 9.0000 -38.9023 14 28 11
62.5000 9.0000 -40.5893 13 27 12
63.5000 9.0000 -42.4067 12 24 10
64.5000 9.0000 -44.4039 12 22 11
65.5000 9.0000 -46.6682 10 20 9
66.5000 9.0000 -49.3397 12 17 10
67.5000 9.0000 -52.6215 11 16 10
68.5000 9.0000 -56.7745 14 16 13
-98.5000 8.0000 -96.8786 20 16 7
-97.5000 8.0000 -78.8798 34 30 18
-96.5000 8.0000 -63.4340 38 35 20
-95.5000 8.0000 -51.2879 39 36 17
-94.5000 8.0000 -42.5256 43 40 21
-93.5000 8.0000 -36.7011 44 41 22
-92.5000 8.0000 -33.1008 42 39 22
-91.5000 8.0000 -30.9948 44 41 26
-90.5000 8.0000 -29.7907 47 43 31
-89.5000 8.0000 -29.0815 49 45 33
-88.5000 8.0000 -28.6210 49 45 33
-87.5000 8.0000 -28.2736 48 45 28
-86.5000 8.0000 -27.9681 48 45 26
-85.5000 8.0000 -27.6664 50 48 25
-84.5000 8.0000 -27.3466 55 50 28
-83.5000 8.0000 -26.9966 60 55 36
-82.5000 8.0000 -26.6109 63 56 38
-81.5000 8.0000 -26.1895 67 60 42
-80.5000 8.0000 -25.7363 70 61 44
-79.5000 8.0000 -25.2584 74 62 46
-78.5000 8.0000 -24.7639 77 64 47
-77.5000 8.0000 -24.2608 81 68 51
-76.5000 8.0000 -23.7570 84 71 54
-75.5000 8.0000 -23.2599 90 75 56
-74.5000 8.0000 -22.7771 90 77 58
-73.5000 8.0000 -22.3165 93 80 61
-72.5000 8.0000 -21.8849 95 84 62
-71.5000 8.0000 -21.4872 96 88 65
-70.5000 8.0000 -21.1255 97 91 67
-69.5000 8.0000 -20.7989 98 92 66
-68.5000 8.0000 -20.5046 97 93 64
-67.5000 8.0000 -20.2402 102 102 68
-66.5000 8.0000 -20.0059 104 105 71
-65.5000 8.0000 -19.8061 109 109 75
-64.5000 8.0000 -19.6486 110 111 79
-63.5000 8.0000 -19.5423 110 109 79
-62.5000 8.0000 -19.4924 109 109 81
-61.5000 8.0000 -19.4955 110 110 82
-60.5000 8.0000 -19.5366 112 112 84
-59.5000 8.0000 -19.5876 114 117 88
-58.5000 8.0000 -19.6108 104 107 78
-57.5000 8.0000 -19.5660 93 98 66
-56.5000 8.0000 -19.4191 93 99 65
-55.5000 8.0000 -19.1512 99 105 71
-54.5000 8.0000 -18.7628 106 112 76
-53.5000 8.0000 -18.2744 113 119 81
-52.5000 8.0000 -17.7208 121 123 86
-51.5000 8.0000 -17.1431 139 131 95
-50.5000 8.0000 -16.5799 148 134 99
-49.5000 8.0000 -16.0607 158 142 106
-48.5000 8.0000 -15.6025 170 152 112
-47.5000 8.0000 -15.2107 182 161 118
-46.5000 8.0000 -14.8818 191 168 124
-45.5000 8.0000 -14.6072 200 173 126
-44.5000 8.0000 -14.3769 207 176 129
-43.5000 8.0000 -14.1814 215 183 134
-42.5000 8.0000 -14.0139 212 180 129
-41.5000 8.0000 -13.8702 213 180 129
-40.5000 8.0000 -13.7484 217 184 133
-39.5000 8.0000 -13.6484 220 187 136
-38.5000 8.0000 -13.5698 221 188 137
-37.5000 8.0000 -13.5107 225 193 142
-36.5000 8.0000 -13.4666 230 198 147
-35.5000 8.0000 -13.4305 230 194 146
-34.5000 8.0000 -13.3938 226 190 142
-33.5000 8.0000 -13.3485 221 185 137
-32.5000 8.0000 -13.2893 222 186 136
-31.5000 8.0000 -13.2154 228 192 144
-30.5000 8.0000 -13.1302 236 200 150
-29.5000 8.0000 -13.0403 242 206 156
-28.5000 8.0000 -12.9538 242 209 158
-27.5000 8.0000 -12.8787 251 218 165
-26.5000 8.0000 -12.8217 253 220 167
-25.5000 8.0000 -12.7873 255 223 170
-24.5000 8.0000 -12.7777 255 224 171
-23.5000 8.0000 -12.7925 255 222 168
-22.5000 8.0000 -12.8294 250 217 163
-21.5000 8.0000 -12.8843 244 211 157
-20.5000 8.0000 -12.9528 240 207 153
-19.5000 8.0000 -13.0309 237 205 148
-18.5000 8.0000 -13.1155 238 206 149
-17.5000 8.0000 -13.2046 239 206 152
-16.5000 8.0000 -13.2967 236 203 150
-15.5000 8.0000 -13.3911 230 196 148
-14.5000 8.0000 -13.4881 222 190 143
-13.5000 8.0000 -13.5892 218 185 140
-12.5000 8.0000 -13.6969 217 184 141
-11.5000 8.0000 -13.8148 215 183 142
-10.5000 8.0000 -13.9458 213 181 142
-9.5000 8.0000 -14.0913 208 179 139
-8.5000 8.0000 -14.2504 203 174 132
-7.5000 8.0000 -14.4197 197 168 126
-6.5000 8.0000 -14.5944 188 159 117
-5.5000 8.0000 -14.7691 179 150 108
-4.5000 8.0000 -14.9395 171 146 105
-3.5000 8.0000 -15.1033 172 157 116
-2.5000 8.0000 -15.2603 164 152 112
-1.5000 8.0000 -15.4123 159 146 104
-0.5000 8.0000 -15.5620 156 143 101
0.5000 8.0000 -15.7118 158 143 102
1.5000 8.0000 -15.8633 157 142 101
2.5000 8.0000 -16.0165 154 136 96
3.5000 8.0000 -16.1701 150 132 94
4.5000 8.0000 -16.3221 145 127 91
5.5000 8.0000 -16.4703 145 127 91
6.5000 8.0000 -16.6133 141 125 91
7.5000 8.0000 -16.7508 139 123 90
8.5000 8.0000 -16.8839 135 120 91
9.5000 8.0000 -17.0150 133 117 91
10.5000 8.0000 -17.1478 133 119 93
11.5000 8.0000 -17.2865 134 120 93
12.5000 8.0000 -17.4345 132 121 91
13.5000 8.0000 -17.5936 128 117 85
14.5000 8.0000 -17.7629 122 111 81
15.5000 8.0000 -17.9393 120 111 78
16.5000 8.0000 -18.1173 118 112 80
17.5000 8.0000 -18.2911 116 112 77
18.5000 8.0000 -18.4549 111 106 74
19.5000 8.0000 -18.6049 106 103 68
20.5000 8.0000 -18.7388 108 105 72
21.5000 8.0000 -18.8572 106 103 68
22.5000 8.0000 -18.9620 105 100 68
23.5000 8.0000 -19.0569 105 99 65
24.5000 8.0000 -19.1464 107 98 67
25.5000 8.0000 -19.2366 105 96 63
26.5000 8.0000 -19.3355 103 92 62
27.5000 8.0000 -19.4552 99 88 58
28.5000 8.0000 -19.6132 106 95 65
29.5000 8.0000 -19.8342 102 93 64
30.5000 8.0000 -20.1495 99 90 61
31.5000 8.0000 -20.5938 101 92 63
32.5000 8.0000 -21.1973 100 93 64
33.5000 8.0000 -21.9750 96 89 60
34.5000 8.0000 -22.9162 84 79 49
35.5000 8.0000 -23.9770 74 71 40
36.5000 8.0000 -25.0819 58 57 27
37.5000 8.0000 -26.1352 50 49 21
38.5000 8.0000 -27.0390 44 44 18
39.5000 8.0000 -27.7119 46 46 22
40.5000 8.0000 -28.1042 43 45 23
41.5000 8.0000 -28.2045 39 42 21
42.5000 8.0000 -28.0395 42 43 25
43.5000 8.0000 -27.6684 50 49 31
44.5000 8.0000 -27.1736 62 55 37
45.5000 8.0000 -26.6488 67 58 41
46.5000 8.0000 -26.1861 70 61 44
47.5000 8.0000 -25.8636 70 61 46
48.5000 8.0000 -25.7366 72 63 48
49.5000 8.0000 -25.8334 72 65 49
50.5000 8.0000 -26.1569 68 60 47
51.5000 8.0000 -26.6905 61 55 41
52.5000 8.0000 -27.4065 58 52 38
53.5000 8.0000 -28.2742 54 48 36
54.5000 8.0000 -29.2670 49 43 31
55.5000 8.0000 -30.3663 44 40 28
56.5000 8.0000 -31.5610 42 38 27
57.5000 8.0000 -32.8450 39 35 24
58.5000 8.0000 -34.2130 34 30 19
59.5000 8.0000 -35.6588 27 27 15
60.5000 8.0000 -37.1770 19 27 12
61.5000 8.0000 -38.7672 15 28 11
62.5000 8.0000 -40.4409 14 26 12
63.5000 8.0000 -42.2286 12 24 10
64.5000 8.0000 -44.1875 12 22 11
65.5000 8.0000 -46.4117 12 20 9
66.5000 8.0000 -49.0441 12 17 10
67.5000 8.0000 -52.2843 13 16 9
68.5000 8.0000 -56.3825 15 16 11
-98.5000 7.0000 -97.0255 23 16 6
-97.5000 7.0000 -78.9425 37 31 17
-96.5000 7.0000 -63.3907 42 36 20
-95.5000 7.0000 -51.1367 43 38 18
-94.5000 7.0000 -42.2817 47 42 22
-93.5000 7.0000 -36.3890 48 43 23
-92.5000 7.0000 -32.7448 45 40 21
-91.5000 7.0000 -30.6125 47 41 25
-90.5000 7.0000 -29.3901 49 43 29
-89.5000 7.0000 -28.6619 52 46 32
-88.5000 7.0000 -28.1761 52 46 32
-87.5000 7.0000 -27.7954 51 46 27
-86.5000 7.0000 -27.4494 51 46 26
-85.5000 7.0000 -27.1027 54 50 25
-84.5000 7.0000 -26.7372 57 53 28
-83.5000 7.0000 -26.3440 60 54 32
-82.5000 7.0000 -25.9207 64 56 37
-81.5000 7.0000 -25.4692 69 61 42
-80.5000 7.0000 -24.9950 73 62 42
-79.5000 7.0000 -24.5051 75 62 43
-78.5000 7.0000 -24.0072 79 64 45
-77.5000 7.0000 -23.5085 83 68 47
-76.5000 7.0000 -23.0155 87 72 51
-75.5000 7.0000 -22.5348 91 74 54
-74.5000 7.0000 -22.0734 93 78 55
-73.5000 7.0000 -21.6382 97 82 59
-72.5000 7.0000 -21.2355 100 88 64
-71.5000 7.0000 -20.8692 102 92 65
-70.5000 7.0000 -20.5403 103 96 68
-69.5000 7.0000 -20.2467 104 97 69
-68.5000 7.0000 -19.9842 104 99 69
-67.5000 7.0000 -19.7489 107 104 73
-66.5000 7.0000 -19.5392 108 107 76
-65.5000 7.0000 -19.3568 114 111 80
-64.5000 7.0000 -19.2061 113 112 82
-63.5000 7.0000 -19.0927 114 110 83
-62.5000 7.0000 -19.0186 111 109 84
-61.5000 7.0000 -18.9798 113 111 86
-60.5000 7.0000 -18.9630 116 114 89
-59.5000 7.0000 -18.9462 116 114 89
-58.5000 7.0000 -18.9015 103 102 74
-57.5000 7.0000 -18.8011 97 98 67
-56.5000 7.0000 -18.6228 106 107 75
-55.5000 7.0000 -18.3561 116 117 85
-54.5000 7.0000 -18.0040 119 120 86
-53.5000 7.0000 -17.5822 123 125 88
-52.5000 7.0000 -17.1158 134 132 94
-51.5000 7.0000 -16.6334 145 135 99
-50.5000 7.0000 -16.1623 156 141 102
-49.5000 7.0000 -15.7238 168 150 110
-48.5000 7.0000 -15.3310 176 157 115
-47.5000 7.0000 -14.9893 184 161 117
-46.5000 7.0000 -14.6973 191 167 121
-45.5000 7.0000 -14.4497 202 174 126
-44.5000 7.0000 -14.2395 211 181 131
-43.5000 7.0000 -14.0598 223 191 140
-42.5000 7.0000 -13.9053 220 187 134
-41.5000 7.0000 -13.7729 219 186 133
-40.5000 7.0000 -13.6611 224 191 138
-39.5000 7.0000 -13.5697 224 192 141
-38.5000 7.0000 -13.4985 221 189 138
-37.5000 7.0000 -13.4457 222 190 139
-36.5000 7.0000 -13.4069 228 195 144
-35.5000 7.0000 -13.3753 231 193 144
-34.5000 7.0000 -13.3422 228 188 139
-33.5000 7.0000 -13.2997 223 183 134
-32.5000 7.0000 -13.2423 223 183 132
-31.5000 7.0000 -13.1693 228 190 141
-30.5000 7.0000 -13.0840 237 200 148
-29.5000 7.0000 -12.9933 244 207 155
-28.5000 7.0000 -12.9058 247 211 159
-27.5000 7.0000 -12.8297 243 210 157
-26.5000 7.0000 -12.7720 246 213 160
-25.5000 7.0000 -12.7374 249 216 163
-24.5000 7.0000 -12.7279 250 219 165
-23.5000 7.0000 -12.7431 249 218 163
-22.5000 7.0000 -12.7802 245 214 159
-21.5000 7.0000 -12.8353 239 208 153
-20.5000 7.0000 -12.9037 236 205 150
-19.5000 7.0000 -12.9814 245 213 156
-18.5000 7.0000 -13.0655 238 206 149
-17.5000 7.0000 -13.1540 237 204 150
-16.5000 7.0000 -13.2457 239 206 153
-15.5000 7.0000 -13.3400 231 199 150
-14.5000 7.0000 -13.4376 219 187 140
-13.5000 7.0000 -13.5402 217 184 139
-12.5000 7.0000 -13.6505 223 192 148
-11.5000 7.0000 -13.7719 222 190 149
-10.5000 7.0000 -13.9071 217 185 144
-9.5000 7.0000 -14.0571 208 179 137
-8.5000 7.0000 -14.2204 203 174 132
-7.5000 7.0000 -14.3935 198 171 128
-6.5000 7.0000 -14.5711 190 163 118
-5.5000 7.0000 -14.7479 180 153 108
-4.5000 7.0000 -14.9198 169 146 102
-3.5000 7.0000 -15.0843 171 156 113
-2.5000 7.0000 -15.2418 163 151 109
-1.5000 7.0000 -15.3940 157 144 102
-0.5000 7.0000 -15.5438 155 142 100
0.5000 7.0000 -15.6938 158 143 104
1.5000 7.0000 -15.8454 158 143 104
2.5000 7.0000 -15.9986 154 139 100
3.5000 7.0000 -16.1518 149 134 95
4.5000 7.0000 -16.3028 149 131 95
5.5000 7.0000 -16.4488 146 128 92
6.5000 7.0000 -16.5881 143 124 91
7.5000 7.0000 -16.7200 141 122 90
8.5000 7.0000 -16.8453 139 122 92
9.5000 7.0000 -16.9664 139 122 94
10.5000 7.0000 -17.0870 139 122 94
11.5000 7.0000 -17.2118 137 122 93
12.5000 7.0000 -17.3447 140 127 95
13.5000 7.0000 -17.4882 134 124 89
14.5000 7.0000 -17.6420 128 117 85
15.5000 7.0000 -17.8031 122 114 78
16.5000 7.0000 -17.9664 117 111 77
17.5000 7.0000 -18.1258 113 109 72
18.5000 7.0000 -18.2759 111 107 72
19.5000 7.0000 -18.4133 110 106 69
20.5000 7.0000 -18.5366 111 107 72
21.5000 7.0000 -18.6469 109 105 68
22.5000 7.0000 -18.7466 109 103 69
23.5000 7.0000 -18.8394 109 103 67
24.5000 7.0000 -18.9296 112 103 70
25.5000 7.0000 -19.0230 112 102 67
26.5000 7.0000 -19.1276 110 97 65
27.5000 7.0000 -19.2551 104 93 61
28.5000 7.0000 -19.4233 105 96 65
29.5000 7.0000 -19.6567 102 96 64
30.5000 7.0000 -19.9869 101 95 63
31.5000 7.0000 -20.4483 102 96 64
32.5000 7.0000 -21.0706 102 96 64
33.5000 7.0000 -21.8674 97 91 59
34.5000 7.0000 -22.8246 87 80 51
35.5000 7.0000 -23.8936 77 72 42
36.5000 7.0000 -24.9938 60 55 26
37.5000 7.0000 -26.0243 53 47 21
38.5000 7.0000 -26.8843 49 43 19
39.5000 7.0000 -27.4936 50 45 23
40.5000 7.0000 -27.8076 49 44 24
41.5000 7.0000 -27.8242 44 41 22
42.5000 7.0000 -27.5819 49 44 25
43.5000 7.0000 -27.1510 55 50 31
44.5000 7.0000 -26.6214 64 52 36
45.5000 7.0000 -26.0887 72 61 43
46.5000 7.0000 -25.6400 76 65 47
47.5000 7.0000 -25.3443 74 62 46
48.5000 7.0000 -25.2458 73 61 45
49.5000 7.0000 -25.3642 74 65 48
50.5000 7.0000 -25.6984 72 63 48
51.5000 7.0000 -26.2333 67 58 43
52.5000 7.0000 -26.9465 61 52 37
53.5000 7.0000 -27.8154 57 49 36
54.5000 7.0000 -28.8204 52 44 31
55.5000 7.0000 -29.9468 48 42 28
56.5000 7.0000 -31.1837 45 39 27
57.5000 7.0000 -32.5204 41 35 23
58.5000 7.0000 -33.9446 36 30 18
59.5000 7.0000 -35.4417 29 27 14
60.5000 7.0000 -36.9992 20 27 11
61.5000 7.0000 -38.6126 16 27 10
62.5000 7.0000 -40.2931 15 26 10
63.5000 7.0000 -42.0739 15 23 8
64.5000 7.0000 -44.0166 14 22 9
65.5000 7.0000 -46.2193 13 19 7
66.5000 7.0000 -48.8253 12 18 8
67.5000 7.0000 -52.0297 13 16 9
68.5000 7.0000 -56.0731 15 16 11
-98.5000 6.0000 -97.3329 24 18 6
-97.5000 6.0000 -79.1603 39 33 19
-96.5000 6.0000 -63.4912 44 39 20
-95.5000 6.0000 -51.1146 46 41 21
-94.5000 6.0000 -42.1516 49 44 22
-93.5000 6.0000 -36.1767 50 45 25
-92.5000 6.0000 -32.4777 47 42 22
-91.5000 6.0000 -30.3111 48 43 24
-90.5000 6.0000 -29.0654 51 45 29
-89.5000 6.0000 -28.3158 53 47 33
-88.5000 6.0000 -27.8050 54 48 32
-87.5000 6.0000 -27.3936 53 48 29
-86.5000 6.0000 -27.0124 53 48 26
-85.5000 6.0000 -26.6288 56 52 27
-84.5000 6.0000 -26.2278 60 54 28
-83.5000 6.0000 -25.8031 60 52 29
-82.5000 6.0000 -25.3541 64 56 33
-81.5000 6.0000 -24.8837 70 59 37
-80.5000 6.0000 -24.3977 74 62 40
-79.5000 6.0000 -23.9031 76 61 40
-78.5000 6.0000 -23.4070 78 63 40
-77.5000 6.0000 -22.9159 84 68 45
-76.5000 6.0000 -22.4358 88 72 47
-75.5000 6.0000 -21.9726 90 74 49
-74.5000 6.0000 -21.5328 94 78 53
-73.5000 6.0000 -21.1225 99 83 58
-72.5000 6.0000 -20.7472 104 90 63
-71.5000 6.0000 -20.4100 107 96 68
-70.5000 6.0000 -20.1108 109 100 69
-69.5000 6.0000 -19.8465 111 102 73
-68.5000 6.0000 -19.6124 110 103 74
-67.5000 6.0000 -19.4038 105 98 69
-66.5000 6.0000 -19.2175 107 102 72
-65.5000 6.0000 -19.0532 111 106 77
-64.5000 6.0000 -18.9126 112 107 78
-63.5000 6.0000 -18.7975 111 105 79
-62.5000 6.0000 -18.7069 112 106 82
-61.5000 6.0000 -18.6347 115 109 85
-60.5000 6.0000 -18.5690 118 112 88
-59.5000 6.0000 -18.4923 112 106 82
-58.5000 6.0000 -18.3853 101 95 69
-57.5000 6.0000 -18.2304 104 99 70
-56.5000 6.0000 -18.0163 124 119 89
-55.5000 6.0000 -17.7396 136 131 99
-54.5000 6.0000 -17.4056 132 128 93
-53.5000 6.0000 -17.0271 130 126 89
-52.5000 6.0000 -16.6214 137 132 94
-51.5000 6.0000 -16.2079 152 138 99
-50.5000 6.0000 -15.8050 163 145 105
-49.5000 6.0000 -15.4278 174 155 113
-48.5000 6.0000 -15.0862 181 160 117
-47.5000 6.0000 -14.7847 185 161 115
-46.5000 6.0000 -14.5231 192 165 118
-45.5000 6.0000 -14.2980 204 174 124
-44.5000 6.0000 -14.1044 212 180 129
-43.5000 6.0000 -13.9373 217 184 131
-42.5000 6.0000 -13.7929 214 181 128
-41.5000 6.0000 -13.6686 218 185 132
-40.5000 6.0000 -13.5638 228 195 142
-39.5000 6.0000 -13.4786 230 198 147
-38.5000 6.0000 -13.4129 228 196 145
-37.5000 6.0000 -13.3650 229 197 146
-36.5000 6.0000 -13.3309 236 203 152
-35.5000 6.0000 -13.3036 232 192 141
-34.5000 6.0000 -13.2746 229 185 136
-33.5000 6.0000 -13.2357 224 180 131
-32.5000 6.0000 -13.1817 223 181 131
-31.5000 6.0000 -13.1113 231 189 139
-30.5000 6.0000 -13.0282 239 199 148
-29.5000 6.0000 -12.9391 246 209 157
-28.5000 6.0000 -12.8528 249 213 161
-27.5000 6.0000 -12.7779 248 215 162
-26.5000 6.0000 -12.7213 250 219 165
-25.5000 6.0000 -12.6878 255 224 170
-24.5000 6.0000 -12.6794 255 226 172
-23.5000 6.0000 -12.6955 254 228 171
-22.5000 6.0000 -12.7333 251 225 168
-21.5000 6.0000 -12.7887 247 221 164
-20.5000 6.0000 -12.8571 243 217 160
-19.5000 6.0000 -12.9345 250 220 160
-18.5000 6.0000 -13.0180 238 208 148
-17.5000 6.0000 -13.1057 234 203 146
-16.5000 6.0000 -13.1967 239 208 153
-15.5000 6.0000 -13.2908 232 200 149
-14.5000 6.0000 -13.3889 215 185 135
-13.5000 6.0000 -13.4930 216 185 138
-12.5000 6.0000 -13.6059 227 199 152
-11.5000 6.0000 -13.7307 226 197 153
-10.5000 6.0000 -13.8694 218 189 147
-9.5000 6.0000 -14.0224 209 180 138
-8.5000 6.0000 -14.1880 203 176 133
-7.5000 6.0000 -14.3623 200 173 128
-6.5000 6.0000 -14.5404 191 167 121
-5.5000 6.0000 -14.7173 182 155 110
-4.5000 6.0000 -14.8893 170 147 103
-3.5000 6.0000 -15.0543 170 155 112
-2.5000 6.0000 -15.2127 162 149 107
-1.5000 6.0000 -15.3661 155 142 100
-0.5000 6.0000 -15.5174 154 141 99
0.5000 6.0000 -15.6688 158 143 104
1.5000 6.0000 -15.8216 158 143 104
2.5000 6.0000 -15.9755 155 140 101
3.5000 6.0000 -16.1287 150 135 96
4.5000 6.0000 -16.2786 151 133 97
5.5000 6.0000 -16.4225 147 129 93
6.5000 6.0000 -16.5583 142 123 90
7.5000 6.0000 -16.6851 141 122 89
8.5000 6.0000 -16.8035 143 124 92
9.5000 6.0000 -16.9158 145 126 94
10.5000 6.0000 -17.0260 144 125 93
11.5000 6.0000 -17.1387 142 123 91
12.5000 6.0000 -17.2585 144 129 96
13.5000 6.0000 -17.3885 140 127 92
14.5000 6.0000 -17.5290 134 121 87
15.5000 6.0000 -17.6773 124 114 78
16.5000 6.0000 -17.8283 117 109 73
17.5000 6.0000 -17.9758 112 107 69
18.5000 6.0000 -18.1148 111 105 69
19.5000 6.0000 -18.2418 111 107 69
20.5000 6.0000 -18.3562 113 107 71
21.5000 6.0000 -18.4593 111 106 68
22.5000 6.0000 -18.5538 111 105 69
23.5000 6.0000 -18.6433 114 106 69
24.5000 6.0000 -18.7323 118 108 73
25.5000 6.0000 -18.8264 119 106 71
26.5000 6.0000 -18.9341 115 102 68
27.5000 6.0000 -19.0673 111 98 64
28.5000 6.0000 -19.2440 106 95 63
29.5000 6.0000 -19.4889 105 96 65
30.5000 6.0000 -19.8336 107 96 66
31.5000 6.0000 -20.3118 107 98 67
32.5000 6.0000 -20.9523 105 96 65
33.5000 6.0000 -21.7668 99 90 59
34.5000 6.0000 -22.7384 90 81 52
35.5000 6.0000 -23.8150 83 73 46
36.5000 6.0000 -24.9116 62 52 27
37.5000 6.0000 -25.9238 56 46 21
38.5000 6.0000 -26.7488 53 42 20
39.5000 6.0000 -27.3072 54 43 23
40.5000 6.0000 -27.5590 51 43 24
41.5000 6.0000 -27.5099 48 40 21
42.5000 6.0000 -27.2079 52 44 25
43.5000 6.0000 -26.7323 61 50 32
44.5000 6.0000 -26.1784 63 50 33
45.5000 6.0000 -25.6424 73 60 43
46.5000 6.0000 -25.2070 79 66 49
47.5000 6.0000 -24.9331 76 63 46
48.5000 6.0000 -24.8556 73 60 43
49.5000 6.0000 -24.9869 76 64 48
50.5000 6.0000 -25.3224 76 64 48
51.5000 6.0000 -25.8477 72 60 46
52.5000 6.0000 -26.5457 64 52 38
53.5000 6.0000 -27.4003 59 50 35
54.5000 6.0000 -28.3991 54 44 32
55.5000 6.0000 -29.5324 50 42 29
56.5000 6.0000 -30.7907 47 39 26
57.5000 6.0000 -32.1620 43 35 22
58.5000 6.0000 -33.6292 37 29 18
59.5000 6.0000 -35.1718 30 26 14
60.5000 6.0000 -36.7710 23 25 11
61.5000 6.0000 -38.4177 19 26 10
62.5000 6.0000 -40.1207 20 24 10
63.5000 6.0000 -41.9133 18 22 8
64.5000 6.0000 -43.8587 17 20 9
65.5000 6.0000 -46.0561 15 18 7
66.5000 6.0000 -48.6473 14 17 8
67.5000 6.0000 -51.8220 14 15 7
68.5000 6.0000 -55.8125 15 16 10
-98.5000 5.0000 -97.6636 25 19 7
-97.5000 5.0000 -79.4108 35 29 13
-96.5000 5.0000 -63.6336 38 33 14
-95.5000 5.0000 -51.1410 42 37 17
-94.5000 5.0000 -42.0732 48 43 21
-93.5000 5.0000 -36.0163 49 44 22
-92.5000 5.0000 -32.2605 45 40 20
-91.5000 5.0000 -30.0572 50 45 26
-90.5000 5.0000 -28.7864 50 44 28
-89.5000 5.0000 -28.0151 50 44 28
-88.5000 5.0000 -27.4807 51 46 27
-87.5000 5.0000 -27.0424 53 48 28
-86.5000 5.0000 -26.6323 56 52 27
-85.5000 5.0000 -26.2204 58 54 27
-84.5000 5.0000 -25.7943 60 54 28
-83.5000 5.0000 -25.3498 58 51 25
-82.5000 5.0000 -24.8870 63 53 28
-81.5000 5.0000 -24.4090 69 57 33
-80.5000 5.0000 -23.9211 76 64 40
-79.5000 5.0000 -23.4296 83 68 45
-78.5000 5.0000 -22.9413 88 72 47
-77.5000 5.0000 -22.4624 91 73 49
-76.5000 5.0000 -21.9984 92 75 49
-75.5000 5.0000 -21.5549 95 78 52
-74.5000 5.0000 -21.1379 100 84 58
-73.5000 5.0000 -20.7528 107 91 65
-72.5000 5.0000 -20.4042 110 96 67
-71.5000 5.0000 -20.0938 109 98 68
-70.5000 5.0000 -19.8209 107 98 65
-69.5000 5.0000 -19.5819 108 99 68
-68.5000 5.0000 -19.3718 109 100 69
-67.5000 5.0000 -19.1854 109 98 68
-66.5000 5.0000 -19.0190 113 102 72
-65.5000 5.0000 -18.8705 116 105 77
-64.5000 5.0000 -18.7389 116 104 78
-63.5000 5.0000 -18.6226 115 103 77
-62.5000 5.0000 -18.5175 117 105 81
-61.5000 5.0000 -18.4160 121 109 85
-60.5000 5.0000 -18.3068 123 111 87
-59.5000 5.0000 -18.1766 105 93 69
-58.5000 5.0000 -18.0132 112 100 74
-57.5000 5.0000 -17.8080 123 112 82
-56.5000 5.0000 -17.5580 134 123 91
-55.5000 5.0000 -17.2657 142 132 97
-54.5000 5.0000 -16.9385 144 134 98
-53.5000 5.0000 -16.5864 142 133 94
-52.5000 5.0000 -16.2214 141 129 89
-51.5000 5.0000 -15.8560 164 149 108
-50.5000 5.0000 -15.5023 176 157 114
-49.5000 5.0000 -15.1704 189 168 125
-48.5000 5.0000 -14.8676 197 174 130
-47.5000 5.0000 -14.5974 201 177 129
-46.5000 5.0000 -14.3600 204 178 129
-45.5000 5.0000 -14.1528 209 179 129
-44.5000 5.0000 -13.9721 212 180 129
-43.5000 5.0000 -13.8143 219 186 133
-42.5000 5.0000 -13.6766 218 185 131
-41.5000 5.0000 -13.5575 219 186 132
-40.5000 5.0000 -13.4569 224 191 137
-39.5000 5.0000 -13.3754 229 198 144
-38.5000 5.0000 -13.3132 232 201 147
-37.5000 5.0000 -13.2689 230 200 148
-36.5000 5.0000 -13.2384 230 197 144
-35.5000 5.0000 -13.2151 242 201 149
-34.5000 5.0000 -13.1904 234 188 138
-33.5000 5.0000 -13.1563 236 190 140
-32.5000 5.0000 -13.1071 250 207 156
-31.5000 5.0000 -13.0417 255 215 163
-30.5000 5.0000 -12.9631 248 208 156
-29.5000 5.0000 -12.8784 246 209 156
-28.5000 5.0000 -12.7960 255 220 166
-27.5000 5.0000 -12.7245 255 225 171
-26.5000 5.0000 -12.6710 255 226 171
-25.5000 5.0000 -12.6401 255 229 172
-24.5000 5.0000 -12.6337 254 229 172
-23.5000 5.0000 -12.6513 249 227 170
-22.5000 5.0000 -12.6902 243 221 164
-21.5000 5.0000 -12.7461 237 216 159
-20.5000 5.0000 -12.8146 236 214 156
-19.5000 5.0000 -12.8917 238 212 151
-18.5000 5.0000 -12.9745 238 209 149
-17.5000 5.0000 -13.0613 235 206 148
-16.5000 5.0000 -13.1514 232 203 147
-15.5000 5.0000 -13.2450 229 199 147
-14.5000 5.0000 -13.3435 225 197 147
-13.5000 5.0000 -13.4489 224 196 148
-12.5000 5.0000 -13.5640 223 196 149
-11.5000 5.0000 -13.6914 220 193 148
-10.5000 5.0000 -13.8323 217 190 145
-9.5000 5.0000 -13.9865 215 188 143
-8.5000 5.0000 -14.1519 201 177 131
-7.5000 5.0000 -14.3249 187 163 117
-6.5000 5.0000 -14.5011 189 167 120
-5.5000 5.0000 -14.6765 194 170 122
-4.5000 5.0000 -14.8480 181 160 113
-3.5000 5.0000 -15.0139 166 149 106
-2.5000 5.0000 -15.1744 166 151 110
-1.5000 5.0000 -15.3312 168 153 112
-0.5000 5.0000 -15.4863 165 150 109
0.5000 5.0000 -15.6415 159 144 105
1.5000 5.0000 -15.7976 155 140 101
2.5000 5.0000 -15.9537 155 139 103
3.5000 5.0000 -16.1079 156 140 104
4.5000 5.0000 -16.2573 151 135 99
5.5000 5.0000 -16.3994 149 133 97
6.5000 5.0000 -16.5319 149 131 95
7.5000 5.0000 -16.6540 149 131 95
8.5000 5.0000 -16.7662 150 130 97
9.5000 5.0000 -16.8708 147 127 94
10.5000 5.0000 -16.9717 141 121 88
11.5000 5.0000 -17.0740 135 115 82
12.5000 5.0000 -17.1824 125 109 75
13.5000 5.0000 -17.3006 135 121 84
14.5000 5.0000 -17.4295 140 126 91
15.5000 5.0000 -17.5667 132 120 82
16.5000 5.0000 -17.7073 122 112 76
17.5000 5.0000 -17.8451 119 111 72
18.5000 5.0000 -17.9749 118 110 73
19.5000 5.0000 -18.0934 112 107 67
20.5000 5.0000 -18.2000 122 114 77
21.5000 5.0000 -18.2962 119 111 72
22.5000 5.0000 -18.3849 115 107 70
23.5000 5.0000 -18.4697 115 106 67
24.5000 5.0000 -18.5552 118 105 70
25.5000 5.0000 -18.6478 120 106 69
26.5000 5.0000 -18.7562 118 104 69
27.5000 5.0000 -18.8932 116 102 67
28.5000 5.0000 -19.0772 115 99 66
29.5000 5.0000 -19.3331 112 97 66
30.5000 5.0000 -19.6920 118 101 71
31.5000 5.0000 -20.1866 115 100 69
32.5000 5.0000 -20.8442 106 91 62
33.5000 5.0000 -21.6745 105 90 61
34.5000 5.0000 -22.6582 99 83 57
35.5000 5.0000 -23.7403 82 66 41
36.5000 5.0000 -24.8329 76 61 38
37.5000 5.0000 -25.8292 58 43 20
38.5000 5.0000 -26.6250 56 41 20
39.5000 5.0000 -27.1423 49 34 13
40.5000 5.0000 -27.3448 48 35 16
41.5000 5.0000 -27.2449 55 42 23
42.5000 5.0000 -26.8979 54 41 22
43.5000 5.0000 -26.3899 67 54 35
44.5000 5.0000 -25.8201 71 56 37
45.5000 5.0000 -25.2846 78 63 44
46.5000 5.0000 -24.8621 85 70 51
47.5000 5.0000 -24.6061 84 69 50
48.5000 5.0000 -24.5443 77 62 43
49.5000 5.0000 -24.6825 70 57 40
50.5000 5.0000 -25.0130 70 57 40
51.5000 5.0000 -25.5218 71 59 43
52.5000 5.0000 -26.1955 74 62 46
53.5000 5.0000 -27.0238 68 56 40
54.5000 5.0000 -28.0008 60 48 34
55.5000 5.0000 -29.1222 52 43 28
56.5000 5.0000 -30.3822 48 39 24
57.5000 5.0000 -31.7694 45 36 21
58.5000 5.0000 -33.2649 41 31 19
59.5000 5.0000 -34.8443 35 29 15
60.5000 5.0000 -36.4835 29 25 13
61.5000 5.0000 -38.1683 24 25 11
62.5000 5.0000 -39.9039 23 21 8
63.5000 5.0000 -41.7218 21 22 8
64.5000 5.0000 -43.6850 22 22 10
65.5000 5.0000 -45.8919 21 21 11
66.5000 5.0000 -48.4818 19 19 11
67.5000 5.0000 -51.6396 15 16 8
-98.5000 4.0000 -97.9643 22 16 4
-97.5000 4.0000 -79.6472 34 28 12
-96.5000 4.0000 -63.7794 40 35 16
-95.5000 4.0000 -51.1858 45 40 20
-94.5000 4.0000 -42.0229 51 46 24
-93.5000 4.0000 -35.8883 52 47 25
-92.5000 4.0000 -32.0760 48 43 23
-91.5000 4.0000 -29.8344 51 46 27
-90.5000 4.0000 -28.5367 51 45 29
-89.5000 4.0000 -27.7430 51 45 29
-88.5000 4.0000 -27.1863 52 47 28
-87.5000 4.0000 -26.7242 54 49 29
-86.5000 4.0000 -26.2902 57 53 28
-85.5000 4.0000 -25.8568 59 55 28
-84.5000 4.0000 -25.4140 61 57 28
-83.5000 4.0000 -24.9590 61 54 28
-82.5000 4.0000 -24.4923 66 56 29
-81.5000 4.0000 -24.0163 72 60 34
-80.5000 4.0000 -23.5353 77 65 39
-79.5000 4.0000 -23.0547 84 70 44
-78.5000 4.0000 -22.5807 89 73 47
-77.5000 4.0000 -22.1190 92 75 49
-76.5000 4.0000 -21.6752 93 76 48
-75.5000 4.0000 -21.2547 98 81 53
-74.5000 4.0000 -20.8627 103 86 58
-73.5000 4.0000 -20.5038 107 92 63
-72.5000 4.0000 -20.1812 109 96 64
-71.5000 4.0000 -19.8956 108 97 65
-70.5000 4.0000 -19.6455 107 96 64
-69.5000 4.0000 -19.4272 108 99 66
-68.5000 4.0000 -19.2359 109 100 67
-67.5000 4.0000 -19.0668 111 98 66
-66.5000 4.0000 -18.9155 114 101 69
-65.5000 4.0000 -18.7785 118 103 74
-64.5000 4.0000 -18.6523 118 104 75
-63.5000 4.0000 -18.5322 120 104 78
-62.5000 4.0000 -18.4114 121 105 79
-61.5000 4.0000 -18.2810 122 106 80
-60.5000 4.0000 -18.1309 123 107 81
-59.5000 4.0000 -17.9519 106 90 64
-58.5000 4.0000 -17.7381 114 99 70
-57.5000 4.0000 -17.4883 129 113 80
-56.5000 4.0000 -17.2058 141 125 91
-55.5000 4.0000 -16.8973 149 133 97
-54.5000 4.0000 -16.5710 152 137 98
-53.5000 4.0000 -16.2351 153 138 97
-52.5000 4.0000 -15.8973 155 138 95
-51.5000 4.0000 -15.5653 171 152 109
-50.5000 4.0000 -15.2466 180 159 114
-49.5000 4.0000 -14.9478 190 167 123
-48.5000 4.0000 -14.6738 198 174 128
-47.5000 4.0000 -14.4273 203 177 128
-46.5000 4.0000 -14.2080 206 178 128
-45.5000 4.0000 -14.0141 211 179 128
-44.5000 4.0000 -13.8426 214 183 129
-43.5000 4.0000 -13.6908 221 188 134
-42.5000 4.0000 -13.5569 222 189 135
-41.5000 4.0000 -13.4403 224 191 137
-40.5000 4.0000 -13.3415 228 195 141
-39.5000 4.0000 -13.2617 232 201 147
-38.5000 4.0000 -13.2012 234 203 149
-37.5000 4.0000 -13.1590 233 203 151
-36.5000 4.0000 -13.1313 235 202 149
-35.5000 4.0000 -13.1115 241 200 146
-34.5000 4.0000 -13.0914 236 190 138
-33.5000 4.0000 -13.0628 236 190 138
-32.5000 4.0000 -13.0201 245 202 149
-31.5000 4.0000 -12.9617 251 210 158
-30.5000 4.0000 -12.8904 249 209 157
-29.5000 4.0000 -12.8127 250 213 160
-28.5000 4.0000 -12.7369 255 221 167
-27.5000 4.0000 -12.6713 255 227 172
-26.5000 4.0000 -12.6227 255 231 175
-25.5000 4.0000 -12.5957 255 233 176
-24.5000 4.0000 -12.5924 253 231 173
-23.5000 4.0000 -12.6121 249 228 171
-22.5000 4.0000 -12.6522 244 225 167
-21.5000 4.0000 -12.7088 238 219 161
-20.5000 4.0000 -12.7774 233 213 154
-19.5000 4.0000 -12.8542 241 215 154
-18.5000 4.0000 -12.9362 241 213 150
-17.5000 4.0000 -13.0220 236 210 151
-16.5000 4.0000 -13.1110 232 206 149
-15.5000 4.0000 -13.2038 229 202 147
-14.5000 4.0000 -13.3022 227 200 147
-13.5000 4.0000 -13.4083 225 199 150
-12.5000 4.0000 -13.5248 224 197 150
-11.5000 4.0000 -13.6535 219 195 149
-10.5000 4.0000 -13.7951 211 187 141
-9.5000 4.0000 -13.9485 207 183 137
-8.5000 4.0000 -14.1115 200 176 130
-7.5000 4.0000 -14.2811 187 165 118
-6.5000 4.0000 -14.4540 188 166 117
-5.5000 4.0000 -14.6271 189 167 118
-4.5000 4.0000 -14.7982 178 157 110
-3.5000 4.0000 -14.9662 171 152 110
-2.5000 4.0000 -15.1310 173 155 115
-1.5000 4.0000 -15.2938 176 158 118
-0.5000 4.0000 -15.4557 174 156 116
0.5000 4.0000 -15.6178 168 153 114
1.5000 4.0000 -15.7797 163 148 109
2.5000 4.0000 -15.9400 161 145 109
3.5000 4.0000 -16.0964 161 145 109
4.5000 4.0000 -16.2461 150 134 98
5.5000 4.0000 -16.3865 149 133 97
6.5000 4.0000 -16.5156 149 131 95
7.5000 4.0000 -16.6329 148 130 94
8.5000 4.0000 -16.7390 148 128 93
9.5000 4.0000 -16.8363 145 125 88
10.5000 4.0000 -16.9289 143 121 84
11.5000 4.0000 -17.0218 138 118 81
12.5000 4.0000 -17.1203 135 117 81
13.5000 4.0000 -17.2282 140 124 88
14.5000 4.0000 -17.3469 140 124 88
15.5000 4.0000 -17.4746 129 115 78
16.5000 4.0000 -17.6063 120 108 70
17.5000 4.0000 -17.7361 119 110 71
18.5000 4.0000 -17.8584 123 114 75
19.5000 4.0000 -17.9698 122 114 75
20.5000 4.0000 -18.0694 126 118 79
21.5000 4.0000 -18.1588 121 113 74
22.5000 4.0000 -18.2408 116 107 68
23.5000 4.0000 -18.3194 116 104 66
24.5000 4.0000 -18.3997 118 104 67
25.5000 4.0000 -18.4887 120 106 69
26.5000 4.0000 -18.5960 121 105 69
27.5000 4.0000 -18.7353 123 105 69
28.5000 4.0000 -18.9255 126 103 71
29.5000 4.0000 -19.1916 122 99 68
30.5000 4.0000 -19.5637 123 100 69
31.5000 4.0000 -20.0734 119 95 67
32.5000 4.0000 -20.7460 108 87 60
33.5000 4.0000 -21.5893 108 87 60
34.5000 4.0000 -22.5817 103 83 59
35.5000 4.0000 -23.6665 87 67 43
36.5000 4.0000 -24.7538 77 59 37
37.5000 4.0000 -25.7353 59 43 20
38.5000 4.0000 -26.5067 57 40 20
39.5000 4.0000 -26.9910 51 36 15
40.5000 4.0000 -27.1554 53 38 19
41.5000 4.0000 -27.0170 58 45 26
42.5000 4.0000 -26.6372 55 42 23
43.5000 4.0000 -26.1066 68 56 34
44.5000 4.0000 -25.5273 74 57 39
45.5000 4.0000 -24.9946 80 63 43
46.5000 4.0000 -24.5834 84 69 50
47.5000 4.0000 -24.3418 83 68 49
48.5000 4.0000 -24.2910 79 64 45
49.5000 4.0000 -24.4319 74 59 40
50.5000 4.0000 -24.7534 71 58 41
51.5000 4.0000 -25.2417 71 58 41
52.5000 4.0000 -25.8855 71 60 42
53.5000 4.0000 -26.6796 67 55 39
54.5000 4.0000 -27.6234 60 48 32
55.5000 4.0000 -28.7185 56 44 30
56.5000 4.0000 -29.9637 51 42 27
57.5000 4.0000 -31.3504 47 38 23
58.5000 4.0000 -32.8599 42 33 18
59.5000 4.0000 -34.4654 37 30 14
60.5000 4.0000 -36.1385 33 27 13
61.5000 4.0000 -37.8605 30 24 12
62.5000 4.0000 -39.6322 27 21 9
63.5000 4.0000 -41.4832 24 20 8
64.5000 4.0000 -43.4753 25 21 10
65.5000 4.0000 -45.7065 23 21 9
66.5000 4.0000 -48.3147 20 17 8
67.5000 4.0000 -51.4805 15 15 7
68.5000 4.0000 -55.4232 13 14 8
-97.5000 3.0000 -79.9075 32 29 14
-96.5000 3.0000 -63.9608 41 38 19
-95.5000 3.0000 -51.2737 47 45 24
-94.5000 3.0000 -42.0178 51 49 26
-93.5000 3.0000 -35.8030 52 50 29
-92.5000 3.0000 -31.9289 49 47 26
-91.5000 3.0000 -29.6431 50 47 28
-90.5000 3.0000 -28.3139 50 47 30
-89.5000 3.0000 -27.4954 51 48 33
-88.5000 3.0000 -26.9162 52 49 32
-87.5000 3.0000 -26.4322 54 51 32
-86.5000 3.0000 -25.9776 57 55 32
-85.5000 3.0000 -25.5273 60 58 33
-84.5000 3.0000 -25.0732 63 59 32
-83.5000 3.0000 -24.6140 66 59 31
-82.5000 3.0000 -24.1500 70 60 33
-81.5000 3.0000 -23.6829 75 63 37
-80.5000 3.0000 -23.2155 79 68 40
-79.5000 3.0000 -22.7522 85 71 44
-78.5000 3.0000 -22.2982 89 73 47
-77.5000 3.0000 -21.8589 92 75 49
-76.5000 3.0000 -21.4397 93 76 48
-75.5000 3.0000 -21.0456 102 85 57
-74.5000 3.0000 -20.6809 105 88 58
-73.5000 3.0000 -20.3489 108 93 62
-72.5000 3.0000 -20.0515 108 95 63
-71.5000 3.0000 -19.7883 105 94 62
-70.5000 3.0000 -19.5573 106 96 61
-69.5000 3.0000 -19.3550 108 100 64
-68.5000 3.0000 -19.1773 110 102 66
-67.5000 3.0000 -19.0201 112 99 64
-66.5000 3.0000 -18.8788 113 99 64
-65.5000 3.0000 -18.7486 116 100 66
-64.5000 3.0000 -18.6233 120 106 71
-63.5000 3.0000 -18.4954 123 107 74
-62.5000 3.0000 -18.3559 122 106 73
-61.5000 3.0000 -18.1954 121 105 72
-60.5000 3.0000 -18.0056 121 105 72
-59.5000 3.0000 -17.7817 114 95 62
-58.5000 3.0000 -17.5234 125 107 71
-57.5000 3.0000 -17.2354 139 119 82
-56.5000 3.0000 -16.9258 150 131 91
-55.5000 3.0000 -16.6035 155 136 93
-54.5000 3.0000 -16.2767 158 140 94
-53.5000 3.0000 -15.9515 161 143 95
-52.5000 3.0000 -15.6327 164 146 98
-51.5000 3.0000 -15.3243 180 159 112
-50.5000 3.0000 -15.0306 185 163 116
-49.5000 3.0000 -14.7557 191 169 120
-48.5000 3.0000 -14.5027 198 175 125
-47.5000 3.0000 -14.2732 204 176 126
-46.5000 3.0000 -14.0669 209 179 127
-45.5000 3.0000 -13.8819 214 183 129
-44.5000 3.0000 -13.7160 218 185 131
-43.5000 3.0000 -13.5673 224 191 137
-42.5000 3.0000 -13.4348 227 195 138
-41.5000 3.0000 -13.3187 231 198 144
-40.5000 3.0000 -13.2201 235 202 148
-39.5000 3.0000 -13.1405 236 205 151
-38.5000 3.0000 -13.0805 238 207 153
-37.5000 3.0000 -13.0394 239 209 157
-36.5000 3.0000 -13.0135 243 210 157
-35.5000 3.0000 -12.9967 244 203 149
-34.5000 3.0000 -12.9811 240 197 142
-33.5000 3.0000 -12.9586 237 194 139
-32.5000 3.0000 -12.9235 237 196 140
-31.5000 3.0000 -12.8738 242 203 148
-30.5000 3.0000 -12.8120 248 211 156
-29.5000 3.0000 -12.7438 253 218 162
-28.5000 3.0000 -12.6770 254 222 165
-27.5000 3.0000 -12.6195 255 226 170
-26.5000 3.0000 -12.5778 255 235 178
-25.5000 3.0000 -12.5563 255 238 181
-24.5000 3.0000 -12.5569 255 234 176
-23.5000 3.0000 -12.5792 251 230 173
-22.5000 3.0000 -12.6209 249 230 172
-21.5000 3.0000 -12.6781 242 223 165
-20.5000 3.0000 -12.7466 231 212 153
-19.5000 3.0000 -12.8228 244 220 158
-18.5000 3.0000 -12.9038 243 218 154
-17.5000 3.0000 -12.9881 239 213 154
-16.5000 3.0000 -13.0756 235 209 152
-15.5000 3.0000 -13.1672 230 205 149
-14.5000 3.0000 -13.2648 228 203 149
-13.5000 3.0000 -13.3709 226 200 151
-12.5000 3.0000 -13.4876 226 199 152
-11.5000 3.0000 -13.6163 220 196 150
-10.5000 3.0000 -13.7567 205 181 135
-9.5000 3.0000 -13.9077 199 177 130
-8.5000 3.0000 -14.0669 198 176 129
-7.5000 3.0000 -14.2321 191 169 120
-6.5000 3.0000 -14.4011 188 166 117
-5.5000 3.0000 -14.5723 186 166 116
-4.5000 3.0000 -14.7443 179 159 109
-3.5000 3.0000 -14.9163 168 147 104
-2.5000 3.0000 -15.0881 171 149 108
-1.5000 3.0000 -15.2598 170 151 111
-0.5000 3.0000 -15.4318 169 150 110
0.5000 3.0000 -15.6035 164 146 108
1.5000 3.0000 -15.7736 158 140 104
2.5000 3.0000 -15.9400 153 137 103
3.5000 3.0000 -16.0997 152 136 102
4.5000 3.0000 -16.2499 149 133 99
5.5000 3.0000 -16.3883 149 133 99
6.5000 3.0000 -16.5136 147 131 95
7.5000 3.0000 -16.6254 146 128 92
8.5000 3.0000 -16.7250 144 124 87
9.5000 3.0000 -16.8151 142 123 83
10.5000 3.0000 -16.8999 145 123 84
11.5000 3.0000 -16.9845 144 125 85
12.5000 3.0000 -17.0743 139 121 83
13.5000 3.0000 -17.1734 142 126 90
14.5000 3.0000 -17.2835 141 125 89
15.5000 3.0000 -17.4029 132 118 81
16.5000 3.0000 -17.5273 124 112 74
17.5000 3.0000 -17.6505 122 113 74
18.5000 3.0000 -17.7667 124 115 76
19.5000 3.0000 -17.8720 125 116 77
20.5000 3.0000 -17.9652 130 121 82
21.5000 3.0000 -18.0476 124 115 76
22.5000 3.0000 -18.1221 119 107 69
23.5000 3.0000 -18.1931 116 104 66
24.5000 3.0000 -18.2667 118 104 67
25.5000 3.0000 -18.3506 122 106 70
26.5000 3.0000 -18.4555 126 108 72
27.5000 3.0000 -18.5959 130 107 73
28.5000 3.0000 -18.7910 137 106 75
29.5000 3.0000 -19.0656 133 99 71
30.5000 3.0000 -19.4488 130 99 70
31.5000 3.0000 -19.9709 124 93 65
32.5000 3.0000 -20.6551 113 83 57
33.5000 3.0000 -21.5072 112 84 60
34.5000 3.0000 -22.5046 108 81 60
35.5000 3.0000 -23.5890 89 67 44
36.5000 3.0000 -24.6698 77 56 35
37.5000 3.0000 -25.6384 58 41 21
38.5000 3.0000 -26.3906 58 43 22
39.5000 3.0000 -26.8503 51 39 17
40.5000 3.0000 -26.9871 53 42 20
41.5000 3.0000 -26.8216 60 49 27
42.5000 3.0000 -26.4190 54 46 23
43.5000 3.0000 -25.8734 68 58 33
44.5000 3.0000 -25.2882 76 61 40
45.5000 3.0000 -24.7582 80 64 41
46.5000 3.0000 -24.3554 83 66 46
47.5000 3.0000 -24.1234 84 67 47
48.5000 3.0000 -24.0789 81 66 45
49.5000 3.0000 -24.2184 77 62 41
50.5000 3.0000 -24.5284 72 59 40
51.5000 3.0000 -24.9943 70 57 38
52.5000 3.0000 -25.6064 70 57 38
53.5000 3.0000 -26.3627 66 53 36
54.5000 3.0000 -27.2676 61 50 32
55.5000 3.0000 -28.3278 58 46 30
56.5000 3.0000 -29.5473 54 45 28
57.5000 3.0000 -30.9211 50 41 24
58.5000 3.0000 -32.4320 44 35 18
59.5000 3.0000 -34.0520 40 31 16
60.5000 3.0000 -35.7496 36 28 15
61.5000 3.0000 -37.5016 33 25 12
62.5000 3.0000 -39.3061 29 21 8
63.5000 3.0000 -41.1909 28 20 7
64.5000 3.0000 -43.2190 27 21 9
65.5000 3.0000 -45.4900 23 19 8
66.5000 3.0000 -48.1425 19 16 7
68.5000 3.0000 -55.3474 15 16 8
69.5000 3.0000 -60.3454 13 14 8
-97.5000 2.0000 -80.3049 32 29 14
-96.5000 2.0000 -64.2723 43 42 22
-95.5000 2.0000 -51.4771 50 48 27
-94.5000 2.0000 -42.1091 51 51 27
-93.5000 2.0000 -35.7939 51 49 28
-92.5000 2.0000 -31.8397 48 47 27
-91.5000 2.0000 -29.4955 51 48 31
-90.5000 2.0000 -28.1251 50 49 31
-89.5000 2.0000 -27.2766 52 49 34
-88.5000 2.0000 -26.6732 53 52 34
-87.5000 2.0000 -26.1682 56 53 34
-86.5000 2.0000 -25.6956 58 58 34
-85.5000 2.0000 -25.2312 62 60 35
-84.5000 2.0000 -24.7691 64 63 35
-83.5000 2.0000 -24.3088 70 65 36
-82.5000 2.0000 -23.8511 72 65 37
-81.5000 2.0000 -23.3965 77 68 39
-80.5000 2.0000 -22.9467 81 70 42
-79.5000 2.0000 -22.5046 84 73 45
-78.5000 2.0000 -22.0745 89 75 48
-77.5000 2.0000 -21.6614 92 77 48
-76.5000 2.0000 -21.2702 93 78 49
-75.5000 2.0000 -20.9051 105 88 58
-74.5000 2.0000 -20.5693 106 91 60
-73.5000 2.0000 -20.2645 106 93 61
-72.5000 2.0000 -19.9910 104 93 61
-71.5000 2.0000 -19.7474 103 93 58
-70.5000 2.0000 -19.5315 103 95 59
-69.5000 2.0000 -19.3405 105 99 63
-68.5000 2.0000 -19.1715 111 103 67
-67.5000 2.0000 -19.0212 113 100 65
-66.5000 2.0000 -18.8851 111 97 60
-65.5000 2.0000 -18.7568 115 99 63
-64.5000 2.0000 -18.6280 121 105 69
-63.5000 2.0000 -18.4883 123 107 73
-62.5000 2.0000 -18.3271 121 105 71
-61.5000 2.0000 -18.1351 120 101 68
-60.5000 2.0000 -17.9067 121 103 67
-59.5000 2.0000 -17.6416 127 107 72
-58.5000 2.0000 -17.3449 138 119 79
-57.5000 2.0000 -17.0257 152 130 89
-56.5000 2.0000 -16.6951 158 137 94
-55.5000 2.0000 -16.3630 159 138 93
-54.5000 2.0000 -16.0364 160 140 90
-53.5000 2.0000 -15.7196 165 145 94
-52.5000 2.0000 -15.4148 169 149 98
-51.5000 2.0000 -15.1236 187 165 116
-50.5000 2.0000 -14.8480 190 166 118
-49.5000 2.0000 -14.5902 194 171 121
-48.5000 2.0000 -14.3520 200 174 123
-47.5000 2.0000 -14.1342 208 178 126
-46.5000 2.0000 -13.9362 213 182 128
-45.5000 2.0000 -13.7563 219 186 132
-44.5000 2.0000 -13.5931 221 189 132
-43.5000 2.0000 -13.4452 228 196 139
-42.5000 2.0000 -13.3124 233 201 144
-41.5000 2.0000 -13.1956 239 206 152
-40.5000 2.0000 -13.0963 242 209 155
-39.5000 2.0000 -13.0162 241 210 156
-38.5000 2.0000 -12.9562 242 212 158
-37.5000 2.0000 -12.9155 246 216 164
-36.5000 2.0000 -12.8908 250 219 165
-35.5000 2.0000 -12.8764 248 212 154
-34.5000 2.0000 -12.8649 249 210 151
-33.5000 2.0000 -12.8485 239 203 143
-32.5000 2.0000 -12.8215 231 195 137
-31.5000 2.0000 -12.7816 235 200 142
-30.5000 2.0000 -12.7307 246 214 155
-29.5000 2.0000 -12.6738 252 221 164
-28.5000 2.0000 -12.6180 250 221 163
-27.5000 2.0000 -12.5705 250 224 167
-26.5000 2.0000 -12.5372 255 235 178
-25.5000 2.0000 -12.5224 255 241 183
-24.5000 2.0000 -12.5278 255 236 178
-23.5000 2.0000 -12.5533 254 233 176
-22.5000 2.0000 -12.5965 254 235 177
-21.5000 2.0000 -12.6542 247 228 170
-20.5000 2.0000 -12.7224 235 215 156
-19.5000 2.0000 -12.7976 245 219 158
-18.5000 2.0000 -12.8770 245 217 154
-17.5000 2.0000 -12.9595 241 212 152
-16.5000 2.0000 -13.0449 235 209 150
-15.5000 2.0000 -13.1347 231 205 148
-14.5000 2.0000 -13.2309 229 202 149
-13.5000 2.0000 -13.3358 227 199 149
-12.5000 2.0000 -13.4515 226 200 151
-11.5000 2.0000 -13.5787 223 196 149
-10.5000 2.0000 -13.7167 200 176 130
-9.5000 2.0000 -13.8640 195 171 125
-8.5000 2.0000 -14.0188 202 178 130
-7.5000 2.0000 -14.1798 199 175 127
-6.5000 2.0000 -14.3459 194 172 123
-5.5000 2.0000 -14.5167 192 170 120
-4.5000 2.0000 -14.6918 185 163 114
-3.5000 2.0000 -14.8703 185 160 119
-2.5000 2.0000 -15.0518 184 159 119
-1.5000 2.0000 -15.2353 180 156 118
-0.5000 2.0000 -15.4198 175 153 114
0.5000 2.0000 -15.6035 168 148 113
1.5000 2.0000 -15.7837 162 144 108
2.5000 2.0000 -15.9571 157 141 107
3.5000 2.0000 -16.1205 155 139 105
4.5000 2.0000 -16.2710 148 132 98
5.5000 2.0000 -16.4068 148 132 98
6.5000 2.0000 -16.5271 147 131 95
7.5000 2.0000 -16.6326 143 128 89
8.5000 2.0000 -16.7251 140 122 82
9.5000 2.0000 -16.8079 140 121 79
10.5000 2.0000 -16.8854 144 125 83
11.5000 2.0000 -16.9629 148 129 87
12.5000 2.0000 -17.0456 137 117 80
13.5000 2.0000 -17.1375 142 124 88
14.5000 2.0000 -17.2405 146 128 92
15.5000 2.0000 -17.3532 142 126 90
16.5000 2.0000 -17.4714 136 122 85
17.5000 2.0000 -17.5891 129 117 79
18.5000 2.0000 -17.7000 125 113 75
19.5000 2.0000 -17.7999 120 111 72
20.5000 2.0000 -17.8867 129 120 81
21.5000 2.0000 -17.9616 124 115 76
22.5000 2.0000 -18.0278 121 109 71
23.5000 2.0000 -18.0904 121 107 70
24.5000 2.0000 -18.1562 123 107 71
25.5000 2.0000 -18.2343 125 109 73
26.5000 2.0000 -18.3359 128 110 74
27.5000 2.0000 -18.4763 131 107 73
28.5000 2.0000 -18.6746 141 108 77
29.5000 2.0000 -18.9552 138 101 72
30.5000 2.0000 -19.3462 136 101 71
31.5000 2.0000 -19.8762 129 95 68
32.5000 2.0000 -20.5671 116 84 59
33.5000 2.0000 -21.4233 114 83 62
34.5000 2.0000 -22.4213 108 80 59
35.5000 2.0000 -23.5028 89 64 44
36.5000 2.0000 -24.5774 76 55 36
37.5000 2.0000 -25.5367 58 41 21
38.5000 2.0000 -26.2767 59 44 23
39.5000 2.0000 -26.7217 53 42 20
40.5000 2.0000 -26.8423 54 46 23
41.5000 2.0000 -26.6606 59 53 27
42.5000 2.0000 -26.2440 55 49 23
43.5000 2.0000 -25.6885 67 60 34
44.5000 2.0000 -25.0987 76 64 40
45.5000 2.0000 -24.5689 81 65 42
46.5000 2.0000 -24.1693 82 66 43
47.5000 2.0000 -23.9408 83 68 45
48.5000 2.0000 -23.8967 83 68 47
49.5000 2.0000 -24.0306 80 65 44
50.5000 2.0000 -24.3270 73 60 41
51.5000 2.0000 -24.7703 70 57 38
52.5000 2.0000 -25.3516 68 55 36
53.5000 2.0000 -26.0713 64 53 33
54.5000 2.0000 -26.9371 62 51 33
55.5000 2.0000 -27.9604 61 50 32
56.5000 2.0000 -29.1496 57 48 31
57.5000 2.0000 -30.5032 53 44 27
58.5000 2.0000 -32.0057 47 38 21
59.5000 2.0000 -33.6285 42 33 16
60.5000 2.0000 -35.3377 39 30 15
61.5000 2.0000 -37.1075 35 25 13
62.5000 2.0000 -38.9345 31 21 9
63.5000 2.0000 -40.8478 29 21 8
64.5000 2.0000 -42.9143 27 21 9
65.5000 2.0000 -45.2392 23 19 7
66.5000 2.0000 -47.9661 19 15 4
68.5000 2.0000 -55.3899 17 17 9
69.5000 2.0000 -60.5293 14 15 7
-98.5000 1.0000 -99.4740 15 15 3
-97.5000 1.0000 -80.9933 32 30 17
-96.5000 1.0000 -64.8415 42 43 25
-95.5000 1.0000 -51.8933 49 48 28
-94.5000 1.0000 -42.3651 46 48 26
-93.5000 1.0000 -35.9054 47 46 26
-92.5000 1.0000 -31.8357 45 47 26
-91.5000 1.0000 -29.4077 50 49 31
-90.5000 1.0000 -27.9803 49 50 34
-89.5000 1.0000 -27.0936 52 50 37
-88.5000 1.0000 -26.4632 52 53 37
-87.5000 1.0000 -25.9378 57 56 38
-86.5000 1.0000 -25.4490 58 60 38
-85.5000 1.0000 -24.9730 63 63 39
-84.5000 1.0000 -24.5047 65 65 37
-83.5000 1.0000 -24.0448 72 68 39
-82.5000 1.0000 -23.5941 75 68 40
-81.5000 1.0000 -23.1528 77 70 42
-80.5000 1.0000 -22.7213 81 71 44
-79.5000 1.0000 -22.3016 85 74 46
-78.5000 1.0000 -21.8970 90 76 49
-77.5000 1.0000 -21.5119 92 78 49
-76.5000 1.0000 -21.1503 94 80 51
-75.5000 1.0000 -20.8154 104 89 60
-74.5000 1.0000 -20.5088 104 90 61
-73.5000 1.0000 -20.2305 105 92 60
-72.5000 1.0000 -19.9790 102 91 59
-71.5000 1.0000 -19.7520 100 92 56
-70.5000 1.0000 -19.5473 100 94 58
-69.5000 1.0000 -19.3634 104 98 62
-68.5000 1.0000 -19.1987 109 103 67
-67.5000 1.0000 -19.0509 112 102 66
-66.5000 1.0000 -18.9156 110 97 62
-65.5000 1.0000 -18.7851 113 99 64
-64.5000 1.0000 -18.6487 120 106 71
-63.5000 1.0000 -18.4938 121 106 73
-62.5000 1.0000 -18.3085 115 100 67
-61.5000 1.0000 -18.0846 116 100 66
-60.5000 1.0000 -17.8196 120 104 68
-59.5000 1.0000 -17.5177 134 116 80
-58.5000 1.0000 -17.1888 144 125 85
-57.5000 1.0000 -16.8455 157 135 94
-56.5000 1.0000 -16.5002 162 141 96
-55.5000 1.0000 -16.1625 162 141 94
-54.5000 1.0000 -15.8379 164 144 94
-53.5000 1.0000 -15.5286 171 149 99
-52.5000 1.0000 -15.2348 176 154 104
-51.5000 1.0000 -14.9565 192 169 119
-50.5000 1.0000 -14.6939 193 170 120
-49.5000 1.0000 -14.4481 197 171 120
-48.5000 1.0000 -14.2199 203 176 123
-47.5000 1.0000 -14.0094 211 181 127
-46.5000 1.0000 -13.8159 218 187 132
-45.5000 1.0000 -13.6383 223 190 136
-44.5000 1.0000 -13.4754 226 194 137
-43.5000 1.0000 -13.3268 235 200 144
-42.5000 1.0000 -13.1929 240 205 147
-41.5000 1.0000 -13.0749 244 212 155
-40.5000 1.0000 -12.9749 248 215 161
-39.5000 1.0000 -12.8944 248 217 163
-38.5000 1.0000 -12.8344 248 218 164
-37.5000 1.0000 -12.7940 252 222 170
-36.5000 1.0000 -12.7701 255 226 172
-35.5000 1.0000 -12.7576 255 225 165
-34.5000 1.0000 -12.7495 254 224 160
-33.5000 1.0000 -12.7386 244 214 150
-32.5000 1.0000 -12.7193 232 202 140
-31.5000 1.0000 -12.6893 233 205 142
-30.5000 1.0000 -12.6497 246 218 155
-29.5000 1.0000 -12.6050 251 225 164
-28.5000 1.0000 -12.5613 247 221 160
-27.5000 1.0000 -12.5248 247 223 163
-26.5000 1.0000 -12.5011 255 232 172
-25.5000 1.0000 -12.4938 255 238 180
-24.5000 1.0000 -12.5048 255 236 178
-23.5000 1.0000 -12.5337 255 236 179
-22.5000 1.0000 -12.5787 255 236 179
-21.5000 1.0000 -12.6367 251 230 175
-20.5000 1.0000 -12.7042 242 220 162
-19.5000 1.0000 -12.7778 245 216 156
-18.5000 1.0000 -12.8552 244 214 152
-17.5000 1.0000 -12.9352 241 211 151
-16.5000 1.0000 -13.0181 237 206 149
-15.5000 1.0000 -13.1054 233 202 147
-14.5000 1.0000 -13.1993 230 200 148
-13.5000 1.0000 -13.3022 229 199 149
-12.5000 1.0000 -13.4157 226 198 150
-11.5000 1.0000 -13.5403 225 197 150
-10.5000 1.0000 -13.6750 204 176 129
-9.5000 1.0000 -13.8184 200 172 125
-8.5000 1.0000 -13.9693 208 181 134
-7.5000 1.0000 -14.1272 207 180 133
-6.5000 1.0000 -14.2924 203 180 130
-5.5000 1.0000 -14.4653 200 177 127
-4.5000 1.0000 -14.6460 195 168 121
-3.5000 1.0000 -14.8338 197 168 128
-2.5000 1.0000 -15.0276 192 162 124
-1.5000 1.0000 -15.2252 184 156 119
-0.5000 1.0000 -15.4242 175 149 112
0.5000 1.0000 -15.6211 166 143 109
1.5000 1.0000 -15.8119 160 140 105
2.5000 1.0000 -15.9925 155 136 103
3.5000 1.0000 -16.1592 152 136 102
4.5000 1.0000 -16.3091 145 131 96
5.5000 1.0000 -16.4411 145 131 96
6.5000 1.0000 -16.5554 144 130 93
7.5000 1.0000 -16.6536 141 126 87
8.5000 1.0000 -16.7386 137 122 79
9.5000 1.0000 -16.8143 139 122 78
10.5000 1.0000 -16.8855 144 127 83
11.5000 1.0000 -16.9572 150 131 89
12.5000 1.0000 -17.0344 138 118 81
13.5000 1.0000 -17.1208 140 121 88
14.5000 1.0000 -17.2181 145 126 93
15.5000 1.0000 -17.3251 144 128 94
16.5000 1.0000 -17.4378 139 125 90
17.5000 1.0000 -17.5503 130 117 82
18.5000 1.0000 -17.6562 124 111 76
19.5000 1.0000 -17.7506 122 109 74
20.5000 1.0000 -17.8309 127 114 79
21.5000 1.0000 -17.8980 125 112 77
22.5000 1.0000 -17.9555 125 111 76
23.5000 1.0000 -18.0092 126 112 77
24.5000 1.0000 -18.0672 128 112 78
25.5000 1.0000 -18.1392 131 112 79
26.5000 1.0000 -18.2373 129 109 76
27.5000 1.0000 -18.3767 129 105 71
28.5000 1.0000 -18.5763 139 106 73
29.5000 1.0000 -18.8596 138 102 70
30.5000 1.0000 -19.2539 138 103 73
31.5000 1.0000 -19.7864 133 99 71
32.5000 1.0000 -20.4779 119 87 62
33.5000 1.0000 -21.3325 114 86 64
34.5000 1.0000 -22.3268 105 78 57
35.5000 1.0000 -23.4036 84 62 41
36.5000 1.0000 -24.4737 74 56 36
37.5000 1.0000 -25.4294 57 42 21
38.5000 1.0000 -26.1666 57 45 23
39.5000 1.0000 -26.6089 53 42 20
40.5000 1.0000 -26.7259 53 47 21
41.5000 1.0000 -26.5394 59 55 28
42.5000 1.0000 -26.1168 53 52 24
43.5000 1.0000 -25.5552 66 62 33
44.5000 1.0000 -24.9601 77 65 39
45.5000 1.0000 -24.4260 81 67 41
46.5000 1.0000 -24.0228 83 69 43
47.5000 1.0000 -23.7902 84 70 44
48.5000 1.0000 -23.7397 84 69 46
49.5000 1.0000 -23.8633 79 67 43
50.5000 1.0000 -24.1440 74 62 40
51.5000 1.0000 -24.5656 71 59 37
52.5000 1.0000 -25.1195 68 57 35
53.5000 1.0000 -25.8071 65 54 32
54.5000 1.0000 -26.6386 63 52 32
55.5000 1.0000 -27.6285 60 52 31
56.5000 1.0000 -28.7883 59 51 32
57.5000 1.0000 -30.1191 55 47 28
58.5000 1.0000 -31.6062 49 42 23
59.5000 1.0000 -33.2206 44 37 19
60.5000 1.0000 -34.9270 38 31 15
61.5000 1.0000 -36.6985 35 28 12
62.5000 1.0000 -38.5329 31 23 10
63.5000 1.0000 -40.4641 29 21 8
64.5000 1.0000 -42.5666 27 21 9
65.5000 1.0000 -44.9557 24 20 8
66.5000 1.0000 -47.7848 20 16 5
68.5000 1.0000 -55.5500 18 18 10
-97.5000 -0.0000 -82.1050 28 29 15
-96.5000 -0.0000 -65.7793 41 42 24
-95.5000 -0.0000 -52.6069 46 48 27
-94.5000 -0.0000 -42.8450 44 46 24
-93.5000 -0.0000 -36.1756 43 45 24
-92.5000 -0.0000 -31.9396 46 47 29
-91.5000 -0.0000 -29.3924 48 49 33
-90.5000 -0.0000 -27.8864 48 49 33
-89.5000 -0.0000 -26.9504 49 50 36
-88.5000 -0.0000 -26.2894 52 53 37
-87.5000 -0.0000 -25.7440 55 56 38
-86.5000 -0.0000 -25.2416 59 61 39
-85.5000 -0.0000 -24.7565 62 64 40
-84.5000 -0.0000 -24.2837 66 66 40
-83.5000 -0.0000 -23.8245 73 69 42
-82.5000 -0.0000 -23.3800 75 70 41
-81.5000 -0.0000 -22.9504 77 70 42
-80.5000 -0.0000 -22.5356 79 72 44
-79.5000 -0.0000 -22.1369 84 75 46
-78.5000 -0.0000 -21.7568 89 78 50
-77.5000 -0.0000 -21.3989 94 80 51
-76.5000 -0.0000 -21.0665 96 82 53
-75.5000 -0.0000 -20.7613 100 86 57
-74.5000 -0.0000 -20.4830 99 88 58
-73.5000 -0.0000 -20.2295 101 90 58
-72.5000 -0.0000 -19.9977 99 90 57
-71.5000 -0.0000 -19.7845 97 91 55
-70.5000 -0.0000 -19.5879 98 94 57
-69.5000 -0.0000 -19.4075 102 98 61
-68.5000 -0.0000 -19.2434 107 101 65
-67.5000 -0.0000 -19.0945 111 103 67
-66.5000 -0.0000 -18.9562 108 98 63
-65.5000 -0.0000 -18.8198 110 99 67
-64.5000 -0.0000 -18.6725 118 105 73
-63.5000 -0.0000 -18.4998 116 103 71
-62.5000 -0.0000 -18.2893 110 95 64
-61.5000 -0.0000 -18.0343 112 97 66
-60.5000 -0.0000 -17.7359 123 107 74
-59.5000 -0.0000 -17.4026 133 117 83
-58.5000 -0.0000 -17.0481 143 125 89
-57.5000 -0.0000 -16.6874 153 134 94
-56.5000 -0.0000 -16.3333 162 140 99
-55.5000 -0.0000 -15.9940 166 145 100
-54.5000 -0.0000 -15.6731 171 150 103
-53.5000 -0.0000 -15.3710 177 157 107
-52.5000 -0.0000 -15.0863 184 162 112
-51.5000 -0.0000 -14.8177 194 171 121
-50.5000 -0.0000 -14.5645 196 170 119
-49.5000 -0.0000 -14.3269 200 173 120
-48.5000 -0.0000 -14.1049 208 178 124
-47.5000 -0.0000 -13.8985 216 185 130
-46.5000 -0.0000 -13.7069 223 192 135
-45.5000 -0.0000 -13.5294 228 196 139
-44.5000 -0.0000 -13.3654 229 197 140
-43.5000 -0.0000 -13.2152 241 206 148
-42.5000 -0.0000 -13.0798 244 209 151
-41.5000 -0.0000 -12.9609 247 215 158
-40.5000 -0.0000 -12.8607 250 219 162
-39.5000 -0.0000 -12.7806 254 223 168
-38.5000 -0.0000 -12.7212 255 225 171
-37.5000 -0.0000 -12.6816 255 229 176
-36.5000 -0.0000 -12.6587 255 232 175
-35.5000 -0.0000 -12.6477 255 235 171
-34.5000 -0.0000 -12.6422 255 234 167
-33.5000 -0.0000 -12.6357 246 225 158
-32.5000 -0.0000 -12.6231 237 214 147
-31.5000 -0.0000 -12.6019 239 215 151
-30.5000 -0.0000 -12.5731 249 225 161
-29.5000 -0.0000 -12.5402 253 229 167
-28.5000 -0.0000 -12.5084 250 226 164
-27.5000 -0.0000 -12.4833 249 225 165
-26.5000 -0.0000 -12.4694 252 228 168
-25.5000 -0.0000 -12.4699 255 232 175
-24.5000 -0.0000 -12.4866 255 236 179
-23.5000 -0.0000 -12.5191 255 236 180
-22.5000 -0.0000 -12.5658 255 231 175
-21.5000 -0.0000 -12.6241 251 226 172
-20.5000 -0.0000 -12.6905 249 223 166
-19.5000 -0.0000 -12.7622 245 213 154
-18.5000 -0.0000 -12.8371 246 212 149
-17.5000 -0.0000 -12.9142 243 208 150
-16.5000 -0.0000 -12.9942 237 205 148
-15.5000 -0.0000 -13.0785 235 202 148
-14.5000 -0.0000 -13.1696 233 200 147
-13.5000 -0.0000 -13.2696 231 199 150
-12.5000 -0.0000 -13.3801 231 199 150
-11.5000 -0.0000 -13.5014 229 196 151
-10.5000 -0.0000 -13.6325 212 181 135
-9.5000 -0.0000 -13.7725 209 178 132
-8.5000 -0.0000 -13.9208 214 183 137
-7.5000 -0.0000 -14.0777 211 183 135
-6.5000 -0.0000 -14.2444 211 183 135
-5.5000 -0.0000 -14.4222 208 180 132
-4.5000 -0.0000 -14.6114 197 169 122
-3.5000 -0.0000 -14.8112 196 164 125
-2.5000 -0.0000 -15.0194 190 158 120
-1.5000 -0.0000 -15.2328 179 149 113
-0.5000 -0.0000 -15.4472 170 142 105
0.5000 -0.0000 -15.6577 161 137 103
1.5000 -0.0000 -15.8590 153 133 98
2.5000 -0.0000 -16.0459 147 128 95
3.5000 -0.0000 -16.2145 142 126 92
4.5000 -0.0000 -16.3623 144 130 95
5.5000 -0.0000 -16.4891 143 129 92
6.5000 -0.0000 -16.5963 141 127 88
7.5000 -0.0000 -16.6867 139 126 84
8.5000 -0.0000 -16.7641 138 123 80
9.5000 -0.0000 -16.8332 140 126 79
10.5000 -0.0000 -16.8989 145 128 82
11.5000 -0.0000 -16.9663 148 131 87
12.5000 -0.0000 -17.0395 145 125 88
13.5000 -0.0000 -17.1218 142 122 89
14.5000 -0.0000 -17.2143 141 121 88
15.5000 -0.0000 -17.3159 140 121 88
16.5000 -0.0000 -17.4229 135 119 85
17.5000 -0.0000 -17.5298 128 114 79
18.5000 -0.0000 -17.6302 126 112 77
19.5000 -0.0000 -17.7185 127 114 79
20.5000 -0.0000 -17.7921 124 111 76
21.5000 -0.0000 -17.8515 124 111 76
22.5000 -0.0000 -17.9006 125 111 76
23.5000 -0.0000 -17.9462 129 113 79
24.5000 -0.0000 -17.9971 133 114 81
25.5000 -0.0000 -18.0639 132 113 80
26.5000 -0.0000 -18.1589 129 109 76
27.5000 -0.0000 -18.2968 129 105 71
28.5000 -0.0000 -18.4958 135 105 71
29.5000 -0.0000 -18.7785 135 102 67
30.5000 -0.0000 -19.1711 137 104 71
31.5000 -0.0000 -19.6999 131 100 71
32.5000 -0.0000 -20.3855 117 90 63
33.5000 -0.0000 -21.2322 113 87 64
34.5000 -0.0000 -22.2184 104 79 57
35.5000 -0.0000 -23.2889 82 61 40
36.5000 -0.0000 -24.3569 76 58 38
37.5000 -0.0000 -25.3159 59 44 23
38.5000 -0.0000 -26.0612 57 45 23
39.5000 -0.0000 -26.5144 50 42 19
40.5000 -0.0000 -26.6418 52 46 20
41.5000 -0.0000 -26.4625 57 53 24
42.5000 -0.0000 -26.0424 52 51 21
43.5000 -0.0000 -25.4783 66 62 33
44.5000 -0.0000 -24.8765 76 66 39
45.5000 -0.0000 -24.3328 82 68 42
46.5000 -0.0000 -23.9184 85 71 45
47.5000 -0.0000 -23.6734 86 72 46
48.5000 -0.0000 -23.6092 82 70 46
49.5000 -0.0000 -23.7175 78 66 42
50.5000 -0.0000 -23.9807 75 63 41
51.5000 -0.0000 -24.3820 72 61 39
52.5000 -0.0000 -24.9128 71 60 38
53.5000 -0.0000 -25.5748 66 58 35
54.5000 -0.0000 -26.3796 62 54 33
55.5000 -0.0000 -27.3430 60 52 31
56.5000 -0.0000 -28.4780 59 51 32
57.5000 -0.0000 -29.7863 56 48 29
58.5000 -0.0000 -31.2535 50 43 24
59.5000 -0.0000 -32.8496 46 39 20
60.5000 -0.0000 -34.5388 36 31 12
61.5000 -0.0000 -36.2953 33 27 11
62.5000 -0.0000 -38.1208 30 24 10
63.5000 -0.0000 -40.0566 28 22 8
64.5000 -0.0000 -42.1887 28 22 10
65.5000 -0.0000 -44.6459 25 21 9
66.5000 -0.0000 -47.5954 20 18 6
67.5000 -0.0000 -51.2370 17 15 3
68.5000 -0.0000 -55.7925 18 18 10
69.5000 -0.0000 -61.4768 14 14 6
-97.5000 -1.0000 -83.6808 22 24 11
-96.5000 -1.0000 -67.1234 38 41 24
-95.5000 -1.0000 -53.6490 44 47 28
-94.5000 -1.0000 -43.5717 42 45 24
-93.5000 -1.0000 -36.6197 44 47 28
-92.5000 -1.0000 -32.1599 49 52 33
-91.5000 -1.0000 -29.4536 46 49 32
-90.5000 -1.0000 -27.8443 46 48 34
-89.5000 -1.0000 -26.8463 48 50 37
-88.5000 -1.0000 -26.1502 50 52 38
-87.5000 -1.0000 -25.5852 54 57 40
-86.5000 -1.0000 -25.0717 58 61 40
-85.5000 -1.0000 -24.5805 61 65 42
-84.5000 -1.0000 -24.1052 64 67 40
-83.5000 -1.0000 -23.6470 71 70 42
-82.5000 -1.0000 -23.2074 73 69 40
-81.5000 -1.0000 -22.7868 75 70 41
-80.5000 -1.0000 -22.3855 79 72 44
-79.5000 -1.0000 -22.0042 84 75 46
-78.5000 -1.0000 -21.6456 88 79 50
-77.5000 -1.0000 -21.3126 93 82 54
-76.5000 -1.0000 -21.0072 95 84 56
-75.5000 -1.0000 -20.7296 93 82 52
-74.5000 -1.0000 -20.4775 95 84 54
-73.5000 -1.0000 -20.2467 98 87 55
-72.5000 -1.0000 -20.0322 98 89 56
-71.5000 -1.0000 -19.8304 96 90 56
-70.5000 -1.0000 -19.6394 97 93 58
-69.5000 -1.0000 -19.4601 101 97 60
-68.5000 -1.0000 -19.2938 105 101 66
-67.5000 -1.0000 -19.1407 110 103 74
-66.5000 -1.0000 -18.9963 107 98 69
-65.5000 -1.0000 -18.8508 110 100 73
-64.5000 -1.0000 -18.6898 116 104 78
-63.5000 -1.0000 -18.4977 110 98 72
-62.5000 -1.0000 -18.2621 103 89 63
-61.5000 -1.0000 -17.9784 110 96 70
-60.5000 -1.0000 -17.6509 127 111 85
-59.5000 -1.0000 -17.2922 138 121 93
-58.5000 -1.0000 -16.9190 145 126 96
-57.5000 -1.0000 -16.5475 151 132 99
-56.5000 -1.0000 -16.1896 159 139 104
-55.5000 -1.0000 -15.8521 165 146 106
-54.5000 -1.0000 -15.5366 171 152 109
-53.5000 -1.0000 -15.2415 177 159 113
-52.5000 -1.0000 -14.9645 183 162 115
-51.5000 -1.0000 -14.7035 193 170 120
-50.5000 -1.0000 -14.4571 196 171 117
-49.5000 -1.0000 -14.2249 200 173 120
-48.5000 -1.0000 -14.0067 210 180 126
-47.5000 -1.0000 -13.8020 221 190 135
-46.5000 -1.0000 -13.6106 228 197 140
-45.5000 -1.0000 -13.4318 232 200 143
-44.5000 -1.0000 -13.2659 234 199 141
-43.5000 -1.0000 -13.1138 245 210 152
-42.5000 -1.0000 -12.9770 246 211 153
-41.5000 -1.0000 -12.8578 248 216 159
-40.5000 -1.0000 -12.7582 252 221 164
-39.5000 -1.0000 -12.6795 255 227 172
-38.5000 -1.0000 -12.6219 255 231 177
-37.5000 -1.0000 -12.5840 255 233 180
-36.5000 -1.0000 -12.5627 255 234 177
-35.5000 -1.0000 -12.5531 255 241 175
-34.5000 -1.0000 -12.5496 253 239 168
-33.5000 -1.0000 -12.5463 247 232 163
-32.5000 -1.0000 -12.5387 245 228 159
-31.5000 -1.0000 -12.5247 247 229 163
-30.5000 -1.0000 -12.5049 253 234 168
-29.5000 -1.0000 -12.4823 255 235 172
-28.5000 -1.0000 -12.4614 255 234 171
-27.5000 -1.0000 -12.4466 254 232 172
-26.5000 -1.0000 -12.4418 251 227 167
-25.5000 -1.0000 -12.4497 253 228 171
-24.5000 -1.0000 -12.4718 255 235 180
-23.5000 -1.0000 -12.5077 255 234 179
-22.5000 -1.0000 -12.5561 250 223 168
-21.5000 -1.0000 -12.6143 247 217 165
-20.5000 -1.0000 -12.6796 252 221 166
-19.5000 -1.0000 -12.7492 247 212 154
-18.5000 -1.0000 -12.8214 247 211 149
-17.5000 -1.0000 -12.8955 245 209 151
-16.5000 -1.0000 -12.9723 242 205 150
-15.5000 -1.0000 -13.0535 241 204 151
-14.5000 -1.0000 -13.1414 239 203 151
-13.5000 -1.0000 -13.2382 239 203 155
-12.5000 -1.0000 -13.3453 239 203 155
-11.5000 -1.0000 -13.4631 232 198 153
-10.5000 -1.0000 -13.5910 222 188 143
-9.5000 -1.0000 -13.7285 219 185 140
-8.5000 -1.0000 -13.8757 216 183 138
-7.5000 -1.0000 -14.0339 211 179 132
-6.5000 -1.0000 -14.2048 213 181 134
-5.5000 -1.0000 -14.3903 209 178 131
-4.5000 -1.0000 -14.5906 194 161 116
-3.5000 -1.0000 -14.8046 199 164 124
-2.5000 -1.0000 -15.0291 195 159 123
-1.5000 -1.0000 -15.2595 188 155 120
-0.5000 -1.0000 -15.4899 181 151 115
0.5000 -1.0000 -15.7137 174 148 115
1.5000 -1.0000 -15.9243 165 142 108
2.5000 -1.0000 -16.1159 154 135 102
3.5000 -1.0000 -16.2845 146 130 96
4.5000 -1.0000 -16.4284 143 129 94
5.5000 -1.0000 -16.5484 140 128 90
6.5000 -1.0000 -16.6473 137 125 85
7.5000 -1.0000 -16.7292 137 126 81
8.5000 -1.0000 -16.7991 139 126 81
9.5000 -1.0000 -16.8622 142 130 82
10.5000 -1.0000 -16.9236 144 130 81
11.5000 -1.0000 -16.9876 146 129 83
12.5000 -1.0000 -17.0578 144 124 87
13.5000 -1.0000 -17.1364 139 119 86
14.5000 -1.0000 -17.2242 138 118 85
15.5000 -1.0000 -17.3199 139 120 87
16.5000 -1.0000 -17.4204 135 119 85
17.5000 -1.0000 -17.5204 126 112 77
18.5000 -1.0000 -17.6140 123 109 74
19.5000 -1.0000 -17.6957 126 112 77
20.5000 -1.0000 -17.7626 126 112 77
21.5000 -1.0000 -17.8150 125 111 76
22.5000 -1.0000 -17.8573 125 109 75
23.5000 -1.0000 -17.8969 127 111 77
24.5000 -1.0000 -17.9431 131 112 79
25.5000 -1.0000 -18.0068 133 113 80
26.5000 -1.0000 -18.1000 132 109 77
27.5000 -1.0000 -18.2365 130 107 73
28.5000 -1.0000 -18.4336 132 108 70
29.5000 -1.0000 -18.7127 128 104 66
30.5000 -1.0000 -19.0988 129 105 69
31.5000 -1.0000 -19.6180 123 100 68
32.5000 -1.0000 -20.2908 113 89 61
33.5000 -1.0000 -21.1232 109 87 63
34.5000 -1.0000 -22.0963 102 82 58
35.5000 -1.0000 -23.1586 83 65 43
36.5000 -1.0000 -24.2266 78 61 41
37.5000 -1.0000 -25.1956 60 45 24
38.5000 -1.0000 -25.9601 57 45 23
39.5000 -1.0000 -26.4380 50 39 17
40.5000 -1.0000 -26.5907 50 43 17
41.5000 -1.0000 -26.4319 56 51 22
42.5000 -1.0000 -26.0238 53 48 19
43.5000 -1.0000 -25.4616 66 61 31
44.5000 -1.0000 -24.8527 75 65 38
45.5000 -1.0000 -24.2949 81 69 43
46.5000 -1.0000 -23.8620 86 74 48
47.5000 -1.0000 -23.5964 86 74 48
48.5000 -1.0000 -23.5114 81 69 43
49.5000 -1.0000 -23.5994 77 65 39
50.5000 -1.0000 -23.8430 74 64 39
51.5000 -1.0000 -24.2254 75 65 40
52.5000 -1.0000 -24.7374 75 64 42
53.5000 -1.0000 -25.3807 69 61 38
54.5000 -1.0000 -26.1667 63 55 34
55.5000 -1.0000 -27.1111 59 53 31
56.5000 -1.0000 -28.2267 57 51 29
57.5000 -1.0000 -29.5144 55 49 27
58.5000 -1.0000 -30.9587 51 45 23
59.5000 -1.0000 -32.5288 47 42 22
60.5000 -1.0000 -34.1893 33 30 11
61.5000 -1.0000 -35.9170 30 27 10
62.5000 -1.0000 -37.7196 27 24 9
63.5000 -1.0000 -39.6479 26 23 8
64.5000 -1.0000 -41.8010 27 23 11
65.5000 -1.0000 -44.3231 25 23 10
66.5000 -1.0000 -47.3971 22 20 8
67.5000 -1.0000 -51.2349 19 17 5
68.5000 -1.0000 -56.0619 20 17 10
-97.5000 -2.0000 -85.6324 20 20 8
-96.5000 -2.0000 -68.8090 36 37 23
-95.5000 -2.0000 -54.9767 46 45 27
-94.5000 -2.0000 -44.5194 45 44 24
-93.5000 -2.0000 -37.2234 49 48 28
-92.5000 -2.0000 -32.4894 56 55 35
-91.5000 -2.0000 -29.5869 48 47 29
-90.5000 -2.0000 -27.8504 49 47 32
-89.5000 -2.0000 -26.7771 51 47 35
-88.5000 -2.0000 -26.0402 53 51 36
-87.5000 -2.0000 -25.4552 56 55 37
-86.5000 -2.0000 -24.9330 61 60 39
-85.5000 -2.0000 -24.4387 64 64 40
-84.5000 -2.0000 -23.9631 67 66 38
-83.5000 -2.0000 -23.5065 72 68 41
-82.5000 -2.0000 -23.0706 74 69 40
-81.5000 -2.0000 -22.6564 76 69 41
-80.5000 -2.0000 -22.2646 78 71 43
-79.5000 -2.0000 -21.8969 84 75 46
-78.5000 -2.0000 -21.5557 89 78 50
-77.5000 -2.0000 -21.2436 94 83 55
-76.5000 -2.0000 -20.9619 96 85 57
-75.5000 -2.0000 -20.7088 91 77 50
-74.5000 -2.0000 -20.4801 93 82 52
-73.5000 -2.0000 -20.2694 97 86 56
-72.5000 -2.0000 -20.0703 99 88 58
-71.5000 -2.0000 -19.8779 98 89 58
-70.5000 -2.0000 -19.6909 100 91 60
-69.5000 -2.0000 -19.5109 102 96 62
-68.5000 -2.0000 -19.3406 107 98 67
-67.5000 -2.0000 -19.1810 113 102 74
-66.5000 -2.0000 -19.0278 109 97 71
-65.5000 -2.0000 -18.8707 113 99 73
-64.5000 -2.0000 -18.6940 117 103 77
-63.5000 -2.0000 -18.4817 109 95 69
-62.5000 -2.0000 -18.2223 100 84 59
-61.5000 -2.0000 -17.9132 110 94 68
-60.5000 -2.0000 -17.5620 131 114 86
-59.5000 -2.0000 -17.1845 148 128 101
-58.5000 -2.0000 -16.7992 151 130 99
-57.5000 -2.0000 -16.4226 156 133 101
-56.5000 -2.0000 -16.0655 161 138 104
-55.5000 -2.0000 -15.7326 167 145 106
-54.5000 -2.0000 -15.4237 170 151 109
-53.5000 -2.0000 -15.1359 173 154 111
-52.5000 -2.0000 -14.8659 177 156 109
-51.5000 -2.0000 -14.6110 192 169 117
-50.5000 -2.0000 -14.3698 196 169 116
-49.5000 -2.0000 -14.1414 203 173 119
-48.5000 -2.0000 -13.9253 213 182 128
-47.5000 -2.0000 -13.7212 225 192 138
-46.5000 -2.0000 -13.5288 232 200 143
-45.5000 -2.0000 -13.3481 236 201 145
-44.5000 -2.0000 -13.1799 236 201 145
-43.5000 -2.0000 -13.0257 246 214 157
-42.5000 -2.0000 -12.8879 244 213 156
-41.5000 -2.0000 -12.7689 246 217 159
-40.5000 -2.0000 -12.6709 252 223 165
-39.5000 -2.0000 -12.5948 255 232 175
-38.5000 -2.0000 -12.5402 255 236 179
-37.5000 -2.0000 -12.5050 255 237 181
-36.5000 -2.0000 -12.4859 255 236 178
-35.5000 -2.0000 -12.4780 255 241 175
-34.5000 -2.0000 -12.4760 253 238 169
-33.5000 -2.0000 -12.4749 249 234 165
-32.5000 -2.0000 -12.4707 250 235 166
-31.5000 -2.0000 -12.4617 253 238 171
-30.5000 -2.0000 -12.4487 255 239 173
-29.5000 -2.0000 -12.4343 255 241 177
-28.5000 -2.0000 -12.4220 255 241 178
-27.5000 -2.0000 -12.4156 255 239 176
-26.5000 -2.0000 -12.4183 249 227 167
-25.5000 -2.0000 -12.4325 251 226 169
-24.5000 -2.0000 -12.4591 255 237 180
-23.5000 -2.0000 -12.4979 255 234 177
-22.5000 -2.0000 -12.5476 246 217 161
-21.5000 -2.0000 -12.6058 241 211 157
-20.5000 -2.0000 -12.6699 250 219 164
-19.5000 -2.0000 -12.7375 249 214 156
-18.5000 -2.0000 -12.8071 248 212 152
-17.5000 -2.0000 -12.8784 247 211 153
-16.5000 -2.0000 -12.9522 245 208 153
-15.5000 -2.0000 -13.0304 243 208 154
-14.5000 -2.0000 -13.1151 242 206 154
-13.5000 -2.0000 -13.2086 243 207 157
-12.5000 -2.0000 -13.3123 241 207 159
-11.5000 -2.0000 -13.4268 233 199 153
-10.5000 -2.0000 -13.5520 227 193 148
-9.5000 -2.0000 -13.6881 223 190 145
-8.5000 -2.0000 -13.8359 215 182 137
-7.5000 -2.0000 -13.9974 207 175 128
-6.5000 -2.0000 -14.1749 211 179 132
-5.5000 -2.0000 -14.3704 206 175 128
-4.5000 -2.0000 -14.5841 187 156 110
-3.5000 -2.0000 -14.8143 185 152 111
-2.5000 -2.0000 -15.0566 183 151 113
-1.5000 -2.0000 -15.3049 179 149 113
-0.5000 -2.0000 -15.5514 175 149 114
0.5000 -2.0000 -15.7878 171 146 115
1.5000 -2.0000 -16.0062 161 141 108
2.5000 -2.0000 -16.2004 147 131 98
3.5000 -2.0000 -16.3667 137 122 89
4.5000 -2.0000 -16.5044 142 129 94
5.5000 -2.0000 -16.6158 138 125 90
6.5000 -2.0000 -16.7053 136 124 84
7.5000 -2.0000 -16.7782 138 125 83
8.5000 -2.0000 -16.8406 141 128 84
9.5000 -2.0000 -16.8980 145 131 86
10.5000 -2.0000 -16.9553 144 130 85
11.5000 -2.0000 -17.0163 144 127 84
12.5000 -2.0000 -17.0835 137 117 82
13.5000 -2.0000 -17.1583 134 114 81
14.5000 -2.0000 -17.2406 138 118 85
15.5000 -2.0000 -17.3293 145 126 93
16.5000 -2.0000 -17.4216 143 124 91
17.5000 -2.0000 -17.5133 129 113 79
18.5000 -2.0000 -17.5990 120 104 70
19.5000 -2.0000 -17.6737 118 104 69
20.5000 -2.0000 -17.7344 129 113 79
21.5000 -2.0000 -17.7818 126 110 76
22.5000 -2.0000 -17.8202 123 107 73
23.5000 -2.0000 -17.8573 126 107 74
24.5000 -2.0000 -17.9026 128 109 76
25.5000 -2.0000 -17.9666 131 111 78
26.5000 -2.0000 -18.0605 131 111 78
27.5000 -2.0000 -18.1970 130 110 77
28.5000 -2.0000 -18.3919 130 110 73
29.5000 -2.0000 -18.6651 125 105 68
30.5000 -2.0000 -19.0409 123 105 69
31.5000 -2.0000 -19.5450 117 98 66
32.5000 -2.0000 -20.1988 106 87 57
33.5000 -2.0000 -21.0106 105 88 62
34.5000 -2.0000 -21.9652 100 84 59
35.5000 -2.0000 -23.0163 84 69 46
36.5000 -2.0000 -24.0850 79 64 43
37.5000 -2.0000 -25.0690 59 47 25
38.5000 -2.0000 -25.8622 55 44 22
39.5000 -2.0000 -26.3781 48 37 15
40.5000 -2.0000 -26.5708 48 41 15
41.5000 -2.0000 -26.4466 55 48 22
42.5000 -2.0000 -26.0615 53 46 18
43.5000 -2.0000 -25.5079 67 60 32
44.5000 -2.0000 -24.8932 75 63 39
45.5000 -2.0000 -24.3183 82 70 46
46.5000 -2.0000 -23.8610 88 76 52
47.5000 -2.0000 -23.5677 87 75 51
48.5000 -2.0000 -23.4552 81 69 43
49.5000 -2.0000 -23.5180 76 64 38
50.5000 -2.0000 -23.7399 75 63 39
51.5000 -2.0000 -24.1040 77 67 42
52.5000 -2.0000 -24.6005 78 67 45
53.5000 -2.0000 -25.2304 72 61 39
54.5000 -2.0000 -26.0037 64 56 35
55.5000 -2.0000 -26.9351 60 52 31
56.5000 -2.0000 -28.0356 58 50 31
57.5000 -2.0000 -29.3044 56 48 29
58.5000 -2.0000 -30.7243 53 45 26
59.5000 -2.0000 -32.2639 49 42 24
60.5000 -2.0000 -33.8889 32 29 12
61.5000 -2.0000 -35.5804 28 26 11
62.5000 -2.0000 -37.3525 26 24 11
63.5000 -2.0000 -39.2658 25 23 10
64.5000 -2.0000 -41.4320 26 24 12
65.5000 -2.0000 -44.0101 26 24 12
66.5000 -2.0000 -47.1987 23 21 9
67.5000 -2.0000 -51.2225 21 18 9
68.5000 -2.0000 -56.3095 17 17 9
-97.5000 -3.0000 -87.7730 24 17 11
-96.5000 -3.0000 -70.6943 41 35 23
-95.5000 -3.0000 -56.4931 51 44 28
-94.5000 -3.0000 -45.6289 53 45 26
-93.5000 -3.0000 -37.9548 58 47 29
-92.5000 -3.0000 -32.9128 65 54 34
-91.5000 -3.0000 -29.7858 57 46 28
-90.5000 -3.0000 -27.9014 59 48 30
-89.5000 -3.0000 -26.7396 62 49 33
-88.5000 -3.0000 -25.9550 61 49 33
-87.5000 -3.0000 -25.3478 60 52 33
-86.5000 -3.0000 -24.8175 62 54 31
-85.5000 -3.0000 -24.3220 68 61 35
-84.5000 -3.0000 -23.8481 72 65 37
-83.5000 -3.0000 -23.3940 80 70 43
-82.5000 -3.0000 -22.9612 81 71 44
-81.5000 -3.0000 -22.5512 82 72 45
-80.5000 -3.0000 -22.1658 85 73 47
-79.5000 -3.0000 -21.8077 87 75 49
-78.5000 -3.0000 -21.4798 92 78 52
-77.5000 -3.0000 -21.1847 94 80 54
-76.5000 -3.0000 -20.9226 96 82 56
-75.5000 -3.0000 -20.6905 96 80 55
-74.5000 -3.0000 -20.4820 99 83 57
-73.5000 -3.0000 -20.2888 101 85 59
-72.5000 -3.0000 -20.1028 101 85 59
-71.5000 -3.0000 -19.9185 101 85 59
-70.5000 -3.0000 -19.7344 102 86 60
-69.5000 -3.0000 -19.5527 105 89 63
-68.5000 -3.0000 -19.3772 109 92 66
-67.5000 -3.0000 -19.2095 120 100 73
-66.5000 -3.0000 -19.0456 116 95 66
-65.5000 -3.0000 -18.8749 112 93 63
-64.5000 -3.0000 -18.6814 111 92 60
-63.5000 -3.0000 -18.4493 110 91 59
-62.5000 -3.0000 -18.1681 112 93 61
-61.5000 -3.0000 -17.8377 129 106 74
-60.5000 -3.0000 -17.4685 145 121 87
-59.5000 -3.0000 -17.0785 152 126 93
-58.5000 -3.0000 -16.6871 158 129 95
-57.5000 -3.0000 -16.3104 163 135 98
-56.5000 -3.0000 -15.9577 167 139 100
-55.5000 -3.0000 -15.6317 168 145 103
-54.5000 -3.0000 -15.3306 173 152 107
-53.5000 -3.0000 -15.0504 177 160 114
-52.5000 -3.0000 -14.7873 184 166 116
-51.5000 -3.0000 -14.5382 206 180 129
-50.5000 -3.0000 -14.3014 215 185 133
-49.5000 -3.0000 -14.0760 219 186 135
-48.5000 -3.0000 -13.8614 220 184 134
-47.5000 -3.0000 -13.6572 227 190 138
-46.5000 -3.0000 -13.4634 239 202 150
-45.5000 -3.0000 -13.2805 245 208 156
-44.5000 -3.0000 -13.1098 242 207 153
-43.5000 -3.0000 -12.9537 244 215 159
-42.5000 -3.0000 -12.8151 250 226 166
-41.5000 -3.0000 -12.6968 255 235 175
-40.5000 -3.0000 -12.6010 255 238 177
-39.5000 -3.0000 -12.5283 255 237 175
-38.5000 -3.0000 -12.4775 253 235 173
-37.5000 -3.0000 -12.4461 255 236 177
-36.5000 -3.0000 -12.4298 255 240 179
-35.5000 -3.0000 -12.4240 255 235 170
-34.5000 -3.0000 -12.4235 255 247 182
-33.5000 -3.0000 -12.4236 255 240 175
-32.5000 -3.0000 -12.4213 250 231 165
-31.5000 -3.0000 -12.4154 255 237 171
-30.5000 -3.0000 -12.4067 255 239 173
-29.5000 -3.0000 -12.3976 252 234 168
-28.5000 -3.0000 -12.3914 255 237 171
-27.5000 -3.0000 -12.3910 254 236 170
-26.5000 -3.0000 -12.3992 251 231 168
-25.5000 -3.0000 -12.4178 252 232 169
-24.5000 -3.0000 -12.4477 255 237 174
-23.5000 -3.0000 -12.4886 255 233 171
-22.5000 -3.0000 -12.5392 248 222 161
-21.5000 -3.0000 -12.5973 241 215 154
-20.5000 -3.0000 -12.6604 242 213 153
-19.5000 -3.0000 -12.7264 250 220 160
-18.5000 -3.0000 -12.7939 249 217 158
-17.5000 -3.0000 -12.8628 246 216 156
-16.5000 -3.0000 -12.9340 246 215 158
-15.5000 -3.0000 -13.0093 244 213 158
-14.5000 -3.0000 -13.0911 239 208 154
-13.5000 -3.0000 -13.1814 231 201 147
-12.5000 -3.0000 -13.2819 225 195 143
-11.5000 -3.0000 -13.3934 224 194 144
-10.5000 -3.0000 -13.5166 220 192 144
-9.5000 -3.0000 -13.6522 218 190 142
-8.5000 -3.0000 -13.8020 218 190 142
-7.5000 -3.0000 -13.9683 217 190 143
-6.5000 -3.0000 -14.1541 213 186 139
-5.5000 -3.0000 -14.3614 206 179 132
-4.5000 -3.0000 -14.5903 199 172 127
-3.5000 -3.0000 -14.8383 193 168 127
-2.5000 -3.0000 -15.0997 179 155 117
-1.5000 -3.0000 -15.3667 168 146 109
-0.5000 -3.0000 -15.6292 166 146 113
0.5000 -3.0000 -15.8773 163 144 114
1.5000 -3.0000 -16.1019 153 136 108
2.5000 -3.0000 -16.2964 144 129 100
3.5000 -3.0000 -16.4579 141 128 96
4.5000 -3.0000 -16.5871 141 128 94
5.5000 -3.0000 -16.6880 141 128 93
6.5000 -3.0000 -16.7667 141 127 90
7.5000 -3.0000 -16.8298 141 127 88
8.5000 -3.0000 -16.8842 141 126 87
9.5000 -3.0000 -16.9357 142 124 86
10.5000 -3.0000 -16.9887 141 123 87
11.5000 -3.0000 -17.0462 141 123 87
12.5000 -3.0000 -17.1098 145 125 92
13.5000 -3.0000 -17.1797 140 121 89
14.5000 -3.0000 -17.2555 136 117 85
15.5000 -3.0000 -17.3359 134 115 83
16.5000 -3.0000 -17.4188 133 114 82
17.5000 -3.0000 -17.5010 131 112 80
18.5000 -3.0000 -17.5782 127 108 76
19.5000 -3.0000 -17.6461 122 106 73
20.5000 -3.0000 -17.7023 116 97 65
21.5000 -3.0000 -17.7474 120 101 69
22.5000 -3.0000 -17.7860 127 108 76
23.5000 -3.0000 -17.8255 132 113 81
24.5000 -3.0000 -17.8749 135 116 84
25.5000 -3.0000 -17.9438 136 117 85
26.5000 -3.0000 -18.0421 134 115 83
27.5000 -3.0000 -18.1809 133 114 82
28.5000 -3.0000 -18.3743 124 108 75
29.5000 -3.0000 -18.6408 130 114 81
30.5000 -3.0000 -19.0037 129 113 80
31.5000 -3.0000 -19.4886 122 105 75
32.5000 -3.0000 -20.1179 115 98 70
33.5000 -3.0000 -20.9030 110 94 68
34.5000 -3.0000 -21.8335 102 86 61
35.5000 -3.0000 -22.8692 92 78 52
36.5000 -3.0000 -23.9371 84 69 46
37.5000 -3.0000 -24.9389 62 50 28
38.5000 -3.0000 -25.7680 49 38 16
39.5000 -3.0000 -26.3332 53 42 22
40.5000 -3.0000 -26.5799 55 44 24
41.5000 -3.0000 -26.5046 52 41 21
42.5000 -3.0000 -26.1549 58 47 27
43.5000 -3.0000 -25.6183 71 60 40
44.5000 -3.0000 -25.0016 78 65 46
45.5000 -3.0000 -24.4088 82 67 48
46.5000 -3.0000 -23.9227 86 71 50
47.5000 -3.0000 -23.5959 89 74 53
48.5000 -3.0000 -23.4499 90 75 52
49.5000 -3.0000 -23.4831 89 74 51
50.5000 -3.0000 -23.6808 87 72 49
51.5000 -3.0000 -24.0263 83 71 47
52.5000 -3.0000 -24.5090 78 66 44
53.5000 -3.0000 -25.1282 75 63 41
54.5000 -3.0000 -25.8921 70 57 38
55.5000 -3.0000 -26.8134 67 54 37
56.5000 -3.0000 -27.9010 64 51 35
57.5000 -3.0000 -29.1518 59 46 30
58.5000 -3.0000 -30.5471 53 39 26
59.5000 -3.0000 -32.0555 47 35 23
60.5000 -3.0000 -33.6451 34 28 16
61.5000 -3.0000 -35.3008 33 29 18
62.5000 -3.0000 -37.0431 34 30 19
63.5000 -3.0000 -38.9407 33 29 18
64.5000 -3.0000 -41.1152 31 28 19
65.5000 -3.0000 -43.7386 29 26 17
66.5000 -3.0000 -47.0237 24 24 14
67.5000 -3.0000 -51.2074 22 22 14
68.5000 -3.0000 -56.5209 15 16 8
69.5000 -3.0000 -63.1403 13 14 8
-97.5000 -4.0000 -89.9207 21 14 8
-96.5000 -4.0000 -72.6454 38 29 20
-95.5000 -4.0000 -58.1111 49 40 25
-94.5000 -4.0000 -46.8517 53 42 24
-93.5000 -4.0000 -38.7925 57 44 25
-92.5000 -4.0000 -33.4248 63 51 29
-91.5000 -4.0000 -30.0526 62 47 28
-90.5000 -4.0000 -28.0015 64 49 30
-89.5000 -4.0000 -26.7369 66 50 34
-88.5000 -4.0000 -25.8953 64 51 32
-87.5000 -4.0000 -25.2606 64 51 32
-86.5000 -4.0000 -24.7201 65 55 30
-85.5000 -4.0000 -24.2234 70 60 33
-84.5000 -4.0000 -23.7519 74 65 36
-83.5000 -4.0000 -23.3009 80 68 42
-82.5000 -4.0000 -22.8709 81 69 43
-81.5000 -4.0000 -22.4639 82 70 44
-80.5000 -4.0000 -22.0828 85 73 47
-79.5000 -4.0000 -21.7313 90 76 50
-78.5000 -4.0000 -21.4133 93 79 53
-77.5000 -4.0000 -21.1314 96 80 55
-76.5000 -4.0000 -20.8851 98 82 57
-75.5000 -4.0000 -20.6702 97 81 56
-74.5000 -4.0000 -20.4784 99 83 58
-73.5000 -4.0000 -20.2999 102 84 60
-72.5000 -4.0000 -20.1250 102 84 60
-71.5000 -4.0000 -19.9474 104 84 60
-70.5000 -4.0000 -19.7653 105 85 61
-69.5000 -4.0000 -19.5814 108 88 64
-68.5000 -4.0000 -19.4000 113 91 67
-67.5000 -4.0000 -19.2234 120 96 68
-66.5000 -4.0000 -19.0480 116 93 62
-65.5000 -4.0000 -18.8628 115 92 61
-64.5000 -4.0000 -18.6524 114 94 61
-63.5000 -4.0000 -18.4015 114 94 61
-62.5000 -4.0000 -18.1013 116 96 61
-61.5000 -4.0000 -17.7539 133 109 75
-60.5000 -4.0000 -17.3719 149 123 88
-59.5000 -4.0000 -16.9747 156 126 90
-58.5000 -4.0000 -16.5821 162 130 92
-57.5000 -4.0000 -16.2093 167 135 97
-56.5000 -4.0000 -15.8638 169 140 100
-55.5000 -4.0000 -15.5466 170 145 104
-54.5000 -4.0000 -15.2544 174 153 108
-53.5000 -4.0000 -14.9825 178 161 115
-52.5000 -4.0000 -14.7265 184 166 116
-51.5000 -4.0000 -14.4833 194 168 117
-50.5000 -4.0000 -14.2511 207 177 125
-49.5000 -4.0000 -14.0286 219 186 135
-48.5000 -4.0000 -13.8153 227 191 141
-47.5000 -4.0000 -13.6109 234 196 147
-46.5000 -4.0000 -13.4156 242 202 153
-45.5000 -4.0000 -13.2304 239 202 150
-44.5000 -4.0000 -13.0573 230 197 144
-43.5000 -4.0000 -12.8994 245 219 162
-42.5000 -4.0000 -12.7601 250 228 170
-41.5000 -4.0000 -12.6428 255 238 176
-40.5000 -4.0000 -12.5496 255 240 178
-39.5000 -4.0000 -12.4805 251 237 174
-38.5000 -4.0000 -12.4340 249 235 172
-37.5000 -4.0000 -12.4065 251 235 173
-36.5000 -4.0000 -12.3936 255 238 174
-35.5000 -4.0000 -12.3901 251 227 165
-34.5000 -4.0000 -12.3908 255 238 174
-33.5000 -4.0000 -12.3917 255 236 172
-32.5000 -4.0000 -12.3901 253 232 167
-31.5000 -4.0000 -12.3854 255 239 174
-30.5000 -4.0000 -12.3788 255 240 174
-29.5000 -4.0000 -12.3726 249 231 165
-28.5000 -4.0000 -12.3698 247 229 163
-27.5000 -4.0000 -12.3729 253 235 169
-26.5000 -4.0000 -12.3844 250 232 166
-25.5000 -4.0000 -12.4057 252 233 167
-24.5000 -4.0000 -12.4376 255 236 170
-23.5000 -4.0000 -12.4797 255 231 167
-22.5000 -4.0000 -12.5308 247 223 159
-21.5000 -4.0000 -12.5887 245 220 156
-20.5000 -4.0000 -12.6511 249 224 160
-19.5000 -4.0000 -12.7159 247 217 157
-18.5000 -4.0000 -12.7819 245 215 155
-17.5000 -4.0000 -12.8489 243 214 156
-16.5000 -4.0000 -12.9179 242 213 155
-15.5000 -4.0000 -12.9907 242 213 157
-14.5000 -4.0000 -13.0697 239 210 154
-13.5000 -4.0000 -13.1571 232 205 150
-12.5000 -4.0000 -13.2545 227 200 145
-11.5000 -4.0000 -13.3634 222 196 145
-10.5000 -4.0000 -13.4850 220 194 143
-9.5000 -4.0000 -13.6208 217 191 142
-8.5000 -4.0000 -13.7732 214 188 139
-7.5000 -4.0000 -13.9453 209 185 137
-6.5000 -4.0000 -14.1404 205 181 133
-5.5000 -4.0000 -14.3607 200 176 130
-4.5000 -4.0000 -14.6061 196 173 129
-3.5000 -4.0000 -14.8732 185 164 121
-2.5000 -4.0000 -15.1549 172 153 113
-1.5000 -4.0000 -15.4409 161 143 107
-0.5000 -4.0000 -15.7194 157 141 108
0.5000 -4.0000 -15.9781 153 136 108
1.5000 -4.0000 -16.2070 144 128 102
2.5000 -4.0000 -16.3995 136 122 95
3.5000 -4.0000 -16.5537 135 121 92
4.5000 -4.0000 -16.6721 142 129 97
5.5000 -4.0000 -16.7606 141 128 93
6.5000 -4.0000 -16.8271 140 126 91
7.5000 -4.0000 -16.8795 138 124 87
8.5000 -4.0000 -16.9252 140 122 86
9.5000 -4.0000 -16.9701 139 121 85
10.5000 -4.0000 -17.0181 140 119 88
11.5000 -4.0000 -17.0713 140 119 88
12.5000 -4.0000 -17.1303 131 112 80
13.5000 -4.0000 -17.1944 127 111 78
14.5000 -4.0000 -17.2626 128 109 77
15.5000 -4.0000 -17.3339 128 112 79
16.5000 -4.0000 -17.4070 134 115 83
17.5000 -4.0000 -17.4796 134 118 85
18.5000 -4.0000 -17.5487 135 116 84
19.5000 -4.0000 -17.6113 131 115 82
20.5000 -4.0000 -17.6655 121 102 70
21.5000 -4.0000 -17.7123 122 106 73
22.5000 -4.0000 -17.7559 129 110 78
23.5000 -4.0000 -17.8032 130 114 81
24.5000 -4.0000 -17.8623 133 114 82
25.5000 -4.0000 -17.9413 130 114 81
26.5000 -4.0000 -18.0484 129 110 78
27.5000 -4.0000 -18.1926 125 109 76
28.5000 -4.0000 -18.3863 121 106 75
29.5000 -4.0000 -18.6465 125 112 80
30.5000 -4.0000 -18.9952 125 112 80
31.5000 -4.0000 -19.4579 117 104 72
32.5000 -4.0000 -20.0585 111 97 68
33.5000 -4.0000 -20.8116 107 93 64
34.5000 -4.0000 -21.7124 98 86 60
35.5000 -4.0000 -22.7276 89 77 51
36.5000 -4.0000 -23.7915 81 71 46
37.5000 -4.0000 -24.8109 63 53 28
38.5000 -4.0000 -25.6803 49 41 20
39.5000 -4.0000 -26.3034 51 43 22
40.5000 -4.0000 -26.6163 52 44 25
41.5000 -4.0000 -26.6036 49 41 22
42.5000 -4.0000 -26.3021 55 47 28
43.5000 -4.0000 -25.7924 70 59 41
44.5000 -4.0000 -25.1793 80 67 50
45.5000 -4.0000 -24.5698 84 68 52
46.5000 -4.0000 -24.0527 85 70 51
47.5000 -4.0000 -23.6879 86 71 52
48.5000 -4.0000 -23.5038 84 69 48
49.5000 -4.0000 -23.5032 81 66 43
50.5000 -4.0000 -23.6739 77 62 39
51.5000 -4.0000 -23.9996 74 59 36
52.5000 -4.0000 -24.4683 77 62 41
53.5000 -4.0000 -25.0771 74 59 38
54.5000 -4.0000 -25.8321 71 55 39
55.5000 -4.0000 -26.7435 68 52 36
56.5000 -4.0000 -27.8180 65 49 36
57.5000 -4.0000 -29.0511 60 44 31
58.5000 -4.0000 -30.4233 53 36 26
59.5000 -4.0000 -31.9044 45 32 23
60.5000 -4.0000 -33.4646 32 25 15
61.5000 -4.0000 -35.0929 30 26 17
62.5000 -4.0000 -36.8141 30 26 17
63.5000 -4.0000 -38.7021 30 26 17
64.5000 -4.0000 -40.8853 27 24 17
65.5000 -4.0000 -43.5457 24 21 14
66.5000 -4.0000 -46.9091 19 19 11
67.5000 -4.0000 -51.2247 17 18 10
68.5000 -4.0000 -56.7280 15 16 10
69.5000 -4.0000 -63.5822 12 15 8
-96.5000 -5.0000 -74.6451 30 26 15
-95.5000 -5.0000 -59.8353 43 37 21
-94.5000 -5.0000 -48.2069 48 41 22
-93.5000 -5.0000 -39.7617 53 45 24
-92.5000 -5.0000 -34.0508 56 48 27
-91.5000 -5.0000 -30.4094 62 51 33
-90.5000 -5.0000 -28.1683 64 53 35
-89.5000 -5.0000 -26.7818 66 55 37
-88.5000 -5.0000 -25.8692 64 56 35
-87.5000 -5.0000 -25.1977 64 56 35
-86.5000 -5.0000 -24.6416 64 58 32
-85.5000 -5.0000 -24.1407 67 63 34
-84.5000 -5.0000 -23.6703 72 67 37
-83.5000 -5.0000 -23.2221 77 67 40
-82.5000 -5.0000 -22.7947 79 67 41
-81.5000 -5.0000 -22.3902 82 70 44
-80.5000 -5.0000 -22.0122 86 74 48
-79.5000 -5.0000 -21.6656 91 77 51
-78.5000 -5.0000 -21.3550 94 80 54
-77.5000 -5.0000 -21.0832 97 83 57
-76.5000 -5.0000 -20.8492 98 84 58
-75.5000 -5.0000 -20.6476 98 82 57
-74.5000 -5.0000 -20.4691 100 84 59
-73.5000 -5.0000 -20.3021 102 84 60
-72.5000 -5.0000 -20.1360 102 84 60
-71.5000 -5.0000 -19.9635 101 83 59
-70.5000 -5.0000 -19.7828 103 85 61
-69.5000 -5.0000 -19.5964 109 89 65
-68.5000 -5.0000 -19.4093 113 93 68
-67.5000 -5.0000 -19.2239 120 99 72
-66.5000 -5.0000 -19.0369 117 96 65
-65.5000 -5.0000 -18.8378 117 96 65
-64.5000 -5.0000 -18.6113 117 98 65
-63.5000 -5.0000 -18.3433 116 97 64
-62.5000 -5.0000 -18.0270 117 99 63
-61.5000 -5.0000 -17.6664 132 109 75
-60.5000 -5.0000 -17.2759 147 123 87
-59.5000 -5.0000 -16.8757 158 130 93
-58.5000 -5.0000 -16.4855 163 133 95
-57.5000 -5.0000 -16.1192 167 137 99
-56.5000 -5.0000 -15.7827 170 142 102
-55.5000 -5.0000 -15.4755 171 148 106
-54.5000 -5.0000 -15.1931 173 155 109
-53.5000 -5.0000 -14.9301 177 163 116
-52.5000 -5.0000 -14.6819 185 169 120
-51.5000 -5.0000 -14.4451 187 164 112
-50.5000 -5.0000 -14.2177 200 173 120
-49.5000 -5.0000 -13.9985 215 183 132
-48.5000 -5.0000 -13.7867 226 190 140
-47.5000 -5.0000 -13.5822 234 196 147
-46.5000 -5.0000 -13.3855 241 201 152
-45.5000 -5.0000 -13.1982 237 200 148
-44.5000 -5.0000 -13.0229 229 196 143
-43.5000 -5.0000 -12.8633 250 224 167
-42.5000 -5.0000 -12.7236 254 232 174
-41.5000 -5.0000 -12.6072 255 240 178
-40.5000 -5.0000 -12.5163 255 241 179
-39.5000 -5.0000 -12.4507 252 238 175
-38.5000 -5.0000 -12.4081 249 235 172
-37.5000 -5.0000 -12.3846 250 234 172
-36.5000 -5.0000 -12.3748 254 236 172
-35.5000 -5.0000 -12.3734 250 226 164
-34.5000 -5.0000 -12.3751 255 231 167
-33.5000 -5.0000 -12.3762 252 228 164
-32.5000 -5.0000 -12.3744 248 227 162
-31.5000 -5.0000 -12.3695 255 236 171
-30.5000 -5.0000 -12.3633 255 238 172
-29.5000 -5.0000 -12.3580 249 231 165
-28.5000 -5.0000 -12.3564 246 228 162
-27.5000 -5.0000 -12.3611 252 234 168
-26.5000 -5.0000 -12.3740 251 233 167
-25.5000 -5.0000 -12.3966 253 234 168
-24.5000 -5.0000 -12.4293 255 236 170
-23.5000 -5.0000 -12.4720 253 229 165
-22.5000 -5.0000 -12.5231 247 223 159
-21.5000 -5.0000 -12.5808 250 225 161
-20.5000 -5.0000 -12.6427 255 232 168
-19.5000 -5.0000 -12.7067 246 216 156
-18.5000 -5.0000 -12.7716 243 213 153
-17.5000 -5.0000 -12.8372 240 211 153
-16.5000 -5.0000 -12.9043 239 210 152
-15.5000 -5.0000 -12.9749 240 211 155
-14.5000 -5.0000 -13.0513 239 210 154
-13.5000 -5.0000 -13.1358 234 207 152
-12.5000 -5.0000 -13.2304 231 204 149
-11.5000 -5.0000 -13.3368 224 198 147
-10.5000 -5.0000 -13.4569 222 196 145
-9.5000 -5.0000 -13.5931 218 192 143
-8.5000 -5.0000 -13.7483 211 185 136
-7.5000 -5.0000 -13.9265 202 178 130
-6.5000 -5.0000 -14.1314 198 174 126
-5.5000 -5.0000 -14.3654 196 172 126
-4.5000 -5.0000 -14.6281 195 172 128
-3.5000 -5.0000 -14.9151 183 162 119
-2.5000 -5.0000 -15.2175 171 152 112
-1.5000 -5.0000 -15.5228 161 143 107
-0.5000 -5.0000 -15.8164 154 138 105
0.5000 -5.0000 -16.0844 147 130 102
1.5000 -5.0000 -16.3157 137 121 95
2.5000 -5.0000 -16.5040 132 118 91
3.5000 -5.0000 -16.6487 134 120 91
4.5000 -5.0000 -16.7544 140 127 95
5.5000 -5.0000 -16.8290 139 126 91
6.5000 -5.0000 -16.8821 137 123 88
7.5000 -5.0000 -16.9230 135 121 84
8.5000 -5.0000 -16.9594 137 119 83
9.5000 -5.0000 -16.9972 137 119 83
10.5000 -5.0000 -17.0396 139 118 87
11.5000 -5.0000 -17.0879 138 119 87
12.5000 -5.0000 -17.1417 130 114 81
13.5000 -5.0000 -17.1994 127 112 79
14.5000 -5.0000 -17.2600 127 111 78
15.5000 -5.0000 -17.3226 127 112 79
16.5000 -5.0000 -17.3866 131 115 82
17.5000 -5.0000 -17.4509 131 116 83
18.5000 -5.0000 -17.5140 131 115 82
19.5000 -5.0000 -17.5739 128 113 80
20.5000 -5.0000 -17.6296 126 110 77
21.5000 -5.0000 -17.6824 127 112 79
22.5000 -5.0000 -17.7361 130 114 81
23.5000 -5.0000 -17.7967 130 115 82
24.5000 -5.0000 -17.8708 130 114 81
25.5000 -5.0000 -17.9648 126 111 78
26.5000 -5.0000 -18.0848 123 107 74
27.5000 -5.0000 -18.2377 120 105 72
28.5000 -5.0000 -18.4340 116 105 73
29.5000 -5.0000 -18.6888 120 109 77
30.5000 -5.0000 -19.0231 118 109 76
31.5000 -5.0000 -19.4622 111 102 69
32.5000 -5.0000 -20.0312 107 98 67
33.5000 -5.0000 -20.7480 104 95 64
34.5000 -5.0000 -21.6137 94 87 59
35.5000 -5.0000 -22.6027 85 78 50
36.5000 -5.0000 -23.6579 78 72 46
37.5000 -5.0000 -24.6927 63 57 31
38.5000 -5.0000 -25.6033 51 45 23
39.5000 -5.0000 -26.2896 51 45 23
40.5000 -5.0000 -26.6778 49 44 24
41.5000 -5.0000 -26.7393 46 41 21
42.5000 -5.0000 -26.4980 52 47 27
43.5000 -5.0000 -26.0253 63 56 37
44.5000 -5.0000 -25.4230 71 60 42
45.5000 -5.0000 -24.8000 75 62 45
46.5000 -5.0000 -24.2521 79 66 47
47.5000 -5.0000 -23.8474 83 70 51
48.5000 -5.0000 -23.6219 84 72 50
49.5000 -5.0000 -23.5844 82 70 48
50.5000 -5.0000 -23.7256 80 68 44
51.5000 -5.0000 -24.0295 78 66 42
52.5000 -5.0000 -24.4827 72 60 38
53.5000 -5.0000 -25.0798 70 58 36
54.5000 -5.0000 -25.8243 68 55 38
55.5000 -5.0000 -26.7242 66 53 36
56.5000 -5.0000 -27.7845 64 50 37
57.5000 -5.0000 -29.0002 58 44 31
58.5000 -5.0000 -30.3526 50 36 25
59.5000 -5.0000 -31.8131 43 30 21
60.5000 -5.0000 -33.3550 35 28 18
61.5000 -5.0000 -34.9695 33 29 20
62.5000 -5.0000 -36.6836 31 28 19
63.5000 -5.0000 -38.5732 29 26 17
64.5000 -5.0000 -40.7708 27 24 17
65.5000 -5.0000 -43.4665 24 21 14
66.5000 -5.0000 -46.8985 19 19 11
67.5000 -5.0000 -51.3299 16 17 9
68.5000 -5.0000 -57.0032 15 16 10
69.5000 -5.0000 -64.0722 12 15 8
-96.5000 -6.0000 -76.8662 23 25 12
-95.5000 -6.0000 -61.8170 38 37 19
-94.5000 -6.0000 -49.8176 45 44 23
-93.5000 -6.0000 -40.9567 51 46 26
-92.5000 -6.0000 -34.8589 53 48 26
-91.5000 -6.0000 -30.9035 60 53 34
-90.5000 -6.0000 -28.4340 62 55 36
-89.5000 -6.0000 -26.8962 65 58 39
-88.5000 -6.0000 -25.8918 65 60 38
-87.5000 -6.0000 -25.1693 64 59 37
-86.5000 -6.0000 -24.5882 63 62 34
-85.5000 -6.0000 -24.0774 65 66 35
-84.5000 -6.0000 -23.6048 69 68 37
-83.5000 -6.0000 -23.1576 73 66 38
-82.5000 -6.0000 -22.7323 79 67 41
-81.5000 -6.0000 -22.3299 82 70 44
-80.5000 -6.0000 -21.9547 87 75 49
-79.5000 -6.0000 -21.6122 93 79 53
-78.5000 -6.0000 -21.3075 96 82 56
-77.5000 -6.0000 -21.0434 98 84 58
-76.5000 -6.0000 -20.8185 99 85 59
-75.5000 -6.0000 -20.6266 99 83 58
-74.5000 -6.0000 -20.4574 101 85 60
-73.5000 -6.0000 -20.2986 103 85 61
-72.5000 -6.0000 -20.1386 102 84 60
-71.5000 -6.0000 -19.9696 101 83 59
-70.5000 -6.0000 -19.7894 103 85 61
-69.5000 -6.0000 -19.6007 110 90 66
-68.5000 -6.0000 -19.4085 114 94 69
-67.5000 -6.0000 -19.2154 122 102 75
-66.5000 -6.0000 -19.0181 120 101 71
-65.5000 -6.0000 -18.8062 120 101 71
-64.5000 -6.0000 -18.5652 119 103 70
-63.5000 -6.0000 -18.2824 116 100 67
-62.5000 -6.0000 -17.9526 116 100 66
-61.5000 -6.0000 -17.5818 128 108 75
-60.5000 -6.0000 -17.1858 143 120 86
-59.5000 -6.0000 -16.7854 160 131 97
-58.5000 -6.0000 -16.3998 164 136 99
-57.5000 -6.0000 -16.0414 170 140 104
-56.5000 -6.0000 -15.7149 172 144 105
-55.5000 -6.0000 -15.4183 173 150 109
-54.5000 -6.0000 -15.1463 175 156 113
-53.5000 -6.0000 -14.8927 179 165 120
-52.5000 -6.0000 -14.6527 184 170 121
-51.5000 -6.0000 -14.4227 193 172 119
-50.5000 -6.0000 -14.2005 202 175 122
-49.5000 -6.0000 -13.9846 210 178 127
-48.5000 -6.0000 -13.7745 217 184 133
-47.5000 -6.0000 -13.5700 227 189 140
-46.5000 -6.0000 -13.3722 235 197 148
-45.5000 -6.0000 -13.1830 239 203 151
-44.5000 -6.0000 -13.0058 238 207 153
-43.5000 -6.0000 -12.8448 255 230 173
-42.5000 -6.0000 -12.7047 255 236 178
-41.5000 -6.0000 -12.5892 255 243 181
-40.5000 -6.0000 -12.5003 255 244 182
-39.5000 -6.0000 -12.4375 255 241 178
-38.5000 -6.0000 -12.3981 251 237 174
-37.5000 -6.0000 -12.3775 251 235 173
-36.5000 -6.0000 -12.3703 253 235 173
-35.5000 -6.0000 -12.3704 255 235 173
-34.5000 -6.0000 -12.3726 254 229 165
-33.5000 -6.0000 -12.3732 246 221 157
-32.5000 -6.0000 -12.3705 243 219 155
-31.5000 -6.0000 -12.3646 250 229 164
-30.5000 -6.0000 -12.3575 255 236 170
-29.5000 -6.0000 -12.3517 255 237 171
-28.5000 -6.0000 -12.3501 253 235 169
-27.5000 -6.0000 -12.3549 251 233 167
-26.5000 -6.0000 -12.3681 252 234 168
-25.5000 -6.0000 -12.3910 255 238 172
-24.5000 -6.0000 -12.4239 255 239 174
-23.5000 -6.0000 -12.4666 255 231 167
-22.5000 -6.0000 -12.5177 247 223 159
-21.5000 -6.0000 -12.5752 250 225 161
-20.5000 -6.0000 -12.6367 255 232 169
-19.5000 -6.0000 -12.7001 247 217 157
-18.5000 -6.0000 -12.7641 244 214 154
-17.5000 -6.0000 -12.8283 239 210 152
-16.5000 -6.0000 -12.8937 238 209 151
-15.5000 -6.0000 -12.9622 238 209 153
-14.5000 -6.0000 -13.0360 238 209 153
-13.5000 -6.0000 -13.1177 234 207 152
-12.5000 -6.0000 -13.2095 231 204 149
-11.5000 -6.0000 -13.3135 226 198 148
-10.5000 -6.0000 -13.4322 225 199 148
-9.5000 -6.0000 -13.5686 222 196 147
-8.5000 -6.0000 -13.7264 215 189 140
-7.5000 -6.0000 -13.9104 203 179 131
-6.5000 -6.0000 -14.1249 196 172 124
-5.5000 -6.0000 -14.3726 194 170 124
-4.5000 -6.0000 -14.6529 193 170 126
-3.5000 -6.0000 -14.9600 185 164 121
-2.5000 -6.0000 -15.2831 174 155 115
-1.5000 -6.0000 -15.6070 164 146 110
-0.5000 -6.0000 -15.9146 155 139 106
0.5000 -6.0000 -16.1901 146 129 101
1.5000 -6.0000 -16.4218 135 119 93
2.5000 -6.0000 -16.6040 132 118 91
3.5000 -6.0000 -16.7376 136 122 93
4.5000 -6.0000 -16.8292 136 123 91
5.5000 -6.0000 -16.8890 135 122 87
6.5000 -6.0000 -16.9283 134 120 85
7.5000 -6.0000 -16.9577 132 118 81
8.5000 -6.0000 -16.9851 135 117 81
9.5000 -6.0000 -17.0162 137 119 83
10.5000 -6.0000 -17.0534 140 119 88
11.5000 -6.0000 -17.0970 141 122 90
12.5000 -6.0000 -17.1457 135 119 86
13.5000 -6.0000 -17.1977 132 117 84
14.5000 -6.0000 -17.2516 130 115 82
15.5000 -6.0000 -17.3068 130 115 82
16.5000 -6.0000 -17.3638 132 117 84
17.5000 -6.0000 -17.4226 132 117 84
18.5000 -6.0000 -17.4828 130 115 82
19.5000 -6.0000 -17.5438 128 113 80
20.5000 -6.0000 -17.6052 130 115 82
21.5000 -6.0000 -17.6684 131 116 83
22.5000 -6.0000 -17.7370 133 118 85
23.5000 -6.0000 -17.8155 132 117 84
24.5000 -6.0000 -17.9090 130 115 82
25.5000 -6.0000 -18.0219 127 112 79
26.5000 -6.0000 -18.1580 123 108 75
27.5000 -6.0000 -18.3222 119 106 72
28.5000 -6.0000 -18.5228 117 106 74
29.5000 -6.0000 -18.7734 118 109 76
30.5000 -6.0000 -19.0936 116 107 74
31.5000 -6.0000 -19.5084 108 102 68
32.5000 -6.0000 -20.0439 107 98 67
33.5000 -6.0000 -20.7214 104 98 66
34.5000 -6.0000 -21.5474 97 90 62
35.5000 -6.0000 -22.5048 86 81 52
36.5000 -6.0000 -23.5456 79 73 47
37.5000 -6.0000 -24.5909 65 61 34
38.5000 -6.0000 -25.5405 54 49 27
39.5000 -6.0000 -26.2910 51 46 24
40.5000 -6.0000 -26.7594 48 43 23
41.5000 -6.0000 -26.9029 43 41 20
42.5000 -6.0000 -26.7315 49 44 24
43.5000 -6.0000 -26.3057 59 52 33
44.5000 -6.0000 -25.7222 69 58 40
45.5000 -6.0000 -25.0917 74 61 44
46.5000 -6.0000 -24.5163 80 67 48
47.5000 -6.0000 -24.0726 85 72 53
48.5000 -6.0000 -23.8054 88 76 54
49.5000 -6.0000 -23.7297 88 76 54
50.5000 -6.0000 -23.8397 86 74 50
51.5000 -6.0000 -24.1199 84 72 48
52.5000 -6.0000 -24.5556 72 60 38
53.5000 -6.0000 -25.1390 71 59 37
54.5000 -6.0000 -25.8708 69 56 39
55.5000 -6.0000 -26.7571 68 55 39
56.5000 -6.0000 -27.8020 66 52 39
57.5000 -6.0000 -29.0011 60 46 35
58.5000 -6.0000 -30.3377 52 38 29
59.5000 -6.0000 -31.7861 43 33 23
60.5000 -6.0000 -33.3220 41 34 26
61.5000 -6.0000 -34.9379 38 34 25
62.5000 -6.0000 -36.6607 36 33 24
63.5000 -6.0000 -38.5660 33 30 21
64.5000 -6.0000 -40.7889 30 27 20
65.5000 -6.0000 -43.5274 25 25 17
66.5000 -6.0000 -47.0336 23 23 15
67.5000 -6.0000 -51.5871 20 21 13
68.5000 -6.0000 -57.4413 15 16 10
69.5000 -6.0000 -64.7451 12 15 8
-96.5000 -7.0000 -79.6543 19 25 11
-95.5000 -7.0000 -64.3398 34 37 18
-94.5000 -7.0000 -51.9013 45 49 26
-93.5000 -7.0000 -42.5332 51 50 29
-92.5000 -7.0000 -35.9542 49 49 25
-91.5000 -7.0000 -31.6022 55 53 32
-90.5000 -7.0000 -28.8406 58 56 35
-89.5000 -7.0000 -27.1067 62 60 39
-88.5000 -7.0000 -25.9806 62 62 38
-87.5000 -7.0000 -25.1880 62 62 38
-86.5000 -7.0000 -24.5695 61 64 35
-85.5000 -7.0000 -24.0408 63 68 36
-84.5000 -7.0000 -23.5611 68 69 38
-83.5000 -7.0000 -23.1123 72 67 38
-82.5000 -7.0000 -22.6878 78 68 41
-81.5000 -7.0000 -22.2874 83 71 45
-80.5000 -7.0000 -21.9149 88 76 50
-79.5000 -7.0000 -21.5760 92 80 54
-78.5000 -7.0000 -21.2761 95 83 57
-77.5000 -7.0000 -21.0176 98 84 58
-76.5000 -7.0000 -20.7989 99 85 59
-75.5000 -7.0000 -20.6131 100 84 59
-74.5000 -7.0000 -20.4495 101 85 60
-73.5000 -7.0000 -20.2951 102 86 61
-72.5000 -7.0000 -20.1382 101 85 60
-71.5000 -7.0000 -19.9707 101 83 59
-70.5000 -7.0000 -19.7902 103 85 61
-69.5000 -7.0000 -19.5996 109 91 67
-68.5000 -7.0000 -19.4034 113 95 71
-67.5000 -7.0000 -19.2043 118 101 75
-66.5000 -7.0000 -18.9987 115 100 71
-65.5000 -7.0000 -18.7762 116 101 72
-64.5000 -7.0000 -18.5229 118 103 72
-63.5000 -7.0000 -18.2273 117 102 71
-62.5000 -7.0000 -17.8862 118 103 70
-61.5000 -7.0000 -17.5072 131 112 80
-60.5000 -7.0000 -17.1076 146 126 93
-59.5000 -7.0000 -16.7085 160 134 101
-58.5000 -7.0000 -16.3282 164 138 103
-57.5000 -7.0000 -15.9783 170 141 107
-56.5000 -7.0000 -15.6618 172 146 109
-55.5000 -7.0000 -15.3758 173 151 112
-54.5000 -7.0000 -15.1141 174 157 114
-53.5000 -7.0000 -14.8700 178 165 121
-52.5000 -7.0000 -14.6383 184 170 123
-51.5000 -7.0000 -14.4151 200 178 128
-50.5000 -7.0000 -14.1980 202 177 123
-49.5000 -7.0000 -13.9855 207 177 125
-48.5000 -7.0000 -13.7769 214 182 131
-47.5000 -7.0000 -13.5725 225 189 139
-46.5000 -7.0000 -13.3737 233 197 147
-45.5000 -7.0000 -13.1830 241 205 153
-44.5000 -7.0000 -13.0043 244 213 159
-43.5000 -7.0000 -12.8424 255 233 176
-42.5000 -7.0000 -12.7021 255 239 180
-41.5000 -7.0000 -12.5873 255 244 182
-40.5000 -7.0000 -12.4998 255 246 183
-39.5000 -7.0000 -12.4390 255 244 181
-38.5000 -7.0000 -12.4017 254 240 177
-37.5000 -7.0000 -12.3831 253 237 175
-36.5000 -7.0000 -12.3771 254 236 174
-35.5000 -7.0000 -12.3778 255 238 176
-34.5000 -7.0000 -12.3797 253 227 166
-33.5000 -7.0000 -12.3793 247 221 160
-32.5000 -7.0000 -12.3749 248 224 162
-31.5000 -7.0000 -12.3674 251 230 167
-30.5000 -7.0000 -12.3587 255 236 173
-29.5000 -7.0000 -12.3519 255 239 176
-28.5000 -7.0000 -12.3495 255 237 174
-27.5000 -7.0000 -12.3539 252 232 169
-26.5000 -7.0000 -12.3668 254 234 171
-25.5000 -7.0000 -12.3895 255 240 177
-24.5000 -7.0000 -12.4224 255 243 180
-23.5000 -7.0000 -12.4650 255 234 172
-22.5000 -7.0000 -12.5159 248 222 161
-21.5000 -7.0000 -12.5732 249 220 160
-20.5000 -7.0000 -12.6344 255 226 166
-19.5000 -7.0000 -12.6973 250 220 160
-18.5000 -7.0000 -12.7604 246 216 156
-17.5000 -7.0000 -12.8233 242 211 154
-16.5000 -7.0000 -12.8869 240 209 152
-15.5000 -7.0000 -12.9530 239 210 154
-14.5000 -7.0000 -13.0243 237 208 152
-13.5000 -7.0000 -13.1032 235 205 151
-12.5000 -7.0000 -13.1923 230 203 148
-11.5000 -7.0000 -13.2940 226 198 148
-10.5000 -7.0000 -13.4111 228 200 150
-9.5000 -7.0000 -13.5473 227 201 152
-8.5000 -7.0000 -13.7073 222 196 147
-7.5000 -7.0000 -13.8964 212 185 138
-6.5000 -7.0000 -14.1200 203 176 129
-5.5000 -7.0000 -14.3810 196 172 126
-4.5000 -7.0000 -14.6783 194 171 127
-3.5000 -7.0000 -15.0050 184 163 120
-2.5000 -7.0000 -15.3478 172 153 113
-1.5000 -7.0000 -15.6889 160 142 106
-0.5000 -7.0000 -16.0087 151 135 102
0.5000 -7.0000 -16.2898 141 124 96
1.5000 -7.0000 -16.5201 132 116 90
2.5000 -7.0000 -16.6947 130 116 89
3.5000 -7.0000 -16.8163 135 121 92
4.5000 -7.0000 -16.8937 132 119 87
5.5000 -7.0000 -16.9391 131 118 83
6.5000 -7.0000 -16.9656 132 118 83
7.5000 -7.0000 -16.9846 132 118 81
8.5000 -7.0000 -17.0046 137 119 83
9.5000 -7.0000 -17.0306 139 121 85
10.5000 -7.0000 -17.0641 143 122 91
11.5000 -7.0000 -17.1046 144 125 93
12.5000 -7.0000 -17.1496 134 119 86
13.5000 -7.0000 -17.1972 131 118 84
14.5000 -7.0000 -17.2460 130 117 83
15.5000 -7.0000 -17.2963 132 119 85
16.5000 -7.0000 -17.3493 136 123 89
17.5000 -7.0000 -17.4062 138 125 91
18.5000 -7.0000 -17.4677 137 124 90
19.5000 -7.0000 -17.5341 135 122 88
20.5000 -7.0000 -17.6057 132 119 85
21.5000 -7.0000 -17.6838 133 120 86
22.5000 -7.0000 -17.7710 133 120 86
23.5000 -7.0000 -17.8709 133 120 86
24.5000 -7.0000 -17.9867 131 118 84
25.5000 -7.0000 -18.1205 128 115 81
26.5000 -7.0000 -18.2743 125 112 78
27.5000 -7.0000 -18.4509 123 110 76
28.5000 -7.0000 -18.6566 117 106 74
29.5000 -7.0000 -18.9034 119 108 76
30.5000 -7.0000 -19.2097 115 104 72
31.5000 -7.0000 -19.5998 109 100 67
32.5000 -7.0000 -20.1010 109 98 68
33.5000 -7.0000 -20.7369 108 99 68
34.5000 -7.0000 -21.5198 101 91 64
35.5000 -7.0000 -22.4404 89 82 54
36.5000 -7.0000 -23.4603 81 74 48
37.5000 -7.0000 -24.5092 70 64 38
38.5000 -7.0000 -25.4915 60 54 32
39.5000 -7.0000 -26.3026 53 47 25
40.5000 -7.0000 -26.8505 47 40 21
41.5000 -7.0000 -27.0794 43 38 18
42.5000 -7.0000 -26.9845 48 41 22
43.5000 -7.0000 -26.6142 55 48 29
44.5000 -7.0000 -26.0591 72 61 43
45.5000 -7.0000 -25.4300 76 65 47
46.5000 -7.0000 -24.8343 81 70 50
47.5000 -7.0000 -24.3570 84 73 53
48.5000 -7.0000 -24.0513 85 74 52
49.5000 -7.0000 -23.9389 82 71 49
50.5000 -7.0000 -24.0176 77 66 44
51.5000 -7.0000 -24.2731 74 63 41
52.5000 -7.0000 -24.6897 73 62 40
53.5000 -7.0000 -25.2575 71 60 38
54.5000 -7.0000 -25.9748 69 58 40
55.5000 -7.0000 -26.8458 68 56 40
56.5000 -7.0000 -27.8746 66 54 40
57.5000 -7.0000 -29.0581 61 49 37
58.5000 -7.0000 -30.3827 54 41 32
59.5000 -7.0000 -31.8261 46 36 26
60.5000 -7.0000 -33.3665 42 35 27
61.5000 -7.0000 -34.9967 37 34 25
62.5000 -7.0000 -36.7423 35 32 23
63.5000 -7.0000 -38.6782 32 29 20
64.5000 -7.0000 -40.9422 27 27 19
65.5000 -7.0000 -43.7423 24 24 16
66.5000 -7.0000 -47.3477 22 22 14
67.5000 -7.0000 -52.0581 20 21 13
68.5000 -7.0000 -58.1413 15 16 10
69.5000 -7.0000 -65.7444 12 15 8
-96.5000 -8.0000 -83.4069 15 23 10
-95.5000 -8.0000 -67.7275 32 36 19
-94.5000 -8.0000 -54.7037 45 50 28
-93.5000 -8.0000 -44.6651 49 51 29
-92.5000 -8.0000 -37.4516 46 48 24
-91.5000 -8.0000 -32.5770 50 49 28
-90.5000 -8.0000 -29.4303 54 53 32
-89.5000 -8.0000 -27.4380 58 57 36
-88.5000 -8.0000 -26.1512 59 61 39
-87.5000 -8.0000 -25.2649 60 62 38
-86.5000 -8.0000 -24.5947 60 64 37
-85.5000 -8.0000 -24.0394 61 68 37
-84.5000 -8.0000 -23.5474 66 69 38
-83.5000 -8.0000 -23.0939 73 68 39
-82.5000 -8.0000 -22.6687 79 69 42
-81.5000 -8.0000 -22.2696 85 73 47
-80.5000 -8.0000 -21.8996 89 77 51
-79.5000 -8.0000 -21.5639 93 81 55
-78.5000 -8.0000 -21.2675 95 83 57
-77.5000 -8.0000 -21.0127 98 84 58
-76.5000 -8.0000 -20.7972 97 83 57
-75.5000 -8.0000 -20.6139 102 86 61
-74.5000 -8.0000 -20.4519 102 86 61
-73.5000 -8.0000 -20.2982 102 86 61
-72.5000 -8.0000 -20.1413 100 84 59
-71.5000 -8.0000 -19.9732 101 83 59
-70.5000 -8.0000 -19.7918 104 86 62
-69.5000 -8.0000 -19.5996 109 91 67
-68.5000 -8.0000 -19.4010 113 97 72
-67.5000 -8.0000 -19.1980 111 95 69
-66.5000 -8.0000 -18.9862 108 94 67
-65.5000 -8.0000 -18.7553 111 97 70
-64.5000 -8.0000 -18.4917 113 102 72
-63.5000 -8.0000 -18.1852 115 104 74
-62.5000 -8.0000 -17.8343 121 108 76
-61.5000 -8.0000 -17.4485 136 119 89
-60.5000 -8.0000 -17.0462 153 134 102
-59.5000 -8.0000 -16.6488 161 136 105
-58.5000 -8.0000 -16.2740 165 139 106
-57.5000 -8.0000 -15.9321 169 143 110
-56.5000 -8.0000 -15.6251 171 147 111
-55.5000 -8.0000 -15.3491 173 151 114
-54.5000 -8.0000 -15.0970 174 156 116
-53.5000 -8.0000 -14.8619 177 164 122
-52.5000 -8.0000 -14.6381 182 170 122
-51.5000 -8.0000 -14.4212 196 176 125
-50.5000 -8.0000 -14.2088 199 176 122
-49.5000 -8.0000 -13.9991 207 180 127
-48.5000 -8.0000 -13.7917 220 188 137
-47.5000 -8.0000 -13.5873 227 194 143
-46.5000 -8.0000 -13.3876 233 197 147
-45.5000 -8.0000 -13.1958 235 202 149
-44.5000 -8.0000 -13.0162 239 208 154
-43.5000 -8.0000 -12.8538 254 229 172
-42.5000 -8.0000 -12.7136 254 234 175
-41.5000 -8.0000 -12.5995 255 239 177
-40.5000 -8.0000 -12.5130 255 243 180
-39.5000 -8.0000 -12.4533 255 243 180
-38.5000 -8.0000 -12.4171 255 241 178
-37.5000 -8.0000 -12.3991 253 237 175
-36.5000 -8.0000 -12.3932 255 235 174
-35.5000 -8.0000 -12.3933 255 231 170
-34.5000 -8.0000 -12.3939 251 222 162
-33.5000 -8.0000 -12.3916 252 226 165
-32.5000 -8.0000 -12.3853 255 235 174
-31.5000 -8.0000 -12.3757 255 236 174
-30.5000 -8.0000 -12.3653 255 237 174
-29.5000 -8.0000 -12.3571 255 237 174
-28.5000 -8.0000 -12.3538 252 232 169
-27.5000 -8.0000 -12.3576 252 232 169
-26.5000 -8.0000 -12.3703 253 233 170
-25.5000 -8.0000 -12.3929 255 239 176
-24.5000 -8.0000 -12.4258 255 242 180
-23.5000 -8.0000 -12.4684 255 235 174
-22.5000 -8.0000 -12.5193 250 224 163
-21.5000 -8.0000 -12.5765 249 220 160
-20.5000 -8.0000 -12.6373 252 223 163
-19.5000 -8.0000 -12.6995 250 220 160
-18.5000 -8.0000 -12.7616 247 217 157
-17.5000 -8.0000 -12.8230 244 213 156
-16.5000 -8.0000 -12.8846 242 211 154
-15.5000 -8.0000 -12.9484 242 211 156
-14.5000 -8.0000 -13.0170 239 210 154
-13.5000 -8.0000 -13.0932 235 205 151
-12.5000 -8.0000 -13.1797 232 202 148
-11.5000 -8.0000 -13.2791 229 199 149
-10.5000 -8.0000 -13.3946 228 200 150
-9.5000 -8.0000 -13.5303 228 200 152
-8.5000 -8.0000 -13.6918 224 198 149
-7.5000 -8.0000 -13.8854 217 190 143
-6.5000 -8.0000 -14.1171 209 182 135
-5.5000 -8.0000 -14.3904 203 176 131
-4.5000 -8.0000 -14.7037 196 173 129
-3.5000 -8.0000 -15.0484 180 159 116
-2.5000 -8.0000 -15.4091 165 146 106
-1.5000 -8.0000 -15.7653 151 133 97
-0.5000 -8.0000 -16.0952 142 126 93
0.5000 -8.0000 -16.3801 135 118 90
1.5000 -8.0000 -16.6078 127 111 85
2.5000 -8.0000 -16.7744 126 112 85
3.5000 -8.0000 -16.8844 131 117 88
4.5000 -8.0000 -16.9487 130 117 85
5.5000 -8.0000 -16.9815 131 118 83
6.5000 -8.0000 -16.9974 134 120 85
7.5000 -8.0000 -17.0088 136 122 85
8.5000 -8.0000 -17.0243 141 123 87
9.5000 -8.0000 -17.0481 142 124 88
10.5000 -8.0000 -17.0808 144 123 92
11.5000 -8.0000 -17.1204 144 125 93
12.5000 -8.0000 -17.1639 142 126 93
13.5000 -8.0000 -17.2091 139 124 91
14.5000 -8.0000 -17.2552 137 122 89
15.5000 -8.0000 -17.3032 137 122 89
16.5000 -8.0000 -17.3555 138 123 90
17.5000 -8.0000 -17.4145 138 123 90
18.5000 -8.0000 -17.4819 136 121 88
19.5000 -8.0000 -17.5583 133 118 85
20.5000 -8.0000 -17.6443 133 118 85
21.5000 -8.0000 -17.7410 133 118 85
22.5000 -8.0000 -17.8499 133 118 85
23.5000 -8.0000 -17.9732 133 118 85
24.5000 -8.0000 -18.1122 131 116 83
25.5000 -8.0000 -18.2673 128 113 80
26.5000 -8.0000 -18.4383 126 111 78
27.5000 -8.0000 -18.6263 124 109 76
28.5000 -8.0000 -18.8362 119 104 73
29.5000 -8.0000 -19.0784 119 104 73
30.5000 -8.0000 -19.3703 115 100 69
31.5000 -8.0000 -19.7355 109 96 64
32.5000 -8.0000 -20.2018 110 95 66
33.5000 -8.0000 -20.7951 111 97 68
34.5000 -8.0000 -21.5323 105 91 65
35.5000 -8.0000 -22.4115 92 80 54
36.5000 -8.0000 -23.4034 84 72 48
37.5000 -8.0000 -24.4469 77 67 42
38.5000 -8.0000 -25.4522 67 56 36
39.5000 -8.0000 -26.3148 57 46 26
40.5000 -8.0000 -26.9364 49 38 20
41.5000 -8.0000 -27.2492 43 35 16
42.5000 -8.0000 -27.2340 49 38 20
43.5000 -8.0000 -26.9271 54 43 25
44.5000 -8.0000 -26.4112 60 49 31
45.5000 -8.0000 -25.7956 64 53 35
46.5000 -8.0000 -25.1914 71 60 42
47.5000 -8.0000 -24.6906 77 66 46
48.5000 -8.0000 -24.3539 79 68 48
49.5000 -8.0000 -24.2092 78 67 45
50.5000 -8.0000 -24.2588 74 63 41
51.5000 -8.0000 -24.4900 71 60 38
52.5000 -8.0000 -24.8868 74 63 41
53.5000 -8.0000 -25.4377 71 60 40
54.5000 -8.0000 -26.1392 67 56 38
55.5000 -8.0000 -26.9939 65 53 37
56.5000 -8.0000 -28.0060 64 52 38
57.5000 -8.0000 -29.1743 60 48 36
58.5000 -8.0000 -30.4888 55 42 33
59.5000 -8.0000 -31.9312 48 39 30
60.5000 -8.0000 -33.4821 34 30 21
61.5000 -8.0000 -35.1349 31 28 19
62.5000 -8.0000 -36.9141 28 25 16
63.5000 -8.0000 -38.8952 23 23 13
64.5000 -8.0000 -41.2217 21 21 13
65.5000 -8.0000 -44.1152 19 19 11
66.5000 -8.0000 -47.8660 17 18 10
67.5000 -8.0000 -52.7975 17 18 10
68.5000 -8.0000 -59.1940 15 16 10
69.5000 -8.0000 -67.2003 13 14 8
-96.5000 -9.0000 -88.3957 10 18 5
-95.5000 -9.0000 -72.2055 28 32 15
-94.5000 -9.0000 -58.3998 43 48 26
-93.5000 -9.0000 -47.4798 48 50 28
-92.5000 -9.0000 -39.4374 42 44 22
-91.5000 -9.0000 -33.8822 45 44 24
-90.5000 -9.0000 -30.2352 49 48 28
-89.5000 -9.0000 -27.9080 55 54 34
-88.5000 -9.0000 -26.4139 57 59 37
-87.5000 -9.0000 -25.4072 58 60 36
-86.5000 -9.0000 -24.6707 59 63 36
-85.5000 -9.0000 -24.0805 61 68 37
-84.5000 -9.0000 -23.5713 66 69 40
-83.5000 -9.0000 -23.1104 75 70 41
-82.5000 -9.0000 -22.6829 81 71 44
-81.5000 -9.0000 -22.2843 85 75 48
-80.5000 -9.0000 -21.9160 90 80 53
-79.5000 -9.0000 -21.5825 93 83 56
-78.5000 -9.0000 -21.2881 94 84 57
-77.5000 -9.0000 -21.0346 94 82 56
-76.5000 -9.0000 -20.8194 94 82 56
-75.5000 -9.0000 -20.6352 102 88 62
-74.5000 -9.0000 -20.4711 102 88 62
-73.5000 -9.0000 -20.3146 102 86 61
-72.5000 -9.0000 -20.1547 100 84 59
-71.5000 -9.0000 -19.9841 100 84 59
-70.5000 -9.0000 -19.8010 103 87 62
-69.5000 -9.0000 -19.6077 109 93 68
-68.5000 -9.0000 -19.4079 114 98 73
-67.5000 -9.0000 -19.2026 111 99 73
-66.5000 -9.0000 -18.9867 107 98 69
-65.5000 -9.0000 -18.7491 107 98 69
-64.5000 -9.0000 -18.4768 110 101 70
-63.5000 -9.0000 -18.1607 111 102 71
-62.5000 -9.0000 -17.8010 117 106 74
-61.5000 -9.0000 -17.4092 134 119 88
-60.5000 -9.0000 -17.0047 151 135 102
-59.5000 -9.0000 -16.6089 160 137 105
-58.5000 -9.0000 -16.2392 164 140 106
-57.5000 -9.0000 -15.9046 168 144 110
-56.5000 -9.0000 -15.6061 170 148 111
-55.5000 -9.0000 -15.3388 170 150 113
-54.5000 -9.0000 -15.0953 172 157 116
-53.5000 -9.0000 -14.8681 176 164 122
-52.5000 -9.0000 -14.6511 181 168 123
-51.5000 -9.0000 -14.4397 195 175 124
-50.5000 -9.0000 -14.2310 196 173 119
-49.5000 -9.0000 -14.0235 205 178 125
-48.5000 -9.0000 -13.8169 219 189 137
-47.5000 -9.0000 -13.6122 227 194 143
-46.5000 -9.0000 -13.4119 229 193 143
-45.5000 -9.0000 -13.2194 230 197 144
-44.5000 -9.0000 -13.0394 234 203 149
-43.5000 -9.0000 -12.8771 247 221 164
-42.5000 -9.0000 -12.7374 247 225 167
-41.5000 -9.0000 -12.6240 250 232 170
-40.5000 -9.0000 -12.5383 252 236 174
-39.5000 -9.0000 -12.4791 254 238 176
-38.5000 -9.0000 -12.4428 253 237 175
-37.5000 -9.0000 -12.4242 253 235 173
-36.5000 -9.0000 -12.4171 252 232 171
-35.5000 -9.0000 -12.4153 255 229 170
-34.5000 -9.0000 -12.4137 248 219 161
-33.5000 -9.0000 -12.4089 254 228 169
-32.5000 -9.0000 -12.4001 255 239 180
-31.5000 -9.0000 -12.3884 255 235 175
-30.5000 -9.0000 -12.3763 254 232 172
-29.5000 -9.0000 -12.3668 254 234 173
-28.5000 -9.0000 -12.3627 250 230 169
-27.5000 -9.0000 -12.3662 253 233 172
-26.5000 -9.0000 -12.3789 251 231 170
-25.5000 -9.0000 -12.4016 254 232 172
-24.5000 -9.0000 -12.4348 255 237 177
-23.5000 -9.0000 -12.4776 255 234 175
-22.5000 -9.0000 -12.5287 252 226 167
-21.5000 -9.0000 -12.5857 252 223 165
-20.5000 -9.0000 -12.6462 255 225 168
-19.5000 -9.0000 -12.7076 248 216 157
-18.5000 -9.0000 -12.7685 246 214 155
-17.5000 -9.0000 -12.8283 245 213 156
-16.5000 -9.0000 -12.8880 245 214 157
-15.5000 -9.0000 -12.9494 246 215 160
-14.5000 -9.0000 -13.0155 244 213 158
-13.5000 -9.0000 -13.0890 239 208 154
-12.5000 -9.0000 -13.1730 234 204 150
-11.5000 -9.0000 -13.2701 230 200 150
-10.5000 -9.0000 -13.3839 226 198 148
-9.5000 -9.0000 -13.5190 224 196 148
-8.5000 -9.0000 -13.6816 221 193 145
-7.5000 -9.0000 -13.8789 218 190 143
-6.5000 -9.0000 -14.1178 213 186 139
-5.5000 -9.0000 -14.4021 207 180 135
-4.5000 -9.0000 -14.7295 201 177 133
-3.5000 -9.0000 -15.0902 180 159 116
-2.5000 -9.0000 -15.4665 163 144 104
-1.5000 -9.0000 -15.8354 147 129 93
-0.5000 -9.0000 -16.1734 138 122 89
0.5000 -9.0000 -16.4607 135 118 90
1.5000 -9.0000 -16.6854 129 113 87
2.5000 -9.0000 -16.8448 127 113 86
3.5000 -9.0000 -16.9450 131 117 88
4.5000 -9.0000 -16.9988 133 120 88
5.5000 -9.0000 -17.0222 135 122 87
6.5000 -9.0000 -17.0312 139 125 90
7.5000 -9.0000 -17.0389 141 127 90
8.5000 -9.0000 -17.0536 145 127 91
9.5000 -9.0000 -17.0788 144 126 90
10.5000 -9.0000 -17.1139 143 122 91
11.5000 -9.0000 -17.1554 141 120 89
12.5000 -9.0000 -17.1998 149 130 98
13.5000 -9.0000 -17.2448 144 128 95
14.5000 -9.0000 -17.2903 140 124 91
15.5000 -9.0000 -17.3388 138 122 89
16.5000 -9.0000 -17.3939 138 122 89
17.5000 -9.0000 -17.4591 136 120 87
18.5000 -9.0000 -17.5365 132 116 83
19.5000 -9.0000 -17.6274 129 113 80
20.5000 -9.0000 -17.7317 133 117 84
21.5000 -9.0000 -17.8499 133 117 84
22.5000 -9.0000 -17.9824 132 116 83
23.5000 -9.0000 -18.1296 130 114 81
24.5000 -9.0000 -18.2913 127 111 78
25.5000 -9.0000 -18.4659 124 108 75
26.5000 -9.0000 -18.6518 121 105 72
27.5000 -9.0000 -18.8488 122 103 71
28.5000 -9.0000 -19.0602 119 98 69
29.5000 -9.0000 -19.2958 118 97 68
30.5000 -9.0000 -19.5718 113 92 63
31.5000 -9.0000 -19.9117 108 89 59
32.5000 -9.0000 -20.3430 111 90 63
33.5000 -9.0000 -20.8933 112 92 65
34.5000 -9.0000 -21.5830 106 86 62
35.5000 -9.0000 -22.4167 94 76 52
36.5000 -9.0000 -23.3734 89 71 49
37.5000 -9.0000 -24.4009 83 67 44
38.5000 -9.0000 -25.4164 74 57 39
39.5000 -9.0000 -26.3175 61 44 26
40.5000 -9.0000 -27.0021 52 35 19
41.5000 -9.0000 -27.3928 47 31 15
42.5000 -9.0000 -27.4580 51 34 18
43.5000 -9.0000 -27.2214 54 38 22
44.5000 -9.0000 -26.7569 50 38 22
45.5000 -9.0000 -26.1698 54 46 27
46.5000 -9.0000 -25.5728 63 55 36
47.5000 -9.0000 -25.0626 72 64 43
48.5000 -9.0000 -24.7060 77 69 48
49.5000 -9.0000 -24.5369 77 69 48
50.5000 -9.0000 -24.5616 75 67 44
51.5000 -9.0000 -24.7701 73 65 42
52.5000 -9.0000 -25.1471 71 63 42
53.5000 -9.0000 -25.6806 66 58 37
54.5000 -9.0000 -26.3655 61 53 34
55.5000 -9.0000 -27.2032 58 49 32
56.5000 -9.0000 -28.1976 56 47 32
57.5000 -9.0000 -29.3498 54 44 32
58.5000 -9.0000 -30.6535 51 41 31
59.5000 -9.0000 -32.0944 47 38 29
60.5000 -9.0000 -33.6566 31 27 18
61.5000 -9.0000 -35.3350 26 26 16
62.5000 -9.0000 -37.1557 24 24 14
63.5000 -9.0000 -39.1976 21 21 11
64.5000 -9.0000 -41.6147 19 19 11
65.5000 -9.0000 -44.6470 17 18 10
66.5000 -9.0000 -48.6107 17 18 10
67.5000 -9.0000 -53.8544 18 19 11
68.5000 -9.0000 -60.6775 15 16 10
69.5000 -9.0000 -69.2165 13 14 8
-95.5000 -10.0000 -77.7789 25 29 14
-94.5000 -10.0000 -63.0059 42 45 26
-93.5000 -10.0000 -50.9997 46 48 27
-92.5000 -10.0000 -41.9349 41 40 19
-91.5000 -10.0000 -35.5372 42 39 20
-90.5000 -10.0000 -31.2689 47 44 25
-89.5000 -10.0000 -28.5250 54 51 32
-88.5000 -10.0000 -26.7735 57 56 36
-87.5000 -10.0000 -25.6183 57 59 37
-86.5000 -10.0000 -24.8007 58 62 37
-85.5000 -10.0000 -24.1683 62 66 39
-84.5000 -10.0000 -23.6383 65 68 39
-83.5000 -10.0000 -23.1680 76 71 42
-82.5000 -10.0000 -22.7371 82 72 45
-81.5000 -10.0000 -22.3378 86 76 49
-80.5000 -10.0000 -21.9700 90 80 53
-79.5000 -10.0000 -21.6370 93 83 56
-78.5000 -10.0000 -21.3427 93 83 56
-77.5000 -10.0000 -21.0881 93 81 55
-76.5000 -10.0000 -20.8704 92 80 54
-75.5000 -10.0000 -20.6822 102 88 62
-74.5000 -10.0000 -20.5127 102 88 62
-73.5000 -10.0000 -20.3504 102 86 61
-72.5000 -10.0000 -20.1850 100 84 59
-71.5000 -10.0000 -20.0103 99 83 58
-70.5000 -10.0000 -19.8246 103 87 62
-69.5000 -10.0000 -19.6301 109 93 68
-68.5000 -10.0000 -19.4297 114 100 74
-67.5000 -10.0000 -19.2230 119 109 82
-66.5000 -10.0000 -19.0038 112 105 77
-65.5000 -10.0000 -18.7604 109 102 73
-64.5000 -10.0000 -18.4800 107 102 72
-63.5000 -10.0000 -18.1549 106 100 68
-62.5000 -10.0000 -17.7872 111 102 71
-61.5000 -10.0000 -17.3899 127 114 82
-60.5000 -10.0000 -16.9835 145 129 96
-59.5000 -10.0000 -16.5895 158 137 106
-58.5000 -10.0000 -16.2244 163 140 108
-57.5000 -10.0000 -15.8961 168 144 110
-56.5000 -10.0000 -15.6048 170 147 113
-55.5000 -10.0000 -15.3449 170 150 113
-54.5000 -10.0000 -15.1084 171 156 117
-53.5000 -10.0000 -14.8876 175 163 121
-52.5000 -10.0000 -14.6760 181 168 123
-51.5000 -10.0000 -14.4689 195 178 126
-50.5000 -10.0000 -14.2631 196 173 119
-49.5000 -10.0000 -14.0570 200 175 121
-48.5000 -10.0000 -13.8508 213 183 131
-47.5000 -10.0000 -13.6458 221 188 137
-46.5000 -10.0000 -13.4450 224 188 138
-45.5000 -10.0000 -13.2523 227 194 141
-44.5000 -10.0000 -13.0725 235 204 150
-43.5000 -10.0000 -12.9109 241 215 158
-42.5000 -10.0000 -12.7721 240 218 160
-41.5000 -10.0000 -12.6596 244 224 163
-40.5000 -10.0000 -12.5743 248 230 168
-39.5000 -10.0000 -12.5149 252 234 172
-38.5000 -10.0000 -12.4777 252 234 172
-37.5000 -10.0000 -12.4574 251 231 170
-36.5000 -10.0000 -12.4479 250 228 168
-35.5000 -10.0000 -12.4431 255 232 174
-34.5000 -10.0000 -12.4384 250 219 162
-33.5000 -10.0000 -12.4306 254 225 167
-32.5000 -10.0000 -12.4192 255 234 175
-31.5000 -10.0000 -12.4054 251 227 167
-30.5000 -10.0000 -12.3917 250 226 166
-29.5000 -10.0000 -12.3812 255 233 173
-28.5000 -10.0000 -12.3766 254 234 173
-27.5000 -10.0000 -12.3799 253 233 172
-26.5000 -10.0000 -12.3928 249 227 167
-25.5000 -10.0000 -12.4160 251 227 167
-24.5000 -10.0000 -12.4496 255 232 172
-23.5000 -10.0000 -12.4930 255 232 173
-22.5000 -10.0000 -12.5443 255 227 169
-21.5000 -10.0000 -12.6013 255 225 168
-20.5000 -10.0000 -12.6614 255 229 172
-19.5000 -10.0000 -12.7221 245 213 154
-18.5000 -10.0000 -12.7818 244 212 153
-17.5000 -10.0000 -12.8402 245 213 156
-16.5000 -10.0000 -12.8980 248 216 159
-15.5000 -10.0000 -12.9573 249 218 163
-14.5000 -10.0000 -13.0210 247 216 161
-13.5000 -10.0000 -13.0921 242 211 157
-12.5000 -10.0000 -13.1736 238 207 153
-11.5000 -10.0000 -13.2686 231 201 151
-10.5000 -10.0000 -13.3807 226 196 146
-9.5000 -10.0000 -13.5151 218 190 142
-8.5000 -10.0000 -13.6786 216 188 140
-7.5000 -10.0000 -13.8792 216 188 141
-6.5000 -10.0000 -14.1245 214 186 139
-5.5000 -10.0000 -14.4183 210 183 138
-4.5000 -10.0000 -14.7580 204 180 136
-3.5000 -10.0000 -15.1322 185 164 121
-2.5000 -10.0000 -15.5214 166 147 107
-1.5000 -10.0000 -15.9008 148 130 94
-0.5000 -10.0000 -16.2453 141 125 92
0.5000 -10.0000 -16.5345 139 122 94
1.5000 -10.0000 -16.7569 135 119 93
2.5000 -10.0000 -16.9110 133 119 92
3.5000 -10.0000 -17.0043 135 121 92
4.5000 -10.0000 -17.0513 137 124 92
5.5000 -10.0000 -17.0695 139 126 91
6.5000 -10.0000 -17.0760 143 129 94
7.5000 -10.0000 -17.0842 145 131 94
8.5000 -10.0000 -17.1022 147 129 93
9.5000 -10.0000 -17.1325 144 126 90
10.5000 -10.0000 -17.1728 141 120 89
11.5000 -10.0000 -17.2188 138 117 86
12.5000 -10.0000 -17.2661 140 119 88
13.5000 -10.0000 -17.3128 138 117 86
14.5000 -10.0000 -17.3600 137 116 85
15.5000 -10.0000 -17.4118 138 117 86
16.5000 -10.0000 -17.4730 141 120 89
17.5000 -10.0000 -17.5482 142 121 90
18.5000 -10.0000 -17.6400 141 120 89
19.5000 -10.0000 -17.7492 139 118 87
20.5000 -10.0000 -17.8751 136 115 84
21.5000 -10.0000 -18.0170 134 113 82
22.5000 -10.0000 -18.1737 132 111 80
23.5000 -10.0000 -18.3442 129 108 77
24.5000 -10.0000 -18.5265 125 104 73
25.5000 -10.0000 -18.7177 121 100 69
26.5000 -10.0000 -18.9148 118 97 66
27.5000 -10.0000 -19.1167 117 96 65
28.5000 -10.0000 -19.3261 117 93 65
29.5000 -10.0000 -19.5521 117 91 64
30.5000 -10.0000 -19.8107 111 87 59
31.5000 -10.0000 -20.1245 106 82 54
32.5000 -10.0000 -20.5212 109 85 59
33.5000 -10.0000 -21.0288 113 89 63
34.5000 -10.0000 -21.6704 104 82 59
35.5000 -10.0000 -22.4552 94 72 49
36.5000 -10.0000 -23.3695 91 70 49
37.5000 -10.0000 -24.3697 88 67 46
38.5000 -10.0000 -25.3807 78 57 40
39.5000 -10.0000 -26.3046 65 44 27
40.5000 -10.0000 -27.0385 52 33 18
41.5000 -10.0000 -27.4985 49 30 15
42.5000 -10.0000 -27.6425 51 32 17
43.5000 -10.0000 -27.4823 53 36 20
44.5000 -10.0000 -27.0817 59 47 31
45.5000 -10.0000 -26.5399 61 54 36
46.5000 -10.0000 -25.9680 69 60 43
47.5000 -10.0000 -25.4648 75 68 49
48.5000 -10.0000 -25.1018 78 70 51
49.5000 -10.0000 -24.9176 75 69 47
50.5000 -10.0000 -24.9232 72 64 43
51.5000 -10.0000 -25.1118 67 61 37
52.5000 -10.0000 -25.4701 69 61 40
53.5000 -10.0000 -25.9860 62 55 36
54.5000 -10.0000 -26.6536 57 48 31
55.5000 -10.0000 -27.4732 52 45 29
56.5000 -10.0000 -28.4483 52 42 30
57.5000 -10.0000 -29.5819 50 42 31
58.5000 -10.0000 -30.8711 49 39 30
59.5000 -10.0000 -32.3065 45 38 28
60.5000 -10.0000 -33.8766 32 29 20
61.5000 -10.0000 -35.5806 28 30 19
62.5000 -10.0000 -37.4492 26 26 16
63.5000 -10.0000 -39.5704 23 25 14
64.5000 -10.0000 -42.1141 21 22 14
65.5000 -10.0000 -45.3446 21 22 14
66.5000 -10.0000 -49.6068 22 23 15
67.5000 -10.0000 -55.2741 22 23 15
68.5000 -10.0000 -62.6536 15 16 10
69.5000 -10.0000 -71.8606 13 14 8
-95.5000 -11.0000 -84.1918 19 20 6
-94.5000 -11.0000 -68.3473 33 32 14
-93.5000 -11.0000 -55.1209 43 40 21
-92.5000 -11.0000 -44.8915 48 45 26
-91.5000 -11.0000 -37.5212 51 45 29
-90.5000 -11.0000 -32.5264 53 47 31
-89.5000 -11.0000 -29.2900 56 50 34
-88.5000 -11.0000 -27.2319 60 55 36
-87.5000 -11.0000 -25.8997 62 60 39
-86.5000 -11.0000 -24.9862 65 65 41
-85.5000 -11.0000 -24.3046 68 68 42
-84.5000 -11.0000 -23.7507 69 69 41
-83.5000 -11.0000 -23.2696 78 73 44
-82.5000 -11.0000 -22.8343 79 72 44
-81.5000 -11.0000 -22.4334 79 72 44
-80.5000 -11.0000 -22.0647 80 73 45
-79.5000 -11.0000 -21.7306 84 74 47
-78.5000 -11.0000 -21.4341 88 78 51
-77.5000 -11.0000 -21.1763 92 82 55
-76.5000 -11.0000 -20.9536 94 84 57
-75.5000 -11.0000 -20.7589 98 86 60
-74.5000 -11.0000 -20.5819 96 84 58
-73.5000 -11.0000 -20.4116 97 83 57
-72.5000 -11.0000 -20.2389 97 83 57
-71.5000 -11.0000 -20.0585 99 85 59
-70.5000 -11.0000 -19.8692 102 88 62
-69.5000 -11.0000 -19.6728 105 89 64
-68.5000 -11.0000 -19.4713 106 92 66
-67.5000 -11.0000 -19.2627 108 98 71
-66.5000 -11.0000 -19.0396 108 103 74
-65.5000 -11.0000 -18.7898 104 99 69
-64.5000 -11.0000 -18.5011 96 93 62
-63.5000 -11.0000 -18.1670 100 95 63
-62.5000 -11.0000 -17.7916 116 110 78
-61.5000 -11.0000 -17.3894 135 124 92
-60.5000 -11.0000 -16.9816 146 131 98
-59.5000 -11.0000 -16.5895 156 137 105
-58.5000 -11.0000 -16.2286 158 135 103
-57.5000 -11.0000 -15.9059 166 142 108
-56.5000 -11.0000 -15.6205 174 151 117
-55.5000 -11.0000 -15.3662 174 154 117
-54.5000 -11.0000 -15.1350 167 152 113
-53.5000 -11.0000 -14.9189 169 156 114
-52.5000 -11.0000 -14.7113 177 164 119
-51.5000 -11.0000 -14.5073 181 164 112
-50.5000 -11.0000 -14.3035 191 168 114
-49.5000 -11.0000 -14.0984 203 176 123
-48.5000 -11.0000 -13.8925 214 182 131
-47.5000 -11.0000 -13.6874 221 188 137
-46.5000 -11.0000 -13.4866 229 193 143
-45.5000 -11.0000 -13.2942 236 200 148
-44.5000 -11.0000 -13.1152 239 206 153
-43.5000 -11.0000 -12.9547 245 216 160
-42.5000 -11.0000 -12.8171 243 218 161
-41.5000 -11.0000 -12.7054 244 222 162
-40.5000 -11.0000 -12.6203 246 226 165
-39.5000 -11.0000 -12.5602 248 228 167
-38.5000 -11.0000 -12.5212 249 229 168
-37.5000 -11.0000 -12.4981 249 227 167
-36.5000 -11.0000 -12.4850 250 226 166
-35.5000 -11.0000 -12.4763 250 221 163
-34.5000 -11.0000 -12.4677 248 217 160
-33.5000 -11.0000 -12.4566 250 221 163
-32.5000 -11.0000 -12.4425 255 232 173
-31.5000 -11.0000 -12.4267 255 238 178
-30.5000 -11.0000 -12.4118 255 235 175
-29.5000 -11.0000 -12.4006 254 232 172
-28.5000 -11.0000 -12.3956 255 233 173
-27.5000 -11.0000 -12.3990 255 236 176
-26.5000 -11.0000 -12.4121 255 234 174
-25.5000 -11.0000 -12.4358 255 235 175
-24.5000 -11.0000 -12.4701 255 237 177
-23.5000 -11.0000 -12.5140 255 232 173
-22.5000 -11.0000 -12.5657 251 222 164
-21.5000 -11.0000 -12.6227 251 220 163
-20.5000 -11.0000 -12.6825 255 225 168
-19.5000 -11.0000 -12.7427 246 214 155
-18.5000 -11.0000 -12.8017 245 210 152
-17.5000 -11.0000 -12.8590 239 207 150
-16.5000 -11.0000 -12.9154 239 207 150
-15.5000 -11.0000 -12.9731 241 208 154
-14.5000 -11.0000 -13.0347 242 209 155
-13.5000 -11.0000 -13.1035 239 208 154
-12.5000 -11.0000 -13.1826 237 206 152
-11.5000 -11.0000 -13.2754 230 200 150
-10.5000 -11.0000 -13.3859 231 201 151
-9.5000 -11.0000 -13.5197 228 197 150
-8.5000 -11.0000 -13.6842 222 191 144
-7.5000 -11.0000 -13.8882 218 190 143
-6.5000 -11.0000 -14.1394 217 189 142
-5.5000 -11.0000 -14.4417 210 181 137
-4.5000 -11.0000 -14.7920 200 173 130
-3.5000 -11.0000 -15.1776 180 159 116
-2.5000 -11.0000 -15.5775 157 138 98
-1.5000 -11.0000 -15.9655 142 124 88
-0.5000 -11.0000 -16.3155 142 126 93
0.5000 -11.0000 -16.6069 141 124 96
1.5000 -11.0000 -16.8286 132 116 90
2.5000 -11.0000 -16.9799 130 116 89
3.5000 -11.0000 -17.0699 138 124 95
4.5000 -11.0000 -17.1143 137 124 92
5.5000 -11.0000 -17.1317 137 124 89
6.5000 -11.0000 -17.1399 140 126 91
7.5000 -11.0000 -17.1526 144 130 93
8.5000 -11.0000 -17.1774 151 133 97
9.5000 -11.0000 -17.2155 150 132 96
10.5000 -11.0000 -17.2634 145 124 93
11.5000 -11.0000 -17.3156 140 119 88
12.5000 -11.0000 -17.3675 139 116 85
13.5000 -11.0000 -17.4180 141 118 87
14.5000 -11.0000 -17.4695 144 121 90
15.5000 -11.0000 -17.5276 144 121 90
16.5000 -11.0000 -17.5988 143 120 89
17.5000 -11.0000 -17.6881 139 116 85
18.5000 -11.0000 -17.7982 134 111 80
19.5000 -11.0000 -17.9291 131 108 77
20.5000 -11.0000 -18.0791 141 118 87
21.5000 -11.0000 -18.2457 135 112 81
22.5000 -11.0000 -18.4264 130 107 76
23.5000 -11.0000 -18.6183 130 107 76
24.5000 -11.0000 -18.8183 131 108 77
25.5000 -11.0000 -19.0222 128 105 74
26.5000 -11.0000 -19.2263 120 97 66
27.5000 -11.0000 -19.4290 112 89 58
28.5000 -11.0000 -19.6328 115 89 62
29.5000 -11.0000 -19.8467 114 88 61
30.5000 -11.0000 -20.0864 112 88 60
31.5000 -11.0000 -20.3743 109 85 57
32.5000 -11.0000 -20.7372 106 82 56
33.5000 -11.0000 -21.2034 102 78 52
34.5000 -11.0000 -21.7969 96 74 51
35.5000 -11.0000 -22.5303 94 72 49
36.5000 -11.0000 -23.3958 92 71 50
37.5000 -11.0000 -24.3577 86 65 44
38.5000 -11.0000 -25.3495 76 55 38
39.5000 -11.0000 -26.2797 67 46 29
40.5000 -11.0000 -27.0477 58 39 24
41.5000 -11.0000 -27.5669 54 35 20
42.5000 -11.0000 -27.7867 54 35 20
43.5000 -11.0000 -27.7078 52 36 20
44.5000 -11.0000 -27.3827 53 44 27
45.5000 -11.0000 -26.9023 57 52 33
46.5000 -11.0000 -26.3729 66 59 41
47.5000 -11.0000 -25.8933 69 64 44
48.5000 -11.0000 -25.5373 69 62 43
49.5000 -11.0000 -25.3480 66 61 39
50.5000 -11.0000 -25.3408 64 58 36
51.5000 -11.0000 -25.5130 63 58 36
52.5000 -11.0000 -25.8538 66 59 40
53.5000 -11.0000 -26.3524 63 58 38
54.5000 -11.0000 -27.0021 61 54 36
55.5000 -11.0000 -27.8021 58 52 36
56.5000 -11.0000 -28.7556 58 50 37
57.5000 -11.0000 -29.8667 52 46 34
58.5000 -11.0000 -31.1364 47 38 29
59.5000 -11.0000 -32.5604 39 35 26
60.5000 -11.0000 -34.1335 36 36 26
61.5000 -11.0000 -35.8622 30 33 22
62.5000 -11.0000 -37.7868 26 28 17
63.5000 -11.0000 -40.0104 24 26 15
64.5000 -11.0000 -42.7251 23 24 16
65.5000 -11.0000 -46.2245 23 24 16
66.5000 -11.0000 -50.8836 20 21 13
67.5000 -11.0000 -57.0949 18 19 11
68.5000 -11.0000 -65.1597 16 17 11
-95.5000 -12.0000 -90.9974 19 17 5
-94.5000 -12.0000 -74.1083 32 29 14
-93.5000 -12.0000 -59.6453 45 39 23
-92.5000 -12.0000 -48.1999 52 45 27
-91.5000 -12.0000 -39.7867 54 45 30
-90.5000 -12.0000 -33.9931 56 47 32
-89.5000 -12.0000 -30.2027 58 49 34
-88.5000 -12.0000 -27.7929 61 54 38
-87.5000 -12.0000 -26.2546 63 58 39
-86.5000 -12.0000 -25.2285 65 63 40
-85.5000 -12.0000 -24.4894 67 65 40
-84.5000 -12.0000 -23.9080 68 67 39
-83.5000 -12.0000 -23.4147 74 69 40
-82.5000 -12.0000 -22.9742 77 70 42
-81.5000 -12.0000 -22.5708 79 72 44
-80.5000 -12.0000 -22.2001 82 75 47
-79.5000 -12.0000 -21.8634 87 77 50
-78.5000 -12.0000 -21.5633 90 80 53
-77.5000 -12.0000 -21.3004 91 81 54
-76.5000 -12.0000 -21.0714 92 82 55
-75.5000 -12.0000 -20.8688 95 83 57
-74.5000 -12.0000 -20.6829 95 83 57
-73.5000 -12.0000 -20.5034 98 84 58
-72.5000 -12.0000 -20.3222 99 85 59
-71.5000 -12.0000 -20.1349 101 87 61
-70.5000 -12.0000 -19.9406 104 90 64
-69.5000 -12.0000 -19.7408 107 91 66
-68.5000 -12.0000 -19.5362 105 93 67
-67.5000 -12.0000 -19.3237 106 99 71
-66.5000 -12.0000 -19.0947 106 103 72
-65.5000 -12.0000 -18.8369 102 99 68
-64.5000 -12.0000 -18.5385 96 93 60
-63.5000 -12.0000 -18.1949 99 96 63
-62.5000 -12.0000 -17.8118 116 112 77
-61.5000 -12.0000 -17.4051 135 124 92
-60.5000 -12.0000 -16.9966 145 130 97
-59.5000 -12.0000 -16.6068 155 136 103
-58.5000 -12.0000 -16.2500 158 135 101
-57.5000 -12.0000 -15.9321 165 141 107
-56.5000 -12.0000 -15.6513 173 149 113
-55.5000 -12.0000 -15.4012 173 153 116
-54.5000 -12.0000 -15.1735 170 152 112
-53.5000 -12.0000 -14.9605 171 158 116
-52.5000 -12.0000 -14.7556 180 166 121
-51.5000 -12.0000 -14.5536 180 160 109
-50.5000 -12.0000 -14.3513 189 166 112
-49.5000 -12.0000 -14.1472 202 175 122
-48.5000 -12.0000 -13.9418 214 182 131
-47.5000 -12.0000 -13.7372 224 188 138
-46.5000 -12.0000 -13.5370 231 195 145
-45.5000 -12.0000 -13.3455 238 201 149
-44.5000 -12.0000 -13.1677 242 206 154
-43.5000 -12.0000 -13.0086 253 222 167
-42.5000 -12.0000 -12.8722 252 226 169
-41.5000 -12.0000 -12.7612 254 230 170
-40.5000 -12.0000 -12.6759 255 231 171
-39.5000 -12.0000 -12.6143 255 231 171
-38.5000 -12.0000 -12.5726 254 230 170
-37.5000 -12.0000 -12.5456 255 229 170
-36.5000 -12.0000 -12.5279 255 228 170
-35.5000 -12.0000 -12.5146 255 224 167
-34.5000 -12.0000 -12.5016 250 219 162
-33.5000 -12.0000 -12.4869 250 219 162
-32.5000 -12.0000 -12.4702 255 228 170
-31.5000 -12.0000 -12.4527 255 233 174
-30.5000 -12.0000 -12.4368 255 232 172
-29.5000 -12.0000 -12.4251 255 232 172
-28.5000 -12.0000 -12.4200 255 234 174
-27.5000 -12.0000 -12.4235 255 234 174
-26.5000 -12.0000 -12.4368 254 232 172
-25.5000 -12.0000 -12.4609 255 232 172
-24.5000 -12.0000 -12.4956 255 232 173
-23.5000 -12.0000 -12.5399 255 226 168
-22.5000 -12.0000 -12.5919 247 218 160
-21.5000 -12.0000 -12.6491 248 217 160
-20.5000 -12.0000 -12.7090 254 222 165
-19.5000 -12.0000 -12.7691 249 214 156
-18.5000 -12.0000 -12.8279 246 211 153
-17.5000 -12.0000 -12.8849 242 207 151
-16.5000 -12.0000 -12.9407 240 208 151
-15.5000 -12.0000 -12.9972 241 208 154
-14.5000 -12.0000 -13.0572 242 209 155
-13.5000 -12.0000 -13.1238 241 208 155
-12.5000 -12.0000 -13.2005 238 207 153
-11.5000 -12.0000 -13.2910 232 200 151
-10.5000 -12.0000 -13.3998 231 201 151
-9.5000 -12.0000 -13.5333 226 195 148
-8.5000 -12.0000 -13.6994 219 188 141
-7.5000 -12.0000 -13.9072 217 186 140
-6.5000 -12.0000 -14.1646 216 188 141
-5.5000 -12.0000 -14.4752 211 182 138
-4.5000 -12.0000 -14.8350 202 175 132
-3.5000 -12.0000 -15.2305 179 158 115
-2.5000 -12.0000 -15.6396 157 138 98
-1.5000 -12.0000 -16.0349 142 124 88
-0.5000 -12.0000 -16.3900 140 124 91
0.5000 -12.0000 -16.6843 139 122 94
1.5000 -12.0000 -16.9070 130 114 88
2.5000 -12.0000 -17.0585 128 114 87
3.5000 -12.0000 -17.1486 135 121 92
4.5000 -12.0000 -17.1942 133 120 88
5.5000 -12.0000 -17.2146 134 121 86
6.5000 -12.0000 -17.2282 138 124 89
7.5000 -12.0000 -17.2486 141 127 90
8.5000 -12.0000 -17.2825 145 127 91
9.5000 -12.0000 -17.3303 143 125 89
10.5000 -12.0000 -17.3873 140 119 88
11.5000 -12.0000 -17.4472 136 115 84
12.5000 -12.0000 -17.5058 132 107 77
13.5000 -12.0000 -17.5625 134 109 79
14.5000 -12.0000 -17.6217 136 111 81
15.5000 -12.0000 -17.6904 137 112 82
16.5000 -12.0000 -17.7760 137 112 82
17.5000 -12.0000 -17.8839 136 111 81
18.5000 -12.0000 -18.0163 134 109 79
19.5000 -12.0000 -18.1718 132 107 77
20.5000 -12.0000 -18.3473 133 108 78
21.5000 -12.0000 -18.5386 128 103 73
22.5000 -12.0000 -18.7418 123 98 68
23.5000 -12.0000 -18.9526 123 98 68
24.5000 -12.0000 -19.1667 123 98 68
25.5000 -12.0000 -19.3795 121 96 66
26.5000 -12.0000 -19.5867 113 88 58
27.5000 -12.0000 -19.7868 106 81 51
28.5000 -12.0000 -19.9826 109 85 57
29.5000 -12.0000 -20.1832 107 86 57
30.5000 -12.0000 -20.4042 107 86 57
31.5000 -12.0000 -20.6674 105 86 56
32.5000 -12.0000 -20.9989 104 83 56
33.5000 -12.0000 -21.4259 100 80 53
34.5000 -12.0000 -21.9724 98 78 54
35.5000 -12.0000 -22.6529 94 76 52
36.5000 -12.0000 -23.4641 90 72 50
37.5000 -12.0000 -24.3778 83 67 44
38.5000 -12.0000 -25.3364 74 57 39
39.5000 -12.0000 -26.2571 65 48 30
40.5000 -12.0000 -27.0446 58 41 25
41.5000 -12.0000 -27.6121 53 37 21
42.5000 -12.0000 -27.9034 53 36 20
43.5000 -12.0000 -27.9086 50 37 21
44.5000 -12.0000 -27.6682 51 44 28
45.5000 -12.0000 -27.2622 56 50 34
46.5000 -12.0000 -26.7902 63 57 41
47.5000 -12.0000 -26.3481 66 61 42
48.5000 -12.0000 -26.0111 65 60 40
49.5000 -12.0000 -25.8255 63 58 38
50.5000 -12.0000 -25.8115 62 57 35
51.5000 -12.0000 -25.9709 62 57 35
52.5000 -12.0000 -26.2960 65 60 40
53.5000 -12.0000 -26.7775 62 57 38
54.5000 -12.0000 -27.4087 58 52 36
55.5000 -12.0000 -28.1876 55 49 35
56.5000 -12.0000 -29.1169 54 48 36
57.5000 -12.0000 -30.2019 50 43 33
58.5000 -12.0000 -31.4472 45 38 30
59.5000 -12.0000 -32.8546 38 35 26
60.5000 -12.0000 -34.4271 29 31 20
61.5000 -12.0000 -36.1820 24 27 16
62.5000 -12.0000 -38.1744 19 22 11
63.5000 -12.0000 -40.5287 17 20 9
64.5000 -12.0000 -43.4654 18 19 11
65.5000 -12.0000 -47.3110 17 18 10
66.5000 -12.0000 -52.4683 14 15 7
68.5000 -12.0000 -68.1961 17 18 12
-94.5000 -13.0000 -79.9528 32 24 11
-93.5000 -13.0000 -64.3644 46 37 22
-92.5000 -13.0000 -51.7515 54 45 28
-91.5000 -13.0000 -42.2917 57 45 31
-90.5000 -13.0000 -35.6641 58 46 32
-89.5000 -13.0000 -31.2732 60 48 36
-88.5000 -13.0000 -28.4689 61 52 37
-87.5000 -13.0000 -26.6919 64 55 38
-86.5000 -13.0000 -25.5321 66 59 40
-85.5000 -13.0000 -24.7234 68 62 40
-84.5000 -13.0000 -24.1083 68 64 37
-83.5000 -13.0000 -23.5998 70 65 36
-82.5000 -13.0000 -23.1529 73 68 39
-81.5000 -13.0000 -22.7464 78 73 44
-80.5000 -13.0000 -22.3732 83 78 49
-79.5000 -13.0000 -22.0333 87 80 52
-78.5000 -13.0000 -21.7289 89 82 54
-77.5000 -13.0000 -21.4604 91 81 54
-76.5000 -13.0000 -21.2244 91 81 54
-75.5000 -13.0000 -21.0138 91 81 54
-74.5000 -13.0000 -20.8188 93 83 56
-73.5000 -13.0000 -20.6300 97 85 59
-72.5000 -13.0000 -20.4398 100 88 62
-71.5000 -13.0000 -20.2445 104 90 64
-70.5000 -13.0000 -20.0433 105 91 65
-69.5000 -13.0000 -19.8375 107 93 67
-68.5000 -13.0000 -19.6269 106 94 68
-67.5000 -13.0000 -19.4073 104 97 68
-66.5000 -13.0000 -19.1694 104 101 70
-65.5000 -13.0000 -18.9009 101 98 67
-64.5000 -13.0000 -18.5911 94 94 60
-63.5000 -13.0000 -18.2371 101 98 65
-62.5000 -13.0000 -17.8461 117 113 78
-61.5000 -13.0000 -17.4353 135 124 92
-60.5000 -13.0000 -17.0263 144 129 96
-59.5000 -13.0000 -16.6390 156 136 103
-58.5000 -13.0000 -16.2862 158 135 101
-57.5000 -13.0000 -15.9725 164 140 106
-56.5000 -13.0000 -15.6954 171 147 111
-55.5000 -13.0000 -15.4481 172 150 113
-54.5000 -13.0000 -15.2226 172 153 113
-53.5000 -13.0000 -15.0114 175 160 119
-52.5000 -13.0000 -14.8080 185 168 122
-51.5000 -13.0000 -14.6074 178 158 107
-50.5000 -13.0000 -14.4064 189 164 110
-49.5000 -13.0000 -14.2035 204 174 122
-48.5000 -13.0000 -13.9993 216 183 132
-47.5000 -13.0000 -13.7959 226 188 139
-46.5000 -13.0000 -13.5970 232 194 145
-45.5000 -13.0000 -13.4069 240 200 149
-44.5000 -13.0000 -13.2306 242 205 153
-43.5000 -13.0000 -13.0728 253 220 166
-42.5000 -13.0000 -12.9374 255 225 170
-41.5000 -13.0000 -12.8266 255 230 172
-40.5000 -13.0000 -12.7403 255 230 171
-39.5000 -13.0000 -12.6764 253 227 168
-38.5000 -13.0000 -12.6310 253 224 166
-37.5000 -13.0000 -12.5992 255 225 168
-36.5000 -13.0000 -12.5762 255 227 170
-35.5000 -13.0000 -12.5575 255 226 172
-34.5000 -13.0000 -12.5398 251 220 165
-33.5000 -13.0000 -12.5214 249 218 163
-32.5000 -13.0000 -12.5022 254 225 169
-31.5000 -13.0000 -12.4833 255 229 172
-30.5000 -13.0000 -12.4668 253 228 171
-29.5000 -13.0000 -12.4549 253 228 171
-28.5000 -13.0000 -12.4498 255 232 175
-27.5000 -13.0000 -12.4532 255 232 175
-26.5000 -13.0000 -12.4666 253 228 171
-25.5000 -13.0000 -12.4906 253 227 170
-24.5000 -13.0000 -12.5253 254 228 171
-23.5000 -13.0000 -12.5697 250 221 165
-22.5000 -13.0000 -12.6220 244 213 158
-21.5000 -13.0000 -12.6796 245 212 158
-20.5000 -13.0000 -12.7399 250 218 161
-19.5000 -13.0000 -12.8006 250 215 157
-18.5000 -13.0000 -12.8601 247 212 154
-17.5000 -13.0000 -12.9176 244 209 153
-16.5000 -13.0000 -12.9736 243 208 152
-15.5000 -13.0000 -13.0297 243 208 154
-14.5000 -13.0000 -13.0883 242 209 155
-13.5000 -13.0000 -13.1529 241 208 155
-12.5000 -13.0000 -13.2269 238 207 153
-11.5000 -13.0000 -13.3149 231 199 150
-10.5000 -13.0000 -13.4222 231 199 150
-9.5000 -13.0000 -13.5558 225 193 146
-8.5000 -13.0000 -13.7242 217 186 139
-7.5000 -13.0000 -13.9368 215 184 138
-6.5000 -13.0000 -14.2014 217 186 140
-5.5000 -13.0000 -14.5209 213 182 138
-4.5000 -13.0000 -14.8904 202 175 132
-3.5000 -13.0000 -15.2954 180 159 116
-2.5000 -13.0000 -15.7128 159 140 100
-1.5000 -13.0000 -16.1149 143 125 89
-0.5000 -13.0000 -16.4750 139 123 90
0.5000 -13.0000 -16.7728 137 120 92
1.5000 -13.0000 -16.9982 128 112 86
2.5000 -13.0000 -17.1520 126 112 85
3.5000 -13.0000 -17.2450 130 116 87
4.5000 -13.0000 -17.2946 129 116 84
5.5000 -13.0000 -17.3209 132 119 84
6.5000 -13.0000 -17.3425 136 122 87
7.5000 -13.0000 -17.3726 137 123 86
8.5000 -13.0000 -17.4174 138 120 84
9.5000 -13.0000 -17.4763 134 116 80
10.5000 -13.0000 -17.5438 132 111 80
11.5000 -13.0000 -17.6135 131 110 79
12.5000 -13.0000 -17.6815 127 102 72
13.5000 -13.0000 -17.7486 129 104 74
14.5000 -13.0000 -17.8204 132 107 77
15.5000 -13.0000 -17.9051 135 110 80
16.5000 -13.0000 -18.0106 136 111 81
17.5000 -13.0000 -18.1420 136 111 81
18.5000 -13.0000 -18.3001 136 111 81
19.5000 -13.0000 -18.4823 135 110 80
20.5000 -13.0000 -18.6837 128 103 73
21.5000 -13.0000 -18.8986 123 98 68
22.5000 -13.0000 -19.1218 119 94 64
23.5000 -13.0000 -19.3481 117 92 62
24.5000 -13.0000 -19.5727 118 93 63
25.5000 -13.0000 -19.7908 115 90 60
26.5000 -13.0000 -19.9984 109 84 54
27.5000 -13.0000 -20.1942 102 79 48
28.5000 -13.0000 -20.3816 103 86 56
29.5000 -13.0000 -20.5699 102 87 56
30.5000 -13.0000 -20.7746 102 87 56
31.5000 -13.0000 -21.0166 100 87 55
32.5000 -13.0000 -21.3205 99 84 55
33.5000 -13.0000 -21.7117 96 82 53
34.5000 -13.0000 -22.2133 93 79 53
35.5000 -13.0000 -22.8402 90 78 52
36.5000 -13.0000 -23.5930 86 74 50
37.5000 -13.0000 -24.4500 80 70 45
38.5000 -13.0000 -25.3633 72 61 41
39.5000 -13.0000 -26.2601 63 52 32
40.5000 -13.0000 -27.0530 55 44 26
41.5000 -13.0000 -27.6581 49 41 22
42.5000 -13.0000 -28.0151 49 38 20
43.5000 -13.0000 -28.1045 46 37 20
44.5000 -13.0000 -27.9540 49 43 27
45.5000 -13.0000 -27.6314 52 49 32
46.5000 -13.0000 -27.2272 57 54 37
47.5000 -13.0000 -26.8329 59 56 37
48.5000 -13.0000 -26.5236 59 57 36
49.5000 -13.0000 -26.3488 57 55 34
50.5000 -13.0000 -26.3332 58 56 35
51.5000 -13.0000 -26.4831 59 57 36
52.5000 -13.0000 -26.7944 61 58 39
53.5000 -13.0000 -27.2594 57 54 35
54.5000 -13.0000 -27.8716 52 49 32
55.5000 -13.0000 -28.6282 49 46 31
56.5000 -13.0000 -29.5315 47 43 31
57.5000 -13.0000 -30.5879 45 41 30
58.5000 -13.0000 -31.8060 42 38 29
59.5000 -13.0000 -33.1944 38 35 26
60.5000 -13.0000 -34.7662 33 35 24
61.5000 -13.0000 -36.5530 26 32 20
62.5000 -13.0000 -38.6298 21 27 15
63.5000 -13.0000 -41.1476 19 25 13
64.5000 -13.0000 -44.3601 20 23 14
65.5000 -13.0000 -48.6275 20 23 14
66.5000 -13.0000 -54.3748 18 19 11
67.5000 -13.0000 -61.9953 16 17 9
68.5000 -13.0000 -71.7120 18 19 13
69.5000 -13.0000 -83.4305 13 14 8
-94.5000 -14.0000 -85.6701 28 20 7
-93.5000 -14.0000 -69.1623 43 34 19
-92.5000 -14.0000 -55.5044 55 43 27
-91.5000 -14.0000 -45.0418 58 44 31
-90.5000 -14.0000 -37.5677 59 45 32
-89.5000 -14.0000 -32.5352 60 48 36
-88.5000 -14.0000 -29.2885 62 50 36
-87.5000 -14.0000 -27.2314 63 54 39
-86.5000 -14.0000 -25.9077 64 57 38
-85.5000 -14.0000 -25.0101 66 60 38
-84.5000 -14.0000 -24.3502 67 61 37
-83.5000 -14.0000 -23.8209 68 62 36
-82.5000 -14.0000 -23.3650 71 66 37
-81.5000 -14.0000 -22.9545 75 70 41
-80.5000 -14.0000 -22.5786 80 75 46
-79.5000 -14.0000 -22.2357 85 78 50
-78.5000 -14.0000 -21.9273 88 81 53
-77.5000 -14.0000 -21.6537 92 82 55
-76.5000 -14.0000 -21.4116 92 82 55
-75.5000 -14.0000 -21.1936 87 77 50
-74.5000 -14.0000 -20.9904 91 81 54
-73.5000 -14.0000 -20.7926 97 85 59
-72.5000 -14.0000 -20.5933 101 89 63
-71.5000 -14.0000 -20.3889 104 90 64
-70.5000 -14.0000 -20.1789 105 91 65
-69.5000 -14.0000 -19.9640 106 92 66
-68.5000 -14.0000 -19.7438 106 94 68
-67.5000 -14.0000 -19.5134 101 96 66
-66.5000 -14.0000 -19.2633 102 99 66
-65.5000 -14.0000 -18.9816 98 98 64
-64.5000 -14.0000 -18.6588 95 95 59
-63.5000 -14.0000 -18.2933 102 99 64
-62.5000 -14.0000 -17.8942 118 114 77
-61.5000 -14.0000 -17.4792 135 125 90
-60.5000 -14.0000 -17.0697 142 126 92
-59.5000 -14.0000 -16.6846 154 134 99
-58.5000 -14.0000 -16.3353 159 135 99
-57.5000 -14.0000 -16.0251 164 138 103
-56.5000 -14.0000 -15.7508 168 142 105
-55.5000 -14.0000 -15.5054 171 147 109
-54.5000 -14.0000 -15.2811 174 152 111
-53.5000 -14.0000 -15.0708 179 162 119
-52.5000 -14.0000 -14.8682 187 169 123
-51.5000 -14.0000 -14.6687 180 158 108
-50.5000 -14.0000 -14.4690 190 165 111
-49.5000 -14.0000 -14.2678 205 173 122
-48.5000 -14.0000 -14.0654 218 182 132
-47.5000 -14.0000 -13.8639 227 187 138
-46.5000 -14.0000 -13.6669 233 191 143
-45.5000 -14.0000 -13.4785 237 195 145
-44.5000 -14.0000 -13.3037 240 200 149
-43.5000 -14.0000 -13.1469 246 209 156
-42.5000 -14.0000 -13.0118 248 215 161
-41.5000 -14.0000 -12.9004 252 221 164
-40.5000 -14.0000 -12.8123 251 220 163
-39.5000 -14.0000 -12.7452 246 215 158
-38.5000 -14.0000 -12.6952 245 214 157
-37.5000 -14.0000 -12.6579 252 217 161
-36.5000 -14.0000 -12.6289 255 222 166
-35.5000 -14.0000 -12.6044 255 225 171
-34.5000 -14.0000 -12.5819 252 219 165
-33.5000 -14.0000 -12.5598 249 218 163
-32.5000 -14.0000 -12.5382 255 224 169
-31.5000 -14.0000 -12.5182 255 228 172
-30.5000 -14.0000 -12.5014 252 226 169
-29.5000 -14.0000 -12.4896 250 225 168
-28.5000 -14.0000 -12.4846 252 227 170
-27.5000 -14.0000 -12.4880 255 232 175
-26.5000 -14.0000 -12.5011 253 228 171
-25.5000 -14.0000 -12.5247 253 227 170
-24.5000 -14.0000 -12.5589 254 225 169
-23.5000 -14.0000 -12.6030 250 219 164
-22.5000 -14.0000 -12.6553 242 211 156
-21.5000 -14.0000 -12.7134 244 211 157
-20.5000 -14.0000 -12.7747 252 217 163
-19.5000 -14.0000 -12.8368 250 213 158
-18.5000 -14.0000 -12.8978 248 212 154
-17.5000 -14.0000 -12.9568 245 210 154
-16.5000 -14.0000 -13.0138 243 208 152
-15.5000 -14.0000 -13.0699 242 207 153
-14.5000 -14.0000 -13.1274 242 207 153
-13.5000 -14.0000 -13.1898 239 206 153
-12.5000 -14.0000 -13.2611 239 206 153
-11.5000 -14.0000 -13.3464 228 194 146
-10.5000 -14.0000 -13.4522 229 197 148
-9.5000 -14.0000 -13.5864 225 193 146
-8.5000 -14.0000 -13.7582 219 187 140
-7.5000 -14.0000 -13.9772 216 185 139
-6.5000 -14.0000 -14.2506 216 185 139
-5.5000 -14.0000 -14.5805 210 179 135
-4.5000 -14.0000 -14.9608 198 171 128
-3.5000 -14.0000 -15.3757 182 159 117
-2.5000 -14.0000 -15.8016 162 143 103
-1.5000 -14.0000 -16.2104 146 128 92
-0.5000 -14.0000 -16.5755 139 123 90
0.5000 -14.0000 -16.8773 136 119 91
1.5000 -14.0000 -17.1061 129 113 87
2.5000 -14.0000 -17.2635 125 111 84
3.5000 -14.0000 -17.3610 128 114 85
4.5000 -14.0000 -17.4166 127 114 82
5.5000 -14.0000 -17.4508 131 118 83
6.5000 -14.0000 -17.4821 136 122 87
7.5000 -14.0000 -17.5236 135 121 84
8.5000 -14.0000 -17.5808 133 115 79
9.5000 -14.0000 -17.6525 128 110 74
10.5000 -14.0000 -17.7329 128 107 76
11.5000 -14.0000 -17.8157 128 107 76
12.5000 -14.0000 -17.8978 128 105 74
13.5000 -14.0000 -17.9810 131 108 77
14.5000 -14.0000 -18.0720 136 113 82
15.5000 -14.0000 -18.1793 140 117 86
16.5000 -14.0000 -18.3108 141 118 87
17.5000 -14.0000 -18.4703 139 116 85
18.5000 -14.0000 -18.6571 136 113 82
19.5000 -14.0000 -18.8669 134 111 80
20.5000 -14.0000 -19.0931 126 103 72
21.5000 -14.0000 -19.3291 123 100 69
22.5000 -14.0000 -19.5687 118 95 64
23.5000 -14.0000 -19.8066 116 93 62
24.5000 -14.0000 -20.0381 116 93 62
25.5000 -14.0000 -20.2586 114 91 60
26.5000 -14.0000 -20.4651 109 86 55
27.5000 -14.0000 -20.6568 101 82 50
28.5000 -14.0000 -20.8377 103 90 58
29.5000 -14.0000 -21.0173 101 90 58
30.5000 -14.0000 -21.2104 100 89 57
31.5000 -14.0000 -21.4367 97 88 55
32.5000 -14.0000 -21.7185 96 85 55
33.5000 -14.0000 -22.0787 92 83 52
34.5000 -14.0000 -22.5383 89 79 52
35.5000 -14.0000 -23.1121 85 78 50
36.5000 -14.0000 -23.8032 81 74 48
37.5000 -14.0000 -24.5966 76 70 44
38.5000 -14.0000 -25.4541 70 64 42
39.5000 -14.0000 -26.3145 62 56 34
40.5000 -14.0000 -27.1001 54 47 28
41.5000 -14.0000 -27.7316 48 43 23
42.5000 -14.0000 -28.1469 46 39 20
43.5000 -14.0000 -28.3175 43 38 19
44.5000 -14.0000 -28.2583 45 42 25
45.5000 -14.0000 -28.0236 49 46 31
46.5000 -14.0000 -27.6934 53 50 33
47.5000 -14.0000 -27.3535 55 52 35
48.5000 -14.0000 -27.0780 54 51 32
49.5000 -14.0000 -26.9191 54 52 31
50.5000 -14.0000 -26.9058 55 53 32
51.5000 -14.0000 -27.0490 57 55 34
52.5000 -14.0000 -27.3481 59 56 37
53.5000 -14.0000 -27.7974 54 51 32
54.5000 -14.0000 -28.3906 48 45 30
55.5000 -14.0000 -29.1246 45 42 27
56.5000 -14.0000 -30.0016 44 40 29
57.5000 -14.0000 -31.0295 43 39 28
58.5000 -14.0000 -32.2208 40 36 27
59.5000 -14.0000 -33.5920 35 35 25
60.5000 -14.0000 -35.1680 34 37 26
61.5000 -14.0000 -36.9974 28 34 22
62.5000 -14.0000 -39.1793 23 29 17
63.5000 -14.0000 -41.8951 21 27 15
64.5000 -14.0000 -45.4339 22 25 16
65.5000 -14.0000 -50.1870 21 24 15
66.5000 -14.0000 -56.5914 20 21 13
67.5000 -14.0000 -65.0145 17 18 10
68.5000 -14.0000 -75.6006 18 19 13
69.5000 -14.0000 -88.1279 13 14 8
-94.5000 -15.0000 -91.2796 23 15 2
-93.5000 -15.0000 -74.0930 38 29 14
-92.5000 -15.0000 -59.5360 49 40 25
-91.5000 -15.0000 -48.1239 56 44 32
-90.5000 -15.0000 -39.7874 57 45 33
-89.5000 -15.0000 -34.0592 59 47 35
-88.5000 -15.0000 -30.3049 61 49 35
-87.5000 -15.0000 -27.9089 62 53 38
-86.5000 -15.0000 -26.3766 63 56 37
-85.5000 -15.0000 -25.3597 65 59 37
-84.5000 -15.0000 -24.6363 65 61 36
-83.5000 -15.0000 -24.0757 69 63 37
-82.5000 -15.0000 -23.6054 70 65 36
-81.5000 -15.0000 -23.1887 72 67 38
-80.5000 -15.0000 -22.8098 75 70 41
-79.5000 -15.0000 -22.4644 79 74 45
-78.5000 -15.0000 -22.1531 83 78 49
-77.5000 -15.0000 -21.8755 89 82 54
-76.5000 -15.0000 -21.6284 91 84 56
-75.5000 -15.0000 -21.4043 84 74 47
-74.5000 -15.0000 -21.1940 89 79 52
-73.5000 -15.0000 -20.9882 96 84 58
-72.5000 -15.0000 -20.7798 99 87 61
-71.5000 -15.0000 -20.5654 99 87 61
-70.5000 -15.0000 -20.3444 100 88 62
-69.5000 -15.0000 -20.1178 102 90 64
-68.5000 -15.0000 -19.8847 104 95 66
-67.5000 -15.0000 -19.6405 99 94 62
-66.5000 -15.0000 -19.3759 100 97 62
-65.5000 -15.0000 -19.0793 99 96 61
-64.5000 -15.0000 -18.7426 97 95 57
-63.5000 -15.0000 -18.3653 105 101 64
-62.5000 -15.0000 -17.9576 121 116 78
-61.5000 -15.0000 -17.5378 136 123 88
-60.5000 -15.0000 -17.1271 140 124 88
-59.5000 -15.0000 -16.7432 153 131 94
-58.5000 -15.0000 -16.3963 159 133 96
-57.5000 -15.0000 -16.0885 165 137 100
-56.5000 -15.0000 -15.8161 168 140 101
-55.5000 -15.0000 -15.5719 169 144 104
-54.5000 -15.0000 -15.3483 175 152 110
-53.5000 -15.0000 -15.1384 179 160 117
-52.5000 -15.0000 -14.9364 186 165 118
-51.5000 -15.0000 -14.7379 184 161 109
-50.5000 -15.0000 -14.5397 193 166 113
-49.5000 -15.0000 -14.3405 206 173 122
-48.5000 -15.0000 -14.1404 216 178 129
-47.5000 -15.0000 -13.9413 224 182 134
-46.5000 -15.0000 -13.7463 229 185 138
-45.5000 -15.0000 -13.5595 233 189 140
-44.5000 -15.0000 -13.3857 235 193 143
-43.5000 -15.0000 -13.2293 239 199 147
-42.5000 -15.0000 -13.0938 243 206 153
-41.5000 -15.0000 -12.9809 247 212 156
-40.5000 -15.0000 -12.8901 245 213 156
-39.5000 -15.0000 -12.8189 244 209 153
-38.5000 -15.0000 -12.7638 244 209 153
-37.5000 -15.0000 -12.7205 253 214 159
-36.5000 -15.0000 -12.6852 255 220 165
-35.5000 -15.0000 -12.6549 255 221 167
-34.5000 -15.0000 -12.6274 250 217 164
-33.5000 -15.0000 -12.6018 249 218 164
-32.5000 -15.0000 -12.5781 255 225 171
-31.5000 -15.0000 -12.5571 255 228 174
-30.5000 -15.0000 -12.5402 251 224 169
-29.5000 -15.0000 -12.5288 246 221 165
-28.5000 -15.0000 -12.5242 246 221 165
-27.5000 -15.0000 -12.5276 255 232 176
-26.5000 -15.0000 -12.5402 253 228 172
-25.5000 -15.0000 -12.5630 254 227 172
-24.5000 -15.0000 -12.5963 255 226 172
-23.5000 -15.0000 -12.6398 252 221 167
-22.5000 -15.0000 -12.6919 244 213 159
-21.5000 -15.0000 -12.7506 245 212 159
-20.5000 -15.0000 -12.8133 253 218 164
-19.5000 -15.0000 -12.8774 248 211 156
-18.5000 -15.0000 -12.9408 247 211 153
-17.5000 -15.0000 -13.0019 245 208 153
-16.5000 -15.0000 -13.0604 242 205 150
-15.5000 -15.0000 -13.1168 239 204 150
-14.5000 -15.0000 -13.1734 238 203 149
-13.5000 -15.0000 -13.2334 238 202 150
-12.5000 -15.0000 -13.3017 237 204 151
-11.5000 -15.0000 -13.3843 224 190 142
-10.5000 -15.0000 -13.4888 228 194 146
-9.5000 -15.0000 -13.6243 227 195 148
-8.5000 -15.0000 -13.8008 222 190 143
-7.5000 -15.0000 -14.0279 220 187 142
-6.5000 -15.0000 -14.3122 216 183 138
-5.5000 -15.0000 -14.6546 205 174 130
-4.5000 -15.0000 -15.0474 190 163 120
-3.5000 -15.0000 -15.4737 182 159 117
-2.5000 -15.0000 -15.9087 164 145 105
-1.5000 -15.0000 -16.3244 147 129 93
-0.5000 -15.0000 -16.6945 138 122 89
0.5000 -15.0000 -17.0000 135 118 90
1.5000 -15.0000 -17.2324 129 113 87
2.5000 -15.0000 -17.3940 126 112 85
3.5000 -15.0000 -17.4970 126 112 83
4.5000 -15.0000 -17.5599 128 115 83
5.5000 -15.0000 -17.6035 131 118 83
6.5000 -15.0000 -17.6463 135 121 86
7.5000 -15.0000 -17.7011 133 119 82
8.5000 -15.0000 -17.7731 131 113 77
9.5000 -15.0000 -17.8607 126 108 72
10.5000 -15.0000 -17.9581 126 105 74
11.5000 -15.0000 -18.0594 127 106 75
12.5000 -15.0000 -18.1622 126 107 75
13.5000 -15.0000 -18.2691 130 111 79
14.5000 -15.0000 -18.3869 135 116 84
15.5000 -15.0000 -18.5241 139 120 88
16.5000 -15.0000 -18.6871 138 119 87
17.5000 -15.0000 -18.8783 132 113 81
18.5000 -15.0000 -19.0952 125 106 74
19.5000 -15.0000 -19.3319 120 101 69
20.5000 -15.0000 -19.5805 119 100 68
21.5000 -15.0000 -19.8337 116 97 65
22.5000 -15.0000 -20.0854 112 93 61
23.5000 -15.0000 -20.3306 109 90 58
24.5000 -15.0000 -20.5652 108 89 57
25.5000 -15.0000 -20.7860 106 87 55
26.5000 -15.0000 -20.9907 103 84 52
27.5000 -15.0000 -21.1798 98 82 49
28.5000 -15.0000 -21.3577 95 84 52
29.5000 -15.0000 -21.5336 94 85 52
30.5000 -15.0000 -21.7217 95 86 53
31.5000 -15.0000 -21.9392 93 87 53
32.5000 -15.0000 -22.2056 93 84 53
33.5000 -15.0000 -22.5405 90 84 52
34.5000 -15.0000 -22.9620 88 81 53
35.5000 -15.0000 -23.4839 86 81 52
36.5000 -15.0000 -24.1114 76 70 44
37.5000 -15.0000 -24.8359 73 69 42
38.5000 -15.0000 -25.6294 68 63 41
39.5000 -15.0000 -26.4426 61 56 34
40.5000 -15.0000 -27.2091 55 50 30
41.5000 -15.0000 -27.8561 47 45 24
42.5000 -15.0000 -28.3209 45 40 20
43.5000 -15.0000 -28.5674 41 38 19
44.5000 -15.0000 -28.5978 42 39 22
45.5000 -15.0000 -28.4523 45 43 28
46.5000 -15.0000 -28.1994 49 48 30
47.5000 -15.0000 -27.9181 51 50 32
48.5000 -15.0000 -27.6805 50 49 29
49.5000 -15.0000 -27.5409 50 49 29
50.5000 -15.0000 -27.5328 51 50 29
51.5000 -15.0000 -27.6713 53 52 31
52.5000 -15.0000 -27.9595 55 54 34
53.5000 -15.0000 -28.3938 50 49 29
54.5000 -15.0000 -28.9688 45 43 28
55.5000 -15.0000 -29.6814 41 39 24
56.5000 -15.0000 -30.5342 41 39 27
57.5000 -15.0000 -31.5367 40 38 26
58.5000 -15.0000 -32.7059 38 35 26
59.5000 -15.0000 -34.0664 34 34 26
60.5000 -15.0000 -35.6564 27 30 19
61.5000 -15.0000 -37.5439 20 28 15
62.5000 -15.0000 -39.8540 16 22 10
63.5000 -15.0000 -42.8004 14 20 8
64.5000 -15.0000 -46.7058 14 20 10
65.5000 -15.0000 -51.9862 13 19 9
66.5000 -15.0000 -59.0781 12 15 6
68.5000 -15.0000 -79.7096 16 17 11
-93.5000 -16.0000 -79.3881 32 24 11
-92.5000 -16.0000 -64.0514 43 34 19
-91.5000 -16.0000 -51.7143 54 42 30
-90.5000 -16.0000 -42.4687 55 43 31
-89.5000 -16.0000 -35.9592 57 45 33
-88.5000 -16.0000 -31.6021 58 49 34
-87.5000 -16.0000 -28.7822 60 53 37
-86.5000 -16.0000 -26.9751 62 57 37
-85.5000 -16.0000 -25.7927 64 59 39
-84.5000 -16.0000 -24.9763 65 61 36
-83.5000 -16.0000 -24.3667 69 63 37
-82.5000 -16.0000 -23.8723 69 64 35
-81.5000 -16.0000 -23.4443 69 64 35
-80.5000 -16.0000 -23.0603 71 66 37
-79.5000 -16.0000 -22.7122 74 69 40
-78.5000 -16.0000 -22.3985 79 74 45
-77.5000 -16.0000 -22.1180 85 78 50
-76.5000 -16.0000 -21.8670 88 81 53
-75.5000 -16.0000 -21.6380 82 72 45
-74.5000 -16.0000 -21.4216 87 77 50
-73.5000 -16.0000 -21.2083 94 82 56
-72.5000 -16.0000 -20.9910 95 83 57
-71.5000 -16.0000 -20.7658 94 82 56
-70.5000 -16.0000 -20.5326 94 82 56
-69.5000 -16.0000 -20.2924 98 86 60
-68.5000 -16.0000 -20.0448 101 92 63
-67.5000 -16.0000 -19.7857 97 92 60
-66.5000 -16.0000 -19.5060 98 96 58
-65.5000 -16.0000 -19.1949 97 95 57
-64.5000 -16.0000 -18.8447 97 95 56
-63.5000 -16.0000 -18.4560 107 103 65
-62.5000 -16.0000 -18.0396 123 118 78
-61.5000 -16.0000 -17.6142 136 124 86
-60.5000 -16.0000 -17.2007 140 122 84
-59.5000 -16.0000 -16.8160 151 127 89
-58.5000 -16.0000 -16.4696 161 133 94
-57.5000 -16.0000 -16.1628 166 136 98
-56.5000 -16.0000 -15.8912 167 138 98
-55.5000 -16.0000 -15.6475 169 141 101
-54.5000 -16.0000 -15.4241 173 150 106
-53.5000 -16.0000 -15.2144 178 157 112
-52.5000 -16.0000 -15.0128 180 159 112
-51.5000 -16.0000 -14.8152 188 162 111
-50.5000 -16.0000 -14.6187 196 166 114
-49.5000 -16.0000 -14.4216 204 171 120
-48.5000 -16.0000 -14.2240 214 174 125
-47.5000 -16.0000 -14.0272 220 176 129
-46.5000 -16.0000 -13.8340 225 178 132
-45.5000 -16.0000 -13.6485 230 184 135
-44.5000 -16.0000 -13.4751 234 188 139
-43.5000 -16.0000 -13.3183 240 199 147
-42.5000 -16.0000 -13.1814 243 203 151
-41.5000 -16.0000 -13.0661 245 208 153
-40.5000 -16.0000 -12.9719 246 209 154
-39.5000 -16.0000 -12.8962 245 208 153
-38.5000 -16.0000 -12.8355 250 211 156
-37.5000 -16.0000 -12.7861 255 215 161
-36.5000 -16.0000 -12.7446 255 221 167
-35.5000 -16.0000 -12.7086 254 217 165
-34.5000 -16.0000 -12.6765 249 213 161
-33.5000 -16.0000 -12.6475 249 216 163
-32.5000 -16.0000 -12.6218 255 225 171
-31.5000 -16.0000 -12.6001 255 228 174
-30.5000 -16.0000 -12.5833 252 222 168
-29.5000 -16.0000 -12.5724 245 218 163
-28.5000 -16.0000 -12.5682 244 219 163
-27.5000 -16.0000 -12.5717 253 228 172
-26.5000 -16.0000 -12.5839 252 225 170
-25.5000 -16.0000 -12.6058 255 226 172
-24.5000 -16.0000 -12.6380 255 228 174
-23.5000 -16.0000 -12.6806 255 224 170
-22.5000 -16.0000 -12.7324 248 215 162
-21.5000 -16.0000 -12.7918 249 213 161
-20.5000 -16.0000 -12.8561 254 219 165
-19.5000 -16.0000 -12.9225 244 207 152
-18.5000 -16.0000 -12.9887 244 208 150
-17.5000 -16.0000 -13.0524 243 206 151
-16.5000 -16.0000 -13.1125 240 203 148
-15.5000 -16.0000 -13.1694 235 200 146
-14.5000 -16.0000 -13.2249 233 198 144
-13.5000 -16.0000 -13.2826 234 198 146
-12.5000 -16.0000 -13.3479 235 199 147
-11.5000 -16.0000 -13.4279 222 188 140
-10.5000 -16.0000 -13.5317 227 193 145
-9.5000 -16.0000 -13.6694 228 196 149
-8.5000 -16.0000 -13.8518 224 192 145
-7.5000 -16.0000 -14.0886 220 187 142
-6.5000 -16.0000 -14.3858 214 181 136
-5.5000 -16.0000 -14.7428 200 169 125
-4.5000 -16.0000 -15.1502 183 156 113
-3.5000 -16.0000 -15.5893 178 155 113
-2.5000 -16.0000 -16.0345 162 143 103
-1.5000 -16.0000 -16.4573 145 127 91
-0.5000 -16.0000 -16.8323 134 118 85
0.5000 -16.0000 -17.1414 131 114 86
1.5000 -16.0000 -17.3774 128 112 86
2.5000 -16.0000 -17.5436 124 110 83
3.5000 -16.0000 -17.6530 123 109 80
4.5000 -16.0000 -17.7248 128 115 83
5.5000 -16.0000 -17.7799 130 117 82
6.5000 -16.0000 -17.8369 131 117 82
7.5000 -16.0000 -17.9083 130 116 79
8.5000 -16.0000 -17.9992 130 112 76
9.5000 -16.0000 -18.1078 127 109 73
10.5000 -16.0000 -18.2284 126 105 74
11.5000 -16.0000 -18.3557 124 105 73
12.5000 -16.0000 -18.4874 120 104 71
13.5000 -16.0000 -18.6264 122 107 74
14.5000 -16.0000 -18.7790 126 111 78
15.5000 -16.0000 -18.9522 127 112 79
16.5000 -16.0000 -19.1510 124 109 76
17.5000 -16.0000 -19.3757 116 101 68
18.5000 -16.0000 -19.6221 107 92 59
19.5000 -16.0000 -19.8830 101 86 53
20.5000 -16.0000 -20.1500 105 90 57
21.5000 -16.0000 -20.4157 103 88 55
22.5000 -16.0000 -20.6745 99 84 51
23.5000 -16.0000 -20.9224 96 81 48
24.5000 -16.0000 -21.1567 94 79 46
25.5000 -16.0000 -21.3755 92 77 44
26.5000 -16.0000 -21.5782 91 76 43
27.5000 -16.0000 -21.7664 89 76 42
28.5000 -16.0000 -21.9449 83 72 40
29.5000 -16.0000 -22.1226 84 73 41
30.5000 -16.0000 -22.3121 85 76 43
31.5000 -16.0000 -22.5280 87 78 45
32.5000 -16.0000 -22.7859 88 79 48
33.5000 -16.0000 -23.1015 89 80 49
34.5000 -16.0000 -23.4892 87 80 52
35.5000 -16.0000 -23.9614 86 79 51
36.5000 -16.0000 -24.5252 71 65 39
37.5000 -16.0000 -25.1777 69 63 37
38.5000 -16.0000 -25.9012 66 60 38
39.5000 -16.0000 -26.6588 62 56 34
40.5000 -16.0000 -27.3961 56 51 31
41.5000 -16.0000 -28.0481 50 45 25
42.5000 -16.0000 -28.5531 45 40 20
43.5000 -16.0000 -28.8690 41 38 19
44.5000 -16.0000 -28.9856 38 37 19
45.5000 -16.0000 -28.9293 43 41 26
46.5000 -16.0000 -28.7559 48 47 29
47.5000 -16.0000 -28.5364 50 49 31
48.5000 -16.0000 -28.3401 50 49 29
49.5000 -16.0000 -28.2228 49 48 28
50.5000 -16.0000 -28.2217 49 48 27
51.5000 -16.0000 -28.3568 50 49 28
52.5000 -16.0000 -28.6350 52 51 31
53.5000 -16.0000 -29.0555 48 47 27
54.5000 -16.0000 -29.6143 43 41 26
55.5000 -16.0000 -30.3088 41 39 26
56.5000 -16.0000 -31.1422 41 39 27
57.5000 -16.0000 -32.1261 39 36 27
58.5000 -16.0000 -33.2819 37 34 27
59.5000 -16.0000 -34.6429 32 32 24
60.5000 -16.0000 -36.2614 27 33 21
61.5000 -16.0000 -38.2262 22 30 17
62.5000 -16.0000 -40.6886 18 24 12
63.5000 -16.0000 -43.8928 16 22 10
64.5000 -16.0000 -48.1894 15 21 11
65.5000 -16.0000 -54.0093 15 21 11
66.5000 -16.0000 -61.7752 14 17 8
67.5000 -16.0000 -71.7515 12 15 6
68.5000 -16.0000 -83.8719 15 14 9
-93.5000 -17.0000 -85.3750 26 18 5
-92.5000 -17.0000 -69.3289 36 29 13
-91.5000 -17.0000 -56.0474 50 40 28
-90.5000 -17.0000 -45.8051 51 41 29
-89.5000 -17.0000 -38.3894 53 43 31
-88.5000 -17.0000 -33.2973 56 49 33
-87.5000 -17.0000 -29.9351 59 52 36
-86.5000 -17.0000 -27.7596 62 57 37
-85.5000 -17.0000 -26.3445 64 59 39
-84.5000 -17.0000 -25.3903 64 62 37
-83.5000 -17.0000 -24.7037 65 61 34
-82.5000 -17.0000 -24.1684 66 62 33
-81.5000 -17.0000 -23.7198 68 63 34
-80.5000 -17.0000 -23.3257 71 66 37
-79.5000 -17.0000 -22.9723 74 69 40
-78.5000 -17.0000 -22.6552 77 72 43
-77.5000 -17.0000 -22.3715 80 73 45
-76.5000 -17.0000 -22.1166 82 75 47
-75.5000 -17.0000 -21.8828 81 71 44
-74.5000 -17.0000 -21.6606 86 76 49
-73.5000 -17.0000 -21.4401 90 80 53
-72.5000 -17.0000 -21.2139 89 79 52
-71.5000 -17.0000 -20.9781 87 75 49
-70.5000 -17.0000 -20.7325 88 76 50
-69.5000 -17.0000 -20.4788 93 81 55
-68.5000 -17.0000 -20.2175 98 89 60
-67.5000 -17.0000 -19.9448 97 91 57
-66.5000 -17.0000 -19.6523 98 94 57
-65.5000 -17.0000 -19.3293 96 94 56
-64.5000 -17.0000 -18.9681 97 95 56
-63.5000 -17.0000 -18.5695 108 104 66
-62.5000 -17.0000 -18.1447 126 118 79
-61.5000 -17.0000 -17.7126 137 123 86
-60.5000 -17.0000 -17.2942 139 121 83
-59.5000 -17.0000 -16.9062 148 124 86
-58.5000 -17.0000 -16.5577 160 132 93
-57.5000 -17.0000 -16.2496 167 137 99
-56.5000 -17.0000 -15.9771 166 137 97
-55.5000 -17.0000 -15.7329 167 139 99
-54.5000 -17.0000 -15.5092 173 149 105
-53.5000 -17.0000 -15.2994 176 153 109
-52.5000 -17.0000 -15.0981 175 153 104
-51.5000 -17.0000 -14.9014 188 160 110
-50.5000 -17.0000 -14.7063 194 162 111
-49.5000 -17.0000 -14.5112 202 166 116
-48.5000 -17.0000 -14.3156 210 168 120
-47.5000 -17.0000 -14.1208 217 170 124
-46.5000 -17.0000 -13.9290 223 175 129
-45.5000 -17.0000 -13.7440 230 182 134
-44.5000 -17.0000 -13.5703 236 188 140
-43.5000 -17.0000 -13.4122 245 202 151
-42.5000 -17.0000 -13.2732 245 204 152
-41.5000 -17.0000 -13.1548 245 206 151
-40.5000 -17.0000 -13.0565 246 207 152
-39.5000 -17.0000 -12.9759 247 208 153
-38.5000 -17.0000 -12.9097 251 210 156
-37.5000 -17.0000 -12.8544 255 213 160
-36.5000 -17.0000 -12.8071 255 217 163
-35.5000 -17.0000 -12.7659 254 217 165
-34.5000 -17.0000 -12.7295 248 212 160
-33.5000 -17.0000 -12.6975 247 214 161
-32.5000 -17.0000 -12.6700 252 221 167
-31.5000 -17.0000 -12.6476 254 224 170
-30.5000 -17.0000 -12.6310 251 221 167
-29.5000 -17.0000 -12.6207 246 219 164
-28.5000 -17.0000 -12.6171 247 220 165
-27.5000 -17.0000 -12.6209 248 221 166
-26.5000 -17.0000 -12.6328 248 221 166
-25.5000 -17.0000 -12.6538 254 224 170
-24.5000 -17.0000 -12.6849 255 229 175
-23.5000 -17.0000 -12.7265 255 225 171
-22.5000 -17.0000 -12.7779 249 216 163
-21.5000 -17.0000 -12.8378 249 213 161
-20.5000 -17.0000 -12.9037 252 217 163
-19.5000 -17.0000 -12.9726 241 204 149
-18.5000 -17.0000 -13.0415 241 205 147
-17.5000 -17.0000 -13.1078 240 203 148
-16.5000 -17.0000 -13.1697 236 199 144
-15.5000 -17.0000 -13.2270 230 195 141
-14.5000 -17.0000 -13.2814 228 193 139
-13.5000 -17.0000 -13.3368 229 193 141
-12.5000 -17.0000 -13.3995 231 195 143
-11.5000 -17.0000 -13.4777 225 191 143
-10.5000 -17.0000 -13.5815 229 195 147
-9.5000 -17.0000 -13.7223 228 196 149
-8.5000 -17.0000 -13.9118 222 190 143
-7.5000 -17.0000 -14.1596 217 184 139
-6.5000 -17.0000 -14.4712 211 178 133
-5.5000 -17.0000 -14.8443 197 166 122
-4.5000 -17.0000 -15.2677 180 153 110
-3.5000 -17.0000 -15.7208 171 148 106
-2.5000 -17.0000 -16.1769 156 137 97
-1.5000 -17.0000 -16.6073 140 122 86
-0.5000 -17.0000 -16.9874 128 112 79
0.5000 -17.0000 -17.3004 125 108 80
1.5000 -17.0000 -17.5404 124 108 82
2.5000 -17.0000 -17.7124 121 107 80
3.5000 -17.0000 -17.8303 118 104 75
4.5000 -17.0000 -17.9137 127 114 82
5.5000 -17.0000 -17.9839 126 113 78
6.5000 -17.0000 -18.0595 125 111 76
7.5000 -17.0000 -18.1529 125 111 74
8.5000 -17.0000 -18.2690 128 110 74
9.5000 -17.0000 -18.4059 126 108 72
10.5000 -17.0000 -18.5581 125 104 73
11.5000 -17.0000 -18.7202 121 102 70
12.5000 -17.0000 -18.8900 117 104 70
13.5000 -17.0000 -19.0694 115 105 70
14.5000 -17.0000 -19.2633 115 105 70
15.5000 -17.0000 -19.4770 113 103 68
16.5000 -17.0000 -19.7132 108 98 63
17.5000 -17.0000 -19.9705 102 92 57
18.5000 -17.0000 -20.2434 95 85 50
19.5000 -17.0000 -20.5241 91 81 46
20.5000 -17.0000 -20.8043 94 84 49
21.5000 -17.0000 -21.0771 93 83 48
22.5000 -17.0000 -21.3379 89 79 44
23.5000 -17.0000 -21.5841 86 76 41
24.5000 -17.0000 -21.8147 83 73 38
25.5000 -17.0000 -22.0296 82 72 37
26.5000 -17.0000 -22.2297 81 71 36
27.5000 -17.0000 -22.4178 82 72 37
28.5000 -17.0000 -22.5994 79 66 34
29.5000 -17.0000 -22.7828 80 67 35
30.5000 -17.0000 -22.9786 81 68 36
31.5000 -17.0000 -23.1984 82 69 37
32.5000 -17.0000 -23.4537 82 68 39
33.5000 -17.0000 -23.7553 81 67 38
34.5000 -17.0000 -24.1140 78 66 40
35.5000 -17.0000 -24.5401 77 65 39
36.5000 -17.0000 -25.0421 68 58 33
37.5000 -17.0000 -25.6226 68 58 33
38.5000 -17.0000 -26.2733 65 57 36
39.5000 -17.0000 -26.9698 62 54 33
40.5000 -17.0000 -27.6698 58 50 31
41.5000 -17.0000 -28.3174 53 45 26
42.5000 -17.0000 -28.8537 48 40 21
43.5000 -17.0000 -29.2319 44 37 19
44.5000 -17.0000 -29.4311 35 34 16
45.5000 -17.0000 -29.4637 39 40 24
46.5000 -17.0000 -29.3724 46 47 29
47.5000 -17.0000 -29.2187 49 50 32
48.5000 -17.0000 -29.0677 49 51 30
49.5000 -17.0000 -28.9757 46 48 27
50.5000 -17.0000 -28.9836 45 47 26
51.5000 -17.0000 -29.1165 45 47 26
52.5000 -17.0000 -29.3859 47 49 28
53.5000 -17.0000 -29.7945 44 46 25
54.5000 -17.0000 -30.3404 41 42 26
55.5000 -17.0000 -31.0223 40 41 27
56.5000 -17.0000 -31.8442 40 40 28
57.5000 -17.0000 -32.8196 38 38 28
58.5000 -17.0000 -33.9745 34 34 26
59.5000 -17.0000 -35.3514 29 30 22
60.5000 -17.0000 -37.0174 31 37 25
61.5000 -17.0000 -39.0817 26 34 21
62.5000 -17.0000 -41.7208 21 29 16
63.5000 -17.0000 -45.2037 19 27 14
64.5000 -17.0000 -49.8997 19 25 15
65.5000 -17.0000 -56.2420 19 25 15
66.5000 -17.0000 -64.6274 18 21 12
67.5000 -17.0000 -75.2549 16 19 10
-93.5000 -18.0000 -92.3302 20 16 4
-92.5000 -18.0000 -75.6171 31 25 13
-91.5000 -18.0000 -61.3505 46 40 28
-90.5000 -18.0000 -50.0020 47 41 29
-89.5000 -18.0000 -41.5285 50 44 30
-88.5000 -18.0000 -35.5372 54 48 32
-87.5000 -18.0000 -31.4805 56 53 36
-86.5000 -18.0000 -28.8109 60 57 38
-85.5000 -18.0000 -27.0689 62 61 40
-84.5000 -18.0000 -25.9118 64 64 40
-83.5000 -18.0000 -25.1059 60 58 33
-82.5000 -18.0000 -24.5034 62 61 33
-81.5000 -18.0000 -24.0181 68 64 37
-80.5000 -18.0000 -23.6041 72 66 40
-79.5000 -18.0000 -23.2395 76 69 43
-78.5000 -18.0000 -22.9151 77 70 42
-77.5000 -18.0000 -22.6255 77 70 42
-76.5000 -18.0000 -22.3650 76 69 41
-75.5000 -18.0000 -22.1253 81 71 44
-74.5000 -18.0000 -21.8965 83 76 48
-73.5000 -18.0000 -21.6686 86 79 51
-72.5000 -18.0000 -21.4338 84 77 49
-71.5000 -18.0000 -21.1882 82 72 45
-70.5000 -18.0000 -20.9319 83 73 46
-69.5000 -18.0000 -20.6673 89 79 52
-68.5000 -18.0000 -20.3956 96 87 58
-67.5000 -18.0000 -20.1138 96 90 56
-66.5000 -18.0000 -19.8135 97 93 56
-65.5000 -18.0000 -19.4835 97 93 55
-64.5000 -18.0000 -19.1157 99 95 57
-63.5000 -18.0000 -18.7103 109 106 65
-62.5000 -18.0000 -18.2782 126 118 79
-61.5000 -18.0000 -17.8387 136 124 86
-60.5000 -18.0000 -17.4130 138 120 82
-59.5000 -18.0000 -17.0186 146 122 84
-58.5000 -18.0000 -16.6646 159 131 94
-57.5000 -18.0000 -16.3524 167 137 99
-56.5000 -18.0000 -16.0770 168 136 98
-55.5000 -18.0000 -15.8307 167 138 98
-54.5000 -18.0000 -15.6057 173 145 105
-53.5000 -18.0000 -15.3951 173 150 108
-52.5000 -18.0000 -15.1937 172 148 102
-51.5000 -18.0000 -14.9973 187 156 109
-50.5000 -18.0000 -14.8032 193 159 111
-49.5000 -18.0000 -14.6095 200 162 115
-48.5000 -18.0000 -14.4156 207 164 119
-47.5000 -18.0000 -14.2220 212 168 123
-46.5000 -18.0000 -14.0309 221 174 128
-45.5000 -18.0000 -13.8457 231 183 137
-44.5000 -18.0000 -13.6709 238 190 142
-43.5000 -18.0000 -13.5108 247 201 151
-42.5000 -18.0000 -13.3689 244 201 150
-41.5000 -18.0000 -13.2469 242 201 147
-40.5000 -18.0000 -13.1442 243 202 148
-39.5000 -18.0000 -13.0587 246 203 148
-38.5000 -18.0000 -12.9871 249 206 151
-37.5000 -18.0000 -12.9263 253 208 153
-36.5000 -18.0000 -12.8739 252 209 156
-35.5000 -18.0000 -12.8281 255 219 166
-34.5000 -18.0000 -12.7880 246 213 159
-33.5000 -18.0000 -12.7534 244 211 157
-32.5000 -18.0000 -12.7243 249 218 163
-31.5000 -18.0000 -12.7013 251 222 166
-30.5000 -18.0000 -12.6847 249 220 164
-29.5000 -18.0000 -12.6749 249 220 164
-28.5000 -18.0000 -12.6719 252 223 167
-27.5000 -18.0000 -12.6760 246 217 161
-26.5000 -18.0000 -12.6878 246 217 161
-25.5000 -18.0000 -12.7081 253 222 167
-24.5000 -18.0000 -12.7381 255 228 173
-23.5000 -18.0000 -12.7787 255 224 170
-22.5000 -18.0000 -12.8297 251 216 162
-21.5000 -18.0000 -12.8899 247 212 158
-20.5000 -18.0000 -12.9572 251 214 161
-19.5000 -18.0000 -13.0282 238 201 146
-18.5000 -18.0000 -13.0997 239 203 145
-17.5000 -18.0000 -13.1684 239 202 147
-16.5000 -18.0000 -13.2319 234 197 144
-15.5000 -18.0000 -13.2896 228 193 139
-14.5000 -18.0000 -13.3432 225 189 137
-13.5000 -18.0000 -13.3970 224 191 138
-12.5000 -18.0000 -13.4579 227 194 143
-11.5000 -18.0000 -13.5352 228 196 147
-10.5000 -18.0000 -13.6402 230 198 151
-9.5000 -18.0000 -13.7853 226 195 149
-8.5000 -18.0000 -13.9828 217 189 142
-7.5000 -18.0000 -14.2424 211 182 138
-6.5000 -18.0000 -14.5687 205 176 132
-5.5000 -18.0000 -14.9583 193 164 122
-4.5000 -18.0000 -15.3980 178 153 112
-3.5000 -18.0000 -15.8656 164 142 103
-2.5000 -18.0000 -16.3330 151 131 94
-1.5000 -18.0000 -16.7716 135 116 83
-0.5000 -18.0000 -17.1575 125 106 74
0.5000 -18.0000 -17.4756 120 103 75
1.5000 -18.0000 -17.7217 120 105 76
2.5000 -18.0000 -17.9022 118 102 76
3.5000 -18.0000 -18.0321 114 100 71
4.5000 -18.0000 -18.1318 125 112 80
5.5000 -18.0000 -18.2229 122 109 75
6.5000 -18.0000 -18.3238 120 106 71
7.5000 -18.0000 -18.4469 121 107 70
8.5000 -18.0000 -18.5967 124 108 72
9.5000 -18.0000 -18.7712 124 108 74
10.5000 -18.0000 -18.9645 122 103 70
11.5000 -18.0000 -19.1708 116 100 67
12.5000 -18.0000 -19.3870 118 108 73
13.5000 -18.0000 -19.6135 115 107 71
14.5000 -18.0000 -19.8531 111 102 69
15.5000 -18.0000 -20.1088 106 97 64
16.5000 -18.0000 -20.3810 101 92 59
17.5000 -18.0000 -20.6672 97 88 55
18.5000 -18.0000 -20.9614 93 84 51
19.5000 -18.0000 -21.2561 92 83 50
20.5000 -18.0000 -21.5437 92 83 50
21.5000 -18.0000 -21.8185 90 81 50
22.5000 -18.0000 -22.0770 87 78 47
23.5000 -18.0000 -22.3180 84 75 44
24.5000 -18.0000 -22.5422 81 72 41
25.5000 -18.0000 -22.7512 79 70 39
26.5000 -18.0000 -22.9476 80 71 40
27.5000 -18.0000 -23.1353 81 72 41
28.5000 -18.0000 -23.3203 79 68 40
29.5000 -18.0000 -23.5104 78 67 39
30.5000 -18.0000 -23.7146 79 65 38
31.5000 -18.0000 -23.9412 76 62 35
32.5000 -18.0000 -24.1976 73 59 33
33.5000 -18.0000 -24.4898 69 55 29
34.5000 -18.0000 -24.8244 65 50 27
35.5000 -18.0000 -25.2095 63 48 25
36.5000 -18.0000 -25.6542 68 53 32
37.5000 -18.0000 -26.1660 66 54 32
38.5000 -18.0000 -26.7449 66 53 34
39.5000 -18.0000 -27.3782 63 52 34
40.5000 -18.0000 -28.0356 60 49 31
41.5000 -18.0000 -28.6710 55 44 26
42.5000 -18.0000 -29.2300 50 39 21
43.5000 -18.0000 -29.6632 45 36 19
44.5000 -18.0000 -29.9407 35 32 17
45.5000 -18.0000 -30.0617 40 38 23
46.5000 -18.0000 -30.0553 48 47 29
47.5000 -18.0000 -29.9723 52 51 33
48.5000 -18.0000 -29.8719 52 51 31
49.5000 -18.0000 -29.8099 49 48 28
50.5000 -18.0000 -29.8302 46 45 25
51.5000 -18.0000 -29.9632 46 45 25
52.5000 -18.0000 -30.2260 47 46 26
53.5000 -18.0000 -30.6258 45 44 24
54.5000 -18.0000 -31.1641 44 43 25
55.5000 -18.0000 -31.8410 43 41 26
56.5000 -18.0000 -32.6618 43 41 29
57.5000 -18.0000 -33.6417 41 38 29
58.5000 -18.0000 -34.8118 36 33 26
59.5000 -18.0000 -36.2239 29 29 21
60.5000 -18.0000 -37.9606 27 30 21
61.5000 -18.0000 -40.1510 21 27 17
62.5000 -18.0000 -42.9928 16 22 12
63.5000 -18.0000 -46.7720 14 20 10
64.5000 -18.0000 -51.8639 14 20 10
65.5000 -18.0000 -58.6901 15 18 9
66.5000 -18.0000 -67.6115 12 15 8
-92.5000 -19.0000 -83.0253 16 16 8
-91.5000 -19.0000 -67.7713 33 33 23
-90.5000 -19.0000 -55.2348 41 41 29
-89.5000 -19.0000 -45.5594 45 46 32
-88.5000 -19.0000 -38.4917 42 43 25
-87.5000 -19.0000 -33.5605 44 45 27
-86.5000 -19.0000 -30.2376 51 53 32
-85.5000 -19.0000 -28.0424 55 57 35
-84.5000 -19.0000 -26.5908 54 56 34
-83.5000 -19.0000 -25.6037 58 60 38
-82.5000 -19.0000 -24.8943 59 58 37
-81.5000 -19.0000 -24.3472 62 60 37
-80.5000 -19.0000 -23.8973 70 64 42
-79.5000 -19.0000 -23.5109 79 68 46
-78.5000 -19.0000 -23.1719 83 73 48
-77.5000 -19.0000 -22.8713 82 72 45
-76.5000 -19.0000 -22.6013 80 70 43
-75.5000 -19.0000 -22.3529 81 74 45
-74.5000 -19.0000 -22.1159 77 72 42
-73.5000 -19.0000 -21.8801 73 69 40
-72.5000 -19.0000 -21.6374 72 68 39
-71.5000 -19.0000 -21.3841 76 72 45
-70.5000 -19.0000 -21.1204 85 79 53
-69.5000 -19.0000 -20.8496 93 87 61
-68.5000 -19.0000 -20.5735 100 93 65
-67.5000 -19.0000 -20.2895 97 91 57
-66.5000 -19.0000 -19.9887 97 92 54
-65.5000 -19.0000 -19.6589 91 87 49
-64.5000 -19.0000 -19.2906 89 85 47
-63.5000 -19.0000 -18.8826 99 95 57
-62.5000 -19.0000 -18.4454 119 114 76
-61.5000 -19.0000 -17.9983 133 123 87
-60.5000 -19.0000 -17.5634 138 122 86
-59.5000 -19.0000 -17.1592 150 127 93
-58.5000 -19.0000 -16.7963 157 131 98
-57.5000 -19.0000 -16.4765 165 135 101
-56.5000 -19.0000 -16.1954 170 137 104
-55.5000 -19.0000 -15.9450 171 138 105
-54.5000 -19.0000 -15.7172 171 141 107
-53.5000 -19.0000 -15.5048 173 144 110
-52.5000 -19.0000 -15.3023 175 147 108
-51.5000 -19.0000 -15.1055 188 155 114
-50.5000 -19.0000 -14.9115 191 154 112
-49.5000 -19.0000 -14.7184 198 159 116
-48.5000 -19.0000 -14.5251 210 168 126
-47.5000 -19.0000 -14.3319 214 171 128
-46.5000 -19.0000 -14.1407 213 170 127
-45.5000 -19.0000 -13.9547 218 174 127
-44.5000 -19.0000 -13.7781 227 183 134
-43.5000 -19.0000 -13.6154 237 191 141
-42.5000 -19.0000 -13.4701 241 195 145
-41.5000 -19.0000 -13.3440 245 199 147
-40.5000 -19.0000 -13.2367 247 202 147
-39.5000 -19.0000 -13.1461 249 202 146
-38.5000 -19.0000 -13.0695 249 202 146
-37.5000 -19.0000 -13.0038 253 204 148
-36.5000 -19.0000 -12.9469 253 208 151
-35.5000 -19.0000 -12.8974 250 215 157
-34.5000 -19.0000 -12.8544 243 214 156
-33.5000 -19.0000 -12.8176 242 213 155
-32.5000 -19.0000 -12.7873 244 215 157
-31.5000 -19.0000 -12.7635 248 219 161
-30.5000 -19.0000 -12.7468 252 223 165
-29.5000 -19.0000 -12.7370 253 222 165
-28.5000 -19.0000 -12.7343 253 222 165
-27.5000 -19.0000 -12.7385 241 209 152
-26.5000 -19.0000 -12.7501 240 208 151
-25.5000 -19.0000 -12.7699 243 208 152
-24.5000 -19.0000 -12.7991 247 212 156
-23.5000 -19.0000 -12.8388 252 215 160
-22.5000 -19.0000 -12.8892 251 214 159
-21.5000 -19.0000 -12.9495 247 210 155
-20.5000 -19.0000 -13.0176 242 205 150
-19.5000 -19.0000 -13.0904 236 199 144
-18.5000 -19.0000 -13.1641 239 202 147
-17.5000 -19.0000 -13.2348 235 198 145
-16.5000 -19.0000 -13.2999 228 191 138
-15.5000 -19.0000 -13.3583 226 190 138
-14.5000 -19.0000 -13.4118 229 196 145
-13.5000 -19.0000 -13.4650 229 197 148
-12.5000 -19.0000 -13.5256 225 194 147
-11.5000 -19.0000 -13.6038 225 197 150
-10.5000 -19.0000 -13.7116 221 194 149
-9.5000 -19.0000 -13.8622 216 192 148
-8.5000 -19.0000 -14.0683 211 188 144
-7.5000 -19.0000 -14.3396 207 184 142
-6.5000 -19.0000 -14.6802 197 175 134
-5.5000 -19.0000 -15.0854 187 165 126
-4.5000 -19.0000 -15.5404 178 158 121
-3.5000 -19.0000 -16.0216 154 134 101
-2.5000 -19.0000 -16.5003 139 120 88
-1.5000 -19.0000 -16.9478 128 109 79
-0.5000 -19.0000 -17.3413 128 109 79
0.5000 -19.0000 -17.6673 127 110 80
1.5000 -19.0000 -17.9232 125 108 78
2.5000 -19.0000 -18.1170 121 104 76
3.5000 -19.0000 -18.2647 120 105 74
4.5000 -19.0000 -18.3875 120 105 72
5.5000 -19.0000 -18.5072 125 110 77
6.5000 -19.0000 -18.6424 129 116 81
7.5000 -19.0000 -18.8049 130 117 82
8.5000 -19.0000 -18.9986 126 112 77
9.5000 -19.0000 -19.2207 120 106 71
10.5000 -19.0000 -19.4648 115 102 67
11.5000 -19.0000 -19.7239 114 101 67
12.5000 -19.0000 -19.9932 103 92 60
13.5000 -19.0000 -20.2710 105 96 63
14.5000 -19.0000 -20.5575 106 97 66
15.5000 -19.0000 -20.8533 103 94 63
16.5000 -19.0000 -21.1575 98 89 58
17.5000 -19.0000 -21.4667 94 85 56
18.5000 -19.0000 -21.7756 94 85 56
19.5000 -19.0000 -22.0779 96 86 59
20.5000 -19.0000 -22.3675 87 77 50
21.5000 -19.0000 -22.6401 82 72 47
22.5000 -19.0000 -22.8934 79 69 44
23.5000 -19.0000 -23.1273 80 70 45
24.5000 -19.0000 -23.3437 84 73 51
25.5000 -19.0000 -23.5453 83 72 50
26.5000 -19.0000 -23.7364 76 65 43
27.5000 -19.0000 -23.9219 67 59 36
28.5000 -19.0000 -24.1084 72 66 44
29.5000 -19.0000 -24.3038 70 64 42
30.5000 -19.0000 -24.5154 69 61 40
31.5000 -19.0000 -24.7490 68 57 37
32.5000 -19.0000 -25.0079 67 56 36
33.5000 -19.0000 -25.2939 68 55 36
34.5000 -19.0000 -25.6096 71 55 39
35.5000 -19.0000 -25.9603 72 56 40
36.5000 -19.0000 -26.3554 68 52 36
37.5000 -19.0000 -26.8054 67 51 35
38.5000 -19.0000 -27.3176 66 50 34
39.5000 -19.0000 -27.8891 64 51 35
40.5000 -19.0000 -28.5012 63 50 34
41.5000 -19.0000 -29.1179 58 45 29
42.5000 -19.0000 -29.6907 50 38 22
43.5000 -19.0000 -30.1701 43 34 17
44.5000 -19.0000 -30.5193 39 33 19
45.5000 -19.0000 -30.7262 39 36 21
46.5000 -19.0000 -30.8065 41 38 21
47.5000 -19.0000 -30.7995 43 40 23
48.5000 -19.0000 -30.7569 44 41 22
49.5000 -19.0000 -30.7320 44 42 21
50.5000 -19.0000 -30.7710 42 40 19
51.5000 -19.0000 -30.9092 42 40 19
52.5000 -19.0000 -31.1699 43 41 20
53.5000 -19.0000 -31.5662 41 38 19
54.5000 -19.0000 -32.1036 39 36 19
55.5000 -19.0000 -32.7847 37 34 19
56.5000 -19.0000 -33.6162 36 32 21
57.5000 -19.0000 -34.6158 36 32 23
58.5000 -19.0000 -35.8196 37 32 26
59.5000 -19.0000 -37.2903 37 34 27
60.5000 -19.0000 -39.1266 23 24 18
61.5000 -19.0000 -41.4761 25 28 21
62.5000 -19.0000 -44.5529 26 29 22
63.5000 -19.0000 -48.6493 23 26 19
64.5000 -19.0000 -54.1317 17 20 13
65.5000 -19.0000 -61.3950 14 15 9
66.5000 -19.0000 -70.7571 13 14 9
67.5000 -19.0000 -82.2972 14 15 10
-91.5000 -20.0000 -75.3369 29 30 22
-90.5000 -20.0000 -61.6217 38 40 27
-89.5000 -20.0000 -50.6547 43 45 31
-88.5000 -20.0000 -42.3484 42 45 28
-87.5000 -20.0000 -36.3474 44 47 28
-86.5000 -20.0000 -32.1794 50 53 32
-85.5000 -20.0000 -29.3676 53 56 35
-84.5000 -20.0000 -27.4966 52 55 34
-83.5000 -20.0000 -26.2408 61 62 44
-82.5000 -20.0000 -25.3666 63 62 42
-81.5000 -20.0000 -24.7207 67 62 43
-80.5000 -20.0000 -24.2112 71 63 42
-79.5000 -20.0000 -23.7873 77 64 45
-78.5000 -20.0000 -23.4229 80 65 42
-77.5000 -20.0000 -23.1034 79 64 41
-76.5000 -20.0000 -22.8183 75 63 37
-75.5000 -20.0000 -22.5575 80 71 42
-74.5000 -20.0000 -22.3101 76 71 41
-73.5000 -20.0000 -22.0657 74 70 41
-72.5000 -20.0000 -21.8162 75 71 42
-71.5000 -20.0000 -21.5579 78 74 47
-70.5000 -20.0000 -21.2916 84 80 53
-69.5000 -20.0000 -21.0207 90 84 60
-68.5000 -20.0000 -20.7478 95 88 60
-67.5000 -20.0000 -20.4700 99 90 57
-66.5000 -20.0000 -20.1775 97 91 55
-65.5000 -20.0000 -19.8564 94 88 52
-64.5000 -20.0000 -19.4950 91 87 50
-63.5000 -20.0000 -19.0903 100 96 59
-62.5000 -20.0000 -18.6513 117 112 74
-61.5000 -20.0000 -18.1974 129 119 83
-60.5000 -20.0000 -17.7519 132 118 83
-59.5000 -20.0000 -17.3352 146 126 93
-58.5000 -20.0000 -16.9597 154 127 97
-57.5000 -20.0000 -16.6287 162 131 100
-56.5000 -20.0000 -16.3385 168 135 104
-55.5000 -20.0000 -16.0814 170 137 106
-54.5000 -20.0000 -15.8488 171 140 109
-53.5000 -20.0000 -15.6331 175 146 114
-52.5000 -20.0000 -15.4282 179 149 115
-51.5000 -20.0000 -15.2298 185 151 113
-50.5000 -20.0000 -15.0348 186 151 111
-49.5000 -20.0000 -14.8410 194 156 117
-48.5000 -20.0000 -14.6473 203 166 124
-47.5000 -20.0000 -14.4535 207 168 125
-46.5000 -20.0000 -14.2612 208 170 125
-45.5000 -20.0000 -14.0736 216 175 129
-44.5000 -20.0000 -13.8946 225 185 136
-43.5000 -20.0000 -13.7287 233 189 140
-42.5000 -20.0000 -13.5795 237 194 143
-41.5000 -20.0000 -13.4489 244 198 146
-40.5000 -20.0000 -13.3367 246 201 146
-39.5000 -20.0000 -13.2412 247 200 144
-38.5000 -20.0000 -13.1598 248 202 143
-37.5000 -20.0000 -13.0898 253 204 146
-36.5000 -20.0000 -13.0293 250 208 150
-35.5000 -20.0000 -12.9768 248 216 157
-34.5000 -20.0000 -12.9317 244 215 155
-33.5000 -20.0000 -12.8935 243 214 154
-32.5000 -20.0000 -12.8620 245 216 156
-31.5000 -20.0000 -12.8375 249 219 159
-30.5000 -20.0000 -12.8201 252 222 162
-29.5000 -20.0000 -12.8099 253 221 162
-28.5000 -20.0000 -12.8068 251 219 160
-27.5000 -20.0000 -12.8107 249 214 156
-26.5000 -20.0000 -12.8219 248 213 155
-25.5000 -20.0000 -12.8411 249 213 155
-24.5000 -20.0000 -12.8696 251 215 157
-23.5000 -20.0000 -12.9085 255 216 159
-22.5000 -20.0000 -12.9582 254 215 158
-21.5000 -20.0000 -13.0183 249 210 153
-20.5000 -20.0000 -13.0868 245 206 149
-19.5000 -20.0000 -13.1607 238 199 144
-18.5000 -20.0000 -13.2361 242 203 148
-17.5000 -20.0000 -13.3088 242 202 150
-16.5000 -20.0000 -13.3756 234 197 145
-15.5000 -20.0000 -13.4354 231 195 145
-14.5000 -20.0000 -13.4900 231 198 147
-13.5000 -20.0000 -13.5443 228 196 149
-12.5000 -20.0000 -13.6066 221 190 144
-11.5000 -20.0000 -13.6877 220 191 147
-10.5000 -20.0000 -13.8002 220 193 150
-9.5000 -20.0000 -13.9578 219 196 154
-8.5000 -20.0000 -14.1731 218 196 155
-7.5000 -20.0000 -14.4559 213 191 152
-6.5000 -20.0000 -14.8093 199 180 140
-5.5000 -20.0000 -15.2280 184 164 127
-4.5000 -20.0000 -15.6961 173 155 119
-3.5000 -20.0000 -16.1893 145 126 96
-2.5000 -20.0000 -16.6786 133 113 86
-1.5000 -20.0000 -17.1360 126 106 79
-0.5000 -20.0000 -17.5398 128 108 81
0.5000 -20.0000 -17.8780 128 111 81
1.5000 -20.0000 -18.1495 123 106 76
2.5000 -20.0000 -18.3632 119 102 72
3.5000 -20.0000 -18.5365 118 103 72
4.5000 -20.0000 -18.6911 118 103 70
5.5000 -20.0000 -18.8493 122 107 74
6.5000 -20.0000 -19.0292 124 111 77
7.5000 -20.0000 -19.2421 123 110 75
8.5000 -20.0000 -19.4906 118 105 70
9.5000 -20.0000 -19.7707 112 99 64
10.5000 -20.0000 -20.0744 107 97 61
11.5000 -20.0000 -20.3928 106 96 61
12.5000 -20.0000 -20.7191 99 90 59
13.5000 -20.0000 -21.0491 99 90 61
14.5000 -20.0000 -21.3806 98 89 60
15.5000 -20.0000 -21.7122 95 86 57
16.5000 -20.0000 -22.0422 90 81 52
17.5000 -20.0000 -22.3676 86 76 49
18.5000 -20.0000 -22.6847 84 74 49
19.5000 -20.0000 -22.9891 83 73 48
20.5000 -20.0000 -23.2769 78 67 45
21.5000 -20.0000 -23.5452 75 64 42
22.5000 -20.0000 -23.7924 72 61 41
23.5000 -20.0000 -24.0191 74 63 43
24.5000 -20.0000 -24.2273 78 67 49
25.5000 -20.0000 -24.4209 78 67 49
26.5000 -20.0000 -24.6048 72 61 43
27.5000 -20.0000 -24.7853 65 57 38
28.5000 -20.0000 -24.9701 68 63 44
29.5000 -20.0000 -25.1671 65 62 43
30.5000 -20.0000 -25.3831 65 60 41
31.5000 -20.0000 -25.6217 63 56 38
32.5000 -20.0000 -25.8834 62 53 36
33.5000 -20.0000 -26.1659 63 51 35
34.5000 -20.0000 -26.4682 63 50 34
35.5000 -20.0000 -26.7930 65 49 34
36.5000 -20.0000 -27.1485 68 50 36
37.5000 -20.0000 -27.5472 65 49 34
38.5000 -20.0000 -28.0012 62 46 31
39.5000 -20.0000 -28.5156 59 46 30
40.5000 -20.0000 -29.0817 58 45 29
41.5000 -20.0000 -29.6733 55 43 27
42.5000 -20.0000 -30.2492 51 39 23
43.5000 -20.0000 -30.7622 45 36 21
44.5000 -20.0000 -31.1721 39 31 18
45.5000 -20.0000 -31.4578 39 33 19
46.5000 -20.0000 -31.6235 41 35 21
47.5000 -20.0000 -31.6967 42 36 20
48.5000 -20.0000 -31.7205 43 38 19
49.5000 -20.0000 -31.7434 44 39 19
50.5000 -20.0000 -31.8117 44 39 19
51.5000 -20.0000 -31.9646 44 39 17
52.5000 -20.0000 -32.2317 44 39 19
53.5000 -20.0000 -32.6321 43 38 19
54.5000 -20.0000 -33.1767 41 35 19
55.5000 -20.0000 -33.8716 38 32 18
56.5000 -20.0000 -34.7259 37 30 20
57.5000 -20.0000 -35.7605 37 30 22
58.5000 -20.0000 -37.0188 37 30 24
59.5000 -20.0000 -38.5759 36 31 27
60.5000 -20.0000 -40.5479 23 22 18
61.5000 -20.0000 -43.1002 23 24 19
62.5000 -20.0000 -46.4562 23 24 19
63.5000 -20.0000 -50.9022 20 21 16
64.5000 -20.0000 -56.7782 16 17 12
65.5000 -20.0000 -64.4364 13 14 9
-91.5000 -21.0000 -83.9742 23 24 16
-90.5000 -21.0000 -69.2325 32 34 21
-89.5000 -21.0000 -56.9784 40 42 28
-88.5000 -21.0000 -47.3134 43 46 29
-87.5000 -21.0000 -40.0454 45 48 29
-86.5000 -21.0000 -34.8107 49 52 31
-85.5000 -21.0000 -31.1776 51 54 33
-84.5000 -21.0000 -28.7221 51 53 32
-83.5000 -21.0000 -27.0770 60 59 41
-82.5000 -21.0000 -25.9566 63 60 41
-81.5000 -21.0000 -25.1595 69 62 44
-80.5000 -21.0000 -24.5570 73 62 42
-79.5000 -21.0000 -24.0742 76 61 42
-78.5000 -21.0000 -23.6702 76 60 37
-77.5000 -21.0000 -23.3221 77 61 38
-76.5000 -21.0000 -23.0154 77 63 37
-75.5000 -21.0000 -22.7377 80 69 41
-74.5000 -21.0000 -22.4773 79 70 41
-73.5000 -21.0000 -22.2235 77 72 43
-72.5000 -21.0000 -21.9684 78 73 44
-71.5000 -21.0000 -21.7082 81 75 49
-70.5000 -21.0000 -21.4440 84 77 51
-69.5000 -21.0000 -21.1797 87 79 56
-68.5000 -21.0000 -20.9179 90 80 55
-67.5000 -21.0000 -20.6551 99 90 59
-66.5000 -21.0000 -20.3801 97 91 57
-65.5000 -21.0000 -20.0769 93 87 53
-64.5000 -21.0000 -19.7308 91 87 52
-63.5000 -21.0000 -19.3361 98 94 59
-62.5000 -21.0000 -18.9000 113 107 71
-61.5000 -21.0000 -18.4416 123 115 79
-60.5000 -21.0000 -17.9854 129 114 81
-59.5000 -21.0000 -17.5540 143 123 90
-58.5000 -21.0000 -17.1625 149 124 93
-57.5000 -21.0000 -16.8166 157 128 96
-56.5000 -21.0000 -16.5138 162 131 100
-55.5000 -21.0000 -16.2469 165 135 101
-54.5000 -21.0000 -16.0070 170 140 106
-53.5000 -21.0000 -15.7860 175 146 112
-52.5000 -21.0000 -15.5771 180 152 115
-51.5000 -21.0000 -15.3757 180 150 112
-50.5000 -21.0000 -15.1783 182 150 109
-49.5000 -21.0000 -14.9824 187 154 113
-48.5000 -21.0000 -14.7867 194 161 118
-47.5000 -21.0000 -14.5910 199 165 120
-46.5000 -21.0000 -14.3965 202 168 122
-45.5000 -21.0000 -14.2063 212 176 128
-44.5000 -21.0000 -14.0241 221 185 135
-43.5000 -21.0000 -13.8544 228 188 137
-42.5000 -21.0000 -13.7007 232 192 140
-41.5000 -21.0000 -13.5651 238 197 143
-40.5000 -21.0000 -13.4478 241 200 144
-39.5000 -21.0000 -13.3472 242 200 142
-38.5000 -21.0000 -13.2613 243 201 143
-37.5000 -21.0000 -13.1875 248 203 144
-36.5000 -21.0000 -13.1241 247 207 148
-35.5000 -21.0000 -13.0697 249 214 156
-34.5000 -21.0000 -13.0232 244 213 156
-33.5000 -21.0000 -12.9841 244 213 156
-32.5000 -21.0000 -12.9518 246 215 158
-31.5000 -21.0000 -12.9264 250 218 161
-30.5000 -21.0000 -12.9079 251 219 162
-29.5000 -21.0000 -12.8965 249 217 160
-28.5000 -21.0000 -12.8922 249 214 158
-27.5000 -21.0000 -12.8951 250 215 159
-26.5000 -21.0000 -12.9055 249 214 158
-25.5000 -21.0000 -12.9241 250 213 158
-24.5000 -21.0000 -12.9519 251 214 159
-23.5000 -21.0000 -12.9900 251 214 159
-22.5000 -21.0000 -13.0390 248 211 156
-21.5000 -21.0000 -13.0984 244 207 152
-20.5000 -21.0000 -13.1668 242 203 148
-19.5000 -21.0000 -13.2412 241 200 148
-18.5000 -21.0000 -13.3178 243 202 150
-17.5000 -21.0000 -13.3924 239 197 147
-16.5000 -21.0000 -13.4615 230 190 139
-15.5000 -21.0000 -13.5238 225 187 138
-14.5000 -21.0000 -13.5811 228 192 142
-13.5000 -21.0000 -13.6386 226 192 146
-12.5000 -21.0000 -13.7051 222 189 144
-11.5000 -21.0000 -13.7916 219 188 144
-10.5000 -21.0000 -13.9113 218 189 147
-9.5000 -21.0000 -14.0775 218 190 150
-8.5000 -21.0000 -14.3030 216 191 151
-7.5000 -21.0000 -14.5966 210 186 148
-6.5000 -21.0000 -14.9613 198 176 137
-5.5000 -21.0000 -15.3909 183 161 124
-4.5000 -21.0000 -15.8691 171 151 116
-3.5000 -21.0000 -16.3718 138 119 89
-2.5000 -21.0000 -16.8708 129 109 82
-1.5000 -21.0000 -17.3392 123 106 78
-0.5000 -21.0000 -17.7568 126 109 81
0.5000 -21.0000 -18.1127 126 109 81
1.5000 -21.0000 -18.4069 120 103 75
2.5000 -21.0000 -18.6491 115 100 69
3.5000 -21.0000 -18.8575 115 100 69
4.5000 -21.0000 -19.0543 117 102 71
5.5000 -21.0000 -19.2621 117 104 72
6.5000 -21.0000 -19.4986 117 104 72
7.5000 -21.0000 -19.7738 114 101 67
8.5000 -21.0000 -20.0884 106 96 61
9.5000 -21.0000 -20.4363 101 91 56
10.5000 -21.0000 -20.8067 98 88 53
11.5000 -21.0000 -21.1888 98 87 55
12.5000 -21.0000 -21.5731 93 84 55
13.5000 -21.0000 -21.9534 88 81 53
14.5000 -21.0000 -22.3257 84 77 49
15.5000 -21.0000 -22.6876 80 73 45
16.5000 -21.0000 -23.0373 76 69 41
17.5000 -21.0000 -23.3734 73 66 40
18.5000 -21.0000 -23.6941 69 62 36
19.5000 -21.0000 -23.9979 66 58 35
20.5000 -21.0000 -24.2829 67 59 36
21.5000 -21.0000 -24.5472 64 56 33
22.5000 -21.0000 -24.7896 62 54 33
23.5000 -21.0000 -25.0102 64 56 35
24.5000 -21.0000 -25.2109 68 60 39
25.5000 -21.0000 -25.3954 69 61 40
26.5000 -21.0000 -25.5696 65 57 36
27.5000 -21.0000 -25.7414 60 53 34
28.5000 -21.0000 -25.9197 61 58 39
29.5000 -21.0000 -26.1137 60 57 38
30.5000 -21.0000 -26.3301 61 56 37
31.5000 -21.0000 -26.5714 60 53 35
32.5000 -21.0000 -26.8356 59 50 33
33.5000 -21.0000 -27.1176 58 46 30
34.5000 -21.0000 -27.4130 56 43 27
35.5000 -21.0000 -27.7216 55 42 26
36.5000 -21.0000 -28.0497 65 49 34
37.5000 -21.0000 -28.4097 62 46 31
38.5000 -21.0000 -28.8164 58 42 27
39.5000 -21.0000 -29.2801 54 41 25
40.5000 -21.0000 -29.8002 55 42 26
41.5000 -21.0000 -30.3594 54 42 26
42.5000 -21.0000 -30.9247 52 40 24
43.5000 -21.0000 -31.4537 47 40 24
44.5000 -21.0000 -31.9066 37 31 17
45.5000 -21.0000 -32.2577 35 32 17
46.5000 -21.0000 -32.5026 35 32 17
47.5000 -21.0000 -32.6583 36 33 16
48.5000 -21.0000 -32.7578 37 34 15
49.5000 -21.0000 -32.8426 39 37 16
50.5000 -21.0000 -32.9562 40 38 17
51.5000 -21.0000 -33.1388 41 39 18
52.5000 -21.0000 -33.4249 42 39 20
53.5000 -21.0000 -33.8398 40 37 18
54.5000 -21.0000 -34.4004 38 35 18
55.5000 -21.0000 -35.1179 35 32 17
56.5000 -21.0000 -36.0054 33 29 18
57.5000 -21.0000 -37.0897 32 28 19
58.5000 -21.0000 -38.4244 32 27 21
59.5000 -21.0000 -40.1005 31 28 23
60.5000 -21.0000 -42.2538 22 21 17
61.5000 -21.0000 -45.0657 19 20 15
62.5000 -21.0000 -48.7618 18 19 14
63.5000 -21.0000 -53.6067 16 17 12
64.5000 -21.0000 -59.8940 15 16 11
-91.5000 -22.0000 -93.5860 17 18 10
-90.5000 -22.0000 -78.1278 25 27 16
-89.5000 -22.0000 -64.7027 36 38 25
-88.5000 -22.0000 -53.6153 42 44 30
-87.5000 -22.0000 -44.8906 45 48 31
-86.5000 -22.0000 -38.3412 47 50 31
-85.5000 -22.0000 -33.6385 48 51 32
-84.5000 -22.0000 -30.3871 49 50 32
-83.5000 -22.0000 -28.1927 51 50 32
-82.5000 -22.0000 -26.7150 59 53 37
-81.5000 -22.0000 -25.6944 66 57 40
-80.5000 -22.0000 -24.9538 72 59 42
-79.5000 -22.0000 -24.3841 75 58 40
-78.5000 -22.0000 -23.9230 77 59 39
-77.5000 -22.0000 -23.5354 80 62 40
-76.5000 -22.0000 -23.1997 83 67 42
-75.5000 -22.0000 -22.9005 83 69 43
-74.5000 -22.0000 -22.6244 81 70 42
-73.5000 -22.0000 -22.3601 78 71 43
-72.5000 -22.0000 -22.0998 78 71 43
-71.5000 -22.0000 -21.8399 80 73 47
-70.5000 -22.0000 -21.5820 84 74 49
-69.5000 -22.0000 -21.3300 87 76 54
-68.5000 -22.0000 -21.0863 88 78 53
-67.5000 -22.0000 -20.8465 99 89 62
-66.5000 -22.0000 -20.5977 94 87 58
-65.5000 -22.0000 -20.3212 90 83 54
-64.5000 -22.0000 -19.9990 87 82 50
-63.5000 -22.0000 -19.6220 94 89 57
-62.5000 -22.0000 -19.1949 107 101 67
-61.5000 -22.0000 -18.7358 121 112 79
-60.5000 -22.0000 -18.2702 130 117 83
-59.5000 -22.0000 -17.8232 140 121 89
-58.5000 -22.0000 -17.4131 147 122 91
-57.5000 -22.0000 -17.0487 154 125 93
-56.5000 -22.0000 -16.7295 157 128 96
-55.5000 -22.0000 -16.4493 161 131 97
-54.5000 -22.0000 -16.1992 165 136 102
-53.5000 -22.0000 -15.9705 169 143 108
-52.5000 -22.0000 -15.7558 174 148 111
-51.5000 -22.0000 -15.5496 179 151 112
-50.5000 -22.0000 -15.3480 180 152 112
-49.5000 -22.0000 -15.1482 184 155 115
-48.5000 -22.0000 -14.9489 187 158 116
-47.5000 -22.0000 -14.7496 192 161 117
-46.5000 -22.0000 -14.5515 197 166 120
-45.5000 -22.0000 -14.3574 206 174 127
-44.5000 -22.0000 -14.1709 214 180 132
-43.5000 -22.0000 -13.9964 221 185 135
-42.5000 -22.0000 -13.8374 225 189 137
-41.5000 -22.0000 -13.6962 231 194 141
-40.5000 -22.0000 -13.5732 234 197 142
-39.5000 -22.0000 -13.4674 236 197 140
-38.5000 -22.0000 -13.3770 238 199 140
-37.5000 -22.0000 -13.2999 242 202 143
-36.5000 -22.0000 -13.2343 243 204 145
-35.5000 -22.0000 -13.1786 247 210 155
-34.5000 -22.0000 -13.1316 245 210 154
-33.5000 -22.0000 -13.0920 245 210 154
-32.5000 -22.0000 -13.0592 246 211 155
-31.5000 -22.0000 -13.0328 249 214 158
-30.5000 -22.0000 -13.0128 250 215 159
-29.5000 -22.0000 -12.9994 247 212 156
-28.5000 -22.0000 -12.9932 244 209 153
-27.5000 -22.0000 -12.9945 245 210 154
-26.5000 -22.0000 -13.0038 245 210 154
-25.5000 -22.0000 -13.0216 246 209 154
-24.5000 -22.0000 -13.0487 246 209 154
-23.5000 -22.0000 -13.0860 245 208 153
-22.5000 -22.0000 -13.1340 242 207 151
-21.5000 -22.0000 -13.1925 240 203 148
-20.5000 -22.0000 -13.2601 238 201 146
-19.5000 -22.0000 -13.3345 242 201 149
-18.5000 -22.0000 -13.4120 240 197 146
-17.5000 -22.0000 -13.4886 230 186 137
-16.5000 -22.0000 -13.5607 216 174 124
-15.5000 -22.0000 -13.6268 213 173 124
-14.5000 -22.0000 -13.6888 220 182 135
-13.5000 -22.0000 -13.7520 228 191 146
-12.5000 -22.0000 -13.8254 227 193 148
-11.5000 -22.0000 -13.9202 220 187 146
-10.5000 -22.0000 -14.0495 216 184 145
-9.5000 -22.0000 -14.2266 209 179 141
-8.5000 -22.0000 -14.4632 204 176 137
-7.5000 -22.0000 -14.7679 197 171 134
-6.5000 -22.0000 -15.1424 189 165 127
-5.5000 -22.0000 -15.5802 180 156 120
-4.5000 -22.0000 -16.0655 173 150 116
-3.5000 -22.0000 -16.5750 138 119 89
-2.5000 -22.0000 -17.0824 129 112 84
-1.5000 -22.0000 -17.5630 124 107 79
-0.5000 -22.0000 -17.9981 125 108 80
0.5000 -22.0000 -18.3781 122 105 77
1.5000 -22.0000 -18.7032 114 99 70
2.5000 -22.0000 -18.9838 111 96 67
3.5000 -22.0000 -19.2382 112 99 67
4.5000 -22.0000 -19.4893 115 101 72
5.5000 -22.0000 -19.7596 114 101 69
6.5000 -22.0000 -20.0659 110 96 67
7.5000 -22.0000 -20.4163 104 93 61
8.5000 -22.0000 -20.8089 98 87 55
9.5000 -22.0000 -21.2340 94 83 51
10.5000 -22.0000 -21.6777 91 80 48
11.5000 -22.0000 -22.1260 89 80 49
12.5000 -22.0000 -22.5678 82 75 49
13.5000 -22.0000 -22.9951 77 69 46
14.5000 -22.0000 -23.4037 71 63 40
15.5000 -22.0000 -23.7914 68 60 37
16.5000 -22.0000 -24.1576 68 60 37
17.5000 -22.0000 -24.5025 66 58 35
18.5000 -22.0000 -24.8271 61 53 30
19.5000 -22.0000 -25.1319 58 50 27
20.5000 -22.0000 -25.4167 63 55 32
21.5000 -22.0000 -25.6801 60 52 29
22.5000 -22.0000 -25.9203 58 50 29
23.5000 -22.0000 -26.1363 59 51 30
24.5000 -22.0000 -26.3289 61 53 32
25.5000 -22.0000 -26.5019 62 54 33
26.5000 -22.0000 -26.6619 59 51 30
27.5000 -22.0000 -26.8190 55 49 27
28.5000 -22.0000 -26.9846 55 53 32
29.5000 -22.0000 -27.1697 54 53 33
30.5000 -22.0000 -27.3819 56 53 34
31.5000 -22.0000 -27.6235 57 52 33
32.5000 -22.0000 -27.8905 56 49 31
33.5000 -22.0000 -28.1756 54 45 28
34.5000 -22.0000 -28.4710 53 41 25
35.5000 -22.0000 -28.7736 52 39 23
36.5000 -22.0000 -29.0869 62 46 31
37.5000 -22.0000 -29.4215 57 44 28
38.5000 -22.0000 -29.7920 54 41 25
39.5000 -22.0000 -30.2117 53 41 25
40.5000 -22.0000 -30.6853 55 43 27
41.5000 -22.0000 -31.2032 53 44 27
42.5000 -22.0000 -31.7408 50 41 24
43.5000 -22.0000 -32.2633 47 40 24
44.5000 -22.0000 -32.7357 36 30 16
45.5000 -22.0000 -33.1327 33 29 17
46.5000 -22.0000 -33.4459 32 29 14
47.5000 -22.0000 -33.6838 32 29 12
48.5000 -22.0000 -33.8689 33 30 13
49.5000 -22.0000 -34.0329 35 32 13
50.5000 -22.0000 -34.2120 38 35 16
51.5000 -22.0000 -34.4445 39 36 17
52.5000 -22.0000 -34.7663 39 36 17
53.5000 -22.0000 -35.2082 38 35 18
54.5000 -22.0000 -35.7936 36 33 18
55.5000 -22.0000 -36.5402 34 30 18
56.5000 -22.0000 -37.4685 31 27 16
57.5000 -22.0000 -38.6149 29 25 16
58.5000 -22.0000 -40.0480 28 23 19
59.5000 -22.0000 -41.8798 26 23 18
60.5000 -22.0000 -44.2686 23 22 18
61.5000 -22.0000 -47.4100 18 19 14
62.5000 -22.0000 -51.5219 15 16 11
63.5000 -22.0000 -56.8296 15 16 11
64.5000 -22.0000 -63.5568 15 16 11
65.5000 -22.0000 -71.9121 13 14 9
-90.5000 -23.0000 -88.3992 17 19 8
-89.5000 -23.0000 -74.0165 29 31 18
-88.5000 -23.0000 -61.4994 39 41 27
-87.5000 -23.0000 -51.1425 43 46 29
-86.5000 -23.0000 -43.0096 44 47 30
-85.5000 -23.0000 -36.9478 45 48 31
-84.5000 -23.0000 -32.6407 47 48 32
-83.5000 -23.0000 -29.6923 49 46 31
-82.5000 -23.0000 -27.7111 57 50 34
-81.5000 -23.0000 -26.3705 66 54 38
-80.5000 -23.0000 -25.4317 73 57 41
-79.5000 -23.0000 -24.7391 75 56 39
-78.5000 -23.0000 -24.1995 79 58 39
-77.5000 -23.0000 -23.7594 83 62 41
-76.5000 -23.0000 -23.3871 84 66 42
-75.5000 -23.0000 -23.0613 87 71 46
-74.5000 -23.0000 -22.7662 83 71 45
-73.5000 -23.0000 -22.4895 79 69 44
-72.5000 -23.0000 -22.2233 78 68 43
-71.5000 -23.0000 -21.9645 80 69 47
-70.5000 -23.0000 -21.7150 83 72 50
-69.5000 -23.0000 -21.4790 88 75 56
-68.5000 -23.0000 -21.2584 91 79 57
-67.5000 -23.0000 -21.0479 98 88 63
-66.5000 -23.0000 -20.8326 90 83 57
-65.5000 -23.0000 -20.5908 84 77 49
-64.5000 -23.0000 -20.3009 82 77 48
-63.5000 -23.0000 -19.9498 86 82 53
-62.5000 -23.0000 -19.5389 99 94 64
-61.5000 -23.0000 -19.0844 117 108 77
-60.5000 -23.0000 -18.6125 131 118 86
-59.5000 -23.0000 -18.1505 138 119 87
-58.5000 -23.0000 -17.7203 144 121 89
-57.5000 -23.0000 -17.3342 150 124 91
-56.5000 -23.0000 -16.9947 152 126 93
-55.5000 -23.0000 -16.6973 156 127 93
-54.5000 -23.0000 -16.4336 157 131 96
-53.5000 -23.0000 -16.1943 160 136 98
-52.5000 -23.0000 -15.9712 164 140 102
-51.5000 -23.0000 -15.7581 176 153 112
-50.5000 -23.0000 -15.5503 179 154 114
-49.5000 -23.0000 -15.3447 181 156 116
-48.5000 -23.0000 -15.1398 181 156 115
-47.5000 -23.0000 -14.9350 185 158 115
-46.5000 -23.0000 -14.7315 191 164 119
-45.5000 -23.0000 -14.5318 199 171 124
-44.5000 -23.0000 -14.3395 206 175 128
-43.5000 -23.0000 -14.1589 212 180 131
-42.5000 -23.0000 -13.9934 216 184 133
-41.5000 -23.0000 -13.8454 222 189 136
-40.5000 -23.0000 -13.7160 228 193 139
-39.5000 -23.0000 -13.6044 230 193 138
-38.5000 -23.0000 -13.5094 231 195 137
-37.5000 -23.0000 -13.4291 234 198 140
-36.5000 -23.0000 -13.3617 237 201 143
-35.5000 -23.0000 -13.3053 243 206 151
-34.5000 -23.0000 -13.2583 241 204 151
-33.5000 -23.0000 -13.2189 240 203 150
-32.5000 -23.0000 -13.1858 242 205 152
-31.5000 -23.0000 -13.1584 244 207 154
-30.5000 -23.0000 -13.1366 245 208 155
-29.5000 -23.0000 -13.1210 243 206 153
-28.5000 -23.0000 -13.1124 241 204 151
-27.5000 -23.0000 -13.1117 241 206 152
-26.5000 -23.0000 -13.1194 242 207 153
-25.5000 -23.0000 -13.1362 243 208 154
-24.5000 -23.0000 -13.1626 243 208 154
-23.5000 -23.0000 -13.1991 241 206 152
-22.5000 -23.0000 -13.2459 238 205 151
-21.5000 -23.0000 -13.3030 239 204 150
-20.5000 -23.0000 -13.3694 240 203 150
-19.5000 -23.0000 -13.4432 239 197 147
-18.5000 -23.0000 -13.5214 238 194 145
-17.5000 -23.0000 -13.6002 228 184 137
-16.5000 -23.0000 -13.6761 215 173 125
-15.5000 -23.0000 -13.7476 213 172 126
-14.5000 -23.0000 -13.8164 221 183 136
-13.5000 -23.0000 -13.8878 228 191 146
-12.5000 -23.0000 -13.9708 228 194 149
-11.5000 -23.0000 -14.0768 218 185 144
-10.5000 -23.0000 -14.2185 213 181 142
-9.5000 -23.0000 -14.4087 206 176 138
-8.5000 -23.0000 -14.6583 200 172 135
-7.5000 -23.0000 -14.9744 193 167 132
-6.5000 -23.0000 -15.3580 185 161 125
-5.5000 -23.0000 -15.8021 177 153 119
-4.5000 -23.0000 -16.2915 170 147 115
-3.5000 -23.0000 -16.8052 144 124 97
-2.5000 -23.0000 -17.3198 134 117 91
-1.5000 -23.0000 -17.8137 127 110 84
-0.5000 -23.0000 -18.2703 122 106 80
0.5000 -23.0000 -18.6810 115 99 73
1.5000 -23.0000 -19.0464 107 91 65
2.5000 -23.0000 -19.3766 107 91 65
3.5000 -23.0000 -19.6899 112 98 69
4.5000 -23.0000 -20.0093 113 99 72
5.5000 -23.0000 -20.3570 108 97 67
6.5000 -23.0000 -20.7487 103 92 64
7.5000 -23.0000 -21.1897 97 86 56
8.5000 -23.0000 -21.6739 92 81 51
9.5000 -23.0000 -22.1871 87 78 47
10.5000 -23.0000 -22.7111 84 75 44
11.5000 -23.0000 -23.2289 82 72 45
12.5000 -23.0000 -23.7277 73 65 44
13.5000 -23.0000 -24.2001 67 60 41
14.5000 -23.0000 -24.6431 62 55 36
15.5000 -23.0000 -25.0564 60 53 34
16.5000 -23.0000 -25.4414 61 55 33
17.5000 -23.0000 -25.8002 62 56 34
18.5000 -23.0000 -26.1354 59 53 31
19.5000 -23.0000 -26.4486 57 51 29
20.5000 -23.0000 -26.7400 62 56 34
21.5000 -23.0000 -27.0078 60 54 32
22.5000 -23.0000 -27.2487 57 51 29
23.5000 -23.0000 -27.4601 56 50 28
24.5000 -23.0000 -27.6416 56 50 28
25.5000 -23.0000 -27.7968 55 49 27
26.5000 -23.0000 -27.9344 53 47 23
27.5000 -23.0000 -28.0672 50 45 23
28.5000 -23.0000 -28.2104 48 47 26
29.5000 -23.0000 -28.3782 49 48 27
30.5000 -23.0000 -28.5802 51 49 28
31.5000 -23.0000 -28.8187 54 49 29
32.5000 -23.0000 -29.0886 55 48 29
33.5000 -23.0000 -29.3798 54 46 27
34.5000 -23.0000 -29.6817 54 43 25
35.5000 -23.0000 -29.9873 53 42 24
36.5000 -23.0000 -30.2965 55 42 25
37.5000 -23.0000 -30.6165 54 41 24
38.5000 -23.0000 -30.9600 54 41 24
39.5000 -23.0000 -31.3404 55 44 26
40.5000 -23.0000 -31.7653 57 46 28
41.5000 -23.0000 -32.2314 53 45 26
42.5000 -23.0000 -32.7227 49 41 22
43.5000 -23.0000 -33.2143 44 37 19
44.5000 -23.0000 -33.6804 35 29 15
45.5000 -23.0000 -34.1017 32 28 16
46.5000 -23.0000 -34.4702 31 28 13
47.5000 -23.0000 -34.7888 30 27 10
48.5000 -23.0000 -35.0696 30 27 10
49.5000 -23.0000 -35.3315 32 29 12
50.5000 -23.0000 -35.5994 34 31 14
51.5000 -23.0000 -35.9046 35 32 15
52.5000 -23.0000 -36.2814 36 33 16
53.5000 -23.0000 -36.7636 35 32 17
54.5000 -23.0000 -37.3811 34 31 16
55.5000 -23.0000 -38.1603 32 28 16
56.5000 -23.0000 -39.1326 29 25 14
57.5000 -23.0000 -40.3500 27 23 14
58.5000 -23.0000 -41.9023 25 20 16
59.5000 -23.0000 -43.9280 23 20 15
60.5000 -23.0000 -46.6107 23 22 18
61.5000 -23.0000 -50.1569 19 19 17
62.5000 -23.0000 -54.7650 16 16 14
63.5000 -23.0000 -60.6004 15 15 13
64.5000 -23.0000 -67.7919 16 16 14
65.5000 -23.0000 -76.4419 14 14 12
-89.5000 -24.0000 -85.0995 22 24 13
-88.5000 -24.0000 -71.1942 34 36 23
-87.5000 -24.0000 -59.0519 39 41 27
-86.5000 -24.0000 -49.0608 39 42 25
-85.5000 -24.0000 -41.3206 41 43 29
-84.5000 -24.0000 -35.6560 46 47 31
-83.5000 -24.0000 -31.7047 53 50 35
-82.5000 -24.0000 -29.0361 58 52 38
-81.5000 -24.0000 -27.2507 66 54 40
-80.5000 -24.0000 -26.0350 70 57 41
-79.5000 -24.0000 -25.1723 76 57 42
-78.5000 -24.0000 -24.5269 79 58 41
-77.5000 -24.0000 -24.0187 81 60 41
-76.5000 -24.0000 -23.6002 80 62 40
-75.5000 -24.0000 -23.2418 87 72 49
-74.5000 -24.0000 -22.9232 83 71 45
-73.5000 -24.0000 -22.6308 80 70 45
-72.5000 -24.0000 -22.3565 77 70 44
-71.5000 -24.0000 -22.0976 80 69 47
-70.5000 -24.0000 -21.8567 84 73 51
-69.5000 -24.0000 -21.6380 89 76 57
-68.5000 -24.0000 -21.4431 92 79 60
-67.5000 -24.0000 -21.2656 96 85 65
-66.5000 -24.0000 -21.0888 87 79 58
-65.5000 -24.0000 -20.8882 81 73 50
-64.5000 -24.0000 -20.6382 80 74 50
-63.5000 -24.0000 -20.3213 82 78 51
-62.5000 -24.0000 -19.9347 91 86 57
-61.5000 -24.0000 -19.4920 109 100 71
-60.5000 -24.0000 -19.0187 126 112 83
-59.5000 -24.0000 -18.5441 130 113 83
-58.5000 -24.0000 -18.0937 137 116 85
-57.5000 -24.0000 -17.6837 146 121 90
-56.5000 -24.0000 -17.3203 149 125 91
-55.5000 -24.0000 -17.0014 150 126 90
-54.5000 -24.0000 -16.7196 151 127 91
-53.5000 -24.0000 -16.4657 153 131 92
-52.5000 -24.0000 -16.2310 155 133 94
-51.5000 -24.0000 -16.0081 167 145 106
-50.5000 -24.0000 -15.7915 174 150 112
-49.5000 -24.0000 -15.5779 176 152 114
-48.5000 -24.0000 -15.3651 175 152 111
-47.5000 -24.0000 -15.1527 178 153 112
-46.5000 -24.0000 -14.9417 185 161 117
-45.5000 -24.0000 -14.7345 193 166 121
-44.5000 -24.0000 -14.5346 196 168 121
-43.5000 -24.0000 -14.3460 205 174 127
-42.5000 -24.0000 -14.1722 209 179 129
-41.5000 -24.0000 -14.0161 216 184 133
-40.5000 -24.0000 -13.8789 220 187 134
-39.5000 -24.0000 -13.7608 223 188 134
-38.5000 -24.0000 -13.6605 225 190 134
-37.5000 -24.0000 -13.5767 229 194 138
-36.5000 -24.0000 -13.5075 231 196 140
-35.5000 -24.0000 -13.4506 240 200 148
-34.5000 -24.0000 -13.4039 237 197 145
-33.5000 -24.0000 -13.3650 235 195 143
-32.5000 -24.0000 -13.3319 235 195 143
-31.5000 -24.0000 -13.3037 238 198 146
-30.5000 -24.0000 -13.2802 239 202 149
-29.5000 -24.0000 -13.2624 239 202 149
-28.5000 -24.0000 -13.2514 238 201 148
-27.5000 -24.0000 -13.2485 240 205 151
-26.5000 -24.0000 -13.2547 242 207 153
-25.5000 -24.0000 -13.2704 243 208 154
-24.5000 -24.0000 -13.2958 240 207 153
-23.5000 -24.0000 -13.3312 237 204 150
-22.5000 -24.0000 -13.3766 236 203 149
-21.5000 -24.0000 -13.4319 237 204 150
-20.5000 -24.0000 -13.4967 240 205 151
-19.5000 -24.0000 -13.5697 233 191 141
-18.5000 -24.0000 -13.6485 236 192 143
-17.5000 -24.0000 -13.7298 233 189 142
-16.5000 -24.0000 -13.8104 225 182 137
-15.5000 -24.0000 -13.8888 223 182 136
-14.5000 -24.0000 -13.9663 225 187 142
-13.5000 -24.0000 -14.0483 225 188 144
-12.5000 -24.0000 -14.1435 220 185 143
-11.5000 -24.0000 -14.2632 211 177 139
-10.5000 -24.0000 -14.4199 209 177 139
-9.5000 -24.0000 -14.6256 207 177 141
-8.5000 -24.0000 -14.8900 204 175 141
-7.5000 -24.0000 -15.2186 197 171 136
-6.5000 -24.0000 -15.6111 186 162 128
-5.5000 -24.0000 -16.0598 174 150 116
-4.5000 -24.0000 -16.5512 161 140 109
-3.5000 -24.0000 -17.0671 143 123 96
-2.5000 -24.0000 -17.5881 133 117 91
-1.5000 -24.0000 -18.0966 126 110 84
-0.5000 -24.0000 -18.5790 119 103 77
0.5000 -24.0000 -19.0279 109 93 67
1.5000 -24.0000 -19.4439 99 85 58
2.5000 -24.0000 -19.8367 101 87 60
3.5000 -24.0000 -20.2242 107 96 68
4.5000 -24.0000 -20.6291 106 94 68
5.5000 -24.0000 -21.0729 102 90 64
6.5000 -24.0000 -21.5694 96 84 58
7.5000 -24.0000 -22.1200 90 80 53
8.5000 -24.0000 -22.7134 86 76 49
9.5000 -24.0000 -23.3291 82 72 45
10.5000 -24.0000 -23.9437 77 67 40
11.5000 -24.0000 -24.5370 72 65 39
12.5000 -24.0000 -25.0961 64 57 38
13.5000 -24.0000 -25.6160 61 54 38
14.5000 -24.0000 -26.0972 58 51 35
15.5000 -24.0000 -26.5429 57 50 34
16.5000 -24.0000 -26.9571 57 50 32
17.5000 -24.0000 -27.3430 59 52 34
18.5000 -24.0000 -27.7031 60 53 35
19.5000 -24.0000 -28.0382 60 53 34
20.5000 -24.0000 -28.3470 61 54 35
21.5000 -24.0000 -28.6259 59 53 31
22.5000 -24.0000 -28.8696 56 50 28
23.5000 -24.0000 -29.0739 54 48 26
24.5000 -24.0000 -29.2373 52 46 24
25.5000 -24.0000 -29.3643 51 45 23
26.5000 -24.0000 -29.4660 50 44 20
27.5000 -24.0000 -29.5598 48 43 21
28.5000 -24.0000 -29.6661 44 43 22
29.5000 -24.0000 -29.8039 42 44 22
30.5000 -24.0000 -29.9858 46 45 24
31.5000 -24.0000 -30.2152 47 45 24
32.5000 -24.0000 -30.4854 50 45 25
33.5000 -24.0000 -30.7837 51 44 25
34.5000 -24.0000 -31.0953 51 43 24
35.5000 -24.0000 -31.4088 53 42 24
36.5000 -24.0000 -31.7196 50 37 20
37.5000 -24.0000 -32.0305 49 38 20
38.5000 -24.0000 -32.3510 50 39 21
39.5000 -24.0000 -32.6927 51 43 24
40.5000 -24.0000 -33.0647 52 44 25
41.5000 -24.0000 -33.4684 49 42 23
42.5000 -24.0000 -33.8967 43 36 17
43.5000 -24.0000 -34.3365 38 33 14
44.5000 -24.0000 -34.7746 33 30 15
45.5000 -24.0000 -35.2021 33 29 17
46.5000 -24.0000 -35.6157 31 28 13
47.5000 -24.0000 -36.0152 30 27 12
48.5000 -24.0000 -36.4021 30 27 12
49.5000 -24.0000 -36.7804 30 27 10
50.5000 -24.0000 -37.1601 30 27 12
51.5000 -24.0000 -37.5607 30 27 12
52.5000 -24.0000 -38.0108 31 28 13
53.5000 -24.0000 -38.5449 31 27 15
54.5000 -24.0000 -39.1988 31 27 15
55.5000 -24.0000 -40.0098 30 26 15
56.5000 -24.0000 -41.0249 28 24 15
57.5000 -24.0000 -42.3181 25 20 14
58.5000 -24.0000 -44.0073 23 18 14
59.5000 -24.0000 -46.2627 20 16 13
60.5000 -24.0000 -49.2937 21 20 18
61.5000 -24.0000 -53.3113 19 19 17
62.5000 -24.0000 -58.4805 17 17 15
63.5000 -24.0000 -64.8861 16 16 14
64.5000 -24.0000 -72.5378 14 14 12
-89.5000 -25.0000 -98.0381 15 17 6
-88.5000 -25.0000 -82.8336 29 31 18
-87.5000 -25.0000 -68.7972 35 37 24
-86.5000 -25.0000 -56.6973 35 37 23
-85.5000 -25.0000 -46.9585 38 40 27
-84.5000 -25.0000 -39.6120 46 47 33
-83.5000 -25.0000 -34.3755 51 49 34
-82.5000 -25.0000 -30.8004 53 50 35
-81.5000 -25.0000 -28.4158 60 51 36
-80.5000 -25.0000 -26.8225 67 55 39
-79.5000 -25.0000 -25.7281 77 60 44
-78.5000 -25.0000 -24.9407 81 62 45
-77.5000 -25.0000 -24.3430 82 64 44
-76.5000 -25.0000 -23.8654 81 65 42
-75.5000 -25.0000 -23.4657 82 70 46
-74.5000 -25.0000 -23.1175 81 71 46
-73.5000 -25.0000 -22.8046 79 72 46
-72.5000 -25.0000 -22.5184 79 73 47
-71.5000 -25.0000 -22.2567 82 74 51
-70.5000 -25.0000 -22.0225 85 77 56
-69.5000 -25.0000 -21.8203 89 78 58
-68.5000 -25.0000 -21.6511 91 80 60
-67.5000 -25.0000 -21.5079 94 82 66
-66.5000 -25.0000 -21.3724 86 77 60
-65.5000 -25.0000 -21.2174 82 74 55
-64.5000 -25.0000 -21.0137 82 75 56
-63.5000 -25.0000 -20.7388 81 76 54
-62.5000 -25.0000 -20.3853 84 78 54
-61.5000 -25.0000 -19.9629 96 89 63
-60.5000 -25.0000 -19.4954 112 100 74
-59.5000 -25.0000 -19.0131 120 105 76
-58.5000 -25.0000 -18.5442 129 110 80
-57.5000 -25.0000 -18.1093 140 117 85
-56.5000 -25.0000 -17.7186 146 123 89
-55.5000 -25.0000 -17.3733 147 125 88
-54.5000 -25.0000 -17.0681 146 126 89
-53.5000 -25.0000 -16.7944 146 128 88
-52.5000 -25.0000 -16.5433 148 130 90
-51.5000 -25.0000 -16.3066 154 132 95
-50.5000 -25.0000 -16.0781 162 140 103
-49.5000 -25.0000 -15.8536 167 145 108
-48.5000 -25.0000 -15.6307 167 145 106
-47.5000 -25.0000 -15.4085 171 148 107
-46.5000 -25.0000 -15.1879 181 156 115
-45.5000 -25.0000 -14.9710 189 162 119
-44.5000 -25.0000 -14.7612 189 162 117
-43.5000 -25.0000 -14.5623 198 170 123
-42.5000 -25.0000 -14.3781 204 173 126
-41.5000 -25.0000 -14.2117 211 179 130
-40.5000 -25.0000 -14.0651 214 182 131
-39.5000 -25.0000 -13.9387 217 184 131
-38.5000 -25.0000 -13.8321 219 186 132
-37.5000 -25.0000 -13.7440 223 190 136
-36.5000 -25.0000 -13.6723 227 192 138
-35.5000 -25.0000 -13.6147 235 195 143
-34.5000 -25.0000 -13.5682 232 190 140
-33.5000 -25.0000 -13.5299 228 186 136
-32.5000 -25.0000 -13.4972 227 187 136
-31.5000 -25.0000 -13.4687 231 191 140
-30.5000 -25.0000 -13.4441 235 195 144
-29.5000 -25.0000 -13.4245 236 199 147
-28.5000 -25.0000 -13.4114 237 200 148
-27.5000 -25.0000 -13.4065 235 199 147
-26.5000 -25.0000 -13.4109 237 201 149
-25.5000 -25.0000 -13.4252 235 202 149
-24.5000 -25.0000 -13.4495 232 199 146
-23.5000 -25.0000 -13.4835 228 195 142
-22.5000 -25.0000 -13.5272 225 194 140
-21.5000 -25.0000 -13.5804 226 195 141
-20.5000 -25.0000 -13.6434 229 196 143
-19.5000 -25.0000 -13.7154 226 188 139
-18.5000 -25.0000 -13.7949 231 191 142
-17.5000 -25.0000 -13.8792 230 189 143
-16.5000 -25.0000 -13.9653 221 183 136
-15.5000 -25.0000 -14.0518 218 180 135
-14.5000 -25.0000 -14.1397 218 181 137
-13.5000 -25.0000 -14.2340 213 178 136
-12.5000 -25.0000 -14.3434 206 173 132
-11.5000 -25.0000 -14.4790 201 172 132
-10.5000 -25.0000 -14.6528 199 171 132
-9.5000 -25.0000 -14.8761 196 170 133
-8.5000 -25.0000 -15.1569 193 169 133
-7.5000 -25.0000 -15.4990 188 164 130
-6.5000 -25.0000 -15.9002 177 154 122
-5.5000 -25.0000 -16.3527 165 142 110
-4.5000 -25.0000 -16.8446 153 134 104
-3.5000 -25.0000 -17.3613 131 114 88
-2.5000 -25.0000 -17.8888 126 112 86
-1.5000 -25.0000 -18.4143 122 108 82
-0.5000 -25.0000 -18.9278 116 102 76
0.5000 -25.0000 -19.4237 104 90 64
1.5000 -25.0000 -19.9026 92 80 54
2.5000 -25.0000 -20.3737 93 81 55
3.5000 -25.0000 -20.8540 102 90 64
4.5000 -25.0000 -21.3658 98 86 62
5.5000 -25.0000 -21.9292 93 83 58
6.5000 -25.0000 -22.5552 87 77 52
7.5000 -25.0000 -23.2402 81 74 48
8.5000 -25.0000 -23.9658 78 71 45
9.5000 -25.0000 -24.7038 74 67 41
10.5000 -25.0000 -25.4245 68 61 35
11.5000 -25.0000 -26.1051 62 56 34
12.5000 -25.0000 -26.7339 59 52 36
13.5000 -25.0000 -27.3105 58 52 40
14.5000 -25.0000 -27.8413 56 50 36
15.5000 -25.0000 -28.3346 53 47 33
16.5000 -25.0000 -28.7966 52 46 32
17.5000 -25.0000 -29.2306 53 47 33
18.5000 -25.0000 -29.6366 56 50 34
19.5000 -25.0000 -30.0118 59 54 35
20.5000 -25.0000 -30.3516 55 50 31
21.5000 -25.0000 -30.6491 53 48 28
22.5000 -25.0000 -30.8969 51 46 26
23.5000 -25.0000 -31.0891 49 44 24
24.5000 -25.0000 -31.2245 47 42 20
25.5000 -25.0000 -31.3089 47 42 20
26.5000 -25.0000 -31.3574 48 43 21
27.5000 -25.0000 -31.3929 46 44 21
28.5000 -25.0000 -31.4427 40 42 20
29.5000 -25.0000 -31.5325 40 42 21
30.5000 -25.0000 -31.6796 41 40 20
31.5000 -25.0000 -31.8889 41 38 19
32.5000 -25.0000 -32.1527 43 38 19
33.5000 -25.0000 -32.4541 44 37 19
34.5000 -25.0000 -32.7732 46 37 20
35.5000 -25.0000 -33.0930 46 37 20
36.5000 -25.0000 -33.4033 46 34 18
37.5000 -25.0000 -33.7025 45 33 17
38.5000 -25.0000 -33.9962 44 32 16
39.5000 -25.0000 -34.2944 43 34 17
40.5000 -25.0000 -34.6068 44 35 18
41.5000 -25.0000 -34.9396 41 34 16
42.5000 -25.0000 -35.2942 37 30 12
43.5000 -25.0000 -35.6704 33 27 11
44.5000 -25.0000 -36.0695 34 31 16
45.5000 -25.0000 -36.4955 33 31 18
46.5000 -25.0000 -36.9517 32 30 17
47.5000 -25.0000 -37.4365 31 29 16
48.5000 -25.0000 -37.9406 29 27 14
49.5000 -25.0000 -38.4519 27 25 10
50.5000 -25.0000 -38.9624 25 23 10
51.5000 -25.0000 -39.4765 24 22 9
52.5000 -25.0000 -40.0140 26 24 11
53.5000 -25.0000 -40.6071 27 25 13
54.5000 -25.0000 -41.2973 27 25 13
55.5000 -25.0000 -42.1349 27 24 15
56.5000 -25.0000 -43.1881 26 23 14
57.5000 -25.0000 -44.5588 23 20 13
58.5000 -25.0000 -46.3991 21 18 13
59.5000 -25.0000 -48.9132 20 16 13
60.5000 -25.0000 -52.3326 17 16 14
61.5000 -25.0000 -56.8627 16 16 16
62.5000 -25.0000 -62.6189 16 16 16
63.5000 -25.0000 -69.5872 14 14 14
-88.5000 -26.0000 -96.3424 26 28 17
-87.5000 -26.0000 -80.3877 32 34 23
-86.5000 -26.0000 -66.0042 32 34 21
-85.5000 -26.0000 -53.9945 36 38 27
-84.5000 -26.0000 -44.6586 45 47 34
-83.5000 -26.0000 -37.8463 44 45 31
-82.5000 -26.0000 -33.1237 46 44 29
-81.5000 -26.0000 -29.9598 53 47 31
-80.5000 -26.0000 -27.8653 63 54 37
-79.5000 -26.0000 -26.4597 76 63 46
-78.5000 -26.0000 -25.4811 85 70 51
-77.5000 -26.0000 -24.7639 88 71 51
-76.5000 -26.0000 -24.2082 86 71 50
-75.5000 -26.0000 -23.7548 78 68 43
-74.5000 -26.0000 -23.3683 77 71 45
-73.5000 -26.0000 -23.0286 80 74 48
-72.5000 -26.0000 -22.7257 82 78 53
-71.5000 -26.0000 -22.4576 84 79 57
-70.5000 -26.0000 -22.2271 86 80 58
-69.5000 -26.0000 -22.0387 87 79 58
-68.5000 -26.0000 -21.8934 87 79 60
-67.5000 -26.0000 -21.7834 93 81 67
-66.5000 -26.0000 -21.6896 86 77 62
-65.5000 -26.0000 -21.5827 84 77 61
-64.5000 -26.0000 -21.4300 85 80 61
-63.5000 -26.0000 -21.2045 82 77 57
-62.5000 -26.0000 -20.8933 79 74 52
-61.5000 -26.0000 -20.5011 87 81 57
-60.5000 -26.0000 -20.0487 101 91 66
-59.5000 -26.0000 -19.5657 114 98 72
-58.5000 -26.0000 -19.0824 122 105 77
-57.5000 -26.0000 -18.6232 135 114 83
-56.5000 -26.0000 -18.2027 142 122 89
-55.5000 -26.0000 -17.8260 145 125 90
-54.5000 -26.0000 -17.4910 145 127 89
-53.5000 -26.0000 -17.1909 144 129 90
-52.5000 -26.0000 -16.9171 145 130 91
-51.5000 -26.0000 -16.6613 140 120 85
-50.5000 -26.0000 -16.4167 153 130 96
-49.5000 -26.0000 -16.1780 160 137 103
-48.5000 -26.0000 -15.9423 161 139 102
-47.5000 -26.0000 -15.7081 167 143 105
-46.5000 -26.0000 -15.4757 179 154 114
-45.5000 -26.0000 -15.2469 187 159 119
-44.5000 -26.0000 -15.0248 186 159 116
-43.5000 -26.0000 -14.8130 195 166 122
-42.5000 -26.0000 -14.6157 201 170 124
-41.5000 -26.0000 -14.4365 208 176 129
-40.5000 -26.0000 -14.2780 212 180 131
-39.5000 -26.0000 -14.1413 214 181 130
-38.5000 -26.0000 -14.0265 217 184 131
-37.5000 -26.0000 -13.9325 220 187 134
-36.5000 -26.0000 -13.8572 225 189 137
-35.5000 -26.0000 -13.7979 232 192 141
-34.5000 -26.0000 -13.7512 228 186 136
-33.5000 -26.0000 -13.7134 223 181 133
-32.5000 -26.0000 -13.6815 222 182 131
-31.5000 -26.0000 -13.6533 226 186 137
-30.5000 -26.0000 -13.6284 230 193 141
-29.5000 -26.0000 -13.6077 234 196 147
-28.5000 -26.0000 -13.5930 235 199 147
-27.5000 -26.0000 -13.5863 228 192 142
-26.5000 -26.0000 -13.5888 227 194 141
-25.5000 -26.0000 -13.6014 227 194 143
-24.5000 -26.0000 -13.6239 222 191 137
-23.5000 -26.0000 -13.6560 216 184 133
-22.5000 -26.0000 -13.6975 211 181 127
-21.5000 -26.0000 -13.7486 212 182 130
-20.5000 -26.0000 -13.8097 215 183 132
-19.5000 -26.0000 -13.8808 224 188 138
-18.5000 -26.0000 -13.9613 226 188 141
-17.5000 -26.0000 -14.0490 219 183 135
-16.5000 -26.0000 -14.1414 209 172 127
-15.5000 -26.0000 -14.2368 202 168 123
-14.5000 -26.0000 -14.3361 203 170 127
-13.5000 -26.0000 -14.4440 201 169 128
-12.5000 -26.0000 -14.5689 194 165 125
-11.5000 -26.0000 -14.7217 196 168 129
-10.5000 -26.0000 -14.9140 188 164 126
-9.5000 -26.0000 -15.1559 182 158 122
-8.5000 -26.0000 -15.4540 175 152 118
-7.5000 -26.0000 -15.8097 168 148 115
-6.5000 -26.0000 -16.2194 162 143 110
-5.5000 -26.0000 -16.6750 155 136 104
-4.5000 -26.0000 -17.1666 148 131 101
-3.5000 -26.0000 -17.6844 121 105 79
-2.5000 -26.0000 -18.2199 119 105 79
-1.5000 -26.0000 -18.7665 118 104 78
-0.5000 -26.0000 -19.3184 113 101 75
0.5000 -26.0000 -19.8722 101 89 63
1.5000 -26.0000 -20.4291 89 77 53
2.5000 -26.0000 -20.9975 90 78 54
3.5000 -26.0000 -21.5937 96 85 63
4.5000 -26.0000 -22.2388 91 80 58
5.5000 -26.0000 -22.9510 85 77 54
6.5000 -26.0000 -23.7372 80 72 51
7.5000 -26.0000 -24.5870 77 69 48
8.5000 -26.0000 -25.4734 75 67 46
9.5000 -26.0000 -26.3588 69 63 41
10.5000 -26.0000 -27.2069 62 56 34
11.5000 -26.0000 -27.9925 55 50 31
12.5000 -26.0000 -28.7069 56 50 38
13.5000 -26.0000 -29.3565 57 50 40
14.5000 -26.0000 -29.9555 56 49 39
15.5000 -26.0000 -30.5180 52 45 35
16.5000 -26.0000 -31.0527 48 41 31
17.5000 -26.0000 -31.5607 49 43 31
18.5000 -26.0000 -32.0370 53 47 33
19.5000 -26.0000 -32.4730 58 52 36
20.5000 -26.0000 -32.8583 49 43 27
21.5000 -26.0000 -33.1821 49 44 25
22.5000 -26.0000 -33.4347 47 42 23
23.5000 -26.0000 -33.6098 46 41 21
24.5000 -26.0000 -33.7068 45 40 20
25.5000 -26.0000 -33.7342 46 41 19
26.5000 -26.0000 -33.7115 48 43 23
27.5000 -26.0000 -33.6684 47 45 24
28.5000 -26.0000 -33.6404 40 42 21
29.5000 -26.0000 -33.6615 37 40 21
30.5000 -26.0000 -33.7553 36 37 19
31.5000 -26.0000 -33.9296 36 35 17
32.5000 -26.0000 -34.1751 35 32 15
33.5000 -26.0000 -34.4703 38 32 16
34.5000 -26.0000 -34.7884 40 33 17
35.5000 -26.0000 -35.1052 41 32 17
36.5000 -26.0000 -35.4044 43 34 19
37.5000 -26.0000 -35.6799 40 31 16
38.5000 -26.0000 -35.9349 36 27 12
39.5000 -26.0000 -36.1789 34 27 11
40.5000 -26.0000 -36.4237 35 28 12
41.5000 -26.0000 -36.6804 34 28 12
42.5000 -26.0000 -36.9596 32 26 10
43.5000 -26.0000 -37.2736 27 24 7
44.5000 -26.0000 -37.6380 33 31 16
45.5000 -26.0000 -38.0688 34 32 19
46.5000 -26.0000 -38.5758 34 32 19
47.5000 -26.0000 -39.1551 33 31 18
48.5000 -26.0000 -39.7873 30 28 15
49.5000 -26.0000 -40.4433 27 25 13
50.5000 -26.0000 -41.0964 23 21 9
51.5000 -26.0000 -41.7344 21 19 7
52.5000 -26.0000 -42.3654 24 21 12
53.5000 -26.0000 -43.0183 25 22 13
54.5000 -26.0000 -43.7402 26 23 14
55.5000 -26.0000 -44.5972 26 23 16
56.5000 -26.0000 -45.6832 25 22 15
57.5000 -26.0000 -47.1340 23 20 13
58.5000 -26.0000 -49.1387 21 18 13
59.5000 -26.0000 -51.9324 17 16 12
61.5000 -26.0000 -60.8033 14 14 14
62.5000 -26.0000 -67.1144 15 15 15
-87.5000 -27.0000 -93.5574 21 22 14
-86.5000 -27.0000 -76.8594 30 32 21
-85.5000 -27.0000 -62.4237 34 35 27
-84.5000 -27.0000 -50.8662 34 36 25
-83.5000 -27.0000 -42.2222 40 44 29
-82.5000 -27.0000 -36.1152 42 45 28
-81.5000 -27.0000 -31.9788 54 51 34
-80.5000 -27.0000 -29.2400 67 60 42
-79.5000 -27.0000 -27.4247 70 59 41
-78.5000 -27.0000 -26.1900 66 53 34
-77.5000 -27.0000 -25.3113 67 55 33
-76.5000 -27.0000 -24.6504 73 62 40
-75.5000 -27.0000 -24.1254 68 62 36
-74.5000 -27.0000 -23.6887 63 62 34
-73.5000 -27.0000 -23.3143 75 73 48
-72.5000 -27.0000 -22.9895 70 70 44
-71.5000 -27.0000 -22.7109 72 70 47
-70.5000 -27.0000 -22.4809 79 77 54
-69.5000 -27.0000 -22.3033 77 72 52
-68.5000 -27.0000 -22.1786 87 80 62
-67.5000 -27.0000 -22.0990 87 77 65
-66.5000 -27.0000 -22.0450 85 75 63
-65.5000 -27.0000 -21.9864 79 71 58
-64.5000 -27.0000 -21.8880 72 66 50
-63.5000 -27.0000 -21.7182 71 66 47
-62.5000 -27.0000 -21.4584 76 71 51
-61.5000 -27.0000 -21.1075 86 80 58
-60.5000 -27.0000 -20.6814 95 87 64
-59.5000 -27.0000 -20.2075 111 97 71
-58.5000 -27.0000 -19.7166 120 103 77
-57.5000 -27.0000 -19.2357 129 109 82
-56.5000 -27.0000 -18.7841 131 112 82
-55.5000 -27.0000 -18.3717 130 111 79
-54.5000 -27.0000 -18.0002 131 115 81
-53.5000 -27.0000 -17.6659 136 123 88
-52.5000 -27.0000 -17.3620 144 130 95
-51.5000 -27.0000 -17.0806 142 122 89
-50.5000 -27.0000 -16.8144 149 126 94
-49.5000 -27.0000 -16.5576 156 131 100
-48.5000 -27.0000 -16.3060 162 138 104
-47.5000 -27.0000 -16.0574 167 141 106
-46.5000 -27.0000 -15.8111 172 146 109
-45.5000 -27.0000 -15.5682 180 152 113
-44.5000 -27.0000 -15.3312 186 157 117
-43.5000 -27.0000 -15.1040 188 156 115
-42.5000 -27.0000 -14.8907 193 162 118
-41.5000 -27.0000 -14.6958 201 168 123
-40.5000 -27.0000 -14.5224 206 174 127
-39.5000 -27.0000 -14.3727 209 175 127
-38.5000 -27.0000 -14.2472 212 176 126
-37.5000 -27.0000 -14.1451 215 179 129
-36.5000 -27.0000 -14.0643 217 181 131
-35.5000 -27.0000 -14.0019 221 181 132
-34.5000 -27.0000 -13.9540 221 181 132
-33.5000 -27.0000 -13.9164 221 180 134
-32.5000 -27.0000 -13.8853 221 181 132
-31.5000 -27.0000 -13.8580 223 182 136
-30.5000 -27.0000 -13.8335 223 185 136
-29.5000 -27.0000 -13.8125 226 188 141
-28.5000 -27.0000 -13.7966 226 190 140
-27.5000 -27.0000 -13.7881 221 187 139
-26.5000 -27.0000 -13.7885 220 188 137
-25.5000 -27.0000 -13.7987 220 188 139
-24.5000 -27.0000 -13.8187 219 189 137
-23.5000 -27.0000 -13.8483 218 188 138
-22.5000 -27.0000 -13.8873 213 186 133
-21.5000 -27.0000 -13.9360 211 183 133
-20.5000 -27.0000 -13.9952 212 182 132
-19.5000 -27.0000 -14.0657 207 175 126
-18.5000 -27.0000 -14.1474 215 181 135
-17.5000 -27.0000 -14.2390 215 183 136
-16.5000 -27.0000 -14.3380 205 172 127
-15.5000 -27.0000 -14.4428 195 164 118
-14.5000 -27.0000 -14.5542 192 163 119
-13.5000 -27.0000 -14.6763 193 166 123
-12.5000 -27.0000 -14.8171 191 166 125
-11.5000 -27.0000 -14.9875 189 165 127
-10.5000 -27.0000 -15.1984 177 157 120
-9.5000 -27.0000 -15.4588 172 152 117
-8.5000 -27.0000 -15.7736 172 153 120
-7.5000 -27.0000 -16.1422 165 149 115
-6.5000 -27.0000 -16.5595 146 131 98
-5.5000 -27.0000 -17.0177 127 112 81
-4.5000 -27.0000 -17.5094 115 101 72
-3.5000 -27.0000 -18.0298 104 90 64
-2.5000 -27.0000 -18.5772 114 102 78
-1.5000 -27.0000 -19.1511 119 107 83
-0.5000 -27.0000 -19.7512 106 96 71
0.5000 -27.0000 -20.3767 94 84 59
1.5000 -27.0000 -21.0298 92 81 59
2.5000 -27.0000 -21.7184 94 83 61
3.5000 -27.0000 -22.4580 92 84 63
4.5000 -27.0000 -23.2679 84 76 55
5.5000 -27.0000 -24.1631 78 72 50
6.5000 -27.0000 -25.1448 72 65 46
7.5000 -27.0000 -26.1939 68 61 42
8.5000 -27.0000 -27.2727 65 58 39
9.5000 -27.0000 -28.3335 59 54 34
10.5000 -27.0000 -29.3329 52 47 28
11.5000 -27.0000 -30.2444 47 41 25
12.5000 -27.0000 -31.0640 53 46 36
13.5000 -27.0000 -31.8065 51 47 38
14.5000 -27.0000 -32.4953 50 46 37
15.5000 -27.0000 -33.1509 49 45 36
16.5000 -27.0000 -33.7835 48 44 35
17.5000 -27.0000 -34.3907 46 42 31
18.5000 -27.0000 -34.9607 46 42 31
19.5000 -27.0000 -35.4767 45 41 29
20.5000 -27.0000 -35.9211 35 32 17
21.5000 -27.0000 -36.2786 35 32 15
22.5000 -27.0000 -36.5379 35 32 15
23.5000 -27.0000 -36.6929 35 32 13
24.5000 -27.0000 -36.7451 35 32 13
25.5000 -27.0000 -36.7062 35 33 12
26.5000 -27.0000 -36.6003 35 32 13
27.5000 -27.0000 -36.4639 34 33 13
28.5000 -27.0000 -36.3415 38 41 24
29.5000 -27.0000 -36.2764 35 39 22
30.5000 -27.0000 -36.3000 33 36 19
31.5000 -27.0000 -36.4239 31 32 16
32.5000 -27.0000 -36.6379 30 28 13
33.5000 -27.0000 -36.9146 30 27 12
34.5000 -27.0000 -37.2188 33 27 13
35.5000 -27.0000 -37.5179 34 26 13
36.5000 -27.0000 -37.7888 36 28 15
37.5000 -27.0000 -38.0220 30 22 9
38.5000 -27.0000 -38.2204 26 18 5
39.5000 -27.0000 -38.3959 26 20 6
40.5000 -27.0000 -38.5646 31 25 11
41.5000 -27.0000 -38.7447 31 28 13
42.5000 -27.0000 -38.9562 26 23 8
43.5000 -27.0000 -39.2229 19 17 2
44.5000 -27.0000 -39.5713 27 25 12
45.5000 -27.0000 -40.0264 30 31 17
46.5000 -27.0000 -40.6010 33 33 21
47.5000 -27.0000 -41.2873 29 29 17
48.5000 -27.0000 -42.0553 23 23 11
49.5000 -27.0000 -42.8600 20 20 10
50.5000 -27.0000 -43.6574 23 23 13
51.5000 -27.0000 -44.4187 27 27 17
52.5000 -27.0000 -45.1405 22 22 14
53.5000 -27.0000 -45.8480 21 21 13
54.5000 -27.0000 -46.5952 20 20 12
55.5000 -27.0000 -47.4672 18 17 12
56.5000 -27.0000 -48.5878 17 16 11
57.5000 -27.0000 -50.1294 15 14 9
60.5000 -27.0000 -59.6358 18 18 16
61.5000 -27.0000 -65.1522 16 16 16
-87.5000 -28.0000 -107.6986 18 19 13
-86.5000 -28.0000 -88.8667 26 27 19
-85.5000 -28.0000 -72.0426 31 32 26
-84.5000 -28.0000 -58.1772 32 35 26
-83.5000 -28.0000 -47.5361 37 43 29
-82.5000 -28.0000 -39.8504 40 44 29
-81.5000 -28.0000 -34.5570 48 49 33
-80.5000 -28.0000 -31.0208 60 57 40
-79.5000 -28.0000 -28.6799 67 58 41
-78.5000 -28.0000 -27.1073 63 55 36
-77.5000 -28.0000 -26.0113 66 55 35
-76.5000 -28.0000 -25.2080 69 61 38
-75.5000 -28.0000 -24.5869 66 62 37
-74.5000 -28.0000 -24.0847 61 61 33
-73.5000 -28.0000 -23.6661 71 74 47
-72.5000 -28.0000 -23.3137 67 70 43
-71.5000 -28.0000 -23.0210 68 70 46
-70.5000 -28.0000 -22.7883 77 77 53
-69.5000 -28.0000 -22.6181 73 72 51
-68.5000 -28.0000 -22.5102 85 80 61
-67.5000 -28.0000 -22.4569 86 76 64
-66.5000 -28.0000 -22.4393 83 73 63
-65.5000 -28.0000 -22.4273 78 70 59
-64.5000 -28.0000 -22.3842 71 65 51
-63.5000 -28.0000 -22.2750 67 64 47
-62.5000 -28.0000 -22.0754 71 68 49
-61.5000 -28.0000 -21.7773 81 76 56
-60.5000 -28.0000 -21.3904 90 82 61
-59.5000 -28.0000 -20.9375 102 90 66
-58.5000 -28.0000 -20.4481 111 95 70
-57.5000 -28.0000 -19.9510 120 103 77
-56.5000 -28.0000 -19.4693 124 107 79
-55.5000 -28.0000 -19.0180 125 108 78
-54.5000 -28.0000 -18.6041 126 111 80
-53.5000 -28.0000 -18.2282 127 117 82
-52.5000 -28.0000 -17.8862 133 120 86
-51.5000 -28.0000 -17.5719 137 118 86
-50.5000 -28.0000 -17.2782 144 121 90
-49.5000 -28.0000 -16.9985 151 126 96
-48.5000 -28.0000 -16.7276 156 131 100
-47.5000 -28.0000 -16.4620 161 135 102
-46.5000 -28.0000 -16.1997 165 139 104
-45.5000 -28.0000 -15.9406 173 145 108
-44.5000 -28.0000 -15.6867 179 149 111
-43.5000 -28.0000 -15.4415 187 155 116
-42.5000 -28.0000 -15.2096 192 160 119
-41.5000 -28.0000 -14.9959 199 166 123
-40.5000 -28.0000 -14.8048 202 169 124
-39.5000 -28.0000 -14.6390 204 170 124
-38.5000 -28.0000 -14.4998 206 170 122
-37.5000 -28.0000 -14.3867 208 172 124
-36.5000 -28.0000 -14.2979 209 173 125
-35.5000 -28.0000 -14.2302 215 177 130
-34.5000 -28.0000 -14.1796 214 176 129
-33.5000 -28.0000 -14.1411 214 176 129
-32.5000 -28.0000 -14.1105 214 176 129
-31.5000 -28.0000 -14.0841 214 178 130
-30.5000 -28.0000 -14.0604 216 180 132
-29.5000 -28.0000 -14.0394 216 182 134
-28.5000 -28.0000 -14.0226 217 183 135
-27.5000 -28.0000 -14.0121 217 185 136
-26.5000 -28.0000 -14.0098 215 185 135
-25.5000 -28.0000 -14.0169 213 183 133
-24.5000 -28.0000 -14.0337 209 181 131
-23.5000 -28.0000 -14.0601 208 180 130
-22.5000 -28.0000 -14.0962 207 179 129
-21.5000 -28.0000 -14.1424 207 179 129
-20.5000 -28.0000 -14.1999 207 179 129
-19.5000 -28.0000 -14.2700 203 172 125
-18.5000 -28.0000 -14.3533 209 178 131
-17.5000 -28.0000 -14.4488 206 175 129
-16.5000 -28.0000 -14.5545 193 164 120
-15.5000 -28.0000 -14.6689 183 156 111
-14.5000 -28.0000 -14.7922 182 158 114
-13.5000 -28.0000 -14.9282 185 162 120
-12.5000 -28.0000 -15.0848 185 163 122
-11.5000 -28.0000 -15.2720 180 160 123
-10.5000 -28.0000 -15.5004 171 153 117
-9.5000 -28.0000 -15.7779 164 148 114
-8.5000 -28.0000 -16.1076 163 148 115
-7.5000 -28.0000 -16.4874 154 141 107
-6.5000 -28.0000 -16.9111 135 124 92
-5.5000 -28.0000 -17.3717 119 108 76
-4.5000 -28.0000 -17.8649 111 102 71
-3.5000 -28.0000 -18.3914 110 98 72
-2.5000 -28.0000 -18.9564 117 107 82
-1.5000 -28.0000 -19.5665 116 106 81
-0.5000 -28.0000 -20.2267 103 93 68
0.5000 -28.0000 -20.9402 90 79 57
1.5000 -28.0000 -21.7106 83 75 52
2.5000 -28.0000 -22.5459 82 74 53
3.5000 -28.0000 -23.4602 79 72 53
4.5000 -28.0000 -24.4700 75 68 49
5.5000 -28.0000 -25.5852 73 66 48
6.5000 -28.0000 -26.7991 68 61 43
7.5000 -28.0000 -28.0816 62 56 40
8.5000 -28.0000 -29.3826 57 51 35
9.5000 -28.0000 -30.6435 51 45 29
10.5000 -28.0000 -31.8148 44 38 24
11.5000 -28.0000 -32.8699 38 34 22
12.5000 -28.0000 -33.8112 42 38 29
13.5000 -28.0000 -34.6632 41 38 31
14.5000 -28.0000 -35.4592 41 36 30
15.5000 -28.0000 -36.2261 38 35 28
16.5000 -28.0000 -36.9753 38 34 25
17.5000 -28.0000 -37.7001 35 32 23
18.5000 -28.0000 -38.3805 35 31 22
19.5000 -28.0000 -38.9905 34 32 20
20.5000 -28.0000 -39.5045 35 31 19
21.5000 -28.0000 -39.9026 34 32 17
22.5000 -28.0000 -40.1725 35 32 17
23.5000 -28.0000 -40.3098 34 32 17
24.5000 -28.0000 -40.3189 35 32 15
25.5000 -28.0000 -40.2149 34 33 15
26.5000 -28.0000 -40.0262 35 32 15
27.5000 -28.0000 -39.7955 32 33 17
28.5000 -28.0000 -39.5751 34 38 23
29.5000 -28.0000 -39.4178 31 37 23
30.5000 -28.0000 -39.3635 31 35 21
31.5000 -28.0000 -39.4282 30 32 19
32.5000 -28.0000 -39.6012 29 29 17
33.5000 -28.0000 -39.8490 30 28 16
34.5000 -28.0000 -40.1273 31 27 16
35.5000 -28.0000 -40.3939 33 26 16
36.5000 -28.0000 -40.6191 35 26 17
37.5000 -28.0000 -40.7908 30 23 13
38.5000 -28.0000 -40.9141 27 20 10
39.5000 -28.0000 -41.0067 25 21 10
40.5000 -28.0000 -41.0930 29 25 14
41.5000 -28.0000 -41.2007 28 26 14
42.5000 -28.0000 -41.3598 25 23 11
43.5000 -28.0000 -41.6029 21 19 7
44.5000 -28.0000 -41.9637 25 26 12
45.5000 -28.0000 -42.4696 29 30 16
46.5000 -28.0000 -43.1316 31 31 19
47.5000 -28.0000 -43.9352 28 28 18
48.5000 -28.0000 -44.8395 22 22 12
49.5000 -28.0000 -45.7865 18 18 10
50.5000 -28.0000 -46.7176 21 21 13
51.5000 -28.0000 -47.5908 25 24 19
52.5000 -28.0000 -48.3931 19 18 13
53.5000 -28.0000 -49.1480 19 18 13
54.5000 -28.0000 -49.9189 18 17 13
55.5000 -28.0000 -50.8130 17 16 11
56.5000 -28.0000 -51.9862 16 15 10
57.5000 -28.0000 -53.6463 15 14 9
60.5000 -28.0000 -64.0568 16 16 14
61.5000 -28.0000 -69.9651 15 15 15
-86.5000 -29.0000 -101.3615 20 21 15
-85.5000 -29.0000 -82.4367 27 28 23
-84.5000 -29.0000 -66.3851 29 32 25
-83.5000 -29.0000 -53.7283 36 42 30
-82.5000 -29.0000 -44.3545 35 42 26
-81.5000 -29.0000 -37.7555 42 45 28
-80.5000 -29.0000 -33.2732 53 52 34
-79.5000 -29.0000 -30.2799 62 55 37
-78.5000 -29.0000 -28.2712 62 55 36
-77.5000 -29.0000 -26.8872 63 55 34
-76.5000 -29.0000 -25.8930 64 58 34
-75.5000 -29.0000 -25.1442 63 61 36
-74.5000 -29.0000 -24.5566 60 60 34
-73.5000 -29.0000 -24.0822 68 72 47
-72.5000 -29.0000 -23.6957 64 68 43
-71.5000 -29.0000 -23.3852 64 68 45
-70.5000 -29.0000 -23.1470 73 75 53
-69.5000 -29.0000 -22.9809 68 70 49
-68.5000 -29.0000 -22.8855 80 77 60
-67.5000 -29.0000 -22.8535 82 74 63
-66.5000 -29.0000 -22.8673 81 71 61
-65.5000 -29.0000 -22.8981 76 68 57
-64.5000 -29.0000 -22.9093 69 63 49
-63.5000 -29.0000 -22.8636 64 61 46
-62.5000 -29.0000 -22.7313 66 63 46
-61.5000 -29.0000 -22.4970 74 69 50
-60.5000 -29.0000 -22.1623 80 73 54
-59.5000 -29.0000 -21.7440 91 80 60
-58.5000 -29.0000 -21.2678 99 84 63
-57.5000 -29.0000 -20.7626 107 91 68
-56.5000 -29.0000 -20.2548 114 98 73
-55.5000 -29.0000 -19.7644 117 103 76
-54.5000 -29.0000 -19.3046 117 106 76
-53.5000 -29.0000 -18.8813 117 108 77
-52.5000 -29.0000 -18.4946 119 108 78
-51.5000 -29.0000 -18.1405 130 110 83
-50.5000 -29.0000 -17.8132 138 114 86
-49.5000 -29.0000 -17.5057 143 119 91
-48.5000 -29.0000 -17.2120 147 124 93
-47.5000 -29.0000 -16.9267 150 125 94
-46.5000 -29.0000 -16.6463 155 129 96
-45.5000 -29.0000 -16.3695 163 134 100
-44.5000 -29.0000 -16.0970 167 139 102
-43.5000 -29.0000 -15.8320 177 147 109
-42.5000 -29.0000 -15.5794 184 152 113
-41.5000 -29.0000 -15.3446 192 159 118
-40.5000 -29.0000 -15.1329 196 163 120
-39.5000 -29.0000 -14.9479 198 164 119
-38.5000 -29.0000 -14.7917 199 165 119
-37.5000 -29.0000 -14.6643 201 167 121
-36.5000 -29.0000 -14.5643 204 170 124
-35.5000 -29.0000 -14.4885 207 173 127
-34.5000 -29.0000 -14.4327 206 172 126
-33.5000 -29.0000 -14.3917 204 172 125
-32.5000 -29.0000 -14.3603 203 171 124
-31.5000 -29.0000 -14.3342 203 171 124
-30.5000 -29.0000 -14.3108 204 172 125
-29.5000 -29.0000 -14.2896 205 174 127
-28.5000 -29.0000 -14.2715 205 174 127
-27.5000 -29.0000 -14.2587 210 179 132
-26.5000 -29.0000 -14.2531 206 178 130
-25.5000 -29.0000 -14.2563 203 175 127
-24.5000 -29.0000 -14.2692 199 173 124
-23.5000 -29.0000 -14.2919 198 172 123
-22.5000 -29.0000 -14.3248 199 173 124
-21.5000 -29.0000 -14.3685 200 174 125
-20.5000 -29.0000 -14.4246 201 175 126
-19.5000 -29.0000 -14.4945 197 169 122
-18.5000 -29.0000 -14.5794 200 173 126
-17.5000 -29.0000 -14.6788 195 168 123
-16.5000 -29.0000 -14.7910 181 157 111
-15.5000 -29.0000 -14.9145 173 149 105
-14.5000 -29.0000 -15.0491 174 151 109
-13.5000 -29.0000 -15.1984 175 156 114
-12.5000 -29.0000 -15.3694 176 158 118
-11.5000 -29.0000 -15.5720 167 152 113
-10.5000 -29.0000 -15.8157 160 146 109
-9.5000 -29.0000 -16.1077 155 142 107
-8.5000 -29.0000 -16.4498 150 140 105
-7.5000 -29.0000 -16.8387 139 130 97
-6.5000 -29.0000 -17.2677 123 114 83
-5.5000 -29.0000 -17.7313 113 104 73
-4.5000 -29.0000 -18.2288 108 101 72
-3.5000 -29.0000 -18.7665 114 104 77
-2.5000 -29.0000 -19.3566 113 106 80
-1.5000 -29.0000 -20.0130 108 100 77
-0.5000 -29.0000 -20.7471 96 88 65
0.5000 -29.0000 -21.5665 84 76 55
1.5000 -29.0000 -22.4772 77 71 49
2.5000 -29.0000 -23.4875 73 66 47
3.5000 -29.0000 -24.6094 70 63 44
4.5000 -29.0000 -25.8549 65 58 40
5.5000 -29.0000 -27.2262 64 58 42
6.5000 -29.0000 -28.7053 61 55 39
7.5000 -29.0000 -30.2488 54 51 36
8.5000 -29.0000 -31.7926 45 42 27
9.5000 -29.0000 -33.2678 37 34 19
10.5000 -29.0000 -34.6199 32 28 16
11.5000 -29.0000 -35.8247 28 26 14
12.5000 -29.0000 -36.8924 34 31 22
13.5000 -29.0000 -37.8585 31 31 23
14.5000 -29.0000 -38.7664 32 29 22
15.5000 -29.0000 -39.6498 28 28 20
16.5000 -29.0000 -40.5210 28 25 18
17.5000 -29.0000 -41.3692 24 24 14
18.5000 -29.0000 -42.1663 25 22 13
19.5000 -29.0000 -42.8764 22 22 12
20.5000 -29.0000 -43.4659 28 26 14
21.5000 -29.0000 -43.9104 26 26 14
22.5000 -29.0000 -44.1976 28 26 14
23.5000 -29.0000 -44.3260 26 27 13
24.5000 -29.0000 -44.3042 28 26 13
25.5000 -29.0000 -44.1508 26 27 13
26.5000 -29.0000 -43.8974 28 26 13
27.5000 -29.0000 -43.5903 25 27 14
28.5000 -29.0000 -43.2880 25 31 19
29.5000 -29.0000 -43.0509 25 31 19
30.5000 -29.0000 -42.9264 28 31 20
31.5000 -29.0000 -42.9356 28 30 19
32.5000 -29.0000 -43.0676 29 29 19
33.5000 -29.0000 -43.2837 29 26 17
34.5000 -29.0000 -43.5306 29 25 16
35.5000 -29.0000 -43.7566 28 24 15
36.5000 -29.0000 -43.9253 30 23 15
37.5000 -29.0000 -44.0232 30 23 15
38.5000 -29.0000 -44.0595 29 22 14
39.5000 -29.0000 -44.0609 27 23 14
40.5000 -29.0000 -44.0635 27 23 14
41.5000 -29.0000 -44.1074 26 23 14
42.5000 -29.0000 -44.2328 25 22 13
43.5000 -29.0000 -44.4792 22 22 12
44.5000 -29.0000 -44.8815 24 24 12
45.5000 -29.0000 -45.4635 27 27 15
46.5000 -29.0000 -46.2283 28 28 18
47.5000 -29.0000 -47.1516 25 25 15
48.5000 -29.0000 -48.1828 19 19 11
49.5000 -29.0000 -49.2541 16 15 10
50.5000 -29.0000 -50.2977 17 16 12
51.5000 -29.0000 -51.2634 20 19 15
52.5000 -29.0000 -52.1335 16 15 11
53.5000 -29.0000 -52.9338 15 14 10
54.5000 -29.0000 -53.7408 15 14 12
55.5000 -29.0000 -54.6856 15 14 10
56.5000 -29.0000 -55.9551 15 14 10
57.5000 -29.0000 -57.7852 15 14 10
58.5000 -29.0000 -60.4393 15 14 9
59.5000 -29.0000 -64.1650 15 14 10
60.5000 -29.0000 -69.1245 15 15 15
61.5000 -29.0000 -75.3157 13 13 15
-86.5000 -30.0000 -113.5216 14 15 10
-85.5000 -30.0000 -93.0456 21 22 17
-84.5000 -30.0000 -75.1660 24 27 20
-83.5000 -30.0000 -60.6571 33 39 27
-82.5000 -30.0000 -49.6040 31 37 23
-81.5000 -30.0000 -41.6121 36 38 24
-80.5000 -30.0000 -36.0554 45 43 28
-79.5000 -30.0000 -32.2792 56 50 34
-78.5000 -30.0000 -29.7227 60 53 35
-77.5000 -30.0000 -27.9651 60 53 34
-76.5000 -30.0000 -26.7191 59 54 32
-75.5000 -30.0000 -25.8022 61 59 36
-74.5000 -30.0000 -25.1037 58 58 32
-73.5000 -30.0000 -24.5588 66 70 45
-72.5000 -30.0000 -24.1300 62 66 41
-71.5000 -30.0000 -23.7970 62 66 43
-70.5000 -30.0000 -23.5498 70 72 50
-69.5000 -30.0000 -23.3842 65 67 46
-68.5000 -30.0000 -23.2967 77 74 57
-67.5000 -30.0000 -23.2801 77 69 58
-66.5000 -30.0000 -23.3187 76 68 57
-65.5000 -30.0000 -23.3864 73 65 54
-64.5000 -30.0000 -23.4482 65 61 49
-63.5000 -30.0000 -23.4658 61 58 43
-62.5000 -30.0000 -23.4051 59 57 42
-61.5000 -30.0000 -23.2433 64 61 44
-60.5000 -30.0000 -22.9731 70 63 45
-59.5000 -30.0000 -22.6029 81 70 52
-58.5000 -30.0000 -22.1530 85 72 53
-57.5000 -30.0000 -21.6506 93 78 57
-56.5000 -30.0000 -21.1240 100 85 62
-55.5000 -30.0000 -20.5985 105 93 67
-54.5000 -30.0000 -20.0932 110 100 73
-53.5000 -30.0000 -19.6203 110 103 75
-52.5000 -30.0000 -19.1849 113 103 76
-51.5000 -30.0000 -18.7866 122 105 79
-50.5000 -30.0000 -18.4210 129 108 81
-49.5000 -30.0000 -18.0817 134 113 86
-48.5000 -30.0000 -17.7618 137 116 87
-47.5000 -30.0000 -17.4547 141 118 87
-46.5000 -30.0000 -17.1549 144 121 89
-45.5000 -30.0000 -16.8595 151 125 92
-44.5000 -30.0000 -16.5678 154 128 93
-43.5000 -30.0000 -16.2824 163 135 98
-42.5000 -30.0000 -16.0080 169 141 102
-41.5000 -30.0000 -15.7507 180 148 109
-40.5000 -30.0000 -15.5162 187 155 114
-39.5000 -30.0000 -15.3092 192 159 116
-38.5000 -30.0000 -15.1326 196 163 118
-37.5000 -30.0000 -14.9872 200 167 122
-36.5000 -30.0000 -14.8722 203 170 125
-35.5000 -30.0000 -14.7848 200 169 123
-34.5000 -30.0000 -14.7206 197 169 121
-33.5000 -30.0000 -14.6742 195 167 119
-32.5000 -30.0000 -14.6397 194 166 118
-31.5000 -30.0000 -14.6120 193 165 117
-30.5000 -30.0000 -14.5876 194 166 118
-29.5000 -30.0000 -14.5650 193 167 118
-28.5000 -30.0000 -14.5448 194 168 119
-27.5000 -30.0000 -14.5288 198 172 123
-26.5000 -30.0000 -14.5192 197 171 122
-25.5000 -30.0000 -14.5180 196 170 121
-24.5000 -30.0000 -14.5265 195 169 120
-23.5000 -30.0000 -14.5454 194 168 119
-22.5000 -30.0000 -14.5751 194 168 119
-21.5000 -30.0000 -14.6165 194 168 119
-20.5000 -30.0000 -14.6712 194 168 119
-19.5000 -30.0000 -14.7411 192 165 118
-18.5000 -30.0000 -14.8276 196 169 122
-17.5000 -30.0000 -14.9306 192 165 120
-16.5000 -30.0000 -15.0488 179 155 111
-15.5000 -30.0000 -15.1805 172 147 106
-14.5000 -30.0000 -15.3255 172 149 108
-13.5000 -30.0000 -15.4865 171 152 112
-12.5000 -30.0000 -15.6703 168 150 112
-11.5000 -30.0000 -15.8858 160 144 108
-10.5000 -30.0000 -16.1423 154 140 105
-9.5000 -30.0000 -16.4459 149 136 102
-8.5000 -30.0000 -16.7977 143 132 100
-7.5000 -30.0000 -17.1939 130 121 90
-6.5000 -30.0000 -17.6282 113 107 75
-5.5000 -30.0000 -18.0966 107 100 71
-4.5000 -30.0000 -18.6023 110 103 75
-3.5000 -30.0000 -19.1573 111 104 78
-2.5000 -30.0000 -19.7809 108 101 75
-1.5000 -30.0000 -20.4946 101 93 70
-0.5000 -30.0000 -21.3168 91 85 61
0.5000 -30.0000 -22.2607 82 76 54
1.5000 -30.0000 -23.3351 76 69 50
2.5000 -30.0000 -24.5484 71 64 45
3.5000 -30.0000 -25.9095 66 61 42
4.5000 -30.0000 -27.4228 56 50 34
5.5000 -30.0000 -29.0796 55 52 37
6.5000 -30.0000 -30.8470 54 51 36
7.5000 -30.0000 -32.6657 47 43 31
8.5000 -30.0000 -34.4572 37 33 22
9.5000 -30.0000 -36.1431 27 25 13
10.5000 -30.0000 -37.6664 23 20 11
11.5000 -30.0000 -39.0080 20 20 10
12.5000 -30.0000 -40.1880 28 28 20
13.5000 -30.0000 -41.2538 27 27 19
14.5000 -30.0000 -42.2597 25 25 17
15.5000 -30.0000 -43.2464 23 23 15
16.5000 -30.0000 -44.2283 21 21 13
17.5000 -30.0000 -45.1913 19 19 11
18.5000 -30.0000 -46.0992 18 18 8
19.5000 -30.0000 -46.9067 17 17 7
27.5000 -30.0000 -47.6847 13 15 4
28.5000 -30.0000 -47.3377 16 22 12
29.5000 -30.0000 -47.0531 16 23 15
30.5000 -30.0000 -46.8840 19 24 17
31.5000 -30.0000 -46.8558 22 25 18
32.5000 -30.0000 -46.9584 23 24 18
33.5000 -30.0000 -47.1497 23 22 17
34.5000 -30.0000 -47.3692 23 20 15
35.5000 -30.0000 -47.5570 23 18 14
36.5000 -30.0000 -47.6705 26 18 15
37.5000 -30.0000 -47.6950 26 21 17
38.5000 -30.0000 -47.6449 28 23 19
39.5000 -30.0000 -47.5575 26 23 18
40.5000 -30.0000 -47.4829 23 20 15
41.5000 -30.0000 -47.4755 20 19 14
42.5000 -30.0000 -47.5863 21 20 15
43.5000 -30.0000 -47.8592 24 24 16
44.5000 -30.0000 -48.3259 21 21 11
45.5000 -30.0000 -49.0005 23 23 11
46.5000 -30.0000 -49.8736 24 24 14
47.5000 -30.0000 -50.9096 21 21 13
48.5000 -30.0000 -52.0490 16 15 10
51.5000 -30.0000 -55.3878 15 14 12
59.5000 -30.0000 -69.6544 15 14 10
-85.5000 -31.0000 -103.3006 15 15 13
-84.5000 -31.0000 -84.1622 19 21 16
-83.5000 -31.0000 -68.1439 28 34 22
-82.5000 -31.0000 -55.5495 30 34 20
-81.5000 -31.0000 -46.1540 32 33 19
-80.5000 -31.0000 -39.4274 39 36 21
-79.5000 -31.0000 -34.7419 50 43 27
-78.5000 -31.0000 -31.5156 58 49 32
-77.5000 -31.0000 -29.2834 59 51 32
-76.5000 -31.0000 -27.7105 57 51 29
-75.5000 -31.0000 -26.5737 61 56 34
-74.5000 -31.0000 -25.7310 56 56 32
-73.5000 -31.0000 -25.0950 65 67 43
-72.5000 -31.0000 -24.6119 60 62 38
-71.5000 -31.0000 -24.2492 60 62 40
-70.5000 -31.0000 -23.9881 66 68 47
-69.5000 -31.0000 -23.8183 64 63 43
-68.5000 -31.0000 -23.7332 73 70 53
-67.5000 -31.0000 -23.7252 72 64 51
-66.5000 -31.0000 -23.7808 72 64 53
-65.5000 -31.0000 -23.8773 71 63 52
-64.5000 -31.0000 -23.9829 64 61 46
-63.5000 -31.0000 -24.0597 59 56 41
-62.5000 -31.0000 -24.0707 55 53 38
-61.5000 -31.0000 -23.9861 57 54 37
-60.5000 -31.0000 -23.7893 61 56 37
-59.5000 -31.0000 -23.4791 71 62 45
-58.5000 -31.0000 -23.0686 75 62 45
-57.5000 -31.0000 -22.5816 79 66 49
-56.5000 -31.0000 -22.0471 85 72 53
-55.5000 -31.0000 -21.4946 92 81 59
-54.5000 -31.0000 -20.9494 99 91 68
-53.5000 -31.0000 -20.4298 105 99 75
-52.5000 -31.0000 -19.9466 109 102 76
-51.5000 -31.0000 -19.5031 113 99 73
-50.5000 -31.0000 -19.0976 119 102 76
-49.5000 -31.0000 -18.7247 124 107 81
-48.5000 -31.0000 -18.3771 126 109 81
-47.5000 -31.0000 -18.0471 130 111 81
-46.5000 -31.0000 -17.7278 133 114 82
-45.5000 -31.0000 -17.4143 140 117 85
-44.5000 -31.0000 -17.1044 144 121 87
-43.5000 -31.0000 -16.7996 152 128 92
-42.5000 -31.0000 -16.5040 158 134 96
-41.5000 -31.0000 -16.2237 170 142 103
-40.5000 -31.0000 -15.9652 177 149 109
-39.5000 -31.0000 -15.7340 183 154 112
-38.5000 -31.0000 -15.5338 187 158 114
-37.5000 -31.0000 -15.3666 191 162 118
-36.5000 -31.0000 -15.2323 193 166 119
-35.5000 -31.0000 -15.1288 190 166 118
-34.5000 -31.0000 -15.0519 188 166 117
-33.5000 -31.0000 -14.9962 186 164 115
-32.5000 -31.0000 -14.9550 184 162 113
-31.5000 -31.0000 -14.9226 184 160 112
-30.5000 -31.0000 -14.8945 184 160 112
-29.5000 -31.0000 -14.8685 184 160 112
-28.5000 -31.0000 -14.8446 185 161 113
-27.5000 -31.0000 -14.8243 185 161 113
-26.5000 -31.0000 -14.8101 187 163 115
-25.5000 -31.0000 -14.8041 190 166 118
-24.5000 -31.0000 -14.8081 191 167 119
-23.5000 -31.0000 -14.8232 191 167 119
-22.5000 -31.0000 -14.8499 189 165 117
-21.5000 -31.0000 -14.8893 188 161 114
-20.5000 -31.0000 -14.9429 186 159 112
-19.5000 -31.0000 -15.0129 189 160 116
-18.5000 -31.0000 -15.1008 193 166 121
-17.5000 -31.0000 -15.2071 191 164 121
-16.5000 -31.0000 -15.3305 181 157 113
-15.5000 -31.0000 -15.4694 174 149 108
-14.5000 -31.0000 -15.6232 172 149 108
-13.5000 -31.0000 -15.7942 169 147 108
-12.5000 -31.0000 -15.9885 162 142 105
-11.5000 -31.0000 -16.2146 155 139 103
-10.5000 -31.0000 -16.4811 150 136 101
-9.5000 -31.0000 -16.7938 145 132 98
-8.5000 -31.0000 -17.1536 138 127 95
-7.5000 -31.0000 -17.5565 126 115 85
-6.5000 -31.0000 -17.9970 112 103 74
-5.5000 -31.0000 -18.4733 109 99 72
-4.5000 -31.0000 -18.9923 112 105 77
-3.5000 -31.0000 -19.5715 112 105 79
-2.5000 -31.0000 -20.2374 105 99 75
-1.5000 -31.0000 -21.0195 97 91 69
-0.5000 -31.0000 -21.9441 90 84 62
0.5000 -31.0000 -23.0304 82 75 56
1.5000 -31.0000 -24.2907 72 67 47
2.5000 -31.0000 -25.7323 65 60 41
3.5000 -31.0000 -27.3583 61 55 39
4.5000 -31.0000 -29.1627 52 46 32
5.5000 -31.0000 -31.1213 50 46 34
6.5000 -31.0000 -33.1838 48 44 33
7.5000 -31.0000 -35.2731 39 37 25
8.5000 -31.0000 -37.2967 30 27 18
9.5000 -31.0000 -39.1686 22 19 10
10.5000 -31.0000 -40.8326 20 17 10
11.5000 -31.0000 -42.2770 18 18 10
12.5000 -31.0000 -43.5341 21 21 13
13.5000 -31.0000 -44.6650 19 21 10
14.5000 -31.0000 -45.7358 18 19 11
15.5000 -31.0000 -46.7953 16 17 9
16.5000 -31.0000 -47.8613 15 16 8
29.5000 -31.0000 -51.2340 8 15 8
30.5000 -31.0000 -51.0595 11 16 10
31.5000 -31.0000 -51.0228 14 16 11
32.5000 -31.0000 -51.1160 16 17 12
33.5000 -31.0000 -51.2963 16 15 11
34.5000 -31.0000 -51.4994 17 13 10
36.5000 -31.0000 -51.7308 19 14 11
37.5000 -31.0000 -51.6959 22 17 14
38.5000 -31.0000 -51.5740 25 20 17
39.5000 -31.0000 -51.4127 23 19 16
40.5000 -31.0000 -51.2766 19 15 12
41.5000 -31.0000 -51.2343 16 15 11
42.5000 -31.0000 -51.3475 19 18 14
43.5000 -31.0000 -51.6627 21 22 16
44.5000 -31.0000 -52.2058 17 19 8
45.5000 -31.0000 -52.9781 18 20 7
46.5000 -31.0000 -53.9556 18 20 9
47.5000 -31.0000 -55.0907 15 16 8
-84.5000 -32.0000 -93.0886 15 16 11
-83.5000 -32.0000 -76.0377 25 28 19
-82.5000 -32.0000 -62.1524 28 30 17
-81.5000 -32.0000 -51.4192 32 30 17
-80.5000 -32.0000 -43.4671 35 29 15
-79.5000 -32.0000 -37.7562 44 35 20
-78.5000 -32.0000 -33.7294 55 43 27
-77.5000 -32.0000 -30.9051 59 48 30
-76.5000 -32.0000 -28.9125 56 48 29
-75.5000 -32.0000 -27.4884 61 55 33
-74.5000 -32.0000 -26.4561 55 53 30
-73.5000 -32.0000 -25.6996 65 65 41
-72.5000 -32.0000 -25.1435 60 59 38
-71.5000 -32.0000 -24.7394 59 58 38
-70.5000 -32.0000 -24.4563 65 64 44
-69.5000 -32.0000 -24.2756 61 58 39
-68.5000 -32.0000 -24.1862 72 66 50
-67.5000 -32.0000 -24.1791 67 59 46
-66.5000 -32.0000 -24.2426 69 61 50
-65.5000 -32.0000 -24.3579 68 62 48
-64.5000 -32.0000 -24.4971 63 60 45
-63.5000 -32.0000 -24.6246 56 54 39
-62.5000 -32.0000 -24.7019 52 50 35
-61.5000 -32.0000 -24.6935 52 49 32
-60.5000 -32.0000 -24.5740 55 49 33
-59.5000 -32.0000 -24.3320 64 55 38
-58.5000 -32.0000 -23.9722 67 55 39
-57.5000 -32.0000 -23.5134 71 58 42
-56.5000 -32.0000 -22.9842 74 63 45
-55.5000 -32.0000 -22.4171 78 70 51
-54.5000 -32.0000 -21.8428 86 79 60
-53.5000 -32.0000 -21.2853 94 89 69
-52.5000 -32.0000 -20.7606 101 95 73
-51.5000 -32.0000 -20.2764 103 91 67
-50.5000 -32.0000 -19.8336 109 95 69
-49.5000 -32.0000 -19.4285 113 99 72
-48.5000 -32.0000 -19.0543 116 102 75
-47.5000 -32.0000 -18.7029 119 104 75
-46.5000 -32.0000 -18.3660 123 106 76
-45.5000 -32.0000 -18.0369 129 110 78
-44.5000 -32.0000 -17.7117 133 114 81
-43.5000 -32.0000 -17.3902 145 125 90
-42.5000 -32.0000 -17.0756 153 131 94
-41.5000 -32.0000 -16.7737 161 137 99
-40.5000 -32.0000 -16.4912 166 143 102
-39.5000 -32.0000 -16.2341 169 144 103
-38.5000 -32.0000 -16.0076 171 147 103
-37.5000 -32.0000 -15.8146 174 150 106
-36.5000 -32.0000 -15.6563 175 153 106
-35.5000 -32.0000 -15.5316 181 160 113
-34.5000 -32.0000 -15.4367 178 160 110
-33.5000 -32.0000 -15.3663 176 158 108
-32.5000 -32.0000 -15.3136 174 156 106
-31.5000 -32.0000 -15.2721 176 156 106
-30.5000 -32.0000 -15.2366 176 156 106
-29.5000 -32.0000 -15.2041 176 156 106
-28.5000 -32.0000 -15.1743 178 156 107
-27.5000 -32.0000 -15.1484 176 154 105
-26.5000 -32.0000 -15.1287 180 156 108
-25.5000 -32.0000 -15.1177 184 160 112
-24.5000 -32.0000 -15.1173 187 163 115
-23.5000 -32.0000 -15.1287 187 163 115
-22.5000 -32.0000 -15.1527 184 160 112
-21.5000 -32.0000 -15.1903 181 154 107
-20.5000 -32.0000 -15.2431 178 151 104
-19.5000 -32.0000 -15.3131 184 155 111
-18.5000 -32.0000 -15.4023 188 159 115
-17.5000 -32.0000 -15.5113 188 159 117
-16.5000 -32.0000 -15.6391 179 151 111
-15.5000 -32.0000 -15.7840 173 145 106
-14.5000 -32.0000 -15.9451 169 144 104
-13.5000 -32.0000 -16.1242 163 139 103
-12.5000 -32.0000 -16.3270 155 132 98
-11.5000 -32.0000 -16.5614 153 134 101
-10.5000 -32.0000 -16.8360 146 130 97
-9.5000 -32.0000 -17.1564 141 126 95
-8.5000 -32.0000 -17.5235 136 122 93
-7.5000 -32.0000 -17.9338 126 112 85
-6.5000 -32.0000 -18.3830 112 101 73
-5.5000 -32.0000 -18.8714 110 98 72
-4.5000 -32.0000 -19.4094 113 103 76
-3.5000 -32.0000 -20.0204 110 102 79
-2.5000 -32.0000 -20.7380 102 96 72
-1.5000 -32.0000 -21.6003 95 89 67
-0.5000 -32.0000 -22.6420 89 83 61
0.5000 -32.0000 -23.8886 78 73 53
1.5000 -32.0000 -25.3545 64 59 40
2.5000 -32.0000 -27.0440 55 49 33
3.5000 -32.0000 -28.9510 50 47 32
4.5000 -32.0000 -31.0548 48 44 32
5.5000 -32.0000 -33.3130 45 41 30
6.5000 -32.0000 -35.6558 39 36 27
7.5000 -32.0000 -37.9888 31 28 19
8.5000 -32.0000 -40.2076 24 21 14
9.5000 -32.0000 -42.2216 20 17 10
10.5000 -32.0000 -43.9782 17 16 11
11.5000 -32.0000 -45.4755 17 16 11
38.5000 -32.0000 -55.6697 18 14 15
39.5000 -32.0000 -55.4593 16 15 13
42.5000 -32.0000 -55.3556 14 14 14
43.5000 -32.0000 -55.7210 17 18 13
-83.5000 -33.0000 -84.2691 20 21 13
-82.5000 -33.0000 -69.4189 27 27 15
-81.5000 -33.0000 -57.4794 32 28 16
-80.5000 -33.0000 -48.2872 32 24 11
-79.5000 -33.0000 -41.4490 39 27 13
-78.5000 -33.0000 -36.4844 51 38 22
-77.5000 -33.0000 -32.9314 58 45 28
-76.5000 -33.0000 -30.4030 58 47 29
-75.5000 -33.0000 -28.6027 60 52 31
-74.5000 -33.0000 -27.3169 56 50 28
-73.5000 -33.0000 -26.3964 64 62 41
-72.5000 -33.0000 -25.7386 59 57 36
-71.5000 -33.0000 -25.2738 58 55 36
-70.5000 -33.0000 -24.9556 66 61 42
-69.5000 -33.0000 -24.7545 62 55 39
-68.5000 -33.0000 -24.6524 70 63 47
-67.5000 -33.0000 -24.6374 64 54 42
-66.5000 -33.0000 -24.6988 65 57 44
-65.5000 -33.0000 -24.8211 66 60 46
-64.5000 -33.0000 -24.9811 62 59 44
-63.5000 -33.0000 -25.1466 56 55 37
-62.5000 -33.0000 -25.2792 51 50 32
-61.5000 -33.0000 -25.3397 50 47 30
-60.5000 -33.0000 -25.2948 51 45 29
-59.5000 -33.0000 -25.1238 55 48 32
-58.5000 -33.0000 -24.8223 60 51 36
-57.5000 -33.0000 -24.4033 66 54 40
-56.5000 -33.0000 -23.8935 68 56 40
-55.5000 -33.0000 -23.3271 68 59 42
-54.5000 -33.0000 -22.7387 71 64 46
-53.5000 -33.0000 -22.1572 76 73 54
-52.5000 -33.0000 -21.6031 85 80 58
-51.5000 -33.0000 -21.0878 90 83 57
-50.5000 -33.0000 -20.6151 96 86 59
-49.5000 -33.0000 -20.1834 102 90 64
-48.5000 -33.0000 -19.7872 105 94 66
-47.5000 -33.0000 -19.4184 109 95 66
-46.5000 -33.0000 -19.0682 113 100 68
-45.5000 -33.0000 -18.7282 119 104 71
-44.5000 -33.0000 -18.3926 123 109 74
-43.5000 -33.0000 -18.0593 133 117 81
-42.5000 -33.0000 -17.7299 140 122 84
-41.5000 -33.0000 -17.4093 148 129 89
-40.5000 -33.0000 -17.1039 152 133 91
-39.5000 -33.0000 -16.8207 156 135 92
-38.5000 -33.0000 -16.5657 158 137 92
-37.5000 -33.0000 -16.3433 162 139 95
-36.5000 -33.0000 -16.1562 163 142 95
-35.5000 -33.0000 -16.0044 169 153 104
-34.5000 -33.0000 -15.8853 166 152 103
-33.5000 -33.0000 -15.7940 167 151 102
-32.5000 -33.0000 -15.7236 166 150 101
-31.5000 -33.0000 -15.6673 166 148 100
-30.5000 -33.0000 -15.6195 167 149 101
-29.5000 -33.0000 -15.5768 167 149 101
-28.5000 -33.0000 -15.5382 170 149 102
-27.5000 -33.0000 -15.5048 168 147 100
-26.5000 -33.0000 -15.4788 172 150 103
-25.5000 -33.0000 -15.4625 175 153 106
-24.5000 -33.0000 -15.4577 177 155 108
-23.5000 -33.0000 -15.4655 178 154 108
-22.5000 -33.0000 -15.4869 176 152 106
-21.5000 -33.0000 -15.5227 175 148 103
-20.5000 -33.0000 -15.5745 174 145 101
-19.5000 -33.0000 -15.6445 180 148 107
-18.5000 -33.0000 -15.7348 183 150 109
-17.5000 -33.0000 -15.8461 180 146 108
-16.5000 -33.0000 -15.9775 171 139 100
-15.5000 -33.0000 -16.1273 164 134 96
-14.5000 -33.0000 -16.2943 162 134 95
-13.5000 -33.0000 -16.4801 155 129 94
-12.5000 -33.0000 -16.6897 148 124 90
-11.5000 -33.0000 -16.9311 151 128 96
-10.5000 -33.0000 -17.2129 143 122 91
-9.5000 -33.0000 -17.5408 139 120 90
-8.5000 -33.0000 -17.9161 134 117 89
-7.5000 -33.0000 -18.3359 125 109 83
-6.5000 -33.0000 -18.7973 114 100 73
-5.5000 -33.0000 -19.3028 110 96 70
-4.5000 -33.0000 -19.8668 111 99 73
-3.5000 -33.0000 -20.5183 99 91 68
-2.5000 -33.0000 -21.2990 93 87 63
-1.5000 -33.0000 -22.2556 89 84 62
-0.5000 -33.0000 -23.4310 86 81 59
0.5000 -33.0000 -24.8558 74 69 49
1.5000 -33.0000 -26.5442 58 53 34
2.5000 -33.0000 -28.4936 46 43 26
3.5000 -33.0000 -30.6841 45 42 27
4.5000 -33.0000 -33.0769 46 42 30
5.5000 -33.0000 -35.6095 38 36 24
6.5000 -33.0000 -38.1938 29 26 17
7.5000 -33.0000 -40.7213 22 19 12
8.5000 -33.0000 -43.0802 16 15 10
9.5000 -33.0000 -45.1795 15 14 9
10.5000 -33.0000 -46.9723 16 15 11
11.5000 -33.0000 -48.4680 16 15 10
-83.5000 -34.0000 -92.8671 17 18 12
-82.5000 -34.0000 -77.4147 26 26 16
-81.5000 -34.0000 -64.4509 32 28 17
-80.5000 -34.0000 -54.0445 30 24 12
-79.5000 -34.0000 -45.9948 34 24 12
-78.5000 -34.0000 -39.9497 47 35 23
-77.5000 -34.0000 -35.5100 56 44 30
-76.5000 -34.0000 -32.3006 58 46 30
-75.5000 -34.0000 -30.0057 60 52 33
-74.5000 -34.0000 -28.3771 56 49 30
-73.5000 -34.0000 -27.2289 65 60 40
-72.5000 -34.0000 -26.4253 58 55 36
-71.5000 -34.0000 -25.8702 59 54 35
-70.5000 -34.0000 -25.4970 66 59 41
-69.5000 -34.0000 -25.2616 61 54 36
-68.5000 -34.0000 -25.1361 70 61 46
-67.5000 -34.0000 -25.1036 61 52 37
-66.5000 -34.0000 -25.1524 64 57 41
-65.5000 -34.0000 -25.2693 65 59 45
-64.5000 -34.0000 -25.4355 62 59 42
-63.5000 -34.0000 -25.6229 56 55 37
-62.5000 -34.0000 -25.7952 51 50 32
-61.5000 -34.0000 -25.9112 48 47 29
-60.5000 -34.0000 -25.9321 48 45 28
-59.5000 -34.0000 -25.8288 49 43 27
-58.5000 -34.0000 -25.5886 56 49 33
-57.5000 -34.0000 -25.2182 63 56 40
-56.5000 -34.0000 -24.7411 64 57 41
-55.5000 -34.0000 -24.1917 60 54 38
-54.5000 -34.0000 -23.6067 59 56 39
-53.5000 -34.0000 -23.0186 63 62 42
-52.5000 -34.0000 -22.4510 69 68 47
-51.5000 -34.0000 -21.9183 82 76 52
-50.5000 -34.0000 -21.4270 89 79 52
-49.5000 -34.0000 -20.9777 94 84 57
-48.5000 -34.0000 -20.5669 99 87 61
-47.5000 -34.0000 -20.1875 102 91 63
-46.5000 -34.0000 -19.8304 105 94 64
-45.5000 -34.0000 -19.4861 112 99 67
-44.5000 -34.0000 -19.1469 117 102 71
-43.5000 -34.0000 -18.8082 121 105 72
-42.5000 -34.0000 -18.4698 127 111 77
-41.5000 -34.0000 -18.1351 137 119 83
-40.5000 -34.0000 -17.8101 143 125 87
-39.5000 -34.0000 -17.5018 148 129 89
-38.5000 -34.0000 -17.2173 151 132 92
-37.5000 -34.0000 -16.9626 155 136 94
-36.5000 -34.0000 -16.7420 158 139 97
-35.5000 -34.0000 -16.5573 161 147 102
-34.5000 -34.0000 -16.4073 160 146 99
-33.5000 -34.0000 -16.2878 159 145 98
-32.5000 -34.0000 -16.1926 160 143 97
-31.5000 -34.0000 -16.1149 160 143 97
-30.5000 -34.0000 -16.0492 162 144 98
-29.5000 -34.0000 -15.9915 163 145 99
-28.5000 -34.0000 -15.9409 166 145 100
-27.5000 -34.0000 -15.8978 166 145 100
-26.5000 -34.0000 -15.8642 167 144 100
-25.5000 -34.0000 -15.8419 168 145 101
-24.5000 -34.0000 -15.8324 170 146 102
-23.5000 -34.0000 -15.8367 170 146 102
-22.5000 -34.0000 -15.8552 172 145 102
-21.5000 -34.0000 -15.8888 172 145 102
-20.5000 -34.0000 -15.9393 172 143 101
-19.5000 -34.0000 -16.0089 175 143 104
-18.5000 -34.0000 -16.0998 176 144 105
-17.5000 -34.0000 -16.2129 168 138 100
-16.5000 -34.0000 -16.3475 158 130 91
-15.5000 -34.0000 -16.5016 151 125 88
-14.5000 -34.0000 -16.6737 151 127 89
-13.5000 -34.0000 -16.8653 147 125 88
-12.5000 -34.0000 -17.0812 139 119 84
-11.5000 -34.0000 -17.3294 146 125 94
-10.5000 -34.0000 -17.6187 138 119 89
-9.5000 -34.0000 -17.9552 134 114 87
-8.5000 -34.0000 -18.3407 131 114 86
-7.5000 -34.0000 -18.7732 125 108 82
-6.5000 -34.0000 -19.2513 114 98 72
-5.5000 -34.0000 -19.7802 109 93 68
-4.5000 -34.0000 -20.3789 109 95 69
-3.5000 -34.0000 -21.0829 87 77 52
-2.5000 -34.0000 -21.9418 82 74 51
-1.5000 -34.0000 -23.0111 82 76 54
-0.5000 -34.0000 -24.3404 83 77 55
0.5000 -34.0000 -25.9625 72 67 47
1.5000 -34.0000 -27.8873 56 51 32
2.5000 -34.0000 -30.0995 46 43 26
3.5000 -34.0000 -32.5610 46 44 29
4.5000 -34.0000 -35.2118 43 41 29
5.5000 -34.0000 -37.9702 32 32 22
6.5000 -34.0000 -40.7341 21 21 13
9.5000 -34.0000 -47.9440 13 14 9
10.5000 -34.0000 -49.7200 14 15 10
11.5000 -34.0000 -51.1683 13 14 8
14.5000 -34.0000 -54.4078 13 15 4
15.5000 -34.0000 -55.4457 13 15 4
16.5000 -34.0000 -56.5514 14 15 7
17.5000 -34.0000 -57.7027 14 15 7
18.5000 -34.0000 -58.8347 15 16 10
19.5000 -34.0000 -59.8634 15 16 10
-82.5000 -35.0000 -86.2527 16 17 9
-81.5000 -35.0000 -72.4872 23 24 16
-80.5000 -35.0000 -60.9337 28 28 18
-79.5000 -35.0000 -51.6115 33 31 19
-78.5000 -35.0000 -44.3417 37 35 23
-77.5000 -35.0000 -38.8355 44 40 28
-76.5000 -35.0000 -34.7670 48 45 30
-75.5000 -35.0000 -31.8229 54 48 32
-74.5000 -35.0000 -29.7293 57 51 35
-73.5000 -35.0000 -28.2623 60 54 38
-72.5000 -35.0000 -27.2486 61 56 37
-71.5000 -35.0000 -26.5589 61 54 36
-70.5000 -35.0000 -26.1010 61 54 36
-69.5000 -35.0000 -25.8114 63 56 38
-68.5000 -35.0000 -25.6488 65 58 40
-67.5000 -35.0000 -25.5880 68 61 43
-66.5000 -35.0000 -25.6135 65 58 40
-65.5000 -35.0000 -25.7129 61 55 39
-64.5000 -35.0000 -25.8707 59 56 37
-63.5000 -35.0000 -26.0631 60 57 38
-62.5000 -35.0000 -26.2569 57 56 36
-61.5000 -35.0000 -26.4112 52 51 31
-60.5000 -35.0000 -26.4839 48 47 27
-59.5000 -35.0000 -26.4400 37 36 16
-58.5000 -35.0000 -26.2596 37 36 16
-57.5000 -35.0000 -25.9431 37 39 18
-56.5000 -35.0000 -25.5099 43 45 24
-55.5000 -35.0000 -24.9928 52 54 33
-54.5000 -35.0000 -24.4291 57 60 39
-53.5000 -35.0000 -23.8525 58 63 41
-52.5000 -35.0000 -23.2885 60 62 40
-51.5000 -35.0000 -22.7534 75 69 45
-50.5000 -35.0000 -22.2562 86 74 50
-49.5000 -35.0000 -21.7998 95 83 59
-48.5000 -35.0000 -21.3831 99 84 61
-47.5000 -35.0000 -21.0008 96 82 56
-46.5000 -35.0000 -20.6443 97 83 57
-45.5000 -35.0000 -20.3034 104 88 62
-44.5000 -35.0000 -19.9684 110 94 68
-43.5000 -35.0000 -19.6323 110 93 65
-42.5000 -35.0000 -19.2924 112 95 67
-41.5000 -35.0000 -18.9500 116 99 69
-40.5000 -35.0000 -18.6102 123 106 76
-39.5000 -35.0000 -18.2798 133 114 82
-38.5000 -35.0000 -17.9667 142 123 91
-37.5000 -35.0000 -17.6783 148 129 97
-36.5000 -35.0000 -17.4207 151 132 99
-35.5000 -35.0000 -17.1977 148 130 92
-34.5000 -35.0000 -17.0099 150 132 92
-33.5000 -35.0000 -16.8547 150 132 92
-32.5000 -35.0000 -16.7271 150 131 91
-31.5000 -35.0000 -16.6209 149 130 90
-30.5000 -35.0000 -16.5308 152 130 91
-29.5000 -35.0000 -16.4532 156 134 95
-28.5000 -35.0000 -16.3865 161 137 99
-27.5000 -35.0000 -16.3311 164 140 102
-26.5000 -35.0000 -16.2882 165 139 102
-25.5000 -35.0000 -16.2590 165 139 102
-24.5000 -35.0000 -16.2444 166 138 101
-23.5000 -35.0000 -16.2444 165 137 100
-22.5000 -35.0000 -16.2595 164 134 98
-21.5000 -35.0000 -16.2903 160 130 94
-20.5000 -35.0000 -16.3386 157 129 92
-19.5000 -35.0000 -16.4070 155 130 90
-18.5000 -35.0000 -16.4981 157 134 93
-17.5000 -35.0000 -16.6128 158 136 97
-16.5000 -35.0000 -16.7503 154 135 95
-15.5000 -35.0000 -16.9086 148 130 92
-14.5000 -35.0000 -17.0859 140 124 88
-13.5000 -35.0000 -17.2834 135 121 86
-12.5000 -35.0000 -17.5061 133 120 86
-11.5000 -35.0000 -17.7621 133 120 86
-10.5000 -35.0000 -18.0605 130 117 85
-9.5000 -35.0000 -18.4077 127 112 83
-8.5000 -35.0000 -18.8064 124 109 80
-7.5000 -35.0000 -19.2557 120 103 77
-6.5000 -35.0000 -19.7562 113 95 71
-5.5000 -35.0000 -20.3171 105 85 61
-4.5000 -35.0000 -20.9626 97 79 55
-3.5000 -35.0000 -21.7355 87 72 49
-2.5000 -35.0000 -22.6938 87 75 51
-1.5000 -35.0000 -23.9001 86 75 53
-0.5000 -35.0000 -25.4080 82 74 53
0.5000 -35.0000 -27.2480 74 67 48
1.5000 -35.0000 -29.4190 61 58 39
2.5000 -35.0000 -31.8878 49 48 30
3.5000 -35.0000 -34.5929 41 42 26
4.5000 -35.0000 -37.4522 25 27 14
5.5000 -35.0000 -40.3682 22 24 13
6.5000 -35.0000 -43.2328 15 18 9
-82.5000 -36.0000 -96.0592 12 15 8
-81.5000 -36.0000 -81.7528 17 20 11
-80.5000 -36.0000 -69.1655 22 25 16
-79.5000 -36.0000 -58.5414 28 29 21
-78.5000 -36.0000 -49.9104 33 35 24
-77.5000 -36.0000 -43.1419 39 39 27
-76.5000 -36.0000 -38.0038 42 42 30
-75.5000 -36.0000 -34.2164 49 47 34
-74.5000 -36.0000 -31.4963 53 50 35
-73.5000 -36.0000 -29.5860 59 53 37
-72.5000 -36.0000 -28.2707 60 54 38
-71.5000 -36.0000 -27.3827 60 53 35
-70.5000 -36.0000 -26.7970 60 53 35
-69.5000 -36.0000 -26.4249 62 55 36
-68.5000 -36.0000 -26.2068 64 57 38
-67.5000 -36.0000 -26.1048 64 57 39
-66.5000 -36.0000 -26.0966 63 56 38
-65.5000 -36.0000 -26.1678 61 56 37
-64.5000 -36.0000 -26.3043 61 56 37
-63.5000 -36.0000 -26.4861 60 55 36
-62.5000 -36.0000 -26.6836 57 54 35
-61.5000 -36.0000 -26.8580 53 50 31
-60.5000 -36.0000 -26.9665 50 49 29
-59.5000 -36.0000 -26.9705 42 41 21
-58.5000 -36.0000 -26.8449 40 42 21
-57.5000 -36.0000 -26.5843 41 44 23
-56.5000 -36.0000 -26.2034 45 50 28
-55.5000 -36.0000 -25.7317 52 57 35
-54.5000 -36.0000 -25.2048 56 61 39
-53.5000 -36.0000 -24.6558 57 62 40
-52.5000 -36.0000 -24.1104 58 60 38
-51.5000 -36.0000 -23.5863 73 65 44
-50.5000 -36.0000 -23.0941 81 69 47
-49.5000 -36.0000 -22.6397 89 74 51
-48.5000 -36.0000 -22.2247 92 77 54
-47.5000 -36.0000 -21.8463 91 76 53
-46.5000 -36.0000 -21.4972 92 77 54
-45.5000 -36.0000 -21.1670 97 81 56
-44.5000 -36.0000 -20.8442 101 85 60
-43.5000 -36.0000 -20.5192 104 86 62
-42.5000 -36.0000 -20.1863 107 90 64
-41.5000 -36.0000 -19.8443 111 94 68
-40.5000 -36.0000 -19.4966 116 99 73
-39.5000 -36.0000 -19.1494 123 103 76
-38.5000 -36.0000 -18.8109 129 109 82
-37.5000 -36.0000 -18.4896 136 116 89
-36.5000 -36.0000 -18.1934 140 121 91
-35.5000 -36.0000 -17.9281 142 122 87
-34.5000 -36.0000 -17.6967 144 124 87
-33.5000 -36.0000 -17.4988 147 125 88
-32.5000 -36.0000 -17.3312 146 124 87
-31.5000 -36.0000 -17.1892 145 123 86
-30.5000 -36.0000 -17.0682 146 124 87
-29.5000 -36.0000 -16.9651 151 127 91
-28.5000 -36.0000 -16.8783 155 131 95
-27.5000 -36.0000 -16.8076 151 127 91
-26.5000 -36.0000 -16.7534 153 127 92
-25.5000 -36.0000 -16.7161 155 129 94
-24.5000 -36.0000 -16.6954 157 131 96
-23.5000 -36.0000 -16.6906 160 131 97
-22.5000 -36.0000 -16.7013 159 130 96
-21.5000 -36.0000 -16.7283 158 129 95
-20.5000 -36.0000 -16.7734 155 129 94
-19.5000 -36.0000 -16.8398 148 124 86
-18.5000 -36.0000 -16.9303 147 128 88
-17.5000 -36.0000 -17.0464 147 129 91
-16.5000 -36.0000 -17.1871 143 128 89
-15.5000 -36.0000 -17.3500 136 122 85
-14.5000 -36.0000 -17.5334 128 118 82
-13.5000 -36.0000 -17.7381 125 115 80
-12.5000 -36.0000 -17.9691 124 116 80
-11.5000 -36.0000 -18.2348 125 116 83
-10.5000 -36.0000 -18.5446 122 113 80
-9.5000 -36.0000 -18.9056 119 108 78
-8.5000 -36.0000 -19.3213 117 103 76
-7.5000 -36.0000 -19.7928 114 98 73
-6.5000 -36.0000 -20.3240 107 89 65
-5.5000 -36.0000 -20.9289 100 80 56
-4.5000 -36.0000 -21.6384 94 74 50
-3.5000 -36.0000 -22.5033 90 74 51
-2.5000 -36.0000 -23.5889 88 76 52
-1.5000 -36.0000 -24.9626 87 75 53
-0.5000 -36.0000 -26.6771 80 72 51
0.5000 -36.0000 -28.7544 71 64 45
1.5000 -36.0000 -31.1762 57 54 35
2.5000 -36.0000 -33.8851 46 45 27
3.5000 -36.0000 -36.7938 36 38 24
4.5000 -36.0000 -39.7990 21 25 11
5.5000 -36.0000 -42.7934 19 22 11
6.5000 -36.0000 -45.6728 13 19 9
-80.5000 -37.0000 -78.9284 16 19 10
-79.5000 -37.0000 -67.0198 25 26 18
-78.5000 -37.0000 -56.9159 31 33 22
-77.5000 -37.0000 -48.6882 36 36 24
-76.5000 -37.0000 -42.2468 37 37 25
-75.5000 -37.0000 -37.3855 45 43 30
-74.5000 -37.0000 -33.8357 49 47 32
-73.5000 -37.0000 -31.3176 54 51 34
-72.5000 -37.0000 -29.5760 55 52 35
-71.5000 -37.0000 -28.3995 57 52 33
-70.5000 -37.0000 -27.6241 56 51 32
-69.5000 -37.0000 -27.1288 58 53 34
-68.5000 -37.0000 -26.8292 60 55 36
-67.5000 -37.0000 -26.6698 58 51 33
-66.5000 -37.0000 -26.6171 60 53 35
-65.5000 -37.0000 -26.6509 61 54 36
-64.5000 -37.0000 -26.7563 60 55 36
-63.5000 -37.0000 -26.9154 58 53 34
-62.5000 -37.0000 -27.1020 54 51 32
-61.5000 -37.0000 -27.2806 53 50 31
-60.5000 -37.0000 -27.4096 53 52 32
-59.5000 -37.0000 -27.4495 47 46 26
-58.5000 -37.0000 -27.3720 45 47 26
-57.5000 -37.0000 -27.1669 47 49 28
-56.5000 -37.0000 -26.8438 50 53 32
-55.5000 -37.0000 -26.4271 55 58 37
-54.5000 -37.0000 -25.9487 57 60 39
-53.5000 -37.0000 -25.4390 56 59 38
-52.5000 -37.0000 -24.9228 56 55 34
-51.5000 -37.0000 -24.4182 69 61 40
-50.5000 -37.0000 -23.9378 74 62 40
-49.5000 -37.0000 -23.4906 78 66 44
-48.5000 -37.0000 -23.0814 80 68 46
-47.5000 -37.0000 -22.7108 84 69 46
-46.5000 -37.0000 -22.3735 85 70 47
-45.5000 -37.0000 -22.0593 86 71 48
-44.5000 -37.0000 -21.7554 87 73 47
-43.5000 -37.0000 -21.4494 92 76 51
-42.5000 -37.0000 -21.1322 97 81 56
-41.5000 -37.0000 -20.7998 103 86 60
-40.5000 -37.0000 -20.4530 105 88 62
-39.5000 -37.0000 -20.0967 106 89 63
-38.5000 -37.0000 -19.7387 110 93 67
-37.5000 -37.0000 -19.3881 119 99 72
-36.5000 -37.0000 -19.0542 126 105 76
-35.5000 -37.0000 -18.7450 133 110 76
-34.5000 -37.0000 -18.4660 135 113 76
-33.5000 -37.0000 -18.2198 138 114 78
-32.5000 -37.0000 -18.0057 138 114 78
-31.5000 -37.0000 -17.8212 138 114 78
-30.5000 -37.0000 -17.6633 139 115 79
-29.5000 -37.0000 -17.5295 143 119 83
-28.5000 -37.0000 -17.4184 147 123 87
-27.5000 -37.0000 -17.3294 140 116 80
-26.5000 -37.0000 -17.2619 142 118 82
-25.5000 -37.0000 -17.2151 145 121 85
-24.5000 -37.0000 -17.1874 146 122 86
-23.5000 -37.0000 -17.1769 147 123 87
-22.5000 -37.0000 -17.1825 147 123 87
-21.5000 -37.0000 -17.2046 148 124 88
-20.5000 -37.0000 -17.2455 148 124 88
-19.5000 -37.0000 -17.3089 140 118 81
-18.5000 -37.0000 -17.3984 139 119 82
-17.5000 -37.0000 -17.5156 138 120 84
-16.5000 -37.0000 -17.6599 132 116 80
-15.5000 -37.0000 -17.8287 125 111 76
-14.5000 -37.0000 -18.0198 118 108 72
-13.5000 -37.0000 -18.2336 117 107 72
-12.5000 -37.0000 -18.4753 117 109 73
-11.5000 -37.0000 -18.7533 117 108 75
-10.5000 -37.0000 -19.0774 114 105 74
-9.5000 -37.0000 -19.4559 111 100 72
-8.5000 -37.0000 -19.8938 109 95 68
-7.5000 -37.0000 -20.3952 106 90 65
-6.5000 -37.0000 -20.9686 100 82 58
-5.5000 -37.0000 -21.6345 92 74 52
-4.5000 -37.0000 -22.4318 86 68 46
-3.5000 -37.0000 -23.4186 92 75 55
-2.5000 -37.0000 -24.6656 88 76 54
-1.5000 -37.0000 -26.2404 85 72 53
-0.5000 -37.0000 -28.1891 76 68 47
0.5000 -37.0000 -30.5181 65 60 40
1.5000 -37.0000 -33.1860 50 49 29
2.5000 -37.0000 -36.1078 37 38 20
3.5000 -37.0000 -39.1701 29 31 17
4.5000 -37.0000 -42.2525 17 21 7
5.5000 -37.0000 -45.2455 16 19 8
6.5000 -37.0000 -48.0593 12 18 8
7.5000 -37.0000 -50.6227 10 15 8
-79.5000 -38.0000 -77.2315 20 21 15
-78.5000 -38.0000 -65.5961 27 28 20
-77.5000 -38.0000 -55.7390 31 31 21
-76.5000 -38.0000 -47.7588 31 31 19
-75.5000 -38.0000 -41.5678 40 38 26
-74.5000 -38.0000 -36.9466 44 42 29
-73.5000 -38.0000 -33.6128 50 47 32
-72.5000 -38.0000 -31.2791 52 49 32
-71.5000 -38.0000 -29.6898 54 48 32
-70.5000 -38.0000 -28.6363 54 49 30
-69.5000 -38.0000 -27.9585 55 50 31
-68.5000 -38.0000 -27.5396 57 52 33
-67.5000 -38.0000 -27.3002 53 46 28
-66.5000 -38.0000 -27.1898 56 49 31
-65.5000 -38.0000 -27.1782 60 53 35
-64.5000 -38.0000 -27.2458 59 52 34
-63.5000 -38.0000 -27.3746 55 50 31
-62.5000 -38.0000 -27.5406 54 49 30
-61.5000 -38.0000 -27.7116 55 50 31
-60.5000 -38.0000 -27.8489 55 52 33
-59.5000 -38.0000 -27.9143 47 44 25
-58.5000 -38.0000 -27.8781 46 45 25
-57.5000 -38.0000 -27.7267 48 47 27
-56.5000 -38.0000 -27.4639 50 52 31
-55.5000 -38.0000 -27.1082 55 57 36
-54.5000 -38.0000 -26.6854 55 58 37
-53.5000 -38.0000 -26.2217 54 56 35
-52.5000 -38.0000 -25.7398 53 52 31
-51.5000 -38.0000 -25.2577 67 59 38
-50.5000 -38.0000 -24.7902 69 57 35
-49.5000 -38.0000 -24.3498 70 58 36
-48.5000 -38.0000 -23.9458 73 61 39
-47.5000 -38.0000 -23.5825 79 64 43
-46.5000 -38.0000 -23.2574 81 66 43
-45.5000 -38.0000 -22.9613 79 64 41
-44.5000 -38.0000 -22.6803 77 62 39
-43.5000 -38.0000 -22.3994 81 65 42
-42.5000 -38.0000 -22.1059 87 71 46
-41.5000 -38.0000 -21.7921 94 76 52
-40.5000 -38.0000 -21.4557 95 78 52
-39.5000 -38.0000 -21.0995 94 77 51
-38.5000 -38.0000 -20.7302 96 79 53
-37.5000 -38.0000 -20.3568 106 86 61
-36.5000 -38.0000 -19.9894 115 94 65
-35.5000 -38.0000 -19.6379 122 99 67
-34.5000 -38.0000 -19.3105 126 102 66
-33.5000 -38.0000 -19.0130 129 105 69
-32.5000 -38.0000 -18.7480 130 106 70
-31.5000 -38.0000 -18.5160 130 106 70
-30.5000 -38.0000 -18.3163 132 108 72
-29.5000 -38.0000 -18.1474 135 111 75
-28.5000 -38.0000 -18.0084 138 116 79
-27.5000 -38.0000 -17.8983 135 113 76
-26.5000 -38.0000 -17.8157 135 115 78
-25.5000 -38.0000 -17.7581 136 116 79
-24.5000 -38.0000 -17.7226 136 116 79
-23.5000 -38.0000 -17.7059 134 114 77
-22.5000 -38.0000 -17.7057 133 113 76
-21.5000 -38.0000 -17.7223 133 113 76
-20.5000 -38.0000 -17.7582 135 115 78
-19.5000 -38.0000 -17.8178 134 114 77
-18.5000 -38.0000 -17.9057 133 115 79
-17.5000 -38.0000 -18.0242 132 114 78
-16.5000 -38.0000 -18.1729 126 110 76
-15.5000 -38.0000 -18.3489 119 105 70
-14.5000 -38.0000 -18.5496 112 102 67
-13.5000 -38.0000 -18.7753 112 102 67
-12.5000 -38.0000 -19.0305 113 104 71
-11.5000 -38.0000 -19.3240 111 102 71
-10.5000 -38.0000 -19.6662 107 98 69
-9.5000 -38.0000 -20.0670 104 93 65
-8.5000 -38.0000 -20.5341 100 88 62
-7.5000 -38.0000 -21.0762 98 84 58
-6.5000 -38.0000 -21.7080 93 77 54
-5.5000 -38.0000 -22.4582 86 70 47
-4.5000 -38.0000 -23.3735 80 63 43
-3.5000 -38.0000 -24.5181 90 75 54
-2.5000 -38.0000 -25.9637 86 73 54
-1.5000 -38.0000 -27.7725 80 69 49
-0.5000 -38.0000 -29.9763 70 62 43
0.5000 -38.0000 -32.5600 57 52 33
1.5000 -38.0000 -35.4555 42 41 23
2.5000 -38.0000 -38.5502 30 31 15
3.5000 -38.0000 -41.7086 22 24 10
4.5000 -38.0000 -44.8001 12 15 4
5.5000 -38.0000 -47.7221 13 16 7
6.5000 -38.0000 -50.4075 11 16 9
7.5000 -38.0000 -52.8187 11 16 10
8.5000 -38.0000 -54.9330 10 15 11
-79.5000 -39.0000 -89.2544 15 16 10
-78.5000 -39.0000 -76.1228 22 23 15
-77.5000 -39.0000 -64.5348 26 26 16
-76.5000 -39.0000 -54.8142 26 26 14
-75.5000 -39.0000 -47.0366 32 32 20
-74.5000 -39.0000 -41.0745 37 38 24
-73.5000 -39.0000 -36.6747 45 43 28
-72.5000 -39.0000 -33.5364 48 47 29
-71.5000 -39.0000 -31.3670 49 46 29
-70.5000 -39.0000 -29.9119 49 46 29
-69.5000 -39.0000 -28.9656 49 46 29
-68.5000 -39.0000 -28.3716 53 48 29
-67.5000 -39.0000 -28.0183 50 43 25
-66.5000 -39.0000 -27.8314 54 46 27
-65.5000 -39.0000 -27.7649 57 50 31
-64.5000 -39.0000 -27.7900 57 50 31
-63.5000 -39.0000 -27.8845 54 47 28
-62.5000 -39.0000 -28.0249 52 47 27
-61.5000 -39.0000 -28.1813 53 48 28
-60.5000 -39.0000 -28.3187 53 51 30
-59.5000 -39.0000 -28.4015 43 41 20
-58.5000 -39.0000 -28.4006 43 41 20
-57.5000 -39.0000 -28.2999 44 42 21
-56.5000 -39.0000 -28.0979 47 46 25
-55.5000 -39.0000 -27.8059 52 51 30
-54.5000 -39.0000 -27.4422 52 54 32
-53.5000 -39.0000 -27.0271 52 51 30
-52.5000 -39.0000 -26.5799 51 49 28
-51.5000 -39.0000 -26.1184 65 57 36
-50.5000 -39.0000 -25.6601 65 54 34
-49.5000 -39.0000 -25.2215 65 54 34
-48.5000 -39.0000 -24.8172 68 57 37
-47.5000 -39.0000 -24.4560 74 61 42
-46.5000 -39.0000 -24.1390 76 64 42
-45.5000 -39.0000 -23.8586 73 61 39
-44.5000 -39.0000 -23.6005 69 57 33
-43.5000 -39.0000 -23.3473 71 56 33
-42.5000 -39.0000 -23.0825 77 63 37
-41.5000 -39.0000 -22.7945 84 68 43
-40.5000 -39.0000 -22.4772 85 69 44
-39.5000 -39.0000 -22.1307 84 68 43
-38.5000 -39.0000 -21.7596 87 71 46
-37.5000 -39.0000 -21.3721 96 78 54
-36.5000 -39.0000 -20.9785 105 85 58
-35.5000 -39.0000 -20.5899 112 87 56
-34.5000 -39.0000 -20.2170 117 91 58
-33.5000 -39.0000 -19.8687 121 95 62
-32.5000 -39.0000 -19.5517 123 97 64
-31.5000 -39.0000 -19.2700 123 99 65
-30.5000 -39.0000 -19.0256 125 101 67
-29.5000 -39.0000 -18.8190 127 104 70
-28.5000 -39.0000 -18.6499 131 108 74
-27.5000 -39.0000 -18.5168 127 107 72
-26.5000 -39.0000 -18.4176 128 110 74
-25.5000 -39.0000 -18.3484 130 112 76
-24.5000 -39.0000 -18.3045 128 110 74
-23.5000 -39.0000 -18.2812 123 107 71
-22.5000 -39.0000 -18.2752 122 106 70
-21.5000 -39.0000 -18.2860 124 108 72
-20.5000 -39.0000 -18.3165 127 111 75
-19.5000 -39.0000 -18.3721 130 112 76
-18.5000 -39.0000 -18.4581 130 111 78
-17.5000 -39.0000 -18.5781 129 110 77
-16.5000 -39.0000 -18.7318 123 107 74
-15.5000 -39.0000 -18.9167 116 101 68
-14.5000 -39.0000 -19.1295 109 98 66
-13.5000 -39.0000 -19.3698 109 98 66
-12.5000 -39.0000 -19.6421 110 101 70
-11.5000 -39.0000 -19.9551 105 98 69
-10.5000 -39.0000 -20.3205 101 94 66
-9.5000 -39.0000 -20.7504 98 88 61
-8.5000 -39.0000 -21.2569 95 83 59
-7.5000 -39.0000 -21.8548 91 79 55
-6.5000 -39.0000 -22.5671 88 73 52
-5.5000 -39.0000 -23.4308 82 67 46
-4.5000 -39.0000 -24.4999 77 62 43
-3.5000 -39.0000 -25.8411 84 71 52
-2.5000 -39.0000 -27.5215 80 69 51
-1.5000 -39.0000 -29.5898 71 63 44
-0.5000 -39.0000 -32.0567 61 54 36
0.5000 -39.0000 -34.8809 47 44 25
1.5000 -39.0000 -37.9673 34 33 15
2.5000 -39.0000 -41.1805 23 24 8
3.5000 -39.0000 -44.3716 17 19 5
6.5000 -39.0000 -52.7292 10 15 8
7.5000 -39.0000 -54.9703 10 15 9
8.5000 -39.0000 -56.9428 12 14 11
-78.5000 -40.0000 -88.5383 15 16 10
-77.5000 -40.0000 -75.2415 20 20 12
-76.5000 -40.0000 -63.6626 22 22 12
-75.5000 -40.0000 -54.0790 27 27 17
-74.5000 -40.0000 -46.5024 33 33 21
-73.5000 -40.0000 -40.7538 41 39 26
-72.5000 -40.0000 -36.5521 45 43 28
-71.5000 -40.0000 -33.5867 45 43 28
-70.5000 -40.0000 -31.5633 45 44 26
-69.5000 -40.0000 -30.2281 46 43 26
-68.5000 -40.0000 -29.3777 47 44 27
-67.5000 -40.0000 -28.8595 49 42 24
-66.5000 -40.0000 -28.5669 52 44 25
-65.5000 -40.0000 -28.4305 54 47 28
-64.5000 -40.0000 -28.4063 54 47 28
-63.5000 -40.0000 -28.4638 53 46 27
-62.5000 -40.0000 -28.5760 52 45 26
-61.5000 -40.0000 -28.7143 51 46 26
-60.5000 -40.0000 -28.8466 52 47 27
-59.5000 -40.0000 -28.9408 43 41 20
-58.5000 -40.0000 -28.9701 41 39 18
-57.5000 -40.0000 -28.9167 41 39 18
-56.5000 -40.0000 -28.7746 43 41 20
-55.5000 -40.0000 -28.5471 47 45 24
-54.5000 -40.0000 -28.2438 49 48 27
-53.5000 -40.0000 -27.8777 49 48 27
-52.5000 -40.0000 -27.4635 49 47 26
-51.5000 -40.0000 -27.0187 60 53 34
-50.5000 -40.0000 -26.5631 62 51 31
-49.5000 -40.0000 -26.1186 62 51 31
-48.5000 -40.0000 -25.7050 65 54 34
-47.5000 -40.0000 -25.3370 69 58 38
-46.5000 -40.0000 -25.0197 72 59 40
-45.5000 -40.0000 -24.7481 70 57 38
-44.5000 -40.0000 -24.5078 67 55 33
-43.5000 -40.0000 -24.2796 66 51 30
-42.5000 -40.0000 -24.0439 70 55 32
-41.5000 -40.0000 -23.7846 75 60 37
-40.5000 -40.0000 -23.4919 77 61 36
-39.5000 -40.0000 -23.1625 78 62 37
-38.5000 -40.0000 -22.7987 81 65 40
-37.5000 -40.0000 -22.4069 87 71 46
-36.5000 -40.0000 -21.9967 96 76 51
-35.5000 -40.0000 -21.5796 100 77 46
-34.5000 -40.0000 -21.1680 106 82 48
-33.5000 -40.0000 -20.7739 111 87 53
-32.5000 -40.0000 -20.4078 114 90 56
-31.5000 -40.0000 -20.0779 114 91 57
-30.5000 -40.0000 -19.7893 116 93 59
-29.5000 -40.0000 -19.5448 120 97 63
-28.5000 -40.0000 -19.3449 121 101 66
-27.5000 -40.0000 -19.1883 115 97 61
-26.5000 -40.0000 -19.0719 117 101 65
-25.5000 -40.0000 -18.9906 120 104 68
-24.5000 -40.0000 -18.9382 118 104 67
-23.5000 -40.0000 -18.9083 115 101 64
-22.5000 -40.0000 -18.8965 115 101 64
-21.5000 -40.0000 -18.9017 120 106 69
-20.5000 -40.0000 -18.9271 125 111 76
-19.5000 -40.0000 -18.9786 121 105 71
-18.5000 -40.0000 -19.0629 122 106 73
-17.5000 -40.0000 -19.1847 122 106 73
-16.5000 -40.0000 -19.3446 117 102 71
-15.5000 -40.0000 -19.5400 111 98 66
-14.5000 -40.0000 -19.7675 105 94 64
-13.5000 -40.0000 -20.0261 104 93 63
-12.5000 -40.0000 -20.3197 103 94 65
-11.5000 -40.0000 -20.6579 100 93 65
-10.5000 -40.0000 -21.0538 96 89 63
-9.5000 -40.0000 -21.5232 91 84 58
-8.5000 -40.0000 -22.0839 88 77 55
-7.5000 -40.0000 -22.7587 85 74 52
-6.5000 -40.0000 -23.5795 81 70 50
-5.5000 -40.0000 -24.5917 76 63 44
-4.5000 -40.0000 -25.8536 72 59 42
-3.5000 -40.0000 -27.4292 76 65 47
-2.5000 -40.0000 -29.3735 70 61 44
-1.5000 -40.0000 -31.7141 62 55 37
-0.5000 -40.0000 -34.4340 51 45 29
0.5000 -40.0000 -37.4635 38 37 19
1.5000 -40.0000 -40.6844 26 27 11
2.5000 -40.0000 -43.9479 17 19 5
3.5000 -40.0000 -47.1044 12 16 2
-77.5000 -41.0000 -87.8714 14 15 9
-76.5000 -41.0000 -74.4586 19 20 12
-75.5000 -41.0000 -62.9385 23 23 13
-74.5000 -41.0000 -53.5094 29 29 17
-73.5000 -41.0000 -46.1225 36 36 24
-72.5000 -41.0000 -40.5657 41 42 28
-71.5000 -41.0000 -36.5441 41 42 28
-70.5000 -41.0000 -33.7410 41 42 26
-69.5000 -41.0000 -31.8578 43 41 26
-68.5000 -41.0000 -30.6387 44 43 25
-67.5000 -41.0000 -29.8812 50 45 26
-66.5000 -41.0000 -29.4371 50 43 24
-65.5000 -41.0000 -29.2048 50 43 24
-64.5000 -41.0000 -29.1178 52 45 26
-63.5000 -41.0000 -29.1316 52 47 27
-62.5000 -41.0000 -29.2121 51 46 26
-61.5000 -41.0000 -29.3289 49 44 24
-60.5000 -41.0000 -29.4520 47 42 22
-59.5000 -41.0000 -29.5530 51 46 26
-58.5000 -41.0000 -29.6078 47 42 22
-57.5000 -41.0000 -29.5986 44 39 19
-56.5000 -41.0000 -29.5149 43 38 18
-55.5000 -41.0000 -29.3523 46 41 21
-54.5000 -41.0000 -29.1108 46 44 23
-53.5000 -41.0000 -28.7946 47 45 24
-52.5000 -41.0000 -28.4131 46 44 23
-51.5000 -41.0000 -27.9820 54 47 28
-50.5000 -41.0000 -27.5239 55 47 28
-49.5000 -41.0000 -27.0653 57 49 30
-48.5000 -41.0000 -26.6328 60 52 33
-47.5000 -41.0000 -26.2467 63 55 36
-46.5000 -41.0000 -25.9173 66 55 35
-45.5000 -41.0000 -25.6425 66 55 35
-44.5000 -41.0000 -25.4094 64 53 31
-43.5000 -41.0000 -25.1975 64 52 30
-42.5000 -41.0000 -24.9843 65 53 31
-41.5000 -41.0000 -24.7504 66 54 32
-40.5000 -41.0000 -24.4820 70 55 32
-39.5000 -41.0000 -24.1728 71 56 33
-38.5000 -41.0000 -23.8224 73 58 35
-37.5000 -41.0000 -23.4350 77 62 39
-36.5000 -41.0000 -23.0188 82 65 39
-35.5000 -41.0000 -22.5843 87 66 35
-34.5000 -41.0000 -22.1447 94 71 39
-33.5000 -41.0000 -21.7141 98 78 45
-32.5000 -41.0000 -21.3065 102 82 49
-31.5000 -41.0000 -20.9340 104 84 51
-30.5000 -41.0000 -20.6053 105 86 53
-29.5000 -41.0000 -20.3257 108 89 56
-28.5000 -41.0000 -20.0969 109 93 59
-27.5000 -41.0000 -19.9177 108 92 58
-26.5000 -41.0000 -19.7845 111 97 62
-25.5000 -41.0000 -19.6911 113 99 64
-24.5000 -41.0000 -19.6300 111 97 62
-23.5000 -41.0000 -19.5937 107 93 58
-22.5000 -41.0000 -19.5765 106 93 58
-21.5000 -41.0000 -19.5768 111 98 63
-20.5000 -41.0000 -19.5975 118 104 69
-19.5000 -41.0000 -19.6454 111 95 62
-18.5000 -41.0000 -19.7286 113 96 66
-17.5000 -41.0000 -19.8529 114 97 67
-16.5000 -41.0000 -20.0202 110 95 66
-15.5000 -41.0000 -20.2284 104 90 61
-14.5000 -41.0000 -20.4739 96 85 57
-13.5000 -41.0000 -20.7554 94 83 55
-12.5000 -41.0000 -21.0769 93 83 56
-11.5000 -41.0000 -21.4486 95 88 62
-10.5000 -41.0000 -21.8865 90 82 59
-9.5000 -41.0000 -22.4112 85 77 54
-8.5000 -41.0000 -23.0477 80 72 51
-7.5000 -41.0000 -23.8276 77 69 48
-6.5000 -41.0000 -24.7918 74 66 47
-5.5000 -41.0000 -25.9915 69 61 42
-4.5000 -41.0000 -27.4853 65 56 39
-3.5000 -41.0000 -29.3276 66 57 42
-2.5000 -41.0000 -31.5535 61 54 38
-1.5000 -41.0000 -34.1619 53 47 31
-0.5000 -41.0000 -37.1042 42 39 24
0.5000 -41.0000 -40.2832 31 29 14
1.5000 -41.0000 -43.5648 21 22 8
2.5000 -41.0000 -46.7999 14 16 3
-76.5000 -42.0000 -87.1610 17 18 12
-75.5000 -42.0000 -73.7214 20 21 13
-74.5000 -42.0000 -62.2929 26 28 17
-73.5000 -42.0000 -53.0173 35 35 25
-72.5000 -42.0000 -45.8143 39 41 28
-71.5000 -42.0000 -40.4541 40 40 28
-70.5000 -42.0000 -36.6269 38 40 26
-69.5000 -42.0000 -34.0015 39 40 26
-68.5000 -42.0000 -32.2695 40 41 25
-67.5000 -42.0000 -31.1714 51 46 27
-66.5000 -42.0000 -30.5079 49 44 24
-65.5000 -42.0000 -30.1362 48 41 23
-64.5000 -42.0000 -29.9597 49 44 24
-63.5000 -42.0000 -29.9136 52 47 28
-62.5000 -42.0000 -29.9522 51 46 26
-61.5000 -42.0000 -30.0404 48 43 24
-60.5000 -42.0000 -30.1484 44 39 19
-59.5000 -42.0000 -30.2510 57 52 33
-58.5000 -42.0000 -30.3269 52 47 27
-57.5000 -42.0000 -30.3589 46 41 22
-56.5000 -42.0000 -30.3331 43 38 18
-55.5000 -42.0000 -30.2371 44 39 20
-54.5000 -42.0000 -30.0611 46 41 21
-53.5000 -42.0000 -29.7994 45 42 23
-52.5000 -42.0000 -29.4541 47 42 23
-51.5000 -42.0000 -29.0384 48 43 24
-50.5000 -42.0000 -28.5761 51 44 26
-49.5000 -42.0000 -28.0986 54 47 29
-48.5000 -42.0000 -27.6385 57 49 30
-47.5000 -42.0000 -27.2227 59 51 32
-46.5000 -42.0000 -26.8672 61 53 34
-45.5000 -42.0000 -26.5739 61 53 34
-44.5000 -42.0000 -26.3320 63 52 32
-43.5000 -42.0000 -26.1209 64 53 33
-42.5000 -42.0000 -25.9165 64 52 30
-41.5000 -42.0000 -25.6966 63 51 29
-40.5000 -42.0000 -25.4449 63 51 29
-39.5000 -42.0000 -25.1522 65 53 31
-38.5000 -42.0000 -24.8161 69 54 31
-37.5000 -42.0000 -24.4387 70 55 32
-36.5000 -42.0000 -24.0256 71 57 31
-35.5000 -42.0000 -23.5857 77 60 30
-34.5000 -42.0000 -23.1312 82 66 33
-33.5000 -42.0000 -22.6771 89 73 40
-32.5000 -42.0000 -22.2398 93 77 44
-31.5000 -42.0000 -21.8347 95 79 46
-30.5000 -42.0000 -21.4737 98 82 49
-29.5000 -42.0000 -21.1648 100 85 52
-28.5000 -42.0000 -20.9110 102 87 54
-27.5000 -42.0000 -20.7115 109 94 61
-26.5000 -42.0000 -20.5626 112 97 64
-25.5000 -42.0000 -20.4574 112 97 64
-24.5000 -42.0000 -20.3879 107 92 59
-23.5000 -42.0000 -20.3453 99 86 52
-22.5000 -42.0000 -20.3232 97 84 50
-21.5000 -42.0000 -20.3191 101 88 54
-20.5000 -42.0000 -20.3362 107 92 59
-19.5000 -42.0000 -20.3817 101 86 55
-18.5000 -42.0000 -20.4648 104 89 60
-17.5000 -42.0000 -20.5932 106 91 62
-16.5000 -42.0000 -20.7699 104 88 62
-15.5000 -42.0000 -20.9941 98 84 57
-14.5000 -42.0000 -21.2625 90 78 52
-13.5000 -42.0000 -21.5740 86 74 48
-12.5000 -42.0000 -21.9330 84 74 49
-11.5000 -42.0000 -22.3515 91 83 60
-10.5000 -42.0000 -22.8493 85 79 57
-9.5000 -42.0000 -23.4531 79 73 51
-8.5000 -42.0000 -24.1958 74 69 49
-7.5000 -42.0000 -25.1177 71 66 46
-6.5000 -42.0000 -26.2666 68 63 44
-5.5000 -42.0000 -27.6957 63 58 39
-4.5000 -42.0000 -29.4572 59 53 37
-3.5000 -42.0000 -31.5888 60 54 40
-2.5000 -42.0000 -34.0985 56 50 38
-1.5000 -42.0000 -36.9514 46 42 30
-0.5000 -42.0000 -40.0659 36 34 21
0.5000 -42.0000 -43.3219 26 26 14
1.5000 -42.0000 -46.5792 18 20 7
2.5000 -42.0000 -49.7031 12 15 4
-75.5000 -43.0000 -86.2917 17 18 12
-74.5000 -43.0000 -72.8713 20 23 14
-73.5000 -43.0000 -61.5608 27 29 18
-72.5000 -43.0000 -52.4779 33 37 23
-71.5000 -43.0000 -45.5173 38 40 27
-70.5000 -43.0000 -40.4177 39 43 29
-69.5000 -43.0000 -36.8379 40 42 29
-68.5000 -43.0000 -34.4239 39 41 27
-67.5000 -43.0000 -32.8572 42 39 22
-66.5000 -43.0000 -31.8805 42 39 20
-65.5000 -43.0000 -31.3025 45 39 23
-64.5000 -43.0000 -30.9893 43 40 21
-63.5000 -43.0000 -30.8503 43 40 23
-62.5000 -43.0000 -30.8240 43 40 21
-61.5000 -43.0000 -30.8673 43 40 23
-60.5000 -43.0000 -30.9488 43 40 21
-59.5000 -43.0000 -31.0446 39 33 17
-58.5000 -43.0000 -31.1363 42 37 18
-57.5000 -43.0000 -31.2070 45 39 23
-56.5000 -43.0000 -31.2397 45 40 21
-55.5000 -43.0000 -31.2147 42 36 20
-54.5000 -43.0000 -31.1117 39 34 15
-53.5000 -43.0000 -30.9141 40 34 18
-52.5000 -43.0000 -30.6153 42 36 20
-51.5000 -43.0000 -30.2234 49 43 27
-50.5000 -43.0000 -29.7619 53 47 31
-49.5000 -43.0000 -29.2656 56 50 34
-48.5000 -43.0000 -28.7730 58 51 33
-47.5000 -43.0000 -28.3177 57 50 32
-46.5000 -43.0000 -27.9220 58 51 33
-45.5000 -43.0000 -27.5930 61 54 36
-44.5000 -43.0000 -27.3228 66 58 39
-43.5000 -43.0000 -27.0919 55 47 28
-42.5000 -43.0000 -26.8759 58 47 27
-41.5000 -43.0000 -26.6510 59 48 28
-40.5000 -43.0000 -26.3995 59 48 28
-39.5000 -43.0000 -26.1116 58 47 27
-38.5000 -43.0000 -25.7835 59 47 25
-37.5000 -43.0000 -25.4158 60 48 26
-36.5000 -43.0000 -25.0115 61 49 25
-35.5000 -43.0000 -24.5765 68 57 27
-34.5000 -43.0000 -24.1207 71 60 28
-33.5000 -43.0000 -23.6581 75 64 32
-32.5000 -43.0000 -23.2058 80 69 37
-31.5000 -43.0000 -22.7811 86 73 41
-30.5000 -43.0000 -22.3987 90 77 45
-29.5000 -43.0000 -22.0685 92 79 47
-28.5000 -43.0000 -21.7952 93 80 48
-27.5000 -43.0000 -21.5788 95 82 50
-26.5000 -43.0000 -21.4156 96 83 51
-25.5000 -43.0000 -21.2993 98 83 52
-24.5000 -43.0000 -21.2212 98 83 52
-23.5000 -43.0000 -21.1724 98 83 52
-22.5000 -43.0000 -21.1460 98 83 52
-21.5000 -43.0000 -21.1388 97 82 51
-20.5000 -43.0000 -21.1537 96 81 52
-19.5000 -43.0000 -21.1985 99 84 55
-18.5000 -43.0000 -21.2837 101 85 59
-17.5000 -43.0000 -21.4187 103 87 61
-16.5000 -43.0000 -21.6087 102 88 62
-15.5000 -43.0000 -21.8544 99 85 59
-14.5000 -43.0000 -22.1536 91 79 55
-13.5000 -43.0000 -22.5062 85 73 49
-12.5000 -43.0000 -22.9180 80 69 47
-11.5000 -43.0000 -23.4038 75 67 46
-10.5000 -43.0000 -23.9884 72 65 46
-9.5000 -43.0000 -24.7052 70 65 45
-8.5000 -43.0000 -25.5952 68 65 46
-7.5000 -43.0000 -26.7054 66 63 44
-6.5000 -43.0000 -28.0863 62 59 42
-5.5000 -43.0000 -29.7869 54 53 35
-4.5000 -43.0000 -31.8455 48 46 31
-3.5000 -43.0000 -34.2759 58 54 42
-2.5000 -43.0000 -37.0536 47 43 32
-1.5000 -43.0000 -40.1085 31 27 16
-0.5000 -43.0000 -43.3288 17 15 3
-75.5000 -44.0000 -100.2117 12 14 9
-74.5000 -44.0000 -85.0174 16 19 12
-73.5000 -44.0000 -71.7007 22 25 16
-72.5000 -44.0000 -60.6326 29 32 21
-71.5000 -44.0000 -51.8910 34 37 26
-70.5000 -44.0000 -45.3122 34 40 26
-69.5000 -44.0000 -40.5771 36 40 26
-68.5000 -44.0000 -37.3031 36 40 26
-67.5000 -44.0000 -35.1187 43 44 28
-66.5000 -44.0000 -33.7081 44 43 25
-65.5000 -44.0000 -32.8276 43 41 26
-64.5000 -44.0000 -32.3022 41 40 22
-63.5000 -44.0000 -32.0119 40 38 23
-62.5000 -44.0000 -31.8765 38 37 19
-61.5000 -44.0000 -31.8425 37 35 20
-60.5000 -44.0000 -31.8744 37 34 17
-59.5000 -44.0000 -31.9483 37 34 19
-58.5000 -44.0000 -32.0465 42 36 20
-57.5000 -44.0000 -32.1522 44 38 24
-56.5000 -44.0000 -32.2447 44 38 22
-55.5000 -44.0000 -32.2973 41 35 21
-54.5000 -44.0000 -32.2788 39 33 17
-53.5000 -44.0000 -32.1608 39 33 19
-52.5000 -44.0000 -31.9257 41 35 19
-51.5000 -44.0000 -31.5739 41 35 21
-50.5000 -44.0000 -31.1261 45 39 23
-49.5000 -44.0000 -30.6186 50 44 28
-48.5000 -44.0000 -30.0947 52 46 30
-47.5000 -44.0000 -29.5949 53 47 31
-46.5000 -44.0000 -29.1484 56 49 31
-45.5000 -44.0000 -28.7682 61 54 36
-44.5000 -44.0000 -28.4502 64 57 39
-43.5000 -44.0000 -28.1770 55 46 29
-42.5000 -44.0000 -27.9245 54 46 27
-41.5000 -44.0000 -27.6693 53 45 26
-40.5000 -44.0000 -27.3942 56 45 25
-39.5000 -44.0000 -27.0904 58 47 27
-38.5000 -44.0000 -26.7551 58 47 27
-37.5000 -44.0000 -26.3888 58 47 27
-36.5000 -44.0000 -25.9924 57 46 24
-35.5000 -44.0000 -25.5685 61 54 26
-34.5000 -44.0000 -25.1229 63 56 27
-33.5000 -44.0000 -24.6665 67 60 31
-32.5000 -44.0000 -24.2148 72 65 36
-31.5000 -44.0000 -23.7852 78 69 40
-30.5000 -44.0000 -23.3936 81 72 43
-29.5000 -44.0000 -23.0512 83 74 45
-28.5000 -44.0000 -22.7643 85 74 46
-27.5000 -44.0000 -22.5342 87 76 48
-26.5000 -44.0000 -22.3581 90 76 49
-25.5000 -44.0000 -22.2306 91 77 50
-24.5000 -44.0000 -22.1438 93 77 51
-23.5000 -44.0000 -22.0890 93 77 51
-22.5000 -44.0000 -22.0589 92 76 50
-21.5000 -44.0000 -22.0500 92 75 49
-20.5000 -44.0000 -22.0650 90 74 48
-19.5000 -44.0000 -22.1120 92 76 50
-18.5000 -44.0000 -22.2029 90 76 50
-17.5000 -44.0000 -22.3494 89 75 49
-16.5000 -44.0000 -22.5594 87 72 49
-15.5000 -44.0000 -22.8358 84 69 46
-14.5000 -44.0000 -23.1788 79 67 45
-13.5000 -44.0000 -23.5900 75 64 42
-12.5000 -44.0000 -24.0777 71 63 42
-11.5000 -44.0000 -24.6609 74 66 47
-10.5000 -44.0000 -25.3701 68 63 44
-9.5000 -44.0000 -26.2458 63 60 41
-8.5000 -44.0000 -27.3352 60 59 41
-7.5000 -44.0000 -28.6882 58 57 39
-6.5000 -44.0000 -30.3518 53 54 38
-5.5000 -44.0000 -32.3627 48 51 34
-4.5000 -44.0000 -34.7372 45 46 32
-3.5000 -44.0000 -37.4593 48 46 34
-2.5000 -44.0000 -40.4702 38 35 26
-1.5000 -44.0000 -43.6669 26 23 14
-0.5000 -44.0000 -46.9142 14 14 6
-73.5000 -45.0000 -83.2134 13 18 11
-72.5000 -45.0000 -70.2496 20 26 16
-71.5000 -45.0000 -59.6911 25 31 21
-70.5000 -45.0000 -51.5189 27 35 22
-69.5000 -45.0000 -45.4752 30 36 24
-68.5000 -45.0000 -41.1763 31 37 23
-67.5000 -45.0000 -38.2139 39 41 27
-66.5000 -45.0000 -36.2220 39 40 24
-65.5000 -45.0000 -34.9083 38 39 25
-64.5000 -45.0000 -34.0578 37 38 22
-63.5000 -45.0000 -33.5217 35 36 22
-62.5000 -45.0000 -33.2008 34 35 19
-61.5000 -45.0000 -33.0307 33 34 20
-60.5000 -45.0000 -32.9699 34 32 17
-59.5000 -45.0000 -32.9922 35 33 20
-58.5000 -45.0000 -33.0784 38 35 20
-57.5000 -45.0000 -33.2097 40 36 24
-56.5000 -45.0000 -33.3609 39 36 21
-55.5000 -45.0000 -33.4974 37 33 21
-54.5000 -45.0000 -33.5770 35 32 17
-53.5000 -45.0000 -33.5581 35 31 19
-52.5000 -45.0000 -33.4098 35 32 17
-51.5000 -45.0000 -33.1222 36 32 20
-50.5000 -45.0000 -32.7098 39 36 21
-49.5000 -45.0000 -32.2077 42 39 24
-48.5000 -45.0000 -31.6630 44 41 26
-47.5000 -45.0000 -31.1225 45 42 27
-46.5000 -45.0000 -30.6230 49 43 27
-45.5000 -45.0000 -30.1834 53 47 31
-44.5000 -45.0000 -29.8039 55 50 31
-43.5000 -45.0000 -29.4692 54 47 29
-42.5000 -45.0000 -29.1558 50 43 25
-41.5000 -45.0000 -28.8418 48 41 23
-40.5000 -45.0000 -28.5128 51 43 24
-39.5000 -45.0000 -28.1637 56 48 29
-38.5000 -45.0000 -27.7961 58 50 31
-37.5000 -45.0000 -27.4127 55 47 28
-36.5000 -45.0000 -27.0145 52 44 23
-35.5000 -45.0000 -26.6008 55 49 25
-34.5000 -45.0000 -26.1721 56 52 25
-33.5000 -45.0000 -25.7340 60 54 28
-32.5000 -45.0000 -25.2975 65 59 33
-31.5000 -45.0000 -24.8773 69 62 36
-30.5000 -45.0000 -24.4883 72 65 39
-29.5000 -45.0000 -24.1422 74 67 41
-28.5000 -45.0000 -23.8466 76 66 41
-27.5000 -45.0000 -23.6046 78 68 43
-26.5000 -45.0000 -23.4155 80 68 44
-25.5000 -45.0000 -23.2758 81 69 45
-24.5000 -45.0000 -23.1792 84 69 46
-23.5000 -45.0000 -23.1180 84 69 46
-22.5000 -45.0000 -23.0851 83 68 45
-21.5000 -45.0000 -23.0767 83 67 44
-20.5000 -45.0000 -23.0949 82 66 43
-19.5000 -45.0000 -23.1486 91 76 53
-18.5000 -45.0000 -23.2513 87 75 51
-17.5000 -45.0000 -23.4174 83 71 47
-16.5000 -45.0000 -23.6582 80 68 46
-15.5000 -45.0000 -23.9803 77 65 43
-14.5000 -45.0000 -24.3869 76 63 44
-13.5000 -45.0000 -24.8824 75 64 44
-12.5000 -45.0000 -25.4791 73 65 46
-11.5000 -45.0000 -26.2007 71 62 45
-10.5000 -45.0000 -27.0839 64 58 42
-9.5000 -45.0000 -28.1751 57 54 37
-8.5000 -45.0000 -29.5247 52 50 35
-7.5000 -45.0000 -31.1795 47 50 33
-6.5000 -45.0000 -33.1744 45 49 34
-5.5000 -45.0000 -35.5250 39 46 30
-4.5000 -45.0000 -38.2186 38 42 28
-3.5000 -45.0000 -41.2056 33 33 25
-2.5000 -45.0000 -44.3947 27 27 19
-1.5000 -45.0000 -47.6570 19 19 11
-72.5000 -46.0000 -81.2558 11 18 10
-71.5000 -46.0000 -69.0344 16 23 15
-70.5000 -46.0000 -59.2892 21 29 18
-69.5000 -46.0000 -51.8643 24 32 21
-68.5000 -46.0000 -46.4108 26 34 21
-67.5000 -46.0000 -42.5102 27 33 19
-66.5000 -46.0000 -39.7653 29 33 19
-65.5000 -46.0000 -37.8477 30 34 20
-64.5000 -46.0000 -36.5118 31 35 21
-63.5000 -46.0000 -35.5864 32 36 22
-62.5000 -46.0000 -34.9580 33 35 22
-61.5000 -46.0000 -34.5528 34 36 23
-60.5000 -46.0000 -34.3237 35 35 23
-59.5000 -46.0000 -34.2397 32 32 20
-58.5000 -46.0000 -34.2771 35 33 21
-57.5000 -46.0000 -34.4117 36 34 22
-56.5000 -46.0000 -34.6115 36 32 21
-55.5000 -46.0000 -34.8328 35 31 20
-54.5000 -46.0000 -35.0212 33 29 18
-53.5000 -46.0000 -35.1205 32 28 17
-52.5000 -46.0000 -35.0849 30 28 16
-51.5000 -46.0000 -34.8910 38 36 23
-50.5000 -46.0000 -34.5437 39 37 24
-49.5000 -46.0000 -34.0745 41 37 25
-48.5000 -46.0000 -33.5322 41 38 23
-47.5000 -46.0000 -32.9694 40 37 22
-46.5000 -46.0000 -32.4294 41 38 23
-45.5000 -46.0000 -31.9372 43 37 23
-44.5000 -46.0000 -31.4957 44 38 22
-43.5000 -46.0000 -31.0904 54 47 31
-42.5000 -46.0000 -30.6979 49 42 24
-41.5000 -46.0000 -30.2980 46 39 21
-40.5000 -46.0000 -29.8810 49 42 24
-39.5000 -46.0000 -29.4496 57 48 31
-38.5000 -46.0000 -29.0139 59 51 32
-37.5000 -46.0000 -28.5838 56 48 29
-36.5000 -46.0000 -28.1632 51 44 25
-35.5000 -46.0000 -27.7498 50 45 23
-34.5000 -46.0000 -27.3385 50 48 25
-33.5000 -46.0000 -26.9267 55 50 28
-32.5000 -46.0000 -26.5174 59 54 32
-31.5000 -46.0000 -26.1189 63 57 35
-30.5000 -46.0000 -25.7421 65 59 37
-29.5000 -46.0000 -25.3981 67 59 38
-28.5000 -46.0000 -25.0954 68 60 39
-27.5000 -46.0000 -24.8399 70 62 41
-26.5000 -46.0000 -24.6345 73 62 42
-25.5000 -46.0000 -24.4789 74 63 43
-24.5000 -46.0000 -24.3696 74 63 43
-23.5000 -46.0000 -24.3006 75 62 43
-22.5000 -46.0000 -24.2652 75 62 43
-21.5000 -46.0000 -24.2596 76 61 42
-20.5000 -46.0000 -24.2856 75 60 41
-19.5000 -46.0000 -24.3525 84 72 50
-18.5000 -46.0000 -24.4760 83 71 49
-17.5000 -46.0000 -24.6739 80 68 46
-16.5000 -46.0000 -24.9620 77 64 45
-15.5000 -46.0000 -25.3513 74 61 42
-14.5000 -46.0000 -25.8491 73 60 43
-13.5000 -46.0000 -26.4640 72 61 43
-12.5000 -46.0000 -27.2126 69 60 43
-11.5000 -46.0000 -28.1239 65 56 41
-10.5000 -46.0000 -29.2399 59 53 39
-9.5000 -46.0000 -30.6101 53 50 35
-8.5000 -46.0000 -32.2826 46 47 33
-7.5000 -46.0000 -34.2936 43 47 32
-6.5000 -46.0000 -36.6572 38 44 30
-5.5000 -46.0000 -39.3594 32 40 25
-4.5000 -46.0000 -42.3532 29 37 24
-3.5000 -46.0000 -45.5556 21 22 16
-2.5000 -46.0000 -48.8485 18 19 13
-1.5000 -46.0000 -52.0867 14 15 10
-71.5000 -47.0000 -80.1004 10 17 9
-70.5000 -47.0000 -68.9576 13 23 12
-69.5000 -47.0000 -60.1811 17 27 16
-68.5000 -47.0000 -53.4952 19 29 18
-67.5000 -47.0000 -48.5070 22 30 17
-66.5000 -47.0000 -44.8163 22 30 17
-65.5000 -47.0000 -42.0817 24 30 18
-64.5000 -47.0000 -40.0449 25 31 19
-63.5000 -47.0000 -38.5265 26 32 20
-62.5000 -47.0000 -37.4087 30 33 22
-61.5000 -47.0000 -36.6152 30 33 22
-60.5000 -47.0000 -36.0951 32 34 23
-59.5000 -47.0000 -35.8114 30 32 21
-58.5000 -47.0000 -35.7325 31 31 21
-57.5000 -47.0000 -35.8246 30 30 20
-56.5000 -47.0000 -36.0452 32 29 20
-55.5000 -47.0000 -36.3384 32 29 20
-54.5000 -47.0000 -36.6360 30 27 18
-53.5000 -47.0000 -36.8660 27 24 15
-52.5000 -47.0000 -36.9656 26 23 14
-51.5000 -47.0000 -36.8956 36 34 22
-50.5000 -47.0000 -36.6489 34 35 21
-49.5000 -47.0000 -36.2509 35 33 20
-48.5000 -47.0000 -35.7497 36 34 21
-47.5000 -47.0000 -35.2018 37 35 22
-46.5000 -47.0000 -34.6560 37 35 20
-45.5000 -47.0000 -34.1403 38 35 20
-44.5000 -47.0000 -33.6579 38 35 18
-43.5000 -47.0000 -33.1914 52 46 30
-42.5000 -47.0000 -32.7150 47 41 25
-41.5000 -47.0000 -32.2093 44 38 22
-40.5000 -47.0000 -31.6711 48 43 24
-39.5000 -47.0000 -31.1152 55 48 30
-38.5000 -47.0000 -30.5665 59 52 34
-37.5000 -47.0000 -30.0486 56 49 31
-36.5000 -47.0000 -29.5742 51 44 26
-35.5000 -47.0000 -29.1424 49 44 25
-34.5000 -47.0000 -28.7423 50 45 26
-33.5000 -47.0000 -28.3605 53 48 29
-32.5000 -47.0000 -27.9872 56 51 32
-31.5000 -47.0000 -27.6195 60 53 35
-30.5000 -47.0000 -27.2610 61 54 36
-29.5000 -47.0000 -26.9195 62 55 37
-28.5000 -47.0000 -26.6053 62 55 37
-27.5000 -47.0000 -26.3284 64 57 39
-26.5000 -47.0000 -26.0973 66 57 40
-25.5000 -47.0000 -25.9170 67 58 41
-24.5000 -47.0000 -25.7882 68 59 42
-23.5000 -47.0000 -25.7071 68 59 42
-22.5000 -47.0000 -25.6681 67 58 41
-21.5000 -47.0000 -25.6672 68 56 40
-20.5000 -47.0000 -25.7059 67 56 38
-19.5000 -47.0000 -25.7945 68 57 37
-18.5000 -47.0000 -25.9508 68 57 37
-17.5000 -47.0000 -26.1969 70 57 38
-16.5000 -47.0000 -26.5538 69 56 39
-15.5000 -47.0000 -27.0380 67 54 37
-14.5000 -47.0000 -27.6619 64 51 35
-13.5000 -47.0000 -28.4388 60 48 32
-12.5000 -47.0000 -29.3899 55 46 31
-11.5000 -47.0000 -30.5484 58 48 36
-10.5000 -47.0000 -31.9591 54 48 36
-9.5000 -47.0000 -33.6697 49 47 34
-8.5000 -47.0000 -35.7192 44 46 33
-7.5000 -47.0000 -38.1244 39 45 31
-6.5000 -47.0000 -40.8708 33 41 28
-5.5000 -47.0000 -43.9093 22 34 20
-4.5000 -47.0000 -47.1571 18 28 17
-3.5000 -47.0000 -50.5019 14 16 11
-2.5000 -47.0000 -53.8075 14 15 10
-70.5000 -48.0000 -80.9463 8 18 9
-69.5000 -48.0000 -70.9549 13 23 12
-68.5000 -48.0000 -63.0210 16 26 15
-67.5000 -48.0000 -56.8161 21 31 20
-66.5000 -48.0000 -51.9739 21 31 20
-65.5000 -48.0000 -48.1714 21 31 22
-64.5000 -48.0000 -45.1642 22 30 19
-63.5000 -48.0000 -42.7861 22 29 21
-62.5000 -48.0000 -40.9317 22 28 18
-61.5000 -48.0000 -39.5329 22 27 20
-60.5000 -48.0000 -38.5407 23 26 17
-59.5000 -48.0000 -37.9130 28 31 24
-58.5000 -48.0000 -37.6073 28 29 21
-57.5000 -48.0000 -37.5759 26 27 21
-56.5000 -48.0000 -37.7607 27 27 19
-55.5000 -48.0000 -38.0899 27 26 21
-54.5000 -48.0000 -38.4783 28 25 18
-53.5000 -48.0000 -38.8359 24 21 16
-52.5000 -48.0000 -39.0818 21 18 11
-51.5000 -48.0000 -39.1598 24 24 14
-50.5000 -48.0000 -39.0495 24 24 12
-49.5000 -48.0000 -38.7678 27 25 12
-48.5000 -48.0000 -38.3604 30 28 15
-47.5000 -48.0000 -37.8853 35 33 20
-46.5000 -48.0000 -37.3929 38 36 23
-45.5000 -48.0000 -36.9109 40 36 24
-44.5000 -48.0000 -36.4370 39 36 21
-43.5000 -48.0000 -35.9454 46 40 26
-42.5000 -48.0000 -35.4025 44 38 22
-41.5000 -48.0000 -34.7868 42 36 20
-40.5000 -48.0000 -34.1024 45 39 23
-39.5000 -48.0000 -33.3806 51 44 26
-38.5000 -48.0000 -32.6692 54 47 29
-37.5000 -48.0000 -32.0146 53 46 28
-36.5000 -48.0000 -31.4464 50 43 27
-35.5000 -48.0000 -30.9701 48 41 25
-34.5000 -48.0000 -30.5699 49 41 28
-33.5000 -48.0000 -30.2184 52 44 31
-32.5000 -48.0000 -29.8872 54 46 33
-31.5000 -48.0000 -29.5560 56 48 35
-30.5000 -48.0000 -29.2159 57 49 36
-29.5000 -48.0000 -28.8699 57 49 36
-28.5000 -48.0000 -28.5303 57 49 36
-27.5000 -48.0000 -28.2141 59 51 38
-26.5000 -48.0000 -27.9384 59 53 39
-25.5000 -48.0000 -27.7163 60 54 40
-24.5000 -48.0000 -27.5543 61 55 41
-23.5000 -48.0000 -27.4519 61 55 41
-22.5000 -48.0000 -27.4045 60 54 40
-21.5000 -48.0000 -27.4078 60 52 39
-20.5000 -48.0000 -27.4632 59 52 36
-19.5000 -48.0000 -27.5817 58 50 31
-18.5000 -48.0000 -27.7839 63 52 32
-17.5000 -48.0000 -28.0964 67 54 37
-16.5000 -48.0000 -28.5462 69 56 39
-15.5000 -48.0000 -29.1560 67 54 38
-14.5000 -48.0000 -29.9440 63 50 34
-13.5000 -48.0000 -30.9284 56 44 30
-12.5000 -48.0000 -32.1340 50 40 28
-11.5000 -48.0000 -33.5960 50 42 31
-10.5000 -48.0000 -35.3569 48 42 30
-9.5000 -48.0000 -37.4559 43 41 29
-8.5000 -48.0000 -39.9144 39 41 28
-7.5000 -48.0000 -42.7223 33 39 27
-6.5000 -48.0000 -45.8313 24 35 21
-5.5000 -48.0000 -49.1561 14 28 15
-4.5000 -48.0000 -52.5822 8 20 10
-69.5000 -49.0000 -84.7133 9 21 11
-68.5000 -49.0000 -75.5817 12 24 14
-67.5000 -49.0000 -68.0633 17 29 19
-66.5000 -49.0000 -61.8674 17 29 19
-65.5000 -49.0000 -56.7280 17 28 20
-64.5000 -49.0000 -52.4470 18 28 19
-63.5000 -49.0000 -48.8981 17 27 19
-62.5000 -49.0000 -46.0079 19 26 18
-61.5000 -49.0000 -43.7310 19 26 19
-60.5000 -49.0000 -42.0288 20 25 18
-59.5000 -49.0000 -40.8578 25 30 24
-58.5000 -49.0000 -40.1648 25 28 21
-57.5000 -49.0000 -39.8850 24 25 20
-56.5000 -49.0000 -39.9401 24 25 19
-55.5000 -49.0000 -40.2372 25 26 21
-54.5000 -49.0000 -40.6700 24 23 18
-53.5000 -49.0000 -41.1278 20 19 15
-52.5000 -49.0000 -41.5104 16 15 10
-51.5000 -49.0000 -41.7445 18 18 8
-50.5000 -49.0000 -41.7964 17 17 5
-49.5000 -49.0000 -41.6743 17 17 5
-48.5000 -49.0000 -41.4197 22 22 10
-47.5000 -49.0000 -41.0889 30 28 16
-46.5000 -49.0000 -40.7306 34 32 19
-45.5000 -49.0000 -40.3662 35 33 20
-44.5000 -49.0000 -39.9811 34 32 17
-43.5000 -49.0000 -39.5328 36 33 18
-42.5000 -49.0000 -38.9717 36 33 18
-41.5000 -49.0000 -38.2682 38 32 16
-40.5000 -49.0000 -37.4319 40 34 18
-39.5000 -49.0000 -36.5146 43 37 21
-38.5000 -49.0000 -35.5954 45 39 23
-37.5000 -49.0000 -34.7547 47 40 24
-36.5000 -49.0000 -34.0496 47 40 24
-35.5000 -49.0000 -33.4994 46 36 26
-34.5000 -49.0000 -33.0853 47 37 27
-33.5000 -49.0000 -32.7624 49 39 29
-32.5000 -49.0000 -32.4769 51 41 31
-31.5000 -49.0000 -32.1830 52 42 32
-30.5000 -49.0000 -31.8541 53 43 33
-29.5000 -49.0000 -31.4861 51 43 32
-28.5000 -49.0000 -31.0948 51 43 32
-27.5000 -49.0000 -30.7080 52 46 34
-26.5000 -49.0000 -30.3561 51 47 35
-25.5000 -49.0000 -30.0637 52 48 36
-24.5000 -49.0000 -29.8453 53 49 37
-23.5000 -49.0000 -29.7044 53 49 37
-22.5000 -49.0000 -29.6372 52 48 36
-21.5000 -49.0000 -29.6388 50 48 35
-20.5000 -49.0000 -29.7102 50 47 32
-19.5000 -49.0000 -29.8630 55 46 29
-18.5000 -49.0000 -30.1205 60 49 31
-17.5000 -49.0000 -30.5141 64 53 35
-16.5000 -49.0000 -31.0771 66 55 37
-15.5000 -49.0000 -31.8391 65 52 36
-14.5000 -49.0000 -32.8246 61 47 34
-13.5000 -49.0000 -34.0566 54 42 30
-12.5000 -49.0000 -35.5618 48 38 26
-11.5000 -49.0000 -37.3725 45 37 26
-10.5000 -49.0000 -39.5222 39 35 23
-9.5000 -49.0000 -42.0327 33 33 21
-8.5000 -49.0000 -44.8992 28 31 20
-7.5000 -49.0000 -48.0795 22 30 19
-6.5000 -49.0000 -51.4905 14 26 14
-5.5000 -49.0000 -55.0161 4 20 9
-69.5000 -50.0000 -101.7859 9 19 11
-68.5000 -50.0000 -91.5734 12 22 14
-67.5000 -50.0000 -82.6933 10 21 15
-66.5000 -50.0000 -74.9752 11 22 16
-65.5000 -50.0000 -68.2530 12 23 17
-64.5000 -50.0000 -62.4096 14 25 19
-63.5000 -50.0000 -57.3836 17 26 21
-62.5000 -50.0000 -53.1519 19 28 23
-61.5000 -50.0000 -49.7044 22 28 24
-60.5000 -50.0000 -47.0231 23 30 23
-59.5000 -50.0000 -45.0701 24 30 26
-58.5000 -50.0000 -43.7855 22 27 21
-57.5000 -50.0000 -43.0886 22 24 19
-56.5000 -50.0000 -42.8792 22 24 19
-55.5000 -50.0000 -43.0387 23 25 20
-54.5000 -50.0000 -43.4350 21 23 18
-53.5000 -50.0000 -43.9331 18 19 14
-52.5000 -50.0000 -44.4120 14 15 9
-51.5000 -50.0000 -44.7822 17 19 8
-50.5000 -50.0000 -44.9985 15 17 4
-49.5000 -50.0000 -45.0616 14 16 5
-48.5000 -50.0000 -45.0086 17 19 6
-47.5000 -50.0000 -44.8927 23 23 13
-46.5000 -50.0000 -44.7570 26 26 14
-45.5000 -50.0000 -44.6114 27 25 13
-44.5000 -50.0000 -44.4214 25 23 11
-43.5000 -50.0000 -44.1176 30 26 14
-42.5000 -50.0000 -43.6234 31 27 15
-41.5000 -50.0000 -42.8911 35 29 15
-40.5000 -50.0000 -41.9302 37 31 17
-39.5000 -50.0000 -40.8138 38 32 18
-38.5000 -50.0000 -39.6593 40 32 19
-37.5000 -50.0000 -38.5934 42 34 21
-36.5000 -50.0000 -37.7133 45 35 23
-35.5000 -50.0000 -37.0614 45 32 23
-34.5000 -50.0000 -36.6194 47 33 24
-33.5000 -50.0000 -36.3218 48 35 26
-32.5000 -50.0000 -36.0820 49 36 27
-31.5000 -50.0000 -35.8203 50 37 28
-30.5000 -50.0000 -35.4862 49 39 29
-29.5000 -50.0000 -35.0668 48 38 28
-28.5000 -50.0000 -34.5841 47 39 28
-27.5000 -50.0000 -34.0817 48 42 30
-26.5000 -50.0000 -33.6087 47 43 31
-25.5000 -50.0000 -33.2057 47 45 32
-24.5000 -50.0000 -32.8969 48 46 33
-23.5000 -50.0000 -32.6902 48 46 33
-22.5000 -50.0000 -32.5821 45 46 32
-21.5000 -50.0000 -32.5664 44 45 31
-20.5000 -50.0000 -32.6428 45 43 30
-19.5000 -50.0000 -32.8234 44 38 22
-18.5000 -50.0000 -33.1341 47 40 22
-17.5000 -50.0000 -33.6111 49 42 26
-16.5000 -50.0000 -34.2945 51 44 28
-15.5000 -50.0000 -35.2214 50 40 28
-14.5000 -50.0000 -36.4234 47 37 25
-13.5000 -50.0000 -37.9275 41 33 22
-12.5000 -50.0000 -39.7597 38 30 19
-11.5000 -50.0000 -41.9438 42 35 25
-10.5000 -50.0000 -44.4952 34 32 20
-9.5000 -50.0000 -47.4082 26 26 16
-8.5000 -50.0000 -50.6444 19 22 13
-7.5000 -50.0000 -54.1267 13 21 10
-6.5000 -50.0000 -57.7427 8 18 9
3.5000 -50.0000 -76.5197 8 14 12
-66.5000 -51.0000 -91.3788 6 15 14
-65.5000 -51.0000 -82.9146 11 20 19
-64.5000 -51.0000 -75.3115 16 25 24
-63.5000 -51.0000 -68.5900 19 28 25
-62.5000 -51.0000 -62.7848 19 28 25
-61.5000 -51.0000 -57.9262 17 26 23
-60.5000 -51.0000 -54.0224 15 24 19
-59.5000 -51.0000 -51.0504 19 28 25
-58.5000 -51.0000 -48.9536 19 25 21
-57.5000 -51.0000 -47.6434 17 23 19
-56.5000 -51.0000 -47.0013 17 23 19
-55.5000 -51.0000 -46.8823 19 26 19
-54.5000 -51.0000 -47.1243 18 25 18
-53.5000 -51.0000 -47.5639 14 21 14
-52.5000 -51.0000 -48.0578 10 17 9
-51.5000 -51.0000 -48.5023 8 16 5
-50.5000 -51.0000 -48.8442 8 16 3
-48.5000 -51.0000 -49.2466 10 16 4
-47.5000 -51.0000 -49.3927 14 17 8
-46.5000 -51.0000 -49.5554 17 19 8
-45.5000 -51.0000 -49.7293 20 20 10
-44.5000 -51.0000 -49.8531 24 21 12
-43.5000 -51.0000 -49.8201 28 24 15
-42.5000 -51.0000 -49.5129 28 24 15
-41.5000 -51.0000 -48.8520 30 23 15
-40.5000 -51.0000 -47.8359 32 23 16
-39.5000 -51.0000 -46.5546 34 25 18
-38.5000 -51.0000 -45.1682 38 27 21
-37.5000 -51.0000 -43.8593 41 30 24
-36.5000 -51.0000 -42.7787 44 31 23
-35.5000 -51.0000 -42.0031 48 31 23
-34.5000 -51.0000 -41.5196 48 30 20
-33.5000 -51.0000 -41.2406 47 30 20
-32.5000 -51.0000 -41.0401 46 29 19
-31.5000 -51.0000 -40.7972 44 30 19
-30.5000 -51.0000 -40.4318 44 32 20
-29.5000 -51.0000 -39.9219 44 34 22
-28.5000 -51.0000 -39.2987 43 35 22
-27.5000 -51.0000 -38.6274 44 38 24
-26.5000 -51.0000 -37.9809 42 39 24
-25.5000 -51.0000 -37.4192 41 39 24
-24.5000 -51.0000 -36.9778 41 39 24
-23.5000 -51.0000 -36.6683 39 40 24
-22.5000 -51.0000 -36.4863 39 40 24
-21.5000 -51.0000 -36.4232 39 40 24
-20.5000 -51.0000 -36.4772 39 40 24
-19.5000 -51.0000 -36.6605 40 41 27
-18.5000 -51.0000 -37.0016 43 41 28
-17.5000 -51.0000 -37.5422 43 41 29
-16.5000 -51.0000 -38.3296 43 41 29
-15.5000 -51.0000 -39.4096 40 38 26
-14.5000 -51.0000 -40.8218 35 33 21
-13.5000 -51.0000 -42.5973 31 28 19
-12.5000 -51.0000 -44.7579 28 25 16
-11.5000 -51.0000 -47.3124 26 26 18
-10.5000 -51.0000 -50.2481 23 23 15
-9.5000 -51.0000 -53.5222 18 19 13
-8.5000 -51.0000 -57.0564 13 14 8
-64.5000 -52.0000 -90.9557 9 17 19
-63.5000 -52.0000 -82.5089 14 20 20
-62.5000 -52.0000 -75.0744 13 22 21
-61.5000 -52.0000 -68.7114 15 21 19
-60.5000 -52.0000 -63.4515 13 22 19
-59.5000 -52.0000 -59.2933 19 25 23
-58.5000 -52.0000 -56.1987 15 24 21
-57.5000 -52.0000 -54.0873 16 22 18
-56.5000 -52.0000 -52.8341 14 23 18
-55.5000 -52.0000 -52.2726 18 25 18
-54.5000 -52.0000 -52.2092 15 25 17
-53.5000 -52.0000 -52.4496 13 20 13
-52.5000 -52.0000 -52.8280 7 17 9
-51.5000 -52.0000 -53.2299 9 19 10
-50.5000 -52.0000 -53.6007 9 19 8
-49.5000 -52.0000 -53.9412 10 18 7
-48.5000 -52.0000 -54.2907 10 16 6
-47.5000 -52.0000 -54.7007 12 15 6
-46.5000 -52.0000 -55.2025 13 16 7
-45.5000 -52.0000 -55.7740 16 16 8
-44.5000 -52.0000 -56.3222 17 17 9
-41.5000 -52.0000 -56.2554 22 15 9
-40.5000 -52.0000 -55.2913 27 18 13
-39.5000 -52.0000 -53.9184 34 23 19
-38.5000 -52.0000 -52.3378 39 28 24
-37.5000 -52.0000 -50.7952 46 32 29
-36.5000 -52.0000 -49.5057 50 35 30
-35.5000 -52.0000 -48.5909 48 29 22
-34.5000 -52.0000 -48.0505 48 30 18
-33.5000 -52.0000 -47.7758 46 28 18
-32.5000 -52.0000 -47.5979 44 28 15
-31.5000 -52.0000 -47.3501 42 28 17
-30.5000 -52.0000 -46.9203 42 30 16
-29.5000 -52.0000 -46.2776 43 31 19
-28.5000 -52.0000 -45.4663 40 33 17
-27.5000 -52.0000 -44.5768 40 32 19
-26.5000 -52.0000 -43.7093 37 34 17
-25.5000 -52.0000 -42.9441 37 34 19
-24.5000 -52.0000 -42.3273 36 35 17
-23.5000 -52.0000 -41.8725 34 35 19
-22.5000 -52.0000 -41.5729 34 35 17
-21.5000 -52.0000 -41.4166 33 36 19
-20.5000 -52.0000 -41.4001 33 36 19
-19.5000 -52.0000 -41.5367 32 34 21
-18.5000 -52.0000 -41.8587 33 35 24
-17.5000 -52.0000 -42.4140 33 35 24
-16.5000 -52.0000 -43.2587 33 35 24
-15.5000 -52.0000 -44.4492 30 32 21
-14.5000 -52.0000 -46.0342 26 28 17
-13.5000 -52.0000 -48.0492 22 23 15
-12.5000 -52.0000 -50.5090 19 20 12
-11.5000 -52.0000 -53.4001 19 20 14
-10.5000 -52.0000 -56.6730 17 18 12
-9.5000 -52.0000 -60.2388 14 15 10
-62.5000 -53.0000 -89.7938 8 14 14
-61.5000 -53.0000 -82.0725 11 15 14
-60.5000 -53.0000 -75.5204 11 17 15
-59.5000 -53.0000 -70.1591 17 21 20
-58.5000 -53.0000 -65.9843 15 21 19
-57.5000 -53.0000 -62.9461 15 20 16
-56.5000 -53.0000 -60.9322 14 20 16
-55.5000 -53.0000 -59.7655 16 21 15
-54.5000 -53.0000 -59.2253 14 21 14
-53.5000 -53.0000 -59.0874 12 17 11
-52.5000 -53.0000 -59.1665 8 15 8
-51.5000 -53.0000 -59.3451 13 20 12
-50.5000 -53.0000 -59.5793 12 19 11
-49.5000 -53.0000 -59.8855 11 16 9
-39.5000 -53.0000 -62.9049 28 17 15
-38.5000 -53.0000 -61.1915 35 24 22
-37.5000 -53.0000 -59.4450 40 29 27
-36.5000 -53.0000 -57.9511 45 31 28
-35.5000 -53.0000 -56.8850 44 27 20
-34.5000 -53.0000 -56.2658 44 26 16
-33.5000 -53.0000 -55.9680 42 23 16
-32.5000 -53.0000 -55.7818 40 23 13
-31.5000 -53.0000 -55.4953 37 23 14
-30.5000 -53.0000 -54.9659 36 24 12
-29.5000 -53.0000 -54.1561 36 23 14
-28.5000 -53.0000 -53.1248 34 26 13
-27.5000 -53.0000 -51.9889 32 24 13
-26.5000 -53.0000 -50.8745 29 26 11
-25.5000 -53.0000 -49.8790 29 25 13
-24.5000 -53.0000 -49.0555 28 26 11
-23.5000 -53.0000 -48.4166 26 27 13
-22.5000 -53.0000 -47.9512 26 27 11
-21.5000 -53.0000 -47.6440 25 27 13
-20.5000 -53.0000 -47.4916 25 27 13
-19.5000 -53.0000 -47.5104 22 24 11
-18.5000 -53.0000 -47.7390 23 25 14
-17.5000 -53.0000 -48.2337 24 26 15
-16.5000 -53.0000 -49.0618 23 25 14
-15.5000 -53.0000 -50.2920 21 22 14
-14.5000 -53.0000 -51.9842 18 19 11
-13.5000 -53.0000 -54.1779 14 15 7
-60.5000 -54.0000 -90.0943 10 14 13
-59.5000 -54.0000 -83.7277 14 16 15
-58.5000 -54.0000 -78.5589 12 16 15
-57.5000 -54.0000 -74.5894 14 16 13
-56.5000 -54.0000 -71.7416 13 18 14
-55.5000 -54.0000 -69.8438 14 16 11
-54.5000 -54.0000 -68.6581 11 16 10
-51.5000 -54.0000 -67.2038 12 17 10
-50.5000 -54.0000 -67.0701 10 17 9
-38.5000 -54.0000 -71.4846 24 13 11
-37.5000 -54.0000 -69.5639 27 16 14
-36.5000 -54.0000 -67.8706 31 17 14
-35.5000 -54.0000 -66.6358 37 20 13
-34.5000 -54.0000 -65.9037 35 18 10
-33.5000 -54.0000 -65.5387 33 16 9
-32.5000 -54.0000 -65.2975 29 15 6
-31.5000 -54.0000 -64.9304 28 13 6
-30.5000 -54.0000 -64.2703 26 13 4
-29.5000 -54.0000 -63.2762 25 15 6
-28.5000 -54.0000 -62.0215 24 16 5
-27.5000 -54.0000 -60.6449 25 18 8
-26.5000 -54.0000 -59.2915 23 19 7
-25.5000 -54.0000 -58.0688 22 20 8
-24.5000 -54.0000 -57.0302 22 20 7
-23.5000 -54.0000 -56.1833 20 20 8
-22.5000 -54.0000 -55.5115 20 21 7
-21.5000 -54.0000 -54.9972 19 21 8
-20.5000 -54.0000 -54.6396 19 21 8
-19.5000 -54.0000 -54.4623 15 17 6
-18.5000 -54.0000 -54.5137 16 18 7
-17.5000 -54.0000 -54.8622 16 18 7
-16.5000 -54.0000 -55.5884 16 18 7
-15.5000 -54.0000 -56.7755 14 15 7
-56.5000 -55.0000 -85.4278 12 14 11
-27.5000 -55.0000 -70.0069 21 14 6
-26.5000 -55.0000 -68.4563 19 15 4
-25.5000 -55.0000 -67.0405 18 15 6
-24.5000 -55.0000 -65.8060 18 16 4
-23.5000 -55.0000 -64.7517 16 16 6
-22.5000 -55.0000 -63.8549 16 16 4
-21.5000 -55.0000 -63.0976 15 17 6
-20.5000 -55.0000 -62.4851 15 17 6
