ply
format ascii 1.0
element vertex 13715
property float x
property float y
property float z
property uchar red
property uchar green
property uchar blue
end_header
3.972 30.432 19.636 34 46 43
4.776 33.661 18.589 29 40 37
5.980 28.352 19.219 127 133 143
4.851 24.485 20.726 148 156 165
3.610 20.221 22.368 176 185 192
3.026 18.237 23.170 177 188 193
5.206 25.937 20.532 96 115 124
6.923 31.294 18.143 139 146 147
5.787 27.421 19.655 127 136 136
5.427 26.230 20.177 142 152 154
2.146 14.909 24.388 188 199 203
1.268 11.911 25.549 163 177 184
1.681 13.388 25.082 141 158 168
5.725 27.483 20.065 100 118 133
5.562 26.975 20.335 94 113 132
2.604 16.734 24.093 117 135 155
3.180 18.071 23.014 125 131 138
4.448 22.491 21.469 149 155 165
4.543 22.870 21.411 135 143 154
2.306 15.200 24.287 178 189 200
1.219 11.489 25.707 178 189 200
1.027 10.870 25.999 189 199 211
2.642 16.502 24.034 174 184 198
1.058 11.065 26.064 185 195 211
0.576 9.438 26.715 186 197 210
2.349 15.627 24.568 156 169 177
3.677 20.283 22.983 161 173 181
3.310 18.242 22.956 108 115 119
1.853 13.290 24.848 178 187 191
1.716 12.863 25.074 189 198 206
2.167 14.458 24.563 181 189 201
1.640 12.690 25.276 164 172 186
2.620 16.109 24.108 173 181 197
3.233 18.269 23.402 176 183 200
1.255 11.498 25.913 208 216 232
3.442 19.085 23.262 128 137 150
4.717 23.540 21.747 118 129 137
2.700 16.619 24.293 163 174 182
1.545 12.676 25.767 167 177 186
2.351 14.691 24.267 173 179 182
4.202 21.063 22.004 131 137 143
4.992 23.816 21.078 117 123 134
4.938 23.738 21.271 108 111 130
3.651 19.379 22.930 138 138 159
2.399 15.132 24.539 190 189 211
1.170 10.958 26.112 162 163 183
7.549 32.919 18.310 94 99 111
3.699 19.788 23.170 140 153 152
0.814 9.906 26.755 189 203 202
4.405 22.319 22.430 148 164 165
4.597 23.033 22.259 144 162 165
6.757 30.541 19.703 87 104 104
2.640 15.417 24.006 197 205 207
3.599 18.725 22.866 162 170 175
4.743 22.673 21.501 127 136 147
6.511 28.751 19.369 96 104 121
1.943 13.223 25.093 162 166 185
1.360 11.278 25.867 191 192 210
0.723 9.144 26.704 207 207 220
0.868 9.680 26.577 225 227 233
1.919 13.319 25.339 189 196 197
4.269 21.461 22.581 160 173 170
0.236 7.684 27.549 187 201 198
2.669 16.070 24.647 142 156 153
2.521 15.610 24.882 144 158 155
6.749 30.243 19.904 113 127 123
5.648 25.342 20.363 134 142 151
5.199 23.876 20.985 137 145 155
3.132 16.917 23.609 172 180 194
1.112 10.109 26.162 199 207 223
0.339 7.523 27.167 209 213 225
1.032 9.920 26.363 191 193 200
2.933 16.429 24.083 159 161 163
1.404 11.270 26.010 231 233 233
0.073 6.777 27.687 220 222 221
2.768 16.004 24.456 218 221 220
2.740 15.957 24.546 200 208 206
2.901 16.552 24.408 174 188 185
4.557 22.257 22.465 101 116 114
3.384 18.297 23.941 92 108 107
5.465 25.465 21.499 113 129 127
3.877 20.080 23.468 134 150 147
4.083 34.945 41.256 76 78 81
2.958 30.356 41.665 95 100 101
2.470 14.324 24.418 140 149 159
2.273 13.706 24.716 167 177 186
1.425 10.884 25.817 196 205 213
0.433 7.574 27.089 213 222 226
1.592 11.534 25.716 176 185 186
2.113 13.342 25.131 142 151 149
3.096 16.715 23.985 147 154 152
1.777 12.291 25.649 234 239 238
0.821 9.091 26.864 201 205 203
1.457 11.289 26.144 211 215 214
3.228 17.350 24.056 118 124 129
4.112 20.553 23.230 141 155 160
4.070 20.456 23.343 114 130 131
4.029 34.176 41.131 113 114 118
2.820 29.398 41.744 103 110 108
1.680 24.760 42.144 114 123 121
2.460 28.040 42.014 94 103 101
2.825 29.615 42.001 83 92 90
0.231 18.948 42.765 97 104 102
-0.478 16.067 43.022 90 94 93
1.390 10.443 25.849 176 183 188
2.280 13.476 24.805 138 144 147
3.413 17.332 23.468 128 134 135
4.160 19.894 22.611 142 147 146
2.593 14.662 24.587 191 195 194
0.946 9.156 26.649 229 234 233
0.606 8.050 27.113 200 205 204
0.331 7.163 27.496 192 197 196
2.471 14.432 24.956 181 188 186
1.775 12.124 25.851 212 221 219
3.475 17.916 23.860 134 141 145
5.868 26.068 21.046 111 117 127
2.133 13.464 25.584 181 191 202
3.499 18.141 24.007 175 190 200
4.025 19.974 23.440 133 149 159
3.541 18.378 24.076 138 153 161
1.301 22.608 41.970 151 151 156
2.453 27.386 41.718 130 132 136
2.393 27.264 41.902 134 143 143
2.372 27.242 41.991 142 151 151
-1.611 11.032 43.276 188 198 198
-2.690 6.638 43.616 211 221 221
-2.333 8.153 43.587 212 221 221
-0.497 15.780 43.200 118 125 127
2.709 29.073 42.500 8 12 16
2.845 29.702 42.554 64 71 73
1.361 23.687 43.065 106 118 115
0.665 7.779 26.832 202 208 211
3.901 18.653 22.915 148 155 158
4.582 20.982 22.142 149 155 156
2.624 14.466 24.592 233 237 236
0.832 8.502 26.826 211 215 214
0.676 8.015 27.066 206 211 210
0.341 6.931 27.521 219 223 222
0.139 6.290 27.814 219 223 222
3.118 16.354 24.274 183 190 188
3.707 18.381 23.624 192 201 199
2.430 14.127 25.213 163 170 174
3.200 16.766 24.349 158 164 174
3.802 18.846 23.688 170 177 193
2.536 14.618 25.254 187 196 215
2.378 14.128 25.497 179 188 203
5.297 24.044 22.100 138 147 156
3.999 33.049 40.956 102 101 115
3.328 30.450 41.334 161 160 169
2.164 25.779 41.757 163 162 171
1.610 23.581 41.997 140 142 150
2.064 25.493 41.949 122 131 137
0.824 20.546 42.449 172 188 196
0.091 17.606 42.721 136 151 162
-0.057 17.056 42.832 139 151 159
-2.906 5.439 43.637 205 213 218
-2.240 8.216 43.528 187 195 198
-1.307 12.089 43.360 165 174 177
-0.650 14.836 43.267 169 180 181
-1.178 12.720 43.463 157 171 170
-1.338 12.111 43.568 145 159 157
-1.073 13.251 43.575 156 170 166
0.561 20.035 43.277 78 90 86
2.364 13.215 24.841 198 202 204
2.795 14.695 24.370 178 182 184
2.086 12.376 25.288 166 171 171
1.192 9.432 26.427 205 209 208
0.825 8.246 26.923 213 218 216
0.876 8.457 26.911 198 202 201
0.283 6.513 27.676 231 235 234
0.261 6.479 27.751 229 234 233
4.540 20.853 22.669 134 141 141
3.547 17.574 23.918 150 159 161
1.055 9.259 26.949 170 180 189
4.882 22.149 22.447 163 173 189
2.630 14.634 25.182 168 178 197
1.983 12.501 26.004 171 181 202
2.817 15.354 25.073 165 175 195
6.987 29.439 20.220 87 96 112
6.638 28.319 20.699 145 152 160
6.596 28.232 20.817 158 163 162
2.252 25.531 41.444 105 107 118
3.080 28.938 41.276 60 61 72
1.610 23.055 41.797 114 116 126
-0.981 12.623 42.632 184 188 196
0.197 17.447 42.361 177 181 189
0.682 19.466 42.296 149 153 161
1.042 20.983 42.271 119 125 134
0.965 20.729 42.369 118 129 137
-1.162 12.139 43.017 152 165 175
-2.063 8.523 43.322 189 204 214
-2.454 6.976 43.487 190 202 213
-2.078 8.556 43.452 162 170 181
1.178 21.883 42.699 122 130 141
2.859 28.803 42.364 120 128 137
0.209 18.041 43.089 164 171 176
-0.866 13.697 43.417 129 135 136
-1.494 11.179 43.632 110 118 118
-0.183 16.597 43.400 154 163 163
0.797 20.669 43.255 104 111 111
1.322 9.511 26.206 207 213 215
2.266 12.686 25.110 205 214 216
1.658 10.710 25.901 209 215 218
1.444 10.037 26.212 201 206 209
0.790 7.905 27.052 203 208 213
1.285 9.591 26.507 184 191 196
2.006 12.035 25.693 192 198 200
2.043 12.201 25.702 161 165 164
2.443 13.578 25.278 143 148 149
1.822 11.547 26.073 158 164 169
1.296 9.833 26.750 153 162 174
0.710 7.915 27.496 176 186 204
1.698 11.261 26.378 164 174 193
2.734 14.772 25.210 153 163 181
2.809 15.069 25.178 146 156 174
4.122 19.515 23.696 98 108 124
5.324 23.595 22.352 132 140 147
5.435 24.020 22.287 131 136 135
5.872 25.539 21.843 133 137 135
4.168 32.675 40.635 132 131 138
2.458 25.941 41.340 124 128 137
1.052 20.353 41.848 140 148 152
0.166 16.846 42.188 162 174 173
-0.800 13.013 42.544 169 179 179
-1.056 12.031 42.686 170 179 181
-0.965 12.444 42.726 168 176 181
-1.429 10.623 42.923 173 182 189
-1.642 9.811 43.047 170 180 187
-1.799 9.222 43.154 192 203 210
-2.076 8.148 43.291 173 186 193
-2.183 7.764 43.382 202 217 225
-2.361 7.086 43.490 206 222 230
-2.444 6.796 43.572 187 202 210
-1.586 10.322 43.420 183 194 203
-0.090 16.448 43.120 137 143 153
-0.777 13.706 43.356 171 177 182
-1.809 9.558 43.667 147 154 155
-0.397 15.356 43.407 98 105 105
0.772 20.175 43.214 96 103 103
2.077 25.555 43.003 76 83 85
2.367 26.860 43.107 68 73 75
2.548 27.665 43.154 56 60 59
3.442 16.283 23.725 180 184 191
4.267 19.056 22.785 145 154 161
2.860 14.451 24.541 140 149 156
1.093 8.644 26.724 164 172 180
1.648 10.523 26.108 163 173 180
2.706 14.071 24.893 146 157 163
2.810 14.459 24.825 167 178 184
-0.029 5.077 28.263 210 221 227
-0.307 4.191 28.641 220 228 234
0.113 5.626 28.189 216 222 228
0.554 7.130 27.716 192 199 204
0.466 6.875 27.869 213 222 226
1.167 9.249 27.094 186 195 202
2.532 13.842 25.543 144 152 162
2.972 15.355 25.084 135 143 151
2.711 14.528 25.445 148 156 161
6.597 27.612 21.046 131 136 135
3.769 30.569 40.631 103 97 103
2.792 26.739 41.029 108 107 110
0.064 16.023 42.111 155 162 161
-0.217 14.949 42.267 189 199 198
-1.325 10.565 42.665 180 191 191
-1.278 10.803 42.716 169 179 180
-1.020 11.885 42.707 149 158 160
-2.121 7.516 43.085 188 197 203
-1.499 10.061 42.973 183 194 203
-1.191 11.344 42.953 168 177 185
-1.069 11.885 42.986 148 156 161
-2.686 5.423 43.481 198 205 210
-2.421 6.533 43.471 179 185 190
-2.622 5.767 43.583 181 187 191
-2.274 7.216 43.555 188 195 195
-1.941 8.606 43.535 177 184 185
-1.472 10.551 43.484 156 163 164
-1.244 11.520 43.496 166 173 173
-2.158 7.868 43.775 211 218 219
-1.323 11.296 43.647 181 188 188
-2.295 7.405 43.930 215 221 222
-2.045 8.465 43.938 183 191 193
3.936 32.809 42.719 41 49 52
3.561 31.352 42.889 88 96 99
0.937 20.737 43.517 108 114 117
5.560 22.995 21.268 141 148 169
4.573 19.795 22.520 152 160 176
1.868 10.931 25.830 168 175 192
0.841 7.585 27.113 195 203 219
2.141 11.913 25.609 178 187 199
2.260 12.348 25.521 173 183 190
2.256 12.378 25.580 165 175 181
1.811 10.950 26.161 166 175 180
1.659 10.487 26.394 189 196 199
1.426 9.756 26.722 192 196 198
1.948 11.527 26.159 189 193 194
0.781 7.699 27.582 191 195 197
0.794 7.780 27.617 193 199 201
0.838 7.966 27.616 151 157 160
0.500 6.882 28.060 180 186 190
3.643 17.376 24.456 161 168 171
7.641 30.784 19.952 101 106 103
2.658 25.791 41.032 132 135 128
4.547 33.339 40.515 106 109 104
0.421 17.133 42.038 147 151 150
1.240 20.445 41.865 161 169 169
-1.547 9.401 42.761 173 184 184
-1.399 10.041 42.781 161 171 171
-1.228 10.768 42.797 149 158 160
-2.023 7.643 43.085 215 225 234
-1.295 10.597 42.946 198 208 222
-0.752 12.817 42.863 181 191 200
-1.104 11.458 43.025 187 196 199
-1.465 10.059 43.186 185 191 191
-1.510 9.924 43.262 152 157 156
-1.908 8.377 43.428 160 164 163
-2.017 7.983 43.518 198 202 201
-2.000 8.098 43.576 196 202 200
-1.275 11.059 43.464 174 181 179
-1.110 11.772 43.492 175 183 183
-2.364 6.769 43.848 201 210 211
-2.360 6.829 43.908 205 214 214
-2.633 5.772 44.030 205 214 214
-2.455 6.536 44.052 203 213 217
-2.701 5.585 44.165 188 198 207
3.338 30.061 42.970 95 105 115
1.981 24.631 43.334 135 143 153
3.276 15.227 24.123 144 154 175
2.365 12.283 25.273 173 183 199
0.984 7.794 26.978 183 192 206
1.935 10.956 25.893 184 192 204
2.470 12.754 25.310 203 211 220
2.024 11.331 25.893 201 210 217
1.599 9.973 26.450 193 202 206
0.821 7.452 27.421 170 179 181
1.440 9.531 26.741 201 207 209
1.679 10.361 26.511 206 210 212
0.885 7.782 27.494 201 204 207
1.517 9.908 26.805 178 179 184
1.583 10.166 26.781 199 200 205
1.963 11.463 26.391 154 156 160
1.486 9.925 26.998 204 207 207
3.096 15.300 25.187 176 179 176
3.352 16.192 24.949 94 96 93
4.466 32.504 40.408 111 112 111
0.688 17.670 41.701 150 152 151
2.280 24.007 41.273 146 148 148
2.287 24.092 41.351 157 159 158
3.181 27.683 41.157 137 140 139
2.754 26.055 41.370 137 142 141
-1.221 10.421 42.696 179 188 193
-1.396 9.774 42.811 146 155 161
-0.212 14.519 42.540 136 145 150
-1.772 8.372 43.044 218 228 231
-1.789 8.352 43.111 198 209 211
-1.381 10.020 43.064 177 186 187
-1.371 10.108 43.125 176 183 184
-2.075 7.350 43.374 184 190 188
-2.154 7.077 43.456 184 189 185
-1.788 8.585 43.425 184 189 185
-2.479 5.867 43.659 223 228 227
-1.787 8.678 43.551 178 182 187
-1.083 11.544 43.446 168 171 182
-1.936 8.176 43.712 190 196 208
-1.918 8.294 43.771 187 195 207
-1.071 11.737 43.644 143 151 163
-1.995 8.075 43.914 156 164 176
-2.193 7.325 44.019 164 173 189
-2.322 6.852 44.108 173 182 201
-0.321 14.952 43.758 97 106 121
0.200 17.100 43.724 140 148 159
1.374 21.889 43.566 125 132 143
1.954 10.660 25.804 204 210 217
3.013 14.160 24.592 190 196 208
3.347 15.294 24.250 188 194 204
2.238 11.710 25.624 188 194 202
2.998 14.242 24.776 175 181 189
2.674 13.224 25.215 159 165 173
1.711 10.110 26.406 192 199 204
0.492 6.152 27.892 212 221 223
1.033 7.966 27.305 224 232 234
0.453 6.100 28.034 211 218 221
2.184 11.826 26.063 176 181 185
8.442 32.453 18.832 126 130 133
4.120 18.284 23.922 166 169 173
3.415 16.008 24.798 138 140 144
1.742 10.538 26.789 195 197 198
0.748 7.300 27.986 167 170 167
2.031 11.573 26.563 122 124 121
2.037 22.595 41.233 160 159 160
2.140 23.058 41.278 133 133 133
2.246 23.532 41.324 133 132 136
1.200 19.475 41.725 142 141 148
1.994 22.652 41.559 115 115 120
1.770 21.829 41.704 142 142 144
1.232 19.764 41.940 133 135 138
0.423 16.628 42.250 175 179 182
-1.971 7.232 43.005 190 195 198
-1.386 9.587 42.902 180 187 187
-2.094 6.835 43.162 212 221 221
-0.479 13.268 42.783 145 154 155
-1.278 10.154 43.065 183 190 190
-1.432 9.588 43.170 179 184 183
-1.911 7.736 43.358 184 188 187
-2.645 4.868 43.607 194 199 198
-2.179 6.759 43.550 185 190 188
-2.951 3.735 43.800 220 225 224
-1.429 9.833 43.491 161 166 170
-1.219 10.715 43.506 166 172 182
-2.449 5.862 43.857 192 198 211
-1.994 7.719 43.814 208 216 230
-0.930 12.013 43.639 127 135 149
-0.350 14.379 43.580 102 110 124
-0.111 15.388 43.599 111 119 136
-1.654 9.262 43.993 126 136 154
-0.673 13.237 43.857 110 119 136
-0.098 15.593 43.811 108 116 130
0.715 18.909 43.724 114 121 132
3.196 29.051 43.501 84 88 87
0.554 5.878 27.562 222 227 228
0.774 6.629 27.349 201 207 212
1.729 9.776 26.266 213 220 229
1.258 8.281 26.875 217 223 235
1.571 9.343 26.555 192 198 211
1.279 8.429 26.951 180 188 200
3.397 15.381 24.515 183 191 200
2.817 13.532 25.251 195 201 207
0.951 7.475 27.486 227 233 235
1.967 10.837 26.352 185 189 191
5.783 23.368 21.971 114 118 125
4.187 18.238 23.944 110 112 126
4.971 20.857 23.100 147 148 162
5.395 22.294 22.676 126 129 142
3.063 14.727 25.470 157 158 162
3.322 15.623 25.232 169 169 167
3.093 14.913 25.550 161 163 165
1.078 18.521 41.578 161 160 166
0.740 17.252 41.758 146 145 150
1.246 19.284 41.673 127 126 133
0.213 15.296 42.063 140 139 148
0.750 17.449 41.972 112 112 121
3.735 29.198 41.158 102 104 110
-0.895 11.104 42.598 164 167 173
-1.323 9.468 42.787 208 212 218
-2.340 5.521 43.138 214 221 224
-2.546 4.754 43.255 212 221 221
-2.398 5.377 43.273 180 188 187
0.054 15.076 42.670 142 149 148
0.129 15.423 42.720 182 188 186
-1.665 8.396 43.260 198 202 201
-1.648 8.512 43.318 183 187 186
-1.999 7.168 43.469 191 195 194
-2.322 5.934 43.611 209 214 216
-2.421 5.586 43.695 215 221 226
-1.854 7.877 43.619 200 206 214
-2.419 5.680 43.814 183 189 199
-2.837 4.068 43.970 185 192 202
-3.047 3.274 44.076 211 219 228
-2.727 4.588 44.063 215 224 229
-0.955 11.677 43.738 124 133 136
-0.703 12.726 43.752 145 154 158
-1.505 9.584 43.986 187 196 203
-2.079 7.339 44.167 188 197 205
-2.075 7.399 44.229 158 167 174
-1.056 11.513 44.094 111 118 121
-0.265 14.724 44.012 113 118 116
2.309 11.346 25.562 200 203 204
3.131 14.050 24.643 199 203 205
2.001 10.428 26.033 192 197 206
2.558 12.278 25.429 155 161 178
5.735 22.683 21.814 184 190 205
3.106 14.184 24.951 199 204 215
1.168 7.923 27.267 200 204 212
1.258 8.254 27.212 205 209 216
1.845 10.205 26.582 165 169 177
3.676 16.216 24.516 101 105 112
3.501 15.687 24.776 120 124 132
2.900 13.772 25.525 102 103 118
3.524 15.853 24.865 111 108 132
5.190 21.345 23.014 85 84 109
4.285 18.477 24.171 177 182 193
4.839 20.339 23.602 152 159 159
4.372 18.856 24.193 148 158 162
7.562 29.370 20.649 139 149 158
3.107 26.031 40.891 124 130 138
-0.167 13.371 42.009 131 137 144
0.584 16.339 41.843 136 142 149
1.429 19.681 41.653 107 114 121
0.097 14.547 42.133 136 142 149
2.970 25.792 41.343 93 98 106
-1.691 7.717 42.860 205 209 216
-1.438 8.751 42.849 172 176 182
-1.910 6.950 43.045 199 206 208
-2.680 3.983 43.319 213 222 220
-2.504 4.711 43.329 192 200 198
-0.289 13.436 42.793 141 145 144
0.965 18.402 42.531 170 175 173
-1.887 7.260 43.345 200 205 204
-1.772 7.754 43.377 165 168 168
-1.121 10.361 43.276 183 185 187
-1.656 8.302 43.473 208 209 218
-1.069 10.657 43.394 153 154 170
-0.566 12.687 43.340 164 167 184
-1.723 8.171 43.677 187 192 207
-2.134 6.594 43.834 190 198 206
-2.431 5.466 43.961 201 210 213
-2.840 3.890 44.111 221 230 232
-1.629 8.723 43.909 144 153 156
-1.477 9.371 43.941 184 193 195
-1.962 7.495 44.105 192 201 203
-2.416 5.740 44.259 189 198 202
-1.543 9.251 44.148 192 201 203
-1.852 8.067 44.271 169 176 175
8.605 31.413 18.213 140 143 157
2.632 12.236 25.380 212 222 244
1.029 7.100 27.313 198 211 240
3.012 13.549 25.043 121 137 162
4.678 18.983 23.155 151 167 186
1.778 9.639 26.590 150 162 178
0.920 6.899 27.638 177 185 199
0.162 4.479 28.565 215 220 231
0.714 6.303 27.976 211 214 223
2.258 11.355 26.246 149 152 158
3.462 15.308 24.916 117 119 125
1.452 8.817 27.277 193 192 206
0.751 6.576 28.129 218 216 237
1.298 8.393 27.555 197 201 221
6.709 26.425 21.927 165 172 169
2.110 21.832 41.250 99 111 124
0.465 15.531 41.844 93 105 116
1.738 20.506 41.520 85 98 106
1.832 20.924 41.567 103 119 127
-0.462 12.087 42.335 168 188 195
1.059 18.034 41.950 121 143 149
3.774 28.625 41.228 105 125 132
-1.559 7.968 42.851 192 205 211
-0.663 11.498 42.659 153 159 165
-1.527 8.182 42.966 200 206 209
-2.598 4.059 43.323 215 221 222
-2.081 6.115 43.241 213 219 220
-2.008 6.440 43.282 189 193 194
-1.434 8.723 43.192 199 203 204
-1.692 7.763 43.321 197 201 202
-1.123 10.031 43.240 151 154 158
-1.320 9.307 43.353 166 167 176
-1.458 8.811 43.451 213 213 229
-1.282 9.545 43.473 164 164 184
-1.282 9.592 43.537 165 168 187
-1.152 10.150 43.571 174 179 194
-1.823 7.557 43.788 186 192 200
-2.550 4.743 44.012 215 221 224
-1.614 8.469 43.867 186 195 195
0.828 18.134 43.411 121 133 130
-0.557 12.727 43.774 139 153 151
-1.015 10.968 43.936 114 130 129
-1.138 10.530 44.027 135 151 150
-1.325 9.840 44.129 175 191 190
1.540 21.215 43.650 161 176 175
3.750 30.142 43.496 77 91 83
4.008 31.228 43.540 65 78 71
3.247 13.893 24.639 171 174 189
4.927 19.335 22.723 140 146 160
4.431 17.876 23.483 102 124 148
3.362 14.477 24.785 117 138 156
2.594 12.043 25.731 111 131 144
1.611 8.913 26.922 145 162 172
2.595 12.127 25.839 138 151 161
4.104 17.047 24.158 123 131 143
2.844 13.015 25.663 141 147 158
3.032 13.668 25.502 168 174 184
1.934 10.153 26.811 198 203 218
0.849 6.676 28.099 216 221 240
1.012 7.244 27.963 205 213 226
5.695 22.527 22.776 124 137 144
6.327 24.632 22.128 131 146 154
8.022 30.195 20.290 115 136 140
5.888 23.403 22.882 165 171 172
2.749 13.213 26.435 196 200 200
2.508 22.981 41.085 122 135 155
2.129 21.582 41.283 114 125 152
2.736 23.971 41.171 110 121 142
2.163 21.879 41.504 148 164 176
-1.564 7.558 42.697 213 233 244
-1.718 7.006 42.804 187 208 217
0.349 15.037 42.264 125 145 151
-0.320 12.498 42.526 179 192 196
-0.852 10.487 42.743 170 177 178
-2.051 5.892 43.140 208 214 215
-2.089 5.786 43.211 232 239 240
-1.990 6.213 43.244 213 219 221
-2.530 4.161 43.447 209 214 217
-2.382 4.775 43.466 190 192 198
-1.869 6.811 43.394 173 174 183
0.048 14.316 42.974 147 148 161
-1.324 9.021 43.382 158 159 174
-2.311 5.222 43.684 225 226 243
-2.467 4.653 43.781 238 239 255
-1.639 7.929 43.647 174 176 183
-0.264 13.342 43.395 169 172 171
-0.465 12.607 43.509 185 188 188
-1.913 6.988 43.895 212 216 217
-1.390 9.082 43.844 179 187 186
-0.436 12.864 43.707 154 166 163
-1.205 9.897 43.934 171 186 183
-1.716 7.937 44.103 154 173 171
-0.854 11.367 43.996 145 164 164
-0.131 14.261 43.923 134 151 154
-0.308 13.612 44.027 142 158 162
0.227 15.769 43.998 129 142 146
-0.007 14.896 44.112 135 150 151
2.838 26.174 43.686 93 109 108
3.095 27.248 43.727 78 93 92
3.906 30.511 43.678 74 88 87
1.697 8.693 26.549 209 216 228
1.607 8.445 26.705 211 221 237
4.259 16.978 23.664 157 172 190
4.291 17.259 23.863 168 187 202
2.790 12.478 25.650 174 191 203
2.260 10.815 26.313 191 206 218
3.381 14.465 25.082 155 167 180
3.809 15.885 24.650 136 148 161
3.418 14.710 25.211 141 154 168
2.732 12.541 26.045 182 197 209
3.448 14.894 25.291 189 204 212
3.669 15.652 25.099 175 191 194
3.948 16.599 24.843 180 196 201
5.541 21.798 23.116 148 163 171
4.901 19.775 23.895 106 118 128
3.732 16.119 25.378 169 171 177
4.129 28.852 40.608 99 109 125
1.268 17.964 41.592 85 94 122
1.636 19.425 41.551 119 130 150
2.635 23.307 41.320 96 109 118
0.358 14.631 42.086 133 145 153
-1.573 7.265 42.729 224 234 243
-2.152 5.084 42.960 222 235 243
-2.263 4.702 43.051 190 205 211
0.827 16.632 42.231 142 154 157
-1.237 8.734 42.881 179 185 186
-2.396 4.311 43.263 213 219 219
-2.152 5.294 43.255 236 242 243
-1.375 8.335 43.107 202 207 207
-1.529 7.786 43.210 195 197 199
-1.209 9.066 43.189 163 163 179
-0.365 12.378 43.039 151 150 180
-0.835 10.604 43.224 148 148 180
-1.383 8.526 43.423 158 157 187
-2.533 4.110 43.763 225 226 246
-1.857 6.776 43.662 238 240 248
-2.558 4.097 43.885 197 199 202
-2.259 5.299 43.876 193 195 194
-1.502 8.289 43.767 192 195 194
-1.068 10.021 43.735 208 213 212
-2.137 5.900 44.029 192 197 195
-1.839 7.108 44.027 196 200 199
-0.688 11.646 43.853 126 136 134
-1.295 9.318 44.042 136 153 151
-1.727 7.676 44.191 188 205 208
-1.673 7.931 44.244 163 178 186
-1.544 8.482 44.283 151 166 175
-0.915 10.991 44.232 160 175 183
-0.339 13.297 44.196 137 154 157
3.719 29.280 43.563 97 116 114
3.519 28.554 43.685 97 115 111
3.611 28.978 43.757 83 99 95
3.487 14.175 24.547 197 204 208
3.340 13.750 24.774 209 215 223
4.578 17.739 23.393 186 193 202
5.436 20.524 22.459 128 136 146
3.169 13.330 25.139 135 147 159
1.710 8.707 26.875 137 154 168
1.043 6.609 27.694 174 191 206
0.792 5.844 28.031 187 204 218
1.947 9.583 26.758 149 166 179
3.006 13.017 25.603 138 155 167
3.769 15.506 24.791 125 145 157
5.807 22.093 22.536 78 99 110
4.131 16.845 24.614 123 135 137
7.549 27.893 20.836 108 122 123
7.541 28.025 21.053 116 122 131
8.946 32.666 19.637 122 124 136
2.118 20.843 41.287 83 91 115
1.746 19.479 41.480 80 88 116
-0.097 12.509 42.122 136 153 169
-1.366 7.715 42.574 179 201 205
-1.176 8.485 42.579 172 190 194
-0.048 12.839 42.309 124 135 141
0.676 15.655 42.166 130 139 146
0.588 15.368 42.262 148 156 163
-1.410 7.765 42.896 203 209 214
-0.639 10.764 42.743 166 171 172
-1.054 9.217 42.922 202 209 209
-1.485 7.608 43.102 231 241 241
-1.680 6.901 43.216 200 206 207
-1.533 7.512 43.238 204 206 208
-2.362 4.364 43.512 212 213 218
-2.224 4.935 43.536 194 195 202
-1.800 6.614 43.490 190 192 195
-0.946 9.948 43.344 169 172 171
-1.461 8.008 43.532 230 232 234
-2.655 3.439 43.874 216 218 222
-1.487 7.993 43.663 188 190 192
-2.140 5.512 43.873 208 210 210
-2.330 4.818 43.975 207 209 209
-1.678 7.387 43.893 190 192 194
-2.159 5.567 44.057 227 228 230
-2.047 6.043 44.094 232 234 236
-0.392 12.514 43.819 141 144 147
0.320 15.330 43.746 123 127 133
-1.012 10.198 44.076 178 182 190
-1.267 9.252 44.190 177 180 191
-1.610 7.959 44.318 164 166 178
-1.245 9.426 44.315 172 176 186
2.571 24.370 43.708 82 93 100
2.655 24.755 43.776 94 112 115
1.213 19.176 44.100 107 127 125
3.152 12.870 25.030 206 213 215
3.003 12.439 25.257 195 201 207
3.817 15.067 24.371 200 207 213
2.694 11.538 25.723 170 178 185
2.304 10.336 26.226 164 174 184
3.180 13.167 25.273 161 171 185
7.501 26.979 20.384 105 116 135
5.236 19.851 23.100 136 148 172
4.210 16.623 24.326 143 155 177
5.162 19.710 23.306 103 113 127
3.353 13.968 25.412 138 147 152
2.760 12.115 26.136 187 195 195
4.174 16.683 24.602 155 164 162
5.256 20.193 23.449 112 124 120
9.116 32.619 19.196 115 129 126
6.791 25.212 21.863 116 130 130
5.078 19.764 23.833 153 164 170
8.722 31.518 19.855 139 144 159
1.805 19.340 41.424 135 144 162
0.012 12.598 42.054 119 129 145
0.016 12.659 42.120 147 167 176
-0.787 9.659 42.430 143 170 173
-1.963 5.234 42.843 182 202 206
-1.492 7.066 42.764 163 174 181
0.223 13.635 42.330 125 133 140
2.774 23.401 41.673 129 135 142
-1.132 8.567 42.847 208 212 218
-2.359 3.933 43.248 220 224 228
-1.482 7.320 43.067 201 207 209
-1.296 8.076 43.079 204 213 213
-2.095 5.063 43.352 200 209 209
-1.328 8.039 43.213 193 202 202
-2.048 5.324 43.458 232 238 237
-1.806 6.293 43.457 236 238 238
-2.180 4.902 43.610 234 236 235
-1.729 6.677 43.560 200 202 201
-1.456 7.765 43.557 187 191 190
0.340 14.716 43.202 148 152 151
-1.031 9.490 43.585 154 158 157
-1.922 6.103 43.848 210 212 212
-1.923 6.143 43.909 211 214 213
-1.130 9.245 43.800 174 176 176
-0.981 9.863 43.833 215 216 216
-1.990 6.011 44.106 219 219 221
-2.430 4.351 44.255 222 223 229
-2.155 5.456 44.260 200 204 212
-1.347 8.627 44.165 176 179 189
-1.811 6.875 44.316 179 183 193
-1.793 6.987 44.374 180 184 195
-1.340 8.791 44.355 197 203 213
3.206 26.497 43.626 94 106 114
2.140 22.413 43.892 93 110 118
0.852 17.454 44.186 99 118 124
1.565 20.283 44.145 65 83 88
2.912 11.875 25.399 188 192 190
3.061 12.386 25.282 144 149 148
3.819 14.829 24.463 162 167 169
3.720 14.557 24.634 176 183 188
4.894 18.321 23.346 163 171 177
4.526 17.198 23.827 160 170 179
5.869 21.503 22.356 138 150 173
9.220 32.195 18.611 82 94 130
5.556 20.603 22.838 120 133 169
4.916 18.615 23.624 132 145 174
4.560 17.528 24.085 101 112 129
1.181 6.809 27.947 186 195 200
1.902 9.147 27.187 190 197 196
5.634 21.088 23.063 162 169 166
6.937 25.292 21.673 164 174 168
6.619 24.378 22.159 127 136 132
7.931 28.621 20.774 123 128 127
4.239 16.902 24.979 113 116 129
0.833 15.371 41.764 137 152 166
0.955 15.877 41.797 122 144 155
0.736 15.100 41.935 139 163 169
0.444 14.046 42.092 156 178 180
-1.561 6.513 42.753 189 203 205
-1.768 5.771 42.873 196 203 206
-1.336 7.450 42.809 201 206 209
-1.422 7.167 42.895 193 199 202
1.010 16.434 42.280 126 134 137
0.498 14.542 42.492 185 197 199
-1.374 7.478 43.066 221 233 234
-0.607 10.436 42.925 158 169 169
-1.261 7.993 43.160 201 213 212
-1.679 6.444 43.330 195 206 204
-2.093 4.909 43.495 193 201 199
-1.829 5.957 43.489 179 184 183
-1.697 6.505 43.517 166 170 169
-1.134 8.698 43.443 158 163 162
-0.745 10.230 43.415 151 157 156
1.283 18.035 43.013 146 153 151
0.070 13.441 43.362 154 160 161
-0.848 9.969 43.635 147 151 154
-0.988 9.478 43.730 180 183 186
-1.583 7.240 43.921 202 204 206
-1.575 7.313 43.982 218 220 222
-0.788 10.382 43.883 173 175 177
-1.206 8.820 44.033 186 189 193
-1.416 8.057 44.138 175 179 184
-1.107 9.289 44.142 160 163 170
-1.425 8.109 44.266 171 175 181
-2.204 5.144 44.471 173 179 185
-1.119 9.380 44.339 190 198 203
0.389 15.256 44.143 144 156 159
2.720 24.325 43.822 93 106 108
2.408 23.231 44.037 61 75 79
3.946 14.899 24.298 234 239 236
1.646 7.696 26.998 200 207 205
3.449 13.417 24.982 153 163 164
2.569 10.683 26.043 199 210 217
3.144 12.536 25.442 177 189 203
3.990 15.252 24.533 152 164 186
3.614 14.105 25.018 159 172 199
5.143 18.985 23.344 91 104 133
7.701 27.128 20.517 103 116 143
4.455 16.985 24.359 156 171 179
6.838 24.690 21.890 123 128 126
6.232 22.812 22.628 136 141 140
0.864 15.246 41.860 146 163 175
1.581 17.991 41.714 130 146 159
0.929 15.590 41.981 144 157 170
-0.402 10.628 42.442 181 190 199
-1.111 8.002 42.712 177 184 189
-0.970 8.575 42.734 184 189 195
-1.889 5.151 43.054 212 219 224
-0.589 10.102 42.754 133 141 145
5.175 31.932 41.252 110 121 123
5.068 31.588 41.371 122 136 135
3.849 27.037 41.781 150 167 163
1.314 17.493 42.521 156 171 167
0.135 13.072 42.895 153 165 162
-1.865 5.532 43.464 187 197 194
-1.514 6.908 43.437 189 196 194
-1.771 5.971 43.561 169 175 176
-1.134 8.438 43.470 172 178 181
-2.351 3.848 43.817 192 202 204
-1.329 7.782 43.641 155 168 167
0.039 13.038 43.397 150 165 164
2.909 24.036 42.834 98 111 110
3.155 25.031 42.863 87 95 95
-0.686 10.412 43.756 208 210 212
-2.055 5.220 44.105 227 228 231
-1.444 7.602 44.041 190 192 196
-1.058 9.124 44.028 171 174 179
-1.430 7.743 44.164 215 219 225
-1.862 6.130 44.309 183 188 194
-1.514 7.505 44.306 183 190 195
-1.444 7.821 44.356 165 178 182
-0.819 10.268 44.309 149 167 169
-0.698 10.777 44.354 186 201 202
0.637 15.964 44.198 160 170 170
1.112 17.846 44.194 91 98 100
3.526 13.339 24.874 222 227 229
3.685 13.881 24.747 200 206 209
3.200 12.399 25.357 156 163 170
2.147 9.131 26.611 198 206 220
2.419 10.023 26.355 195 204 229
2.618 10.688 26.182 180 191 225
5.821 20.817 22.615 119 132 168
6.060 21.614 22.409 95 110 143
5.422 19.652 23.189 116 135 157
8.523 29.482 19.775 92 113 124
8.683 30.249 19.954 128 140 141
0.961 15.321 41.865 120 137 149
0.499 13.644 42.073 136 151 164
-0.389 10.364 42.404 132 145 158
-0.040 11.716 42.368 157 166 180
-0.941 8.383 42.693 184 190 205
-1.623 5.868 42.948 205 209 224
-1.863 5.010 43.074 222 227 240
0.944 15.599 42.364 138 150 158
0.609 14.391 42.525 152 170 173
-0.136 11.631 42.793 140 159 158
0.209 12.977 42.769 170 188 184
0.017 12.300 42.887 184 199 195
-1.179 7.835 43.256 178 190 187
-1.489 6.708 43.396 176 185 185
-1.397 7.099 43.434 174 180 184
-0.793 9.426 43.351 172 178 182
-0.146 11.919 43.263 187 193 196
-0.915 9.050 43.508 171 181 182
-1.560 6.651 43.719 151 165 164
-0.653 10.133 43.578 171 186 185
-0.865 9.375 43.690 179 193 192
-1.457 7.167 43.881 176 184 186
-1.789 5.946 44.013 216 218 222
-2.181 4.498 44.154 220 219 227
-2.027 5.126 44.182 232 231 240
-2.233 4.383 44.282 223 223 232
-2.363 3.925 44.366 225 227 235
-1.852 5.916 44.329 189 192 200
-1.100 8.832 44.252 173 179 184
-1.600 6.964 44.406 185 194 198
-1.614 6.956 44.470 188 197 200
-0.845 9.942 44.402 198 205 206
-0.128 12.735 44.349 175 179 178
1.319 18.335 44.185 144 149 148
4.535 16.257 23.812 206 214 225
5.039 17.877 23.296 195 205 219
3.155 12.027 25.498 188 199 215
3.229 12.299 25.469 180 192 210
3.782 14.071 24.898 148 161 182
2.639 10.531 26.244 183 197 221
5.009 18.003 23.631 121 137 161
7.811 26.843 20.546 62 80 103
5.126 18.459 23.620 103 125 141
5.079 18.356 23.734 105 129 139
7.835 27.068 20.726 106 129 137
6.555 23.140 22.281 93 112 119
5.711 20.528 23.278 93 110 118
5.923 21.335 23.235 100 107 109
-0.919 8.039 42.467 187 200 208
-1.156 7.200 42.599 217 226 234
-0.267 10.556 42.400 153 159 167
-0.308 10.447 42.477 184 197 210
-1.447 6.241 42.866 219 238 254
-0.989 7.992 42.798 206 218 233
-0.458 10.022 42.713 174 180 192
-1.101 7.660 42.953 184 195 203
-1.130 7.594 43.023 163 181 183
-0.662 9.389 42.961 140 157 156
0.789 14.877 42.649 160 174 171
-0.972 8.316 43.168 189 199 196
-0.892 8.658 43.211 162 169 168
-0.336 10.791 43.138 147 151 151
-0.168 11.470 43.163 150 152 153
-0.542 10.108 43.319 146 147 150
1.289 17.051 42.956 145 147 151
0.562 14.359 43.196 156 163 165
-1.604 6.233 43.754 170 182 181
-1.601 6.286 43.814 192 201 202
-2.270 3.800 44.020 199 203 207
-1.789 5.659 43.976 198 201 204
-2.018 4.835 44.084 203 205 209
-1.738 5.935 44.086 204 205 211
-1.161 8.168 44.032 215 215 224
-1.922 5.323 44.244 187 185 200
-1.906 5.425 44.301 189 187 208
-0.512 10.761 44.102 145 145 167
-1.047 8.775 44.266 164 167 187
-1.513 7.044 44.412 208 212 222
-1.371 7.627 44.450 198 202 204
-1.273 8.044 44.497 198 202 203
-1.117 8.681 44.535 205 209 211
-0.047 12.814 44.428 132 137 137
5.676 34.730 43.610 70 74 73
5.499 19.010 22.811 163 172 183
3.721 13.518 24.890 173 186 199
3.660 13.372 25.014 178 193 210
6.143 21.152 22.267 129 145 166
5.716 19.867 22.811 109 127 149
7.800 26.421 20.531 122 141 164
4.570 16.377 24.220 146 164 190
8.757 29.564 19.670 120 139 159
6.337 22.041 22.431 147 166 178
5.938 20.835 22.939 134 152 161
6.901 23.903 21.936 82 100 107
8.969 30.439 19.721 97 114 121
8.324 28.517 20.573 89 101 108
-1.794 4.588 42.817 221 224 230
-0.749 8.503 42.571 192 196 200
-0.535 9.341 42.572 199 211 214
-0.529 9.407 42.634 224 244 248
-0.829 8.335 42.782 172 193 197
1.518 17.113 42.200 96 116 120
-1.072 7.518 42.973 173 194 199
-0.915 8.146 42.993 167 187 191
-0.056 11.393 42.831 140 157 158
-0.078 11.354 42.903 174 188 185
-2.291 3.133 43.530 205 215 213
-1.562 5.897 43.406 179 186 184
-0.957 8.203 43.318 149 154 151
-1.458 6.371 43.501 194 196 193
-1.676 5.595 43.614 186 188 186
-1.481 6.367 43.628 188 190 190
-0.679 9.417 43.507 153 155 156
-0.186 11.314 43.461 164 166 167
-1.264 7.308 43.764 188 190 193
-1.172 7.697 43.807 188 190 194
-0.942 8.603 43.821 187 189 193
-0.652 9.742 43.825 169 171 175
-0.351 10.920 43.829 163 165 172
0.639 14.704 43.700 171 172 181
-1.411 7.010 44.167 191 191 201
-1.107 8.199 44.172 184 183 192
-0.184 11.734 44.065 118 118 124
-1.795 5.683 44.423 210 212 214
-1.921 5.247 44.506 209 213 214
-1.458 7.041 44.487 155 159 160
-1.606 6.522 44.574 192 196 198
-1.170 8.221 44.565 202 207 208
-0.712 10.005 44.557 123 128 127
2.891 23.755 44.069 85 90 86
5.090 32.182 43.823 83 87 87
6.222 20.997 22.090 145 160 180
4.194 14.753 24.446 158 173 204
3.285 11.973 25.528 153 170 201
7.173 24.088 21.211 76 97 124
6.014 20.534 22.577 106 127 152
8.009 26.784 20.408 131 152 174
-0.967 7.404 42.602 218 219 219
-0.753 8.237 42.602 229 231 231
-1.312 6.215 42.824 231 235 233
-0.122 10.654 42.550 237 242 241
0.784 14.053 42.364 156 160 163
5.596 31.924 41.122 80 86 93
1.179 15.611 42.397 98 111 128
-0.822 8.238 42.997 126 144 167
-0.055 11.129 42.860 119 134 145
0.509 13.270 42.782 171 180 178
-0.901 8.074 43.205 233 241 237
-1.682 5.209 43.461 232 239 238
-1.749 4.998 43.537 197 201 199
-0.501 9.692 43.298 194 196 193
-1.692 5.294 43.642 205 207 205
-1.834 4.803 43.735 221 223 222
-1.697 5.354 43.763 195 197 197
-0.591 9.531 43.578 169 172 171
-1.164 7.433 43.767 180 182 184
-0.780 8.910 43.748 169 171 175
-1.527 6.154 43.968 197 199 204
-1.810 5.138 44.086 238 240 244
-1.629 5.854 44.110 175 179 181
0.627 14.371 43.729 158 163 164
-0.729 9.323 44.060 190 194 195
-1.782 5.403 44.322 225 229 230
-0.997 8.402 44.238 149 155 156
-2.222 3.827 44.521 218 225 226
-1.763 5.600 44.500 218 225 224
-1.048 8.339 44.439 158 165 163
-0.759 9.473 44.455 160 168 168
-1.158 8.010 44.585 197 206 206
0.172 13.083 44.440 134 143 139
-0.149 11.915 44.559 134 142 135
4.650 30.145 43.918 120 126 127
6.233 20.768 22.180 140 158 188
5.872 19.699 22.649 157 176 217
5.753 19.374 22.846 140 159 203
6.552 21.892 22.012 123 142 185
5.544 18.816 23.203 138 157 198
7.001 23.375 21.640 137 156 193
7.479 24.904 21.175 122 137 171
6.287 21.255 22.563 135 146 177
9.017 29.879 19.752 76 89 108
9.048 30.028 19.789 74 88 105
-1.113 6.661 42.735 242 242 242
-1.104 6.736 42.793 235 237 236
-1.000 7.159 42.825 177 182 180
1.352 15.868 42.240 140 145 148
2.372 19.679 42.035 169 175 183
-0.140 10.461 42.780 179 185 204
-1.237 6.452 43.134 195 202 228
-0.611 8.807 43.033 192 198 214
0.063 11.345 42.925 173 179 182
0.094 11.502 42.984 188 195 194
-1.043 7.335 43.330 202 209 207
1.605 17.195 42.753 133 139 137
4.668 28.610 42.101 118 122 121
-1.335 6.378 43.584 209 217 215
-1.035 7.534 43.576 231 242 240
-1.254 6.762 43.688 232 239 238
-0.848 8.316 43.660 216 218 218
-1.784 4.872 43.925 230 232 232
-2.350 2.801 44.105 232 235 234
-1.790 4.930 44.046 222 224 223
-1.608 5.650 44.068 229 231 231
-1.708 5.316 44.149 210 214 214
-0.575 9.593 43.989 154 158 159
-1.757 5.215 44.279 195 200 200
-2.051 4.157 44.393 225 229 228
-1.454 6.434 44.344 157 162 161
-2.050 4.239 44.511 212 216 215
-1.055 8.015 44.399 194 199 196
0.429 13.632 44.212 137 144 138
-0.104 11.675 44.370 145 154 149
-1.197 7.607 44.612 192 201 199
0.500 14.042 44.412 131 140 135
1.326 17.202 44.358 129 136 130
5.819 34.197 43.775 110 118 119
4.256 14.425 24.504 189 203 234
3.770 12.969 25.106 183 202 244
6.328 20.888 22.302 112 131 179
8.304 27.075 20.229 119 138 186
7.949 26.029 20.692 107 125 169
7.874 25.847 20.844 91 109 149
8.478 27.764 20.244 90 107 144
7.090 23.521 21.842 84 98 133
-1.278 5.857 42.870 214 217 216
-1.281 5.885 42.931 184 191 190
-1.100 6.590 42.942 177 184 184
-0.873 7.463 42.942 213 220 223
-1.510 5.167 43.172 219 225 235
-1.869 3.886 43.325 208 213 228
-1.528 5.182 43.295 201 206 221
2.171 18.839 42.423 129 134 147
5.177 29.967 41.753 116 122 131
4.295 26.774 42.055 133 140 145
3.834 25.129 42.250 126 134 138
5.089 29.819 42.037 119 130 132
0.475 12.824 43.191 157 174 173
-1.516 5.506 43.711 200 221 219
-0.762 8.340 43.603 136 156 152
1.672 17.399 43.135 109 125 121
3.118 22.809 42.900 134 144 142
-1.492 5.758 43.947 213 218 217
-2.181 3.242 44.149 226 229 228
-1.365 6.312 44.042 219 222 221
-0.518 9.504 43.937 240 243 243
-0.897 8.135 44.075 164 169 170
-1.168 7.170 44.190 183 187 189
-1.780 4.931 44.365 219 223 224
-1.096 7.522 44.302 156 160 162
-0.664 9.177 44.289 207 212 213
0.044 11.868 44.233 159 164 162
0.001 11.752 44.308 179 186 180
0.751 14.602 44.254 134 145 140
2.585 21.519 44.036 138 152 149
3.240 24.027 44.014 128 139 136
0.708 14.588 44.475 148 155 154
6.494 21.182 22.281 107 116 144
4.108 14.021 25.159 120 130 164
-1.701 4.113 43.075 226 230 229
-1.650 4.339 43.119 225 231 230
-1.429 5.186 43.118 220 227 228
-0.869 7.276 43.030 199 206 209
-1.072 6.573 43.144 196 202 208
-1.255 5.946 43.252 208 214 219
-0.392 9.148 43.096 191 198 201
0.979 14.219 42.823 193 199 202
-0.414 9.151 43.230 232 239 242
-1.394 5.596 43.527 215 224 227
-1.530 5.137 43.619 165 176 178
-0.758 8.016 43.502 185 199 199
-0.536 8.878 43.514 148 164 163
2.037 18.400 43.011 93 111 109
3.903 25.331 42.682 83 102 100
1.633 17.111 43.394 143 152 150
-0.776 8.245 43.948 210 212 212
-2.005 3.740 44.252 220 222 221
-1.497 5.661 44.213 224 226 226
-1.390 6.097 44.254 197 200 199
-1.886 4.298 44.406 202 204 204
-0.596 9.128 44.235 130 133 134
-0.565 9.287 44.294 134 138 140
-0.984 7.774 44.430 151 156 156
-1.392 6.295 44.561 180 185 184
-1.453 6.109 44.633 146 152 150
-1.005 7.822 44.624 169 176 175
0.584 13.792 44.446 161 168 166
-0.555 8.089 42.850 232 240 241
-1.594 4.353 43.188 221 230 230
-0.690 7.681 43.011 178 186 186
-0.914 6.906 43.131 220 227 228
-1.279 5.619 43.284 235 241 241
-1.411 5.176 43.377 236 243 241
-1.740 4.014 43.517 223 230 228
-1.641 4.415 43.552 218 225 224
-1.888 3.551 43.669 203 212 210
-1.828 3.809 43.712 199 211 208
-1.849 3.770 43.775 204 217 214
-0.771 7.762 43.593 163 177 173
0.043 10.788 43.477 142 155 154
-1.896 3.715 43.960 215 226 226
-0.691 8.182 43.765 143 152 152
2.044 18.381 43.414 118 122 123
-0.551 8.867 43.992 172 176 180
-0.680 8.435 44.080 220 224 230
-1.398 5.827 44.277 222 226 230
-1.092 6.998 44.283 173 178 179
-1.683 4.854 44.450 175 182 184
-1.770 4.572 44.525 207 216 218
-0.495 9.333 44.370 236 242 243
-1.862 4.313 44.659 230 235 234
-0.851 8.099 44.557 184 190 188
-0.990 7.625 44.643 180 187 185
-0.682 7.423 42.974 179 188 188
-1.100 5.950 43.145 199 206 207
-1.357 5.057 43.271 213 217 219
-1.771 3.594 43.434 219 225 225
-1.923 3.083 43.529 225 232 231
-1.991 2.873 43.603 221 227 226
-1.823 3.521 43.620 225 232 231
-1.781 3.714 43.667 205 214 212
-1.815 3.630 43.733 182 194 191
-0.941 6.854 43.594 197 209 206
-1.566 4.615 43.794 204 216 213
-1.307 5.600 43.797 199 210 208
-1.308 5.634 43.858 220 229 229
-1.906 3.490 44.043 210 218 220
-1.088 6.521 43.934 180 186 191
5.422 30.409 42.689 93 100 109
1.646 16.721 43.667 109 125 153
-0.179 10.067 44.075 143 156 177
0.103 11.148 44.091 95 105 116
-0.970 7.241 44.346 150 159 165
-0.999 7.176 44.414 208 214 217
-0.912 7.541 44.462 171 175 176
0.060 11.168 44.367 138 140 140
0.427 12.567 44.377 130 132 131
-0.000 9.724 42.953 185 190 189
-1.306 5.050 43.343 222 227 226
-1.466 4.509 43.441 227 232 231
-1.378 4.867 43.479 219 223 222
-1.343 5.032 43.530 221 226 225
-1.609 4.111 43.651 199 207 205
-1.744 3.660 43.741 196 208 205
-0.311 8.898 43.478 195 206 204
-0.091 9.739 43.493 204 213 211
-0.844 7.045 43.721 218 227 225
-1.011 6.479 43.818 221 230 230
-1.302 5.461 43.940 206 214 221
-0.741 7.545 43.887 206 214 228
-0.589 8.139 43.919 162 173 194
0.463 12.021 43.778 67 83 109
5.745 31.356 42.839 38 57 84
2.157 18.300 43.598 73 93 118
4.555 27.122 43.237 95 115 132
1.934 17.584 43.789 125 143 152
-0.287 9.499 44.249 151 163 168
-1.131 6.448 44.458 161 168 171
0.879 13.861 44.188 105 111 111
1.279 15.380 44.194 129 135 134
-0.262 9.762 44.508 105 112 110
1.776 17.300 44.263 63 70 69
-0.633 7.237 43.202 239 243 242
-0.280 8.550 43.178 237 242 241
-1.152 5.450 43.450 216 221 220
-1.285 5.010 43.541 223 228 227
-1.455 4.436 43.640 205 211 210
-1.204 5.381 43.642 218 225 224
-1.386 4.764 43.743 216 223 221
-1.166 5.599 43.754 209 216 214
-1.080 5.948 43.796 207 214 212
-1.452 4.641 43.935 227 234 233
-1.336 5.102 43.970 201 208 206
1.706 16.174 43.417 152 159 159
0.991 13.629 43.631 142 154 168
-1.285 5.405 44.141 175 193 218
-1.304 5.376 44.205 139 166 185
-0.405 8.687 44.099 107 140 149
4.293 25.833 43.315 87 116 124
6.465 33.864 43.110 44 57 64
0.823 13.338 44.151 56 63 66
2.554 19.706 43.937 90 96 94
-0.267 9.444 44.465 179 186 180
-0.212 9.691 44.521 158 165 160
0.022 9.428 43.196 236 240 237
-1.073 5.541 43.516 233 237 236
-1.402 4.398 43.652 229 234 233
-0.796 6.615 43.575 215 220 219
-1.401 4.478 43.770 226 230 229
-1.303 4.869 43.808 230 235 234
-0.800 6.723 43.760 237 242 241
-1.539 4.097 43.976 237 242 241
-1.263 5.133 43.978 233 237 235
-0.575 7.654 43.901 235 240 239
-0.974 6.256 44.042 204 212 218
-1.288 5.160 44.164 198 210 223
-0.859 6.752 44.143 131 150 160
-0.265 8.943 44.097 111 135 143
1.082 13.867 43.920 92 117 135
0.269 10.966 44.133 94 117 142
3.996 24.594 43.646 77 93 90
1.857 16.870 44.077 104 116 109
1.548 15.796 44.200 120 128 122
0.182 10.867 44.483 151 158 153
-0.292 8.140 43.424 187 194 192
-0.709 6.687 43.580 183 190 189
-1.018 5.621 43.709 184 191 190
-0.214 8.544 43.597 203 210 208
-0.251 8.452 43.669 215 220 219
-0.129 8.931 43.707 196 200 199
-0.280 8.430 43.802 187 194 192
-0.552 7.493 43.920 176 188 187
0.463 11.188 43.786 126 145 158
1.099 13.520 43.732 148 174 197
0.951 13.033 43.829 118 145 162
0.545 11.614 43.973 125 152 159
1.761 16.045 43.824 97 122 138
1.263 14.295 43.984 94 117 142
6.226 32.278 43.215 67 87 103
6.505 33.346 43.261 74 89 95
2.358 18.398 44.021 110 121 123
1.509 15.370 44.230 99 106 107
-0.321 7.874 43.582 176 182 182
0.522 10.922 43.465 134 141 142
1.343 13.896 43.360 111 124 121
0.556 11.132 43.591 122 140 138
-0.204 8.457 43.811 145 162 177
0.368 10.544 43.763 145 161 191
0.604 11.434 43.783 122 142 172
2.228 17.297 43.545 87 112 138
3.541 22.056 43.377 102 127 153
2.320 17.724 43.677 100 123 147
3.598 22.365 43.527 97 116 134
5.680 29.901 43.249 107 122 135
6.222 31.908 43.247 73 86 94
4.363 25.277 43.643 81 92 96
2.338 18.035 44.050 107 117 120
-0.504 7.142 43.895 158 175 189
-0.441 7.407 43.945 163 178 209
0.597 11.149 43.810 137 157 188
2.360 17.483 43.547 75 97 124
2.218 17.027 43.647 95 115 133
4.649 25.761 43.287 96 111 121
4.093 23.828 43.468 91 103 113
2.596 18.621 43.958 79 83 89
5.155 27.850 43.630 85 89 95
0.962 12.276 43.902 114 131 141
1.870 15.554 43.810 95 110 120
3.369 19.233 53.639 147 145 143
7.578 33.324 54.802 124 132 134
6.034 28.051 54.374 104 115 117
4.370 22.360 53.891 135 146 152
3.818 20.501 53.784 144 154 163
4.767 23.831 54.207 47 55 59
4.865 24.222 54.332 44 49 48
4.782 23.379 53.843 153 168 174
6.422 29.065 54.493 98 113 123
5.827 27.072 54.382 100 115 131
7.982 34.542 55.232 104 118 138
1.551 12.537 53.200 171 178 187
5.215 24.509 53.886 118 132 136
2.834 16.417 53.173 130 143 151
4.083 20.737 53.679 98 113 123
4.359 21.729 53.860 74 92 107
2.454 15.250 53.280 94 115 131
7.878 33.951 55.383 91 116 115
1.402 11.770 53.133 187 202 203
0.732 9.510 52.961 171 175 181
4.352 22.047 54.466 97 100 111
5.737 26.864 55.080 65 68 81
7.188 30.807 54.333 98 110 109
4.375 21.348 53.594 125 140 146
2.122 13.723 52.921 150 166 174
2.652 15.574 53.179 149 166 176
2.967 16.690 53.366 155 174 188
2.049 13.603 53.126 166 187 203
0.978 10.030 52.895 199 225 219
0.310 7.785 52.725 195 220 214
1.529 11.995 53.241 122 143 141
4.247 21.346 54.325 114 126 130
3.202 17.812 54.019 140 143 154
1.829 13.148 53.579 156 158 170
1.324 11.460 53.461 159 163 176
2.930 17.015 54.159 76 80 94
5.693 25.370 53.746 124 130 136
1.489 11.198 52.478 120 128 133
1.324 10.680 52.497 184 192 197
1.121 10.033 52.502 175 181 187
0.793 8.960 52.464 193 199 205
1.608 11.764 52.811 169 176 181
3.849 19.416 53.658 149 155 157
2.354 14.382 53.220 129 135 134
6.563 28.736 54.784 101 116 112
3.415 18.080 53.754 160 183 178
1.767 12.515 53.241 188 213 208
1.415 11.356 53.187 144 167 164
5.574 25.576 54.801 71 86 89
0.928 9.777 53.152 161 167 177
-0.054 6.465 52.852 182 185 198
0.387 8.009 53.088 158 162 175
1.343 11.316 53.528 122 127 138
6.509 29.034 55.627 74 80 88
2.048 12.794 52.573 170 173 186
2.224 13.431 52.705 131 135 141
1.302 10.363 52.480 180 183 188
1.035 9.503 52.464 205 207 214
-0.162 5.501 52.133 206 207 214
0.749 8.617 52.509 202 204 210
2.651 15.083 53.233 200 203 206
1.562 11.446 52.932 203 210 208
0.063 6.410 52.478 181 196 190
1.038 9.751 52.893 153 174 167
0.949 9.490 52.933 141 161 156
4.075 20.134 54.146 112 128 127
0.709 8.792 53.057 138 149 149
1.289 10.804 53.347 138 146 147
3.466 18.252 54.253 149 153 155
1.655 12.130 53.635 138 143 143
5.455 25.119 55.196 89 96 94
5.951 25.528 53.622 96 98 121
2.189 12.975 52.533 166 169 191
1.437 10.494 52.369 188 191 214
1.554 10.930 52.480 166 169 191
2.285 13.424 52.791 158 159 172
4.339 20.412 53.631 115 114 118
4.715 21.726 53.843 106 106 110
5.120 23.135 54.069 112 115 115
2.731 15.135 53.327 168 175 171
0.829 8.767 52.736 187 198 194
3.647 18.314 53.810 131 145 142
-0.088 5.749 52.547 176 191 188
-0.016 6.030 52.640 187 201 200
3.034 16.379 53.832 130 143 151
1.476 11.152 53.331 135 147 162
2.042 13.108 53.618 123 134 152
4.993 23.149 54.820 128 138 154
4.037 19.958 54.540 128 139 146
3.268 17.393 54.325 132 144 141
2.357 13.242 52.500 135 141 143
1.533 10.536 52.318 162 170 177
1.561 10.669 52.399 161 170 183
1.156 9.355 52.342 150 157 176
1.624 10.959 52.565 149 152 170
6.596 27.636 54.279 140 138 152
2.673 14.553 53.062 167 166 173
1.226 9.746 52.650 222 222 222
1.728 11.472 52.893 152 154 152
1.890 12.055 53.023 157 162 159
1.221 9.850 52.863 180 188 185
5.262 23.465 54.371 120 132 129
0.098 6.152 52.603 208 221 217
-0.337 4.728 52.512 203 217 214
1.606 11.303 53.292 172 185 190
1.661 11.532 53.387 127 139 152
3.050 16.255 53.984 128 139 155
7.574 31.562 55.787 85 95 111
3.899 19.209 54.471 104 115 124
4.639 21.756 54.843 112 123 125
4.054 19.826 54.700 97 107 106
8.127 33.652 56.406 91 98 97
0.187 5.750 51.756 151 153 153
1.442 9.954 52.209 163 169 169
0.727 7.619 52.057 163 172 174
2.335 13.003 52.635 160 170 178
3.217 15.980 52.994 116 126 137
1.187 9.264 52.413 144 155 165
3.067 15.565 53.103 152 162 169
0.700 7.717 52.392 184 194 196
0.073 5.665 52.250 199 208 206
0.195 6.108 52.358 181 193 188
0.486 7.119 52.526 184 198 192
1.741 11.350 53.034 156 170 165
4.937 22.082 54.241 122 136 133
0.709 7.977 52.811 160 174 170
-0.448 4.137 52.460 199 213 210
-0.154 5.160 52.633 170 183 188
1.608 11.109 53.354 158 171 184
1.117 9.499 53.243 137 148 165
5.905 25.626 55.135 102 111 130
0.821 8.582 53.272 165 174 193
1.885 12.201 53.756 128 135 152
5.039 22.862 55.071 87 93 98
7.114 29.952 56.081 128 130 124
5.758 25.431 55.628 106 106 102
0.535 6.683 51.854 174 176 176
2.004 11.577 52.374 172 178 177
0.573 6.883 52.001 172 181 179
1.470 9.888 52.352 134 143 143
1.579 10.290 52.459 114 123 125
0.980 8.343 52.336 133 144 147
2.717 14.147 52.977 102 116 117
1.213 9.195 52.554 127 140 140
1.476 10.108 52.713 200 214 211
3.726 17.627 53.553 151 168 164
-0.067 5.051 52.324 167 186 182
0.362 6.517 52.540 168 184 180
0.954 8.528 52.817 156 170 166
1.964 11.933 53.249 133 146 143
0.570 7.322 52.818 183 196 195
1.544 10.612 53.244 142 155 161
1.565 10.723 53.325 142 154 167
0.531 7.305 53.010 145 156 171
1.884 11.870 53.592 159 169 185
1.590 10.925 53.554 158 167 185
1.182 9.597 53.469 141 148 165
2.050 12.549 53.881 125 130 138
7.496 30.859 56.115 90 93 92
4.179 19.779 54.886 119 120 118
3.007 15.888 54.496 101 102 99
7.568 31.265 56.442 83 85 80
1.330 9.078 52.087 165 170 169
1.316 9.069 52.153 161 168 166
1.634 10.157 52.323 137 147 144
3.128 15.123 52.867 118 125 124
3.708 17.078 53.130 127 131 130
2.519 13.196 52.826 119 129 126
1.476 9.793 52.559 194 210 204
1.174 8.833 52.531 119 140 134
1.191 8.928 52.607 187 210 205
6.529 26.638 54.496 108 132 126
2.054 11.863 53.046 174 197 192
1.124 8.820 52.795 163 182 184
1.002 8.454 52.823 148 163 171
2.419 13.197 53.399 136 151 158
-0.065 4.986 52.577 197 212 218
0.584 7.180 52.880 171 185 192
0.573 7.180 52.945 165 178 186
0.732 7.747 53.073 122 135 147
0.763 7.890 53.154 152 164 180
1.737 11.173 53.596 129 140 152
2.116 12.480 53.817 144 153 160
1.835 11.583 53.783 163 168 173
1.565 10.719 53.750 144 146 148
3.078 15.817 54.428 115 117 117
3.949 18.777 54.860 111 113 113
7.652 31.218 56.455 83 86 84
1.944 10.859 52.265 151 160 160
0.516 6.215 51.899 178 187 186
0.616 6.580 51.998 159 169 166
3.288 15.392 52.907 119 125 123
5.405 22.389 53.662 92 97 95
3.365 15.730 53.089 136 146 142
0.935 7.778 52.372 204 220 214
5.217 21.913 53.862 87 107 101
1.735 10.490 52.779 182 206 200
3.116 15.082 53.322 112 137 136
1.691 10.423 52.909 139 163 167
0.910 7.883 52.710 172 192 199
0.761 7.429 52.727 164 180 188
2.585 13.497 53.446 120 134 141
0.679 7.234 52.835 193 206 212
0.593 6.986 52.872 181 194 200
1.301 9.369 53.202 162 175 181
0.968 8.301 53.149 147 161 167
-0.300 4.135 52.740 200 213 219
1.564 10.358 53.517 151 163 168
2.533 13.617 53.964 131 142 146
1.371 9.795 53.587 129 141 145
2.092 12.233 53.944 144 155 159
2.278 12.895 54.093 111 119 122
2.560 13.876 54.283 104 108 109
7.948 31.879 56.555 78 81 83
1.481 9.110 52.117 137 146 149
0.494 5.926 51.885 195 205 205
1.013 7.658 52.113 158 167 165
0.581 6.282 52.045 183 190 188
0.557 6.240 52.105 171 176 175
0.063 4.658 52.012 216 220 217
0.003 4.498 52.058 189 193 190
7.336 28.579 54.552 108 113 113
1.904 10.808 52.826 173 179 184
1.529 9.615 52.771 126 137 144
0.821 7.327 52.599 110 125 133
0.987 7.909 52.726 174 190 199
2.472 12.833 53.318 117 132 142
4.928 20.961 54.268 125 139 148
0.216 5.482 52.656 185 198 206
0.597 6.775 52.862 179 192 200
1.142 8.612 53.131 132 145 154
0.901 7.854 53.111 147 162 169
0.469 6.463 53.018 185 203 208
1.154 8.765 53.347 145 160 164
3.131 15.346 54.180 112 123 127
1.284 9.272 53.539 110 121 125
1.621 10.428 53.743 139 150 154
1.620 10.465 53.816 128 138 143
3.166 15.632 54.511 135 144 148
1.849 10.079 52.220 137 143 148
0.641 6.189 51.922 186 193 202
0.394 5.420 51.912 205 211 223
0.139 4.625 51.898 197 200 212
0.493 5.816 52.076 171 172 181
0.571 6.106 52.168 172 175 178
1.448 9.003 52.521 114 119 118
3.306 15.110 53.206 158 163 164
1.305 8.613 52.615 177 181 187
5.630 22.793 54.150 107 111 117
2.716 13.306 53.239 102 106 112
1.024 7.805 52.728 147 152 160
2.207 11.719 53.213 124 130 140
4.441 19.085 54.081 140 146 155
1.518 9.540 53.114 160 166 174
0.724 6.970 52.896 165 175 182
0.437 6.064 52.859 152 165 171
1.079 8.214 53.165 155 169 175
1.332 9.082 53.330 160 173 180
2.943 14.426 54.014 95 108 118
4.091 18.250 54.534 114 126 139
2.879 14.298 54.145 123 134 145
1.631 10.225 53.733 125 136 142
2.605 13.480 54.193 134 145 150
4.153 18.636 54.891 155 166 171
3.883 17.786 54.865 103 111 117
4.163 18.759 55.062 107 111 119
1.604 9.054 52.138 200 200 223
1.146 7.608 52.069 187 187 213
0.639 6.002 51.980 168 168 193
-0.138 3.518 51.803 185 185 206
0.800 6.595 52.165 183 184 200
0.639 6.110 52.181 193 196 204
-0.043 3.928 52.025 197 201 202
1.433 8.765 52.577 184 189 187
0.627 6.179 52.378 207 212 209
4.530 18.925 53.765 121 125 121
6.859 26.561 54.646 104 107 104
3.511 15.692 53.579 138 140 142
0.144 4.748 52.478 165 166 173
1.453 9.059 53.008 165 168 174
0.042 4.485 52.572 186 190 196
0.735 6.787 52.889 156 164 173
0.159 4.939 52.745 184 196 207
0.222 5.181 52.835 176 189 200
1.095 8.076 53.229 132 145 156
0.612 6.529 53.115 157 169 182
0.170 5.116 53.013 163 175 188
2.995 14.428 54.176 97 108 117
2.230 11.956 53.954 159 168 173
1.566 9.813 53.765 149 159 162
3.380 15.820 54.564 153 164 166
3.850 17.412 54.834 121 134 135
4.385 19.219 55.135 81 95 94
5.566 23.156 55.707 70 83 84
1.719 9.197 52.165 198 203 227
0.723 6.020 51.931 167 171 200
1.085 7.227 52.110 155 159 190
1.457 8.463 52.295 138 142 174
1.541 8.774 52.391 189 193 222
0.586 5.723 52.155 190 196 210
0.356 5.013 52.146 212 219 220
0.202 4.549 52.161 217 224 222
-0.356 2.777 52.040 210 217 215
0.753 6.406 52.478 197 203 201
2.225 11.220 53.048 166 171 170
9.299 34.236 55.569 77 80 82
7.326 27.878 54.981 93 94 101
2.841 13.344 53.488 155 157 164
0.850 6.904 52.851 163 167 173
1.151 7.922 53.028 143 149 156
1.052 7.637 53.061 190 198 207
-0.271 3.360 52.640 188 198 207
1.040 7.672 53.195 127 140 148
0.493 5.922 53.057 155 169 179
0.324 5.404 53.060 169 181 192
0.698 6.666 53.271 158 168 174
0.307 5.423 53.187 193 202 202
1.194 8.361 53.604 158 167 168
0.561 6.327 53.421 177 189 191
0.752 6.988 53.566 149 164 164
4.238 18.465 55.058 59 77 75
3.550 16.250 54.857 73 90 90
3.641 16.592 54.976 75 89 88
2.294 10.816 52.329 147 156 179
1.352 7.829 52.115 165 175 202
1.241 7.507 52.150 163 174 203
2.412 11.311 52.585 93 104 132
4.450 17.912 53.304 178 189 212
0.364 4.793 52.075 191 203 214
1.190 7.492 52.409 155 167 166
0.369 4.880 52.207 176 186 185
0.911 6.664 52.453 185 194 194
0.619 5.757 52.423 177 185 183
0.835 6.492 52.563 182 189 187
3.387 14.781 53.512 102 108 110
7.236 27.283 54.935 84 91 96
3.288 14.545 53.633 162 167 174
0.968 7.066 52.881 146 152 160
1.685 9.429 53.209 116 126 135
1.550 9.029 53.231 177 192 200
0.420 5.398 52.885 174 189 192
0.671 6.249 53.045 125 139 138
0.516 5.783 53.054 149 161 162
-0.026 4.052 52.914 160 169 174
1.123 7.831 53.423 157 166 167
2.635 12.796 54.083 155 164 162
0.206 4.913 53.200 179 188 189
0.557 6.096 53.406 193 202 207
1.002 7.585 53.653 159 170 172
2.918 13.882 54.503 87 98 98
5.384 21.988 55.595 69 79 79
8.999 33.863 57.184 61 68 68
3.098 13.154 52.562 163 174 199
0.993 6.458 51.998 195 213 239
2.010 9.752 52.379 127 150 174
2.958 12.825 52.746 97 118 136
9.060 32.432 54.751 60 78 87
3.099 13.361 52.942 112 126 129
1.617 8.642 52.538 138 149 147
2.322 10.946 52.840 143 154 152
1.897 9.617 52.772 204 216 215
-0.269 2.689 52.114 210 221 221
-0.255 2.765 52.182 210 221 221
0.460 5.104 52.491 201 212 213
1.781 9.397 53.018 111 122 126
2.411 11.467 53.311 131 143 151
1.944 9.997 53.219 110 123 134
2.141 10.673 53.362 125 141 151
1.021 7.093 53.026 188 207 214
0.182 4.415 52.785 197 217 221
1.498 8.710 53.342 153 171 174
-0.148 3.415 52.791 218 232 236
0.763 6.402 53.203 182 193 197
1.496 8.815 53.553 156 165 165
2.695 12.744 54.091 159 166 164
0.831 6.732 53.433 149 154 160
2.374 11.785 54.116 190 193 206
3.162 14.385 54.507 145 149 158
4.442 18.592 55.105 91 95 99
3.830 16.645 54.938 73 76 80
1.234 7.013 52.064 185 213 229
1.568 8.113 52.234 112 139 151
1.398 7.607 52.251 134 151 161
5.052 19.313 53.473 91 99 106
6.131 22.805 53.902 110 118 120
0.684 5.436 52.226 197 206 204
1.653 8.572 52.610 139 149 146
3.858 15.670 53.412 124 135 133
3.606 14.903 53.407 149 160 157
2.523 11.471 53.117 152 163 161
1.550 8.391 52.856 171 188 186
0.737 5.818 52.643 179 200 200
0.256 4.307 52.541 172 191 196
2.060 10.140 53.248 82 100 109
2.803 12.569 53.588 128 146 157
1.282 7.713 53.110 174 193 202
1.065 7.051 53.099 167 186 193
0.156 4.158 52.829 196 214 217
0.384 4.928 52.980 203 217 217
0.363 4.895 53.038 208 218 215
1.571 8.834 53.569 143 151 146
2.439 11.675 53.977 140 147 143
4.564 18.587 54.887 123 127 137
4.968 19.939 55.131 145 148 168
6.642 25.407 55.888 111 114 124
5.848 22.885 55.659 72 77 74
4.167 17.479 55.059 75 79 76
1.102 6.376 52.016 193 210 224
2.487 10.811 52.508 142 157 168
1.953 9.153 52.415 128 139 143
1.395 7.416 52.310 156 163 162
2.907 12.265 52.861 131 136 134
0.431 4.419 52.136 207 212 211
0.099 3.394 52.092 198 204 203
0.761 5.539 52.375 159 169 166
2.737 11.880 53.104 115 130 127
2.358 10.709 53.050 140 161 156
1.849 9.122 52.948 117 139 135
2.223 10.356 53.149 125 145 145
2.403 10.969 53.285 178 197 201
2.195 10.345 53.285 86 103 113
3.599 14.881 53.862 129 146 161
1.981 9.734 53.352 170 186 205
1.330 7.683 53.185 130 147 160
0.841 6.150 53.072 154 172 177
1.207 7.361 53.277 175 189 190
0.749 5.927 53.172 196 208 205
0.967 6.664 53.323 203 214 207
2.444 11.454 53.965 191 201 192
8.146 29.862 56.276 97 104 99
8.527 31.141 56.525 112 116 115
5.682 22.016 55.485 126 129 127
4.470 18.153 55.083 82 85 82
4.490 18.259 55.174 72 72 71
1.192 6.485 52.103 201 216 219
2.548 10.812 52.591 124 138 139
3.687 14.459 53.023 134 146 145
5.266 19.507 53.603 145 155 154
1.241 6.782 52.389 202 211 212
0.662 4.980 52.267 203 211 212
0.412 4.223 52.250 200 209 209
0.301 3.903 52.278 190 200 199
2.114 9.703 52.956 125 137 134
0.882 5.820 52.606 155 167 163
0.891 5.885 52.676 137 148 146
4.681 17.997 54.073 112 126 129
5.704 21.302 54.518 64 81 91
5.325 20.140 54.469 123 140 156
3.365 13.927 53.842 175 192 211
4.206 16.655 54.228 126 142 158
2.845 12.346 53.804 109 124 134
4.995 19.264 54.686 106 119 122
5.114 19.690 54.815 117 127 125
2.878 12.569 54.043 137 144 140
1.824 9.232 53.711 154 158 155
5.474 20.979 55.211 121 124 122
4.654 18.392 54.973 133 136 135
4.631 18.363 55.047 132 132 137
3.949 16.214 54.855 93 92 102
7.482 27.623 56.377 65 65 71
0.869 5.255 51.996 174 192 195
1.432 7.065 52.236 148 163 165
1.922 8.645 52.458 133 144 148
3.548 13.817 53.046 164 173 192
5.684 20.606 53.811 131 139 169
4.300 16.276 53.445 140 150 168
1.497 7.449 52.599 183 194 196
1.536 7.609 52.681 166 174 173
2.132 9.534 52.952 159 164 163
2.062 9.349 53.000 140 144 142
2.010 9.221 53.053 151 156 155
3.404 13.686 53.613 141 148 154
6.695 24.177 54.855 0 9 23
2.072 9.531 53.289 119 132 151
1.806 8.723 53.264 176 190 212
6.192 22.722 54.942 72 86 104
8.452 29.966 55.868 112 124 137
5.135 19.444 54.723 124 132 144
4.472 17.376 54.557 106 109 120
3.093 13.017 54.111 116 119 128
3.232 13.500 54.241 118 120 128
3.722 15.108 54.510 121 122 131
3.577 14.686 54.531 113 112 121
3.757 15.303 54.682 107 105 115
6.070 22.751 55.693 84 81 91
1.691 7.627 52.239 159 177 178
2.140 9.072 52.447 152 167 171
1.897 8.347 52.442 132 142 151
1.136 5.989 52.270 153 162 182
2.212 9.411 52.683 137 145 175
3.692 14.110 53.236 158 167 199
2.298 9.758 52.854 190 199 227
2.838 11.496 53.106 185 193 205
2.140 9.334 52.944 182 189 185
2.072 9.157 52.992 146 158 149
2.423 10.304 53.185 134 151 145
3.491 13.717 53.631 127 144 150
5.643 20.568 54.469 122 138 157
4.967 18.472 54.313 92 109 130
3.680 14.438 53.930 80 96 115
3.654 14.395 53.999 85 100 116
3.255 13.172 53.929 145 158 171
2.050 9.388 53.555 143 150 161
2.794 11.789 53.908 124 125 136
1.918 9.042 53.648 145 145 156
4.231 16.436 54.612 105 104 115
6.090 22.396 55.418 99 97 107
4.764 18.220 54.984 90 87 97
5.689 21.210 55.435 77 73 83
9.167 32.349 56.920 73 70 79
0.719 4.406 51.999 223 236 233
1.371 6.480 52.268 195 204 207
0.860 4.917 52.174 212 221 237
1.646 7.413 52.492 188 196 226
1.279 6.298 52.441 139 147 179
4.216 15.551 53.475 131 139 169
3.416 13.080 53.288 147 154 184
5.263 18.925 53.986 110 117 145
4.839 17.635 53.925 120 130 150
2.664 10.835 53.257 140 155 167
2.641 10.801 53.322 142 158 173
1.458 7.111 52.978 171 187 206
8.199 28.403 55.453 80 96 116
8.755 30.208 55.749 40 57 76
5.240 19.161 54.564 93 108 124
4.632 17.282 54.424 116 129 142
2.330 10.046 53.647 164 174 183
2.663 11.139 53.845 158 164 171
1.977 9.006 53.657 194 196 208
2.783 11.598 54.039 163 162 178
7.429 26.364 55.922 75 73 87
1.271 5.923 52.162 190 194 193
3.476 12.834 52.918 156 161 160
1.242 5.903 52.286 194 199 203
1.091 5.468 52.305 195 201 211
1.832 7.815 52.612 133 140 156
2.596 10.242 52.932 179 186 207
0.738 4.466 52.387 210 216 239
1.276 6.184 52.633 140 147 168
2.520 10.116 53.124 137 148 166
2.245 9.293 53.101 162 177 192
3.351 12.799 53.558 114 132 145
1.457 6.894 52.967 167 189 200
2.318 9.633 53.342 149 172 183
6.316 22.236 54.854 26 48 59
3.540 13.550 53.930 79 98 106
3.787 14.368 54.098 91 104 110
2.979 11.865 53.876 98 105 111
2.363 9.964 53.719 129 130 137
1.042 5.835 53.289 191 192 198
1.527 7.402 53.543 202 204 210
4.981 18.341 54.953 117 117 124
8.015 27.972 56.227 105 104 111
8.637 29.989 56.569 94 94 99
6.544 23.418 55.829 91 91 93
1.614 6.817 52.328 201 207 215
1.177 5.494 52.257 179 186 194
2.136 8.511 52.631 181 190 199
3.545 12.931 53.157 171 179 194
3.746 13.597 53.299 185 192 213
1.466 6.533 52.619 213 220 240
0.703 4.188 52.431 192 200 216
2.334 9.312 53.050 146 154 170
0.854 4.727 52.612 192 203 216
6.247 21.610 54.553 67 83 92
4.442 16.012 54.005 116 138 142
3.881 14.300 53.886 118 142 146
2.970 11.487 53.636 65 87 91
3.717 13.866 53.982 95 110 114
3.343 12.734 53.922 92 99 102
2.794 11.051 53.794 131 134 137
4.418 16.187 54.477 100 102 103
5.126 18.452 54.826 116 118 120
3.609 13.729 54.328 167 169 171
6.584 23.123 55.558 117 119 121
5.827 20.788 55.351 131 133 135
7.384 25.735 56.053 98 99 98
7.567 26.363 56.220 85 85 81
2.187 8.379 52.498 179 192 200
0.705 3.827 52.100 187 200 209
4.534 15.720 53.388 162 174 183
2.241 8.653 52.725 201 214 226
2.270 8.781 52.805 192 204 219
0.893 4.545 52.420 202 211 221
1.721 7.149 52.763 130 136 141
1.704 7.133 52.826 165 174 179
0.479 3.358 52.474 180 193 199
4.457 15.770 53.918 94 107 113
3.762 13.649 53.754 115 128 134
5.932 20.450 54.601 90 104 110
5.309 18.550 54.463 91 104 110
3.509 12.979 53.893 116 124 126
6.657 22.846 55.125 101 103 102
8.579 28.896 55.926 87 89 88
7.451 25.564 55.877 78 81 83
4.519 16.420 54.823 145 147 149
6.381 22.303 55.639 82 83 81
9.940 33.519 57.147 52 50 44
2.363 8.741 52.614 205 212 217
2.443 9.023 52.710 185 189 195
1.499 6.147 52.476 195 198 209
2.539 9.393 52.884 123 126 142
3.137 11.280 53.153 91 94 105
4.530 15.628 53.693 104 108 113
1.055 4.911 52.595 191 199 209
1.890 7.532 52.947 173 185 201
2.733 10.179 53.308 126 136 152
3.337 12.093 53.593 108 116 130
7.314 24.472 55.077 94 101 112
4.567 15.987 54.184 102 108 116
4.537 15.936 54.253 105 112 116
5.782 19.850 54.789 119 126 127
2.672 10.216 53.723 114 119 117
6.204 21.252 55.117 79 81 78
5.529 19.325 55.202 122 124 119
1.898 7.096 52.459 218 222 223
1.878 7.069 52.521 232 236 239
1.954 7.340 52.614 225 229 233
1.577 6.215 52.560 150 154 160
3.134 11.042 53.141 102 107 119
7.072 23.215 54.531 76 83 100
3.334 11.773 53.431 51 63 79
2.245 8.449 53.129 99 108 124
2.796 10.189 53.392 99 105 122
8.700 28.478 55.553 83 88 104
5.897 19.858 54.646 116 121 134
7.391 24.526 55.271 114 119 128
5.835 19.796 54.878 108 119 120
3.446 12.430 54.071 113 126 126
8.559 28.339 56.077 91 104 106
7.681 25.758 56.023 59 65 57
3.356 11.386 52.983 236 238 238
1.534 5.843 52.470 236 238 239
1.895 6.982 52.654 147 149 153
5.403 17.778 53.879 124 131 141
5.189 17.163 53.890 153 166 181
4.896 16.306 53.873 131 145 161
2.853 10.066 53.255 86 98 114
4.503 15.179 53.898 97 104 121
9.140 29.488 55.595 106 107 125
6.428 21.189 54.735 86 85 101
6.195 20.515 54.739 122 123 136
7.802 25.515 55.405 99 109 116
5.695 19.060 54.728 110 128 131
5.152 17.427 54.612 113 135 136
4.710 16.103 54.529 109 132 133
7.298 24.146 55.584 97 116 119
8.682 28.473 56.201 67 81 84
10.393 33.873 57.059 62 69 68
3.091 10.389 52.962 232 233 237
3.182 10.703 53.064 175 177 185
3.375 11.331 53.200 114 121 130
7.660 24.470 54.701 127 140 148
4.442 14.672 53.708 135 150 161
4.450 14.736 53.789 106 121 134
5.070 16.675 54.081 96 106 119
6.571 21.317 54.685 91 97 109
6.820 22.124 54.859 85 88 101
6.443 21.015 54.813 102 106 119
6.630 21.631 54.967 86 94 105
5.842 19.256 54.767 64 80 87
8.644 27.915 55.883 89 109 115
7.326 23.908 55.488 99 121 127
9.968 32.091 56.572 76 96 103
9.702 31.323 56.571 57 73 80
3.995 12.954 53.318 184 197 203
4.341 14.045 53.508 113 127 134
4.651 15.029 53.688 115 128 136
4.834 15.628 53.828 105 119 130
5.684 18.260 54.197 104 118 133
5.688 18.314 54.281 90 103 118
5.058 16.432 54.145 106 116 130
6.965 22.301 54.897 98 105 119
8.039 25.629 55.367 80 85 98
9.650 30.608 56.039 69 75 86
7.624 24.453 55.401 77 83 93
9.965 31.723 56.452 105 106 120
9.005 28.828 56.192 88 87 102
4.910 15.537 53.684 128 141 149
10.083 31.271 55.480 55 65 77
6.868 21.562 54.500 81 94 108
8.586 26.824 55.170 81 95 112
8.498 26.606 55.234 76 92 108
5.942 18.878 54.440 62 77 91
9.730 30.449 55.854 65 76 90
8.502 26.761 55.516 62 68 80
10.446 32.732 56.308 64 68 76
9.830 31.006 56.384 108 108 113
10.822 33.206 55.711 35 37 64
6.205 19.421 54.518 81 95 110
6.232 19.545 54.612 63 78 91
6.574 20.625 54.817 64 76 87
7.466 23.652 55.762 129 131 131
4.846 15.707 54.842 94 99 98
8.896 27.288 55.436 57 69 80
7.389 23.146 55.716 92 95 94
15.274 26.664 46.171 129 149 156
13.845 23.303 46.292 124 143 151
16.415 29.455 46.330 113 130 137
17.137 30.763 45.953 124 137 144
15.497 26.920 46.093 123 138 145
11.720 18.011 46.273 149 166 174
11.078 16.523 46.366 139 157 164
12.454 19.822 46.420 130 148 155
13.165 21.545 46.491 116 132 144
13.926 23.387 46.566 109 123 140
15.605 27.412 46.638 91 105 123
17.260 31.386 46.719 90 104 121
16.077 28.654 46.913 103 113 129
16.982 30.850 47.008 92 101 112
17.157 31.307 47.105 94 103 108
17.403 30.981 45.583 104 119 125
13.722 22.353 45.817 113 129 134
13.199 21.158 45.920 114 130 135
13.218 21.237 46.003 127 141 148
11.953 18.290 46.123 139 152 161
10.794 15.589 46.234 147 162 171
9.767 13.196 46.335 164 181 191
9.735 13.152 46.409 154 170 182
11.300 16.884 46.456 146 160 175
12.368 19.445 46.519 135 150 167
13.053 21.101 46.593 121 136 155
14.283 24.050 46.666 110 124 144
14.189 23.863 46.754 113 124 145
13.006 21.098 46.845 123 134 153
11.672 17.970 46.929 145 155 171
12.345 19.602 47.011 128 138 147
12.546 20.114 47.094 133 141 144
12.852 20.877 47.180 129 134 136
13.706 22.943 47.274 127 129 133
14.803 25.590 47.376 97 101 104
14.989 26.069 47.469 88 94 97
15.669 27.729 47.574 79 87 89
17.222 31.468 47.703 56 65 67
17.737 31.483 45.494 107 121 129
12.516 19.271 45.799 119 134 144
13.320 21.194 45.850 121 138 148
13.186 20.914 45.938 115 132 142
11.315 16.553 46.080 127 142 152
10.235 14.046 46.189 142 154 165
10.330 14.303 46.261 142 156 166
10.348 14.375 46.336 139 154 164
9.529 12.480 46.428 153 166 178
9.815 13.185 46.496 146 159 172
10.332 14.436 46.563 153 166 181
11.166 16.437 46.629 134 149 166
11.465 17.176 46.705 131 145 163
10.690 15.379 46.788 128 143 160
10.281 14.447 46.866 134 149 162
10.344 14.627 46.942 142 158 165
9.803 13.380 47.016 143 156 161
8.967 11.433 47.085 153 164 166
7.910 8.960 47.147 161 171 173
8.042 9.304 47.218 152 161 164
8.556 10.553 47.295 139 147 150
9.149 11.989 47.377 120 129 131
11.851 18.434 47.507 100 112 115
13.166 21.590 47.620 86 99 103
15.569 27.335 47.770 66 80 83
15.469 25.897 45.521 125 131 143
14.431 23.509 45.655 117 127 141
12.581 19.216 45.814 112 127 141
13.498 21.398 45.861 117 136 150
11.311 16.311 46.019 125 147 160
10.612 14.708 46.118 134 153 167
10.282 13.967 46.203 151 168 182
9.164 11.375 46.306 152 168 180
9.174 11.430 46.377 152 167 177
9.419 12.037 46.444 156 171 181
9.797 12.956 46.511 155 170 180
9.813 13.025 46.584 155 171 184
10.026 13.557 46.656 150 167 181
9.905 13.305 46.731 144 161 176
9.831 13.161 46.806 135 152 166
8.953 11.125 46.882 154 172 179
8.549 10.203 46.953 161 180 180
7.841 8.564 47.021 159 174 175
6.459 5.333 47.080 188 199 201
6.444 5.324 47.144 185 194 196
6.287 4.983 47.207 185 194 196
7.318 7.447 47.287 164 174 179
7.805 8.626 47.364 145 158 164
9.804 13.385 47.476 127 144 150
10.582 15.258 47.570 114 134 139
10.880 15.998 47.655 100 121 125
12.752 20.467 47.790 83 103 107
17.146 30.920 48.020 61 78 80
16.289 27.504 45.322 138 146 165
14.151 22.565 45.515 133 140 162
14.161 22.625 45.599 130 137 161
13.832 21.893 45.698 119 127 147
13.107 20.238 45.811 117 127 143
13.058 20.160 45.895 123 139 153
11.871 17.424 46.017 119 141 154
11.658 16.960 46.102 113 136 146
11.406 16.405 46.188 133 155 164
9.319 11.556 46.316 138 157 166
8.292 9.186 46.410 167 182 192
8.386 9.435 46.478 171 185 194
8.661 10.107 46.543 161 176 184
8.130 8.894 46.620 165 181 190
7.568 7.607 46.694 177 194 204
8.539 9.913 46.755 167 185 194
9.361 11.870 46.822 158 176 183
8.952 10.942 46.895 163 182 186
8.191 9.185 46.965 170 188 188
7.084 6.613 47.029 199 214 213
5.986 4.057 47.087 210 221 221
5.929 3.950 47.150 193 202 203
5.743 3.541 47.210 202 211 214
6.385 5.078 47.283 178 188 191
7.495 7.722 47.369 160 174 177
9.490 12.456 47.480 143 163 169
9.982 13.649 47.566 133 160 168
9.729 13.084 47.634 127 156 164
11.201 16.592 47.754 96 123 130
13.259 21.490 47.903 84 104 111
17.689 32.002 48.150 73 86 92
17.300 29.541 45.106 131 140 159
17.282 29.539 45.200 117 126 146
14.470 23.054 45.433 131 140 161
13.615 21.106 45.559 139 148 171
13.903 21.810 45.630 137 146 171
13.104 19.990 45.747 135 143 168
12.652 18.973 45.846 132 141 164
12.535 18.735 45.931 128 144 162
12.441 18.550 46.015 122 146 159
12.387 18.459 46.097 119 144 154
10.965 15.182 46.215 151 176 184
8.821 10.215 46.343 167 188 196
8.634 9.808 46.417 168 186 195
7.120 6.306 46.514 177 193 201
6.625 5.178 46.587 182 197 205
6.956 5.978 46.647 176 191 199
7.235 6.657 46.710 178 194 201
7.709 7.794 46.773 184 201 207
8.670 10.071 46.837 174 192 195
8.504 9.713 46.908 163 179 181
7.902 8.333 46.976 170 183 185
6.484 5.040 47.037 210 220 221
5.389 2.498 47.093 229 235 236
5.715 3.291 47.158 221 227 228
5.308 2.362 47.214 226 233 234
5.136 1.983 47.272 214 222 224
6.203 4.516 47.354 192 203 208
8.472 9.879 47.469 154 172 179
10.380 14.397 47.588 110 134 144
9.654 12.720 47.643 139 164 177
10.446 14.615 47.742 118 141 156
11.425 16.956 47.852 86 108 122
11.329 16.764 47.928 90 109 121
14.433 24.118 48.131 80 95 104
16.698 27.875 45.069 135 144 162
13.781 21.173 45.319 143 155 173
13.656 20.921 45.409 129 143 160
11.534 16.048 45.596 134 149 166
11.016 14.881 45.697 145 159 177
10.860 14.553 45.780 155 166 186
11.522 16.117 45.828 147 158 177
11.964 17.175 45.889 136 148 166
12.100 17.525 45.963 141 155 173
12.610 18.741 46.026 142 158 175
11.787 16.865 46.131 152 172 185
10.941 14.934 46.232 161 183 192
9.556 11.747 46.340 167 186 194
8.935 10.332 46.425 176 191 199
6.829 5.464 46.532 186 200 207
6.745 5.296 46.598 203 217 223
6.459 4.657 46.666 192 204 209
6.461 4.688 46.729 191 202 207
7.003 5.978 46.790 189 201 205
7.939 8.189 46.852 178 191 195
8.253 8.951 46.920 167 178 181
9.061 10.868 46.991 162 171 173
7.278 6.733 47.053 199 205 207
6.403 4.716 47.112 236 241 242
5.634 2.945 47.167 235 240 239
5.926 3.653 47.233 239 243 242
5.835 3.468 47.294 234 237 236
6.008 3.900 47.360 218 222 223
7.410 7.213 47.455 177 188 197
8.551 9.916 47.552 115 134 151
7.892 8.401 47.604 137 160 177
7.966 8.603 47.675 122 146 163
9.453 12.126 47.795 112 134 151
10.530 14.687 47.909 104 123 139
12.225 18.705 48.054 89 108 123
13.694 22.194 48.199 79 96 110
13.122 24.718 57.195 148 150 154
17.243 28.901 45.059 122 133 142
12.044 16.965 45.432 146 161 169
10.672 13.834 45.580 147 162 172
9.576 11.339 45.708 153 168 180
10.406 13.285 45.742 144 158 172
10.627 13.826 45.806 146 160 175
11.438 15.731 45.849 144 161 177
11.621 16.185 45.919 146 165 181
12.280 17.742 45.974 142 160 174
13.158 19.808 46.026 139 156 168
11.474 15.944 46.156 159 177 186
10.750 14.301 46.252 165 182 190
10.356 13.419 46.336 172 188 194
9.217 10.810 46.433 191 204 210
7.478 6.806 46.534 188 200 205
6.058 3.540 46.620 199 210 215
6.059 3.569 46.682 205 215 219
6.570 4.783 46.740 199 208 212
6.192 3.930 46.806 198 206 211
7.686 7.432 46.865 192 201 205
8.808 10.070 46.933 187 195 199
9.299 11.243 47.005 172 178 181
7.363 6.766 47.065 212 218 219
5.922 3.436 47.118 235 240 239
5.569 2.639 47.177 232 236 235
5.528 2.568 47.237 227 232 231
5.454 2.421 47.297 223 227 225
6.474 4.831 47.380 221 226 225
7.109 6.341 47.459 189 198 204
8.305 9.165 47.556 123 137 150
7.956 8.379 47.616 135 154 170
7.498 7.335 47.670 133 155 172
8.138 8.862 47.759 128 149 166
8.788 10.415 47.853 122 141 158
9.893 13.035 47.970 128 147 163
11.796 17.529 48.128 112 131 147
14.210 23.228 48.321 88 106 122
17.671 31.389 48.580 59 76 90
14.954 28.733 57.147 55 63 73
14.229 26.982 57.000 57 65 75
13.208 24.578 56.933 81 90 97
12.418 22.664 56.749 38 47 52
9.072 14.414 55.659 121 128 134
8.006 11.804 55.359 172 178 185
16.568 27.081 45.028 116 131 139
14.050 21.340 45.260 125 140 148
11.398 15.285 45.485 132 147 155
10.994 14.390 45.581 142 159 166
10.966 14.357 45.658 131 150 157
10.354 12.981 45.760 138 159 166
10.633 13.653 45.822 139 158 168
11.290 15.198 45.871 142 162 174
11.107 14.808 45.954 156 175 191
11.489 15.720 46.017 151 171 187
12.319 17.666 46.069 139 158 172
11.262 15.261 46.178 157 176 185
10.911 14.483 46.263 165 183 188
11.065 14.873 46.335 165 180 185
9.261 10.735 46.446 197 208 215
7.265 6.150 46.550 184 194 200
6.551 4.525 46.625 206 215 219
6.276 3.917 46.691 211 219 223
5.808 2.858 46.758 205 214 216
6.494 4.475 46.816 201 209 211
9.490 11.446 46.873 184 191 194
9.608 11.751 46.946 182 187 191
9.682 11.954 47.019 182 186 189
8.217 8.583 47.082 207 210 212
7.188 6.220 47.141 238 240 240
5.766 2.943 47.189 233 236 235
5.562 2.494 47.248 229 234 233
5.573 2.546 47.309 219 223 222
6.771 5.362 47.396 215 220 219
7.269 6.550 47.473 174 184 184
7.877 7.993 47.555 142 158 161
8.045 8.415 47.628 132 151 162
7.100 6.239 47.666 140 162 179
7.293 6.717 47.739 143 164 182
7.481 7.186 47.813 149 168 184
8.707 10.077 47.931 141 160 177
9.928 12.963 48.056 141 160 178
13.101 20.415 48.280 106 125 143
15.351 25.717 48.476 84 103 119
14.069 26.309 56.838 92 94 107
11.853 20.893 56.187 104 105 121
10.929 18.728 56.130 99 107 118
8.960 13.905 55.528 76 84 91
6.212 7.153 54.639 176 186 189
5.198 4.678 54.348 208 219 219
7.181 9.608 55.126 208 217 217
11.012 19.116 56.586 120 127 128
12.396 22.577 57.176 65 76 76
12.504 22.883 57.306 40 54 55
14.300 27.371 58.063 98 106 111
12.211 22.233 57.377 125 127 135
11.165 19.679 57.072 137 138 147
12.387 22.747 57.623 108 109 118
14.722 28.584 58.611 66 67 76
14.694 22.606 45.244 112 132 138
12.699 18.073 45.434 110 129 136
12.101 16.738 45.543 112 133 142
11.422 15.215 45.653 116 138 149
10.728 13.655 45.760 132 154 164
11.057 14.442 45.821 136 158 166
11.679 15.900 45.873 134 156 167
10.889 14.119 45.978 154 176 189
10.645 13.590 46.061 156 177 189
11.024 14.491 46.124 152 171 180
11.429 15.457 46.189 156 175 183
11.433 15.497 46.266 157 174 182
10.814 14.104 46.356 169 183 190
9.510 11.132 46.456 189 200 206
8.173 8.081 46.548 189 198 203
7.138 5.722 46.629 204 212 215
6.033 3.199 46.706 213 222 224
6.308 3.861 46.766 195 204 207
7.568 6.797 46.823 189 197 200
9.696 11.743 46.886 172 178 181
9.908 12.264 46.959 182 186 189
9.476 11.295 47.030 187 189 193
8.546 9.172 47.096 193 194 199
6.923 5.444 47.149 225 227 231
6.250 3.912 47.205 239 242 243
6.342 4.152 47.270 234 239 238
5.913 3.182 47.325 216 223 223
6.935 5.582 47.409 188 197 200
7.800 7.617 47.496 152 164 167
7.962 8.022 47.568 141 157 160
7.960 8.046 47.636 145 161 170
7.424 6.829 47.687 163 178 193
7.240 6.429 47.747 162 176 193
7.858 7.896 47.837 154 168 186
9.757 12.348 47.985 136 152 170
9.899 12.711 48.065 145 163 182
12.359 18.478 48.256 112 129 148
14.074 22.513 48.424 103 117 136
16.760 28.817 48.653 76 90 109
13.418 24.517 56.700 102 103 114
11.894 20.889 56.451 115 123 137
9.325 14.607 55.643 94 102 112
7.773 10.822 55.177 156 163 168
5.423 5.066 54.418 219 226 227
5.201 4.547 54.405 229 235 235
7.299 9.749 55.230 183 190 191
7.949 11.382 55.540 124 135 136
7.785 11.010 55.555 123 138 139
10.248 17.125 56.544 124 141 145
11.349 19.880 57.038 106 121 129
9.103 14.365 56.278 114 122 134
8.587 13.123 56.161 110 111 127
9.490 15.389 56.585 91 91 107
12.983 24.075 58.018 61 62 78
18.382 30.649 44.682 143 160 170
17.846 29.469 44.811 129 146 156
16.008 25.393 45.192 99 122 132
14.324 21.585 45.368 93 114 125
12.720 17.957 45.531 100 121 134
11.634 15.509 45.661 109 131 144
10.821 13.683 45.773 130 152 164
11.161 14.492 45.833 133 155 166
11.474 15.239 45.897 127 150 159
10.734 13.576 46.000 147 169 178
9.847 11.578 46.103 161 182 191
10.088 12.159 46.168 157 177 186
10.513 13.164 46.229 159 178 187
10.641 13.489 46.300 165 182 192
10.435 13.048 46.379 170 185 195
9.965 12.000 46.461 176 188 197
8.547 8.771 46.556 193 203 209
7.456 6.291 46.638 205 214 216
6.480 4.074 46.713 209 218 220
7.203 5.763 46.771 195 204 207
7.971 7.560 46.833 186 194 196
8.179 8.067 46.901 182 189 192
8.943 9.858 46.970 181 187 191
8.722 9.379 47.039 184 191 194
8.315 8.467 47.106 187 192 195
8.065 7.920 47.172 179 183 187
6.773 4.963 47.223 189 194 199
6.841 5.147 47.288 197 204 209
6.676 4.793 47.350 194 204 209
7.517 6.766 47.432 151 164 168
8.666 9.453 47.527 136 149 152
8.172 8.340 47.584 137 151 152
7.511 6.836 47.632 161 175 179
7.814 7.567 47.709 160 175 183
7.716 7.369 47.773 154 169 179
7.831 7.664 47.846 159 173 186
8.843 10.041 47.956 153 167 184
9.482 11.557 48.056 147 161 181
11.078 15.298 48.205 132 146 166
13.420 20.777 48.401 111 125 145
14.140 22.487 48.524 86 99 118
16.091 27.067 48.721 86 98 114
11.578 19.896 56.328 92 102 119
9.787 15.541 55.791 104 114 128
9.663 15.272 55.829 147 155 162
5.941 6.170 54.590 225 229 230
5.811 5.880 54.612 237 241 241
5.400 4.899 54.533 196 200 201
7.462 9.998 55.350 147 155 160
8.093 11.581 55.655 127 140 148
8.476 12.557 55.873 169 186 195
10.578 17.767 56.735 104 122 131
9.506 15.160 56.415 87 98 111
9.516 15.218 56.499 111 116 133
10.440 17.533 56.934 88 93 113
10.212 17.006 56.930 69 74 96
14.806 28.386 58.802 63 67 87
17.662 28.702 44.567 152 167 174
18.156 29.861 44.626 139 154 162
16.316 25.724 44.840 143 159 167
15.512 23.935 44.979 137 155 162
16.404 25.998 45.012 126 146 152
16.225 25.629 45.112 116 138 144
15.680 24.428 45.230 111 135 143
16.023 25.244 45.300 92 116 127
14.514 21.845 45.462 99 122 134
12.491 17.272 45.639 109 131 144
12.216 16.678 45.730 117 139 151
11.480 15.033 45.837 122 144 155
11.538 15.197 45.911 133 155 165
11.022 14.051 46.005 149 171 179
9.945 11.621 46.115 159 180 188
9.747 11.201 46.192 162 182 191
10.151 12.155 46.254 157 176 185
10.645 13.314 46.315 157 174 184
10.193 12.310 46.398 163 180 190
9.724 11.267 46.480 166 181 191
8.663 8.866 46.567 186 198 204
7.613 6.490 46.649 190 198 201
7.356 5.926 46.717 201 210 212
7.205 5.609 46.783 212 221 223
7.790 6.979 46.846 185 192 195
8.490 8.614 46.912 182 189 192
8.416 8.472 46.981 181 187 190
8.169 7.934 47.048 190 197 200
7.822 7.165 47.114 197 204 208
7.247 5.868 47.174 208 214 219
6.429 4.012 47.229 209 216 222
7.105 5.596 47.303 185 194 198
7.159 5.747 47.369 182 194 198
7.407 6.347 47.440 171 187 190
8.496 8.888 47.534 148 162 166
9.125 10.370 47.621 152 166 169
7.693 7.091 47.648 164 179 182
7.554 6.800 47.710 163 179 182
7.687 7.133 47.782 162 176 181
8.231 8.422 47.871 163 176 184
8.428 8.905 47.948 158 172 186
9.669 11.809 48.074 141 155 175
10.640 14.090 48.194 132 146 166
11.236 15.505 48.300 131 145 164
11.579 16.333 48.397 106 119 138
15.043 24.406 48.673 78 90 105
7.135 8.829 54.785 153 172 187
7.115 8.811 54.850 146 164 171
8.606 12.488 55.445 135 147 149
7.688 10.275 55.197 232 236 235
5.463 4.859 54.477 239 242 241
4.740 3.116 54.284 220 224 226
6.008 6.251 54.809 171 180 183
9.566 15.004 56.182 114 127 133
9.593 15.106 56.272 145 161 168
8.237 11.810 55.847 124 142 149
9.741 15.537 56.489 77 92 102
10.744 18.036 56.950 100 112 125
12.628 22.705 57.755 102 110 128
12.215 21.728 57.687 94 98 120
16.126 24.966 44.609 166 179 185
15.821 24.311 44.719 163 176 182
14.731 21.883 44.879 164 177 183
12.478 16.819 45.109 175 189 194
12.253 16.343 45.201 160 175 179
13.803 19.886 45.187 145 165 165
14.131 20.664 45.250 129 152 151
15.144 22.995 45.279 117 140 142
15.515 23.872 45.346 110 132 139
14.056 20.597 45.503 105 126 135
12.879 17.959 45.639 111 130 142
12.193 16.433 45.748 123 142 153
12.094 16.241 45.830 120 140 151
11.358 14.598 45.934 133 154 166
10.505 12.689 46.039 153 175 188
10.276 12.198 46.119 148 169 181
9.636 10.770 46.210 165 185 196
9.730 11.014 46.279 164 182 195
10.028 11.724 46.344 157 174 188
10.110 11.942 46.415 155 171 184
9.812 11.291 46.492 167 182 192
8.958 9.371 46.576 179 192 198
7.759 6.659 46.659 190 201 203
7.822 6.831 46.725 190 200 202
7.139 5.298 46.795 212 221 223
7.518 6.192 46.859 186 194 196
8.089 7.527 46.925 189 196 199
8.490 8.474 46.993 181 186 190
8.214 7.870 47.060 180 184 190
7.274 5.741 47.120 207 211 217
6.647 4.330 47.178 220 224 230
5.938 2.730 47.232 222 228 233
6.447 3.924 47.302 194 203 208
7.666 6.751 47.390 172 185 189
8.050 7.662 47.465 163 181 183
8.600 8.958 47.547 154 171 174
9.156 10.265 47.632 159 174 177
8.297 8.317 47.676 167 182 185
7.542 6.606 47.719 159 174 177
7.937 7.545 47.801 168 182 187
7.963 7.633 47.869 169 181 190
7.918 7.559 47.936 156 170 182
8.218 8.280 48.017 149 164 179
9.352 10.927 48.141 138 152 169
10.607 13.859 48.278 142 157 174
10.888 14.539 48.369 119 134 150
11.837 16.768 48.500 105 120 135
13.762 21.259 48.695 85 96 105
15.879 29.899 57.682 104 123 141
6.382 6.819 54.515 189 211 226
5.159 3.869 54.161 206 226 237
5.467 4.645 54.334 182 194 199
6.781 7.878 54.865 221 226 225
5.859 5.659 54.607 234 237 236
5.312 4.352 54.479 233 237 238
5.011 3.645 54.436 214 220 221
6.858 8.188 55.177 170 179 179
9.360 14.337 56.172 126 140 143
9.314 14.258 56.235 118 136 141
10.769 17.854 56.861 98 115 121
11.741 20.272 57.313 90 105 113
13.620 24.914 58.117 89 102 114
16.019 30.836 59.134 102 114 130
18.267 29.495 44.290 133 144 150
17.646 28.134 44.430 125 137 145
17.358 27.524 44.543 138 151 160
15.327 22.984 44.775 153 166 174
13.551 19.014 44.978 160 173 180
13.202 18.260 45.082 162 175 179
12.695 17.149 45.192 156 169 171
13.948 20.011 45.198 140 159 159
14.336 20.924 45.259 122 145 144
13.711 19.544 45.375 127 148 149
14.457 21.266 45.419 118 136 141
13.056 18.130 45.569 114 132 141
12.491 16.885 45.674 118 137 149
12.280 16.438 45.761 120 141 153
12.201 16.291 45.842 128 149 162
11.187 14.026 45.957 140 163 178
10.438 12.358 46.057 154 177 192
9.979 11.345 46.144 147 170 185
9.091 9.357 46.240 167 189 202
8.967 9.106 46.313 174 194 208
9.078 9.387 46.379 164 184 197
9.543 10.472 46.440 164 182 197
9.881 11.273 46.505 159 176 190
9.849 11.230 46.577 159 174 183
8.184 7.466 46.667 188 202 205
7.740 6.481 46.738 193 205 208
7.605 6.202 46.805 201 212 216
7.562 6.131 46.871 191 199 204
7.772 6.638 46.936 188 194 200
8.164 7.560 47.004 180 185 190
7.030 4.996 47.065 193 197 203
6.254 3.250 47.122 217 221 225
6.193 3.135 47.184 215 220 223
6.045 2.823 47.244 216 221 225
6.219 3.246 47.308 212 219 224
6.986 5.031 47.386 172 184 188
8.691 8.965 47.490 141 158 161
8.878 9.425 47.565 148 167 169
8.963 9.649 47.637 163 181 183
8.414 8.418 47.690 162 179 182
7.664 6.723 47.733 167 182 186
7.816 7.100 47.806 173 188 194
7.626 6.692 47.865 163 178 188
7.214 5.771 47.914 148 163 176
7.394 6.213 47.988 152 166 181
7.961 7.546 48.082 148 164 180
9.162 10.344 48.212 151 168 184
10.412 13.255 48.352 121 139 155
11.603 16.034 48.496 118 135 150
12.993 19.274 48.659 100 111 121
15.940 26.113 48.928 74 78 84
16.884 31.962 57.703 148 162 185
14.227 25.569 56.917 154 172 195
11.018 17.827 55.929 154 175 198
8.650 12.118 55.207 122 145 167
8.700 12.271 55.301 135 157 176
5.438 4.384 54.247 198 217 231
4.637 2.466 54.033 219 230 236
5.767 5.238 54.496 215 220 219
5.361 4.280 54.419 227 230 229
5.133 3.753 54.403 229 234 235
6.488 7.081 54.960 210 217 217
5.952 5.804 54.834 208 217 217
5.701 5.221 54.810 188 199 201
6.290 6.687 55.097 170 183 187
7.655 10.047 55.678 150 163 167
7.678 10.135 55.761 163 176 180
10.253 16.456 56.816 144 157 163
18.460 29.659 44.206 129 130 141
16.868 26.126 44.422 153 154 165
16.481 25.295 44.540 140 147 157
15.726 23.636 44.682 144 157 165
14.532 20.988 44.850 153 167 174
14.452 20.842 44.939 144 157 163
14.628 21.273 45.011 150 163 169
13.228 18.155 45.179 144 157 163
13.213 18.156 45.260 142 158 163
12.371 16.293 45.386 135 152 157
12.522 16.665 45.456 132 150 157
11.711 14.868 45.574 137 154 164
11.400 14.197 45.664 126 144 155
11.431 14.299 45.738 118 137 149
10.550 12.340 45.849 131 150 163
9.819 10.718 45.950 143 163 176
9.284 9.538 46.040 153 175 188
10.518 12.360 46.069 149 173 186
8.820 8.546 46.193 162 186 199
8.329 7.462 46.275 177 198 211
8.652 8.221 46.334 169 190 203
8.673 8.297 46.402 170 189 203
8.828 8.677 46.467 170 189 204
8.941 8.963 46.534 153 172 186
9.746 10.819 46.593 145 161 172
8.847 8.807 46.673 169 181 190
7.870 6.614 46.749 193 205 211
7.971 6.871 46.815 183 194 198
7.580 6.010 46.882 185 194 197
6.962 4.630 46.947 197 204 207
6.942 4.612 47.011 201 206 209
6.506 3.645 47.072 209 214 217
6.357 3.332 47.133 209 212 216
6.584 3.876 47.199 208 213 216
6.788 4.368 47.265 211 216 219
6.125 2.880 47.317 222 228 231
7.231 5.431 47.401 179 191 195
8.006 7.230 47.485 152 170 175
8.179 7.653 47.557 149 168 173
7.975 7.216 47.619 159 177 182
7.954 7.195 47.685 166 182 187
7.500 6.183 47.737 180 195 201
7.935 7.208 47.819 166 181 188
7.763 6.842 47.880 159 174 184
7.220 5.625 47.923 154 170 182
7.542 6.391 48.004 153 170 185
7.602 6.555 48.073 152 169 186
8.051 7.615 48.163 163 179 198
9.388 10.718 48.305 133 150 168
11.361 15.285 48.491 117 134 148
13.455 20.134 48.696 97 108 117
15.581 25.064 48.916 77 81 87
16.584 30.777 57.087 117 138 158
15.511 28.235 56.847 109 130 150
15.839 29.066 57.049 103 124 144
13.671 23.995 56.719 139 157 178
9.116 13.025 55.277 155 177 197
5.980 5.474 54.289 146 169 189
7.686 9.631 54.942 130 152 174
9.936 15.109 55.793 149 168 189
5.758 5.023 54.415 219 233 242
4.930 3.044 54.190 216 226 224
5.110 3.508 54.319 227 235 231
5.853 5.338 54.651 226 233 232
8.513 11.825 55.681 192 198 199
7.915 10.403 55.539 197 204 207
5.495 4.553 54.722 199 206 209
6.187 6.265 55.046 193 202 204
7.592 9.711 55.641 182 192 194
7.115 8.581 55.534 201 210 213
7.109 8.597 55.604 198 207 210
13.800 24.932 58.245 135 144 148
16.186 30.959 59.666 68 76 79
17.461 27.196 44.309 126 129 142
16.140 24.278 44.500 147 150 161
15.373 22.599 44.644 142 150 159
14.489 20.653 44.791 153 166 175
15.464 22.873 44.808 146 160 167
14.882 21.603 44.931 151 164 170
14.436 20.637 45.043 147 158 164
13.805 19.256 45.164 145 154 161
12.985 17.448 45.292 154 162 171
11.767 14.745 45.437 152 160 172
11.308 13.745 45.536 147 159 171
11.119 13.352 45.620 144 161 173
10.480 11.943 45.723 144 162 176
10.256 11.469 45.805 140 159 175
9.771 10.408 45.897 133 153 171
8.649 7.909 46.010 147 169 186
9.003 8.736 46.065 151 171 189
8.355 7.302 46.154 156 175 193
7.923 6.354 46.234 171 190 206
7.786 6.073 46.303 178 198 211
8.186 7.003 46.359 183 199 213
8.151 6.952 46.426 185 200 215
8.228 7.153 46.491 183 200 215
8.018 6.706 46.561 171 191 204
8.163 7.062 46.626 174 190 199
7.916 6.529 46.695 193 206 210
7.906 6.535 46.761 195 207 210
7.519 5.686 46.829 192 204 206
7.054 4.658 46.895 196 204 207
6.910 4.357 46.959 198 205 208
6.751 4.021 47.021 200 206 209
6.425 3.308 47.082 211 218 221
6.812 4.213 47.148 206 212 215
6.609 3.778 47.209 211 215 218
6.815 4.273 47.276 206 212 215
6.294 3.113 47.330 212 221 223
6.820 4.337 47.403 185 197 199
7.446 5.789 47.482 177 190 192
7.610 6.192 47.552 172 187 188
6.768 4.298 47.593 177 193 194
7.163 5.225 47.669 178 194 197
7.327 5.627 47.740 178 194 199
7.385 5.788 47.808 171 187 195
7.481 6.033 47.877 165 182 192
6.967 4.885 47.921 168 186 198
7.411 5.928 48.006 160 177 192
7.594 6.374 48.081 160 177 194
8.023 7.384 48.170 151 167 186
9.034 9.730 48.294 142 158 176
10.983 14.228 48.479 123 137 152
12.652 18.089 48.657 99 110 119
15.026 23.571 48.890 82 89 92
18.561 31.725 49.215 67 70 74
16.523 30.386 57.056 108 129 151
13.604 23.417 56.228 113 136 159
12.199 20.080 55.869 128 151 175
14.179 24.876 56.596 102 125 149
13.121 22.371 56.343 142 165 187
9.295 13.200 55.170 167 190 210
8.170 10.526 54.873 178 201 221
7.152 8.103 54.605 178 202 221
5.747 4.747 54.200 171 194 214
7.922 10.022 55.011 138 156 175
10.724 16.812 56.053 127 139 154
8.786 12.169 55.460 159 169 177
6.521 6.731 54.740 194 203 204
5.904 5.267 54.590 226 235 234
6.886 7.671 55.009 219 228 228
8.811 12.357 55.775 194 202 204
8.576 11.821 55.767 202 208 214
6.603 7.074 55.118 207 214 220
5.881 5.355 54.921 193 202 207
6.765 7.526 55.319 180 188 193
6.990 8.102 55.474 181 187 193
8.359 11.455 56.066 170 177 182
11.092 18.125 57.189 140 148 153
11.952 20.251 57.606 129 141 145
16.703 31.840 59.544 92 105 109
16.672 31.894 59.840 77 80 81
17.416 26.875 44.336 119 127 139
14.628 20.694 44.636 126 137 146
14.524 20.497 44.727 141 153 161
15.402 22.490 44.748 130 143 149
15.354 22.419 44.836 137 150 156
15.034 21.739 44.942 144 157 163
14.732 21.097 45.045 145 158 165
14.454 20.511 45.145 144 157 165
13.214 17.768 45.297 143 157 166
11.265 13.437 45.481 152 167 177
11.380 13.724 45.550 145 161 172
10.814 12.486 45.651 144 161 173
10.522 11.863 45.738 138 156 174
9.581 9.779 45.850 141 159 183
8.616 7.643 45.958 153 173 195
8.500 7.410 46.030 157 178 198
8.469 7.368 46.098 157 178 196
8.489 7.441 46.164 164 183 199
8.420 7.312 46.233 171 188 203
7.417 5.082 46.326 190 205 219
7.776 5.918 46.382 198 212 222
7.606 5.561 46.451 206 219 225
7.442 5.219 46.518 215 228 233
6.866 3.946 46.591 215 228 232
7.462 5.317 46.647 207 219 222
7.604 5.665 46.710 198 209 211
7.614 5.713 46.775 195 205 207
7.124 4.634 46.842 192 201 203
6.869 4.084 46.906 203 211 214
6.823 4.004 46.970 202 208 211
6.587 3.497 47.032 200 206 209
6.794 3.991 47.096 205 212 215
7.373 5.330 47.165 201 207 210
6.733 3.906 47.221 205 212 215
6.469 3.333 47.280 210 218 221
6.556 3.556 47.344 201 210 213
6.855 4.261 47.414 188 198 199
7.070 4.776 47.482 190 202 201
7.005 4.654 47.545 187 199 199
6.951 4.558 47.608 185 199 198
6.913 4.499 47.670 182 197 195
6.881 4.454 47.733 191 207 206
7.251 5.321 47.812 168 185 189
7.469 5.846 47.886 164 181 191
7.109 5.051 47.936 164 183 192
7.185 5.252 48.004 155 175 184
7.766 6.606 48.098 163 181 193
8.434 8.159 48.201 161 178 193
9.370 10.326 48.322 141 157 173
10.533 13.013 48.461 126 141 155
11.625 15.542 48.603 104 115 124
14.919 23.112 48.893 78 85 88
16.637 27.080 49.096 77 82 85
16.701 30.610 57.199 86 111 146
14.111 24.447 56.470 115 144 176
12.432 20.463 56.019 136 166 193
11.315 17.823 55.742 153 183 203
10.225 15.242 55.466 171 196 212
9.331 13.129 55.249 181 200 212
7.471 8.695 54.702 188 204 216
5.061 2.935 53.957 203 216 229
5.079 3.007 54.028 192 203 216
9.244 13.050 55.530 148 159 170
9.147 12.851 55.574 131 140 148
6.991 7.691 54.894 166 175 180
5.759 4.754 54.528 220 230 235
6.593 6.790 54.893 216 227 233
8.529 11.491 55.661 190 198 204
11.178 17.915 56.701 174 180 186
7.500 9.069 55.435 199 207 217
7.457 8.996 55.492 180 190 206
8.471 11.477 55.943 164 171 189
10.085 15.412 56.626 147 152 172
10.100 15.483 56.713 126 137 159
10.632 16.805 56.998 130 146 168
9.027 12.952 56.461 137 154 165
10.453 16.440 57.094 98 114 115
12.017 20.267 57.789 80 95 95
15.498 28.750 59.253 79 92 94
16.846 32.065 59.889 83 91 92
18.803 29.738 44.252 116 133 143
17.068 25.918 44.475 118 138 144
14.821 20.956 44.726 144 160 167
15.173 21.773 44.785 139 153 159
15.229 21.933 44.866 142 155 160
13.511 18.140 45.060 151 164 168
12.683 16.326 45.190 151 164 169
12.061 14.971 45.304 150 163 169
11.692 14.178 45.401 151 165 173
10.443 11.420 45.542 166 181 191
10.973 12.634 45.587 151 166 183
10.738 12.140 45.671 149 165 188
10.267 11.117 45.765 146 167 190
9.597 9.646 45.865 135 160 181
9.251 8.902 45.948 154 178 199
8.854 8.039 46.031 152 173 193
8.542 7.368 46.109 162 182 201
8.086 6.375 46.190 170 189 205
7.525 5.142 46.272 175 191 202
7.798 5.782 46.329 188 201 208
7.691 5.569 46.397 202 214 218
7.678 5.566 46.462 202 213 215
7.631 5.488 46.528 205 215 216
7.426 5.053 46.595 211 220 220
7.839 6.008 46.655 200 209 210
7.345 4.924 46.725 200 209 211
7.229 4.689 46.790 206 215 217
6.766 3.671 46.855 213 222 224
6.641 3.415 46.918 211 219 222
6.514 3.155 46.980 209 215 218
6.630 3.443 47.043 198 205 208
7.118 4.569 47.109 205 212 215
7.411 5.257 47.176 205 212 215
6.751 3.794 47.232 207 213 216
6.447 3.132 47.290 208 216 219
6.402 3.055 47.351 214 223 225
6.886 4.177 47.424 190 200 201
6.513 3.359 47.478 190 202 201
6.521 3.403 47.541 196 207 207
6.623 3.659 47.607 191 203 202
6.446 3.285 47.664 183 196 195
6.544 3.533 47.730 199 215 214
7.355 5.399 47.825 173 191 195
7.559 5.891 47.899 163 183 192
7.487 5.752 47.961 160 181 190
7.861 6.632 48.045 159 178 187
8.384 7.848 48.138 160 179 191
8.296 7.677 48.202 168 185 200
8.824 8.908 48.300 167 183 196
11.053 14.015 48.501 119 134 144
11.641 15.387 48.613 101 114 123
12.587 17.578 48.753 95 105 114
14.838 22.749 48.985 88 95 104
16.968 27.650 49.222 76 79 88
14.289 24.648 56.515 129 157 196
11.024 16.889 55.553 163 194 226
9.421 13.091 55.112 186 218 241
11.308 17.637 55.811 170 192 207
11.181 17.368 55.853 177 190 198
8.060 9.930 54.889 188 199 204
7.235 7.987 54.684 197 208 212
5.954 4.945 54.317 201 211 218
6.233 5.642 54.480 205 216 225
6.698 6.786 54.710 190 201 210
6.232 5.696 54.616 175 186 195
6.154 5.538 54.657 196 211 219
5.841 4.813 54.613 207 224 232
6.270 5.875 54.835 202 214 222
10.350 15.717 56.385 175 181 191
9.172 12.917 56.035 159 169 182
9.261 13.162 56.146 152 166 183
13.016 22.243 57.623 104 119 140
13.177 22.668 57.773 113 129 152
8.835 12.234 56.219 135 154 178
7.805 9.779 55.902 149 169 192
8.064 10.436 56.076 136 157 174
10.339 15.965 57.034 110 129 141
9.696 14.443 56.864 77 94 101
12.010 20.073 57.857 92 105 109
15.078 27.535 59.165 86 96 99
18.922 29.812 44.360 125 145 151
15.459 22.170 44.702 147 165 171
14.820 20.786 44.830 149 165 170
14.486 20.079 44.935 149 163 167
13.121 17.081 45.104 153 167 168
11.933 14.472 45.254 155 168 170
11.240 12.962 45.370 162 175 179
11.369 13.278 45.436 168 182 186
10.076 10.429 45.578 169 185 190
9.934 10.142 45.655 159 179 193
10.863 12.242 45.682 144 169 191
10.367 11.165 45.777 138 165 187
9.373 8.978 45.889 160 185 207
8.824 7.780 45.979 160 184 203
8.389 6.837 46.062 167 189 204
7.829 5.614 46.147 178 195 208
7.543 5.002 46.221 191 203 214
7.313 4.512 46.291 188 200 210
8.016 6.112 46.337 185 196 205
7.722 5.481 46.409 209 218 223
7.804 5.692 46.472 213 222 222
7.966 6.080 46.535 203 212 211
7.791 5.715 46.603 207 216 216
7.314 4.672 46.673 209 219 219
6.917 3.808 46.740 212 221 221
6.622 3.170 46.805 213 220 222
6.833 3.670 46.866 213 220 223
6.785 3.588 46.929 212 219 222
6.056 1.976 46.989 219 226 229
6.320 2.593 47.052 212 219 222
6.272 2.510 47.113 204 211 214
6.954 4.071 47.182 203 210 213
7.060 4.336 47.247 205 212 215
6.635 3.405 47.303 205 212 215
6.367 2.826 47.360 219 226 229
6.780 3.785 47.432 197 204 206
6.749 3.740 47.494 193 199 200
6.787 3.852 47.558 193 202 203
6.731 3.752 47.620 197 208 210
6.559 3.388 47.677 192 202 204
6.784 3.924 47.748 191 202 204
7.071 4.599 47.823 168 185 190
7.482 5.555 47.904 165 187 195
8.295 7.426 48.006 154 176 187
8.995 9.041 48.108 147 169 180
9.578 10.392 48.207 133 152 164
9.689 10.674 48.285 137 154 166
9.750 10.842 48.360 151 167 179
10.599 12.800 48.483 111 126 138
11.913 15.819 48.639 102 116 128
12.135 16.355 48.732 94 107 117
13.529 19.560 48.906 94 101 112
15.683 24.497 49.142 88 89 100
17.018 30.835 57.174 86 114 155
11.474 17.726 55.604 150 178 219
8.428 10.507 54.705 189 211 237
7.618 8.608 54.515 219 234 244
6.875 6.866 54.342 214 226 231
8.213 10.086 54.856 197 208 212
7.182 7.656 54.584 186 196 200
7.482 8.403 54.757 188 199 203
6.534 6.167 54.505 192 203 210
6.144 5.264 54.439 217 230 239
5.961 4.855 54.444 209 222 231
6.141 5.314 54.574 191 204 212
6.998 7.393 54.944 183 197 205
5.931 4.866 54.634 202 215 224
5.273 3.317 54.465 218 227 236
7.586 8.891 55.369 189 195 205
7.458 8.615 55.395 193 197 211
7.863 9.618 55.616 165 170 189
10.993 17.167 56.855 125 139 159
15.175 27.252 58.507 89 112 132
10.312 15.597 56.763 125 149 169
7.590 9.082 55.806 150 174 193
8.273 10.758 56.142 114 138 155
12.390 20.704 57.813 115 139 154
10.351 15.828 57.104 92 113 127
12.863 21.919 58.176 92 109 123
15.799 29.039 59.432 85 98 114
16.992 25.356 44.614 134 152 160
13.761 18.242 44.923 160 175 179
13.391 17.456 45.027 155 169 171
11.756 13.867 45.208 157 170 172
10.028 10.067 45.386 172 185 188
9.835 9.668 45.467 172 185 189
10.367 10.876 45.508 173 185 189
8.631 7.053 45.669 174 187 194
9.066 8.046 45.714 165 185 198
10.558 11.388 45.712 155 181 200
10.275 10.789 45.797 156 182 203
9.646 9.418 45.893 161 187 206
9.251 8.567 45.978 166 190 208
8.462 6.840 46.074 177 198 213
7.766 5.317 46.163 186 202 214
7.533 4.825 46.234 192 203 212
7.687 5.193 46.294 188 198 207
8.376 6.757 46.342 182 193 201
8.333 6.688 46.409 197 207 212
8.239 6.505 46.477 206 215 217
7.935 5.853 46.548 212 219 220
7.476 4.853 46.619 212 219 220
7.125 4.095 46.687 212 219 220
7.050 3.952 46.751 213 220 221
6.896 3.634 46.815 215 221 222
6.356 2.451 46.878 225 232 233
6.301 2.353 46.940 220 227 229
6.373 2.539 47.001 213 220 223
6.552 2.966 47.064 216 222 226
6.464 2.794 47.125 205 212 215
6.302 2.456 47.185 203 211 214
6.396 2.691 47.247 208 217 220
6.466 2.874 47.310 204 214 216
6.337 2.610 47.370 211 219 222
6.982 4.085 47.446 193 200 204
6.958 4.058 47.509 188 194 200
7.174 4.571 47.579 180 186 192
7.274 4.822 47.646 174 180 186
6.577 3.278 47.687 196 201 206
6.890 4.009 47.761 191 198 203
7.339 5.049 47.842 173 186 197
7.921 6.389 47.932 147 166 182
8.205 7.058 48.011 146 167 184
8.568 7.906 48.096 147 169 184
9.687 10.466 48.222 134 155 168
9.780 10.705 48.299 127 147 158
10.579 12.544 48.416 124 141 153
10.345 12.043 48.477 113 128 141
11.531 14.763 48.625 109 123 135
11.297 14.263 48.686 113 125 136
12.646 17.356 48.855 101 108 119
14.964 22.651 49.100 83 84 96
17.806 29.140 49.397 73 74 84
17.443 31.559 57.193 99 120 151
15.707 27.485 56.751 93 120 154
15.865 27.899 56.897 89 118 151
10.487 15.181 55.278 161 188 216
7.927 9.137 54.533 187 204 220
6.141 4.925 54.025 215 221 226
6.008 4.637 54.048 216 221 225
6.802 6.554 54.378 208 214 219
6.223 5.204 54.254 182 191 198
7.715 8.784 54.825 149 162 170
7.806 9.031 54.928 158 171 180
6.834 6.743 54.666 188 201 210
5.570 3.761 54.298 209 222 231
5.577 3.805 54.366 196 209 218
6.363 5.708 54.709 188 199 204
5.915 4.665 54.618 209 218 221
5.087 2.715 54.387 220 227 230
5.744 4.313 54.690 208 214 219
6.147 5.304 54.903 203 208 215
6.477 6.122 55.093 204 210 220
7.356 8.255 55.488 184 200 216
12.546 20.720 57.505 94 122 143
11.021 17.101 57.017 113 142 164
8.789 11.782 56.250 127 155 176
9.050 12.439 56.426 103 129 148
10.143 15.095 56.927 114 138 155
12.257 20.208 57.832 97 119 135
15.331 27.633 59.129 86 105 121
16.763 31.117 59.794 77 96 111
19.198 29.969 44.388 133 148 162
15.581 22.029 44.735 145 158 168
12.485 15.234 45.028 173 184 188
11.104 12.217 45.194 181 193 195
10.296 10.462 45.317 178 191 193
9.282 8.249 45.447 178 191 194
9.231 8.166 45.518 179 192 196
9.141 7.993 45.590 183 196 201
8.749 7.153 45.678 177 190 196
8.008 5.540 45.780 184 198 206
9.438 8.734 45.780 170 185 195
9.610 9.144 45.841 154 172 185
9.497 8.920 45.914 163 182 198
8.751 7.293 46.011 186 203 216
7.973 5.595 46.105 192 205 215
7.750 5.127 46.177 193 204 215
7.793 5.247 46.240 192 203 214
8.651 7.182 46.282 181 193 204
8.469 6.803 46.353 180 193 204
8.881 7.747 46.411 184 196 206
8.263 6.399 46.490 189 200 208
8.222 6.335 46.556 200 209 215
7.748 5.306 46.628 205 212 215
7.168 4.039 46.699 212 218 219
6.921 3.513 46.763 218 222 223
6.574 2.765 46.827 228 233 234
6.465 2.546 46.889 233 237 238
6.173 1.918 46.950 230 235 236
6.421 2.498 47.012 226 230 231
6.377 2.425 47.073 225 229 231
6.690 3.149 47.137 205 209 213
6.229 2.144 47.194 209 214 216
6.260 2.238 47.255 212 219 220
6.041 1.772 47.313 208 217 218
6.736 3.355 47.387 184 196 197
6.573 3.015 47.446 195 206 210
7.078 4.173 47.522 184 195 202
7.031 4.096 47.584 180 190 197
6.563 3.070 47.633 171 182 189
6.241 2.371 47.684 185 195 201
6.973 4.043 47.773 171 182 189
7.585 5.446 47.861 159 173 185
7.153 4.499 47.908 150 169 186
7.267 4.784 47.977 157 178 195
7.634 5.636 48.060 153 175 190
9.432 9.718 48.218 140 161 174
9.814 10.608 48.309 134 154 165
10.808 12.882 48.438 116 133 145
10.885 13.085 48.518 114 129 142
10.992 13.359 48.600 117 130 140
11.454 14.434 48.705 113 126 132
12.403 16.613 48.847 102 114 121
15.264 23.120 49.131 87 97 106
17.059 27.219 49.352 74 80 89
17.929 29.228 49.512 37 38 47
11.716 17.825 55.492 157 171 197
11.234 16.719 55.423 131 149 170
10.406 14.796 55.242 161 183 198
8.444 10.186 54.690 150 170 184
5.744 3.823 53.887 189 204 216
4.631 1.213 53.588 223 233 241
4.814 1.674 53.711 225 232 235
5.536 3.411 54.015 197 204 209
6.921 6.725 54.547 157 165 175
7.392 7.873 54.776 160 170 180
7.863 9.022 55.009 144 157 165
6.061 4.768 54.457 182 194 202
6.044 4.757 54.519 180 190 197
6.149 5.033 54.623 195 204 209
5.267 2.962 54.377 212 221 223
5.081 2.546 54.375 218 226 229
5.924 4.581 54.744 222 231 236
6.004 4.799 54.840 182 197 202
6.461 5.918 55.075 185 207 213
6.172 5.256 55.037 188 214 227
9.104 12.286 56.201 122 150 171
12.314 19.988 57.489 107 134 161
11.505 18.091 57.269 104 130 161
9.142 12.474 56.447 102 127 156
8.449 10.846 56.256 114 137 163
8.654 11.368 56.412 121 143 165
10.287 15.312 57.129 118 139 157
13.206 22.343 58.366 106 127 143
15.220 27.211 59.260 97 119 134
15.546 28.034 59.488 89 112 125
16.490 30.341 59.968 79 100 111
17.902 26.894 44.505 132 145 158
13.320 16.856 44.913 163 176 184
12.080 14.159 45.074 170 183 187
9.262 7.988 45.329 180 195 197
8.340 5.986 45.453 176 192 193
7.948 5.149 45.541 182 196 197
7.913 5.098 45.607 177 190 192
8.012 5.342 45.666 189 203 208
7.614 4.491 45.750 187 202 210
7.899 5.145 45.800 191 206 216
8.187 5.806 45.851 187 202 212
8.683 6.929 45.895 186 200 211
8.668 6.922 45.962 186 199 209
8.054 5.592 46.051 200 212 219
7.374 4.114 46.139 210 221 225
8.242 6.062 46.175 195 204 208
8.125 5.828 46.244 191 199 204
7.651 4.804 46.321 188 199 205
8.135 5.904 46.374 183 195 204
8.138 5.937 46.439 187 200 209
8.216 6.136 46.503 181 194 203
8.441 6.662 46.566 184 195 202
7.945 5.587 46.638 186 195 200
7.454 4.523 46.708 200 206 210
7.178 3.935 46.773 211 215 218
7.054 3.686 46.837 221 225 228
6.798 3.141 46.900 226 230 231
6.600 2.724 46.962 222 227 228
6.513 2.556 47.023 226 230 231
5.904 1.223 47.080 231 235 236
5.848 1.122 47.139 226 230 231
5.829 1.104 47.199 225 230 231
6.221 2.004 47.265 217 224 224
6.296 2.198 47.327 207 218 218
6.510 2.700 47.392 181 195 196
6.969 3.751 47.465 184 198 202
7.168 4.224 47.534 184 197 203
6.883 3.611 47.589 181 193 200
7.024 3.951 47.657 178 189 196
6.711 3.277 47.709 184 194 201
7.082 4.134 47.786 168 179 188
7.548 5.206 47.868 155 170 182
7.535 5.203 47.933 154 173 187
8.260 6.858 48.032 141 162 176
8.507 7.441 48.111 136 157 171
9.267 9.178 48.218 128 149 160
9.488 9.702 48.301 138 157 166
11.217 13.621 48.471 117 134 145
11.928 15.254 48.589 112 127 139
11.385 14.062 48.633 114 128 141
13.127 18.020 48.824 95 108 121
13.484 18.859 48.930 92 104 119
15.159 22.670 49.132 94 103 119
16.890 26.614 49.349 71 76 89
18.676 30.685 49.579 37 36 46
8.630 10.446 54.740 153 169 183
7.818 8.562 54.551 178 193 206
5.399 2.878 53.831 222 232 239
5.540 3.237 53.942 216 223 223
5.576 3.350 54.019 219 225 225
5.612 3.461 54.096 226 233 234
7.032 6.849 54.643 180 189 192
8.576 10.535 55.243 147 158 162
6.847 6.469 54.719 181 192 198
6.026 4.551 54.502 191 202 209
6.327 5.292 54.674 190 201 206
5.586 3.562 54.479 195 206 210
5.294 2.897 54.440 206 217 224
5.611 3.676 54.619 226 238 247
6.522 5.870 55.017 185 202 210
6.792 6.540 55.185 170 192 200
7.486 8.218 55.511 161 186 200
9.812 13.787 56.452 101 126 148
11.203 17.131 57.055 108 134 162
9.909 14.082 56.647 98 123 156
9.542 13.241 56.586 96 116 150
9.636 13.498 56.701 111 127 160
9.265 12.645 56.635 124 139 166
8.335 10.455 56.348 131 147 169
8.475 10.820 56.478 127 146 165
8.843 11.730 56.700 111 132 150
11.801 18.840 57.964 104 126 140
12.639 20.881 58.389 95 117 126
13.941 24.036 59.009 95 112 115
13.852 17.834 44.896 158 170 173
13.220 16.480 45.017 162 175 177
9.509 8.369 45.330 172 187 189
7.785 4.612 45.502 177 193 196
8.649 6.534 45.516 178 194 196
7.844 4.793 45.626 171 187 188
8.097 5.375 45.676 194 209 213
8.033 5.259 45.744 188 203 211
8.084 5.397 45.806 183 198 208
7.770 4.733 45.884 176 191 201
8.752 6.923 45.907 179 193 204
8.508 6.411 45.983 191 203 214
8.152 5.654 46.062 195 205 213
7.288 3.773 46.155 216 225 230
7.520 4.310 46.211 212 219 223
7.332 3.922 46.280 208 214 219
7.175 3.600 46.346 200 207 215
7.431 4.190 46.403 198 206 215
7.566 4.515 46.464 189 198 208
7.522 4.444 46.528 187 195 205
7.809 5.104 46.588 181 190 198
8.034 5.629 46.649 179 188 195
7.556 4.597 46.719 197 205 211
7.302 4.058 46.784 205 212 217
7.091 3.618 46.848 220 226 229
6.754 2.894 46.911 221 226 227
6.855 3.143 46.973 220 224 225
6.554 2.500 47.034 220 224 226
6.109 1.535 47.092 228 233 234
6.085 1.507 47.152 227 231 233
5.858 1.027 47.209 225 229 230
6.359 2.166 47.277 216 221 222
6.472 2.443 47.340 201 210 210
6.971 3.580 47.412 184 197 197
7.585 4.974 47.490 173 187 188
7.504 4.820 47.552 178 191 195
7.303 4.398 47.611 176 189 194
6.865 3.446 47.661 185 198 204
6.976 3.719 47.727 182 194 203
7.513 4.945 47.811 166 179 190
7.885 5.803 47.891 155 171 184
8.184 6.500 47.970 143 163 176
9.535 9.551 48.100 128 148 159
9.970 10.555 48.192 118 137 147
9.484 9.496 48.238 131 149 158
9.661 9.921 48.319 145 160 170
11.209 13.424 48.479 118 131 143
11.856 14.905 48.594 116 129 142
11.531 14.209 48.651 115 127 143
13.009 17.560 48.825 110 122 140
13.764 19.290 48.958 107 119 137
14.260 20.441 49.077 98 108 126
17.574 27.932 49.409 70 74 92
9.944 13.390 55.230 189 200 202
6.086 4.341 54.047 223 232 233
5.900 3.930 54.052 215 221 222
6.781 6.034 54.411 203 210 210
5.973 4.156 54.208 222 228 229
7.303 7.321 54.725 170 179 181
8.335 9.786 55.149 154 165 169
7.068 6.825 54.785 179 190 197
5.290 2.652 54.235 208 218 227
5.705 3.660 54.445 188 198 206
5.819 3.957 54.551 192 203 210
5.718 3.745 54.581 195 207 214
5.582 3.449 54.598 192 205 213
6.012 4.495 54.820 188 204 212
7.894 8.985 55.577 143 163 172
8.601 10.692 55.911 127 151 165
11.381 17.319 57.023 100 125 146
9.743 13.464 56.491 122 145 174
8.646 10.892 56.154 109 129 163
9.779 13.616 56.662 102 117 148
11.017 16.592 57.218 106 117 142
9.783 13.690 56.821 137 147 170
8.122 9.767 56.250 148 159 182
9.397 12.836 56.827 136 152 173
8.494 10.715 56.546 116 137 155
14.125 24.174 58.878 85 108 120
16.586 30.085 59.966 71 93 99
16.279 29.394 59.941 79 97 97
13.969 17.900 44.908 157 169 169
10.813 11.031 45.194 180 194 193
9.976 9.228 45.317 171 186 186
8.391 5.786 45.481 181 197 197
7.874 4.680 45.576 181 197 197
7.365 3.591 45.667 170 186 187
7.484 3.876 45.723 177 194 199
7.910 4.836 45.765 170 190 199
7.723 4.451 45.837 174 195 204
8.184 5.490 45.880 176 196 205
8.533 6.282 45.931 175 193 203
8.140 5.445 46.011 187 202 212
7.991 5.143 46.081 195 207 215
7.264 3.570 46.170 216 225 230
7.134 3.310 46.236 220 226 229
7.021 3.085 46.301 227 231 235
7.592 4.369 46.349 202 207 211
7.214 3.561 46.421 207 213 218
7.114 3.366 46.485 205 211 219
7.286 3.770 46.544 193 198 208
7.015 3.198 46.611 196 203 212
7.242 3.725 46.670 184 192 199
6.947 3.099 46.736 200 207 214
6.799 2.796 46.799 209 215 221
7.015 3.299 46.860 217 222 225
6.784 2.812 46.922 223 228 229
6.744 2.749 46.984 225 229 229
6.507 2.248 47.044 223 228 227
6.149 1.482 47.102 227 232 230
6.187 1.588 47.163 227 232 231
6.200 1.643 47.223 221 224 224
6.382 2.072 47.287 211 215 216
6.964 3.388 47.359 197 208 209
7.373 4.322 47.431 181 199 200
7.755 5.198 47.504 172 191 193
7.635 4.958 47.566 174 192 195
6.945 3.447 47.609 182 197 203
6.547 2.587 47.659 189 202 211
7.013 3.650 47.738 171 183 196
7.005 3.657 47.800 167 180 195
7.595 5.000 47.888 154 168 184
8.558 7.175 47.996 128 145 159
9.018 8.230 48.085 133 151 165
9.866 10.152 48.196 130 147 161
9.788 10.006 48.263 134 149 165
9.731 9.907 48.331 135 147 165
11.011 12.800 48.477 119 130 148
11.822 14.645 48.601 118 131 148
12.327 15.807 48.710 115 127 145
12.589 16.426 48.807 122 134 152
13.630 18.792 48.958 117 130 147
15.186 22.315 49.153 89 101 119
17.135 26.723 49.386 82 89 106
7.697 8.021 54.706 197 206 207
6.761 5.850 54.463 194 203 206
6.089 4.298 54.304 190 198 202
6.103 4.357 54.375 190 198 203
6.076 4.321 54.432 197 207 211
5.149 2.165 54.176 218 229 233
4.914 1.639 54.157 198 209 213
5.936 4.074 54.582 190 201 205
5.600 3.309 54.528 176 187 193
5.666 3.490 54.617 196 207 215
5.732 3.674 54.707 204 215 224
7.185 7.135 55.305 164 177 187
9.087 11.662 56.078 115 132 148
10.548 15.149 56.698 115 136 158
9.729 13.243 56.471 119 140 167
9.455 12.627 56.446 116 136 166
9.798 13.471 56.654 97 116 142
10.276 14.637 56.917 105 124 144
9.852 13.663 56.833 124 139 158
9.448 12.738 56.754 131 143 161
7.733 8.696 56.156 161 172 192
8.023 9.415 56.343 125 137 157
12.784 20.765 58.323 81 92 108
16.430 29.472 59.882 66 76 85
15.809 28.036 59.729 79 89 90
15.263 26.775 59.604 78 88 81
17.419 25.230 44.695 135 144 146
13.061 15.763 45.066 145 156 158
11.274 11.896 45.254 154 167 168
9.555 8.172 45.428 174 188 189
8.325 5.515 45.565 167 181 184
8.477 5.873 45.622 163 179 184
8.408 5.748 45.690 166 184 191
7.707 4.240 45.789 175 194 204
7.837 4.551 45.846 178 197 206
8.915 6.936 45.863 154 172 181
8.332 5.686 45.953 173 189 199
8.318 5.680 46.019 183 198 208
8.162 5.366 46.089 176 188 195
7.583 4.121 46.172 205 214 216
7.512 3.992 46.238 213 219 220
7.130 3.178 46.311 222 227 228
6.891 2.679 46.379 221 226 226
6.642 2.155 46.445 225 229 230
6.175 1.152 46.515 228 234 238
6.420 1.716 46.570 204 210 218
6.305 1.487 46.632 206 213 221
6.640 2.250 46.689 191 198 205
6.435 1.823 46.751 198 205 211
6.489 1.966 46.811 205 212 217
6.432 1.864 46.872 216 221 224
6.421 1.865 46.933 222 227 228
6.448 1.949 46.994 224 228 228
6.297 1.640 47.053 229 234 233
6.159 1.359 47.113 232 236 235
5.953 0.928 47.170 232 236 235
5.984 1.020 47.230 233 237 236
6.022 1.130 47.291 223 228 227
6.937 3.179 47.368 192 204 206
7.282 3.970 47.439 174 192 197
7.406 4.270 47.505 180 199 204
7.125 3.672 47.561 182 200 205
6.522 2.361 47.606 183 200 206
6.208 1.688 47.657 206 222 229
6.918 3.289 47.743 179 193 205
7.481 4.567 47.828 159 173 188
7.847 5.405 47.907 152 168 182
8.655 7.229 48.009 132 149 164
8.526 6.970 48.070 138 155 170
9.248 8.605 48.174 141 157 174
10.026 10.367 48.285 131 145 166
11.020 12.612 48.412 123 135 159
11.231 13.112 48.499 119 130 155
11.695 14.177 48.602 116 128 152
12.850 16.788 48.753 106 117 142
13.048 17.263 48.846 117 129 153
14.694 20.974 49.041 90 103 122
15.360 22.497 49.175 85 97 110
16.469 25.014 49.345 81 88 99
5.661 3.135 54.149 197 205 208
5.977 3.905 54.322 186 192 195
6.286 4.657 54.494 194 200 203
6.214 4.515 54.536 233 240 243
5.061 1.833 54.199 223 231 232
5.819 3.641 54.530 191 200 200
6.290 4.774 54.764 171 181 184
5.969 4.046 54.715 189 200 206
6.424 5.147 54.947 199 209 216
7.954 8.777 55.574 158 168 177
9.999 13.629 56.401 103 120 137
11.382 16.923 56.994 114 137 161
9.952 13.583 56.541 114 137 163
10.094 13.950 56.674 98 121 145
10.498 14.937 56.907 77 100 120
10.299 14.500 56.911 94 118 133
10.130 14.133 56.926 99 120 133
11.148 16.574 57.403 120 137 149
11.948 18.500 57.800 120 135 148
11.193 16.749 57.586 95 108 121
13.015 21.099 58.397 83 93 105
13.706 22.776 58.765 79 87 97
12.099 19.000 58.204 89 97 99
11.478 17.561 58.036 85 93 89
15.672 21.290 45.001 131 139 143
12.569 14.571 45.267 141 152 159
10.976 11.134 45.432 155 169 176
10.084 9.217 45.551 160 175 183
9.045 6.981 45.673 165 181 189
8.830 6.540 45.750 164 179 190
8.799 6.499 45.817 168 183 197
9.668 8.421 45.846 152 166 183
8.879 6.727 45.946 164 179 195
8.344 5.585 46.032 174 189 201
8.125 5.131 46.104 179 191 198
7.590 3.988 46.185 201 210 213
7.422 3.645 46.253 221 227 228
6.932 2.597 46.329 222 227 228
6.260 1.151 46.406 229 232 232
6.116 0.858 46.468 231 233 233
6.363 1.423 46.523 234 236 236
6.163 1.009 46.586 226 229 230
6.101 0.898 46.646 218 222 225
6.115 0.951 46.705 204 211 214
6.411 1.626 46.763 198 205 208
6.512 1.871 46.822 203 210 213
6.565 2.014 46.883 218 225 227
6.497 1.887 46.944 224 231 231
6.628 2.202 47.005 223 228 228
6.280 1.458 47.064 223 228 227
6.195 1.297 47.123 232 236 235
5.988 0.863 47.181 233 237 236
5.562 -0.052 47.234 230 234 232
6.035 1.016 47.300 223 228 227
6.669 2.440 47.373 204 212 216
6.960 3.108 47.441 177 190 198
6.688 2.531 47.497 187 200 209
6.789 2.780 47.561 188 201 210
6.526 2.224 47.615 201 214 221
6.258 1.653 47.667 213 226 232
6.750 2.769 47.746 193 207 216
7.543 4.551 47.839 152 166 179
7.857 5.273 47.917 153 167 182
9.704 9.395 48.065 133 147 165
9.462 8.888 48.124 135 150 168
9.498 8.995 48.195 135 149 169
10.080 10.316 48.296 131 145 167
10.578 11.451 48.396 117 130 155
11.049 12.529 48.497 109 122 147
11.709 14.027 48.612 100 114 138
13.038 17.016 48.774 98 113 139
12.075 14.905 48.790 107 123 149
13.244 17.541 48.949 101 116 135
15.634 22.902 49.204 85 97 108
15.642 22.954 49.292 73 79 87
17.658 27.490 49.538 54 53 60
6.730 5.562 54.705 225 232 235
5.413 2.507 54.312 224 231 232
5.367 2.425 54.360 205 212 213
5.949 3.816 54.631 172 181 182
6.266 4.587 54.811 184 196 197
5.941 3.851 54.761 202 213 217
6.836 5.980 55.153 166 176 185
8.441 9.779 55.813 115 133 150
9.551 12.419 56.300 116 141 165
9.853 13.161 56.490 111 138 163
9.443 12.229 56.413 98 124 147
8.973 11.154 56.312 105 129 150
10.623 15.072 57.020 97 120 138
11.657 17.542 57.501 86 107 122
11.987 18.356 57.714 77 96 110
13.374 21.664 58.344 63 80 93
12.413 19.431 58.053 76 91 103
12.152 18.850 58.035 86 99 109
10.906 15.939 57.620 89 100 106
10.982 16.152 57.733 89 98 100
9.987 13.832 57.409 85 92 91
16.861 23.705 45.036 125 131 139
14.037 17.607 45.280 131 140 148
13.284 16.005 45.399 140 151 160
12.654 14.667 45.508 135 149 160
12.125 13.546 45.609 145 159 174
11.036 11.209 45.732 144 156 175
10.790 10.701 45.814 145 154 175
10.357 9.786 45.902 155 163 183
8.909 6.660 46.025 170 177 194
8.129 4.988 46.118 194 203 212
7.886 4.484 46.189 212 221 223
6.965 2.499 46.279 229 236 235
6.853 2.280 46.343 236 241 240
6.639 1.837 46.409 233 236 235
6.433 1.412 46.474 233 236 235
6.247 1.029 46.537 235 237 236
6.036 0.590 46.599 231 233 233
5.972 0.474 46.659 223 228 228
5.907 0.355 46.719 220 227 228
6.114 0.832 46.776 207 214 215
6.252 1.160 46.835 218 225 226
6.146 0.950 46.894 227 234 235
6.335 1.389 46.954 225 232 233
6.404 1.565 47.015 224 229 229
6.298 1.356 47.074 225 229 228
6.183 1.128 47.133 225 229 228
6.349 1.516 47.195 232 236 235
6.173 1.154 47.253 220 226 225
6.269 1.389 47.314 231 238 236
6.342 1.574 47.376 209 217 216
6.707 2.403 47.445 192 201 201
6.422 1.799 47.499 201 210 213
6.327 1.615 47.557 195 204 209
6.270 1.512 47.616 207 216 221
6.277 1.554 47.677 209 218 223
6.673 2.451 47.752 193 203 208
6.995 3.189 47.826 187 197 204
8.296 6.088 47.944 161 173 185
9.430 8.624 48.062 134 146 163
9.604 9.036 48.140 133 146 167
9.800 9.498 48.220 114 128 152
8.878 7.484 48.241 136 150 177
9.257 8.352 48.331 125 138 167
10.234 10.545 48.458 104 119 148
11.287 12.910 48.595 104 120 148
12.417 15.449 48.743 105 121 150
11.781 14.068 48.778 107 123 149
12.628 15.981 48.914 107 121 134
15.779 23.017 49.224 91 103 102
15.374 22.150 49.281 79 87 85
16.669 25.067 49.469 51 56 55
5.707 3.066 54.470 213 220 223
6.291 4.458 54.742 178 186 192
6.661 5.352 54.942 162 173 182
6.209 4.321 54.846 186 200 209
5.669 3.084 54.716 203 222 232
6.379 4.773 55.042 151 175 190
6.906 6.036 55.305 129 157 178
7.920 8.443 55.753 127 156 177
9.004 11.015 56.234 95 123 144
8.803 10.575 56.233 103 128 150
10.554 14.717 56.979 99 122 144
11.892 17.895 57.576 77 97 116
12.587 19.563 57.931 76 93 108
12.773 20.036 58.091 71 86 100
13.155 20.970 58.329 78 93 106
12.445 19.334 58.135 81 95 105
11.539 17.235 57.858 84 97 103
11.100 16.235 57.764 85 96 101
10.873 15.734 57.754 76 84 87
15.149 25.857 59.592 62 66 67
20.214 30.792 44.960 126 130 136
17.916 25.853 45.176 134 137 148
18.462 27.071 45.238 123 130 143
18.826 27.896 45.313 121 131 147
15.674 21.097 45.544 125 134 153
13.458 16.323 45.719 152 160 181
11.562 12.237 45.871 150 157 180
10.402 9.747 45.986 145 153 174
8.634 5.934 46.115 187 194 206
7.704 3.938 46.208 200 206 209
7.650 3.844 46.273 214 220 220
6.782 1.982 46.358 233 237 236
6.633 1.680 46.421 234 237 236
6.056 0.448 46.493 232 235 234
6.102 0.572 46.551 230 232 232
5.984 0.337 46.612 224 226 226
5.859 0.089 46.672 227 232 230
5.880 0.159 46.730 223 230 228
5.882 0.185 46.788 225 232 232
5.882 0.209 46.847 226 233 234
5.962 0.408 46.905 220 227 227
6.279 1.124 46.965 222 229 227
6.543 1.727 47.026 226 233 232
6.450 1.547 47.085 226 233 232
6.203 1.030 47.143 225 231 229
6.344 1.363 47.205 227 232 231
6.038 0.718 47.260 226 230 229
5.965 0.580 47.318 228 233 232
6.029 0.745 47.379 215 220 220
6.181 1.102 47.442 210 217 217
6.072 0.886 47.499 207 215 217
6.284 1.377 47.565 199 208 212
6.417 1.693 47.629 203 211 216
6.546 2.002 47.695 199 208 212
6.685 2.333 47.761 188 199 205
7.174 3.434 47.842 179 192 200
8.573 6.542 47.965 159 173 187
9.545 8.713 48.076 124 138 157
9.208 7.996 48.130 142 156 178
8.856 7.248 48.180 126 140 164
9.046 7.695 48.259 132 147 173
9.614 8.977 48.359 128 143 172
10.031 9.927 48.454 102 118 146
11.238 12.625 48.600 103 119 147
12.459 15.356 48.754 86 101 130
12.465 15.401 48.833 93 109 135
12.562 15.647 48.918 104 120 136
14.540 20.062 49.142 84 100 105
15.727 22.727 49.316 68 81 83
18.782 29.541 49.645 58 67 69
6.797 5.508 54.980 170 182 193
6.486 4.809 54.935 172 188 201
5.939 3.560 54.803 184 203 219
5.943 3.596 54.871 168 189 209
7.256 6.691 55.423 122 145 167
6.441 4.812 55.188 150 173 196
6.810 5.704 55.394 115 138 160
9.304 11.570 56.410 83 106 126
10.713 14.900 57.025 89 112 129
10.090 13.473 56.865 87 108 126
12.045 18.087 57.704 86 105 124
12.091 18.229 57.806 77 95 109
12.987 20.367 58.245 72 89 99
13.238 20.992 58.433 76 93 100
12.079 18.305 58.057 84 100 105
13.490 21.656 58.713 83 98 102
14.628 24.367 59.265 70 83 85
15.444 26.325 59.693 64 71 73
19.552 29.285 45.394 123 132 150
16.525 22.774 45.612 147 154 175
13.975 17.289 45.795 141 148 169
13.275 15.804 45.899 123 131 149
10.310 9.410 46.074 174 181 192
8.455 5.417 46.199 194 200 203
7.232 2.790 46.297 211 216 218
7.155 2.648 46.361 235 240 241
6.763 1.821 46.431 237 241 241
6.671 1.647 46.493 233 236 235
6.228 0.708 46.560 235 237 236
6.045 0.332 46.622 235 237 236
6.169 0.625 46.679 231 235 234
6.141 0.588 46.739 229 234 233
6.042 0.396 46.798 228 234 233
5.721 -0.280 46.858 226 233 232
5.844 0.013 46.916 226 233 232
6.406 1.261 46.975 223 230 228
6.791 2.125 47.037 215 222 221
6.967 2.534 47.100 200 206 207
6.821 2.240 47.160 213 220 221
6.558 1.690 47.218 230 237 237
6.319 1.190 47.274 232 239 240
6.075 0.682 47.330 217 224 224
6.157 0.885 47.391 210 217 217
5.988 0.538 47.446 220 227 228
6.124 0.861 47.509 210 218 221
6.351 1.382 47.576 206 215 219
6.532 1.803 47.642 198 208 213
6.546 1.858 47.703 194 204 211
7.118 3.137 47.786 181 194 202
7.877 4.830 47.879 171 186 197
8.940 7.192 47.990 161 176 189
9.327 8.069 48.075 123 137 154
9.348 8.143 48.145 135 150 169
8.470 6.239 48.169 141 157 178
9.018 7.471 48.265 130 148 169
9.506 8.574 48.361 119 138 158
9.903 9.477 48.455 106 125 148
11.885 13.876 48.650 99 117 143
12.284 14.786 48.752 92 109 134
12.070 14.347 48.815 94 110 134
12.771 15.925 48.941 89 104 124
14.133 18.966 49.121 71 86 101
15.884 22.870 49.337 58 72 82
17.864 27.283 49.582 45 58 64
5.884 3.275 54.772 176 195 211
5.798 3.103 54.806 171 190 210
6.706 5.245 55.207 121 140 163
5.690 2.904 54.896 163 183 206
7.060 6.124 55.476 141 164 186
7.892 8.093 55.860 90 114 134
9.834 12.655 56.674 87 111 128
9.878 12.791 56.769 89 110 127
10.213 13.605 56.977 85 104 120
11.798 17.344 57.676 84 103 117
12.121 18.134 57.887 79 99 110
9.789 12.708 57.045 81 98 109
8.036 8.636 56.422 86 101 112
11.380 16.500 57.843 93 106 112
19.183 28.343 45.617 126 130 150
15.760 20.990 45.829 132 137 156
12.213 13.359 46.027 174 179 194
9.921 8.435 46.169 186 191 201
8.664 5.744 46.271 195 200 206
7.127 2.444 46.374 216 221 224
7.202 2.629 46.433 226 230 231
7.328 2.927 46.492 234 239 238
6.730 1.656 46.564 229 232 231
6.869 1.982 46.622 235 237 236
6.441 1.078 46.688 235 238 238
6.626 1.503 46.746 235 240 239
6.480 1.211 46.807 234 239 237
6.363 0.979 46.867 234 239 238
6.182 0.611 46.926 232 238 237
6.565 1.467 46.986 231 238 238
7.042 2.529 47.049 207 215 216
7.633 3.840 47.116 188 197 200
7.468 3.505 47.177 199 208 211
6.867 2.220 47.232 204 212 215
7.033 2.607 47.296 215 223 224
6.929 2.404 47.355 208 214 215
6.644 1.807 47.411 207 213 213
6.362 1.215 47.465 220 227 228
6.429 1.385 47.527 205 213 217
6.612 1.809 47.592 196 207 213
6.469 1.521 47.649 189 202 211
6.873 2.429 47.724 181 196 206
7.513 3.856 47.810 175 190 202
8.119 5.207 47.898 170 185 200
8.364 5.771 47.974 161 177 192
9.389 8.045 48.087 127 143 158
9.532 8.385 48.163 128 147 162
8.992 7.227 48.205 123 144 160
8.879 7.007 48.266 125 147 162
8.978 7.252 48.340 123 144 160
9.112 7.574 48.416 112 134 152
11.614 13.100 48.641 96 117 137
12.939 16.046 48.804 92 111 132
13.110 16.454 48.894 96 113 134
13.783 17.967 49.022 78 93 113
17.022 25.135 49.343 62 76 94
18.172 27.705 49.522 52 66 78
19.426 30.509 49.715 29 45 50
6.459 4.538 55.171 142 159 182
6.340 4.289 55.194 112 133 156
8.414 9.140 56.045 76 99 119
8.900 10.300 56.304 85 109 126
9.665 12.112 56.672 86 110 127
9.788 12.428 56.797 77 100 118
9.746 12.361 56.858 83 105 119
8.929 10.489 56.614 81 100 111
8.373 9.222 56.469 81 95 108
7.463 7.127 56.178 94 104 117
8.780 10.231 56.779 98 107 117
13.153 20.482 58.629 66 75 80
11.290 11.253 46.216 153 162 168
9.136 6.635 46.339 176 187 189
8.126 4.481 46.426 200 212 214
7.573 3.311 46.500 220 232 234
7.803 3.833 46.559 208 216 217
8.783 5.976 46.609 201 206 207
8.962 6.389 46.673 203 207 208
7.031 2.237 46.754 216 221 222
6.039 0.114 46.820 228 232 234
6.646 1.452 46.877 226 230 231
6.589 1.353 46.937 227 234 237
6.690 1.595 46.997 208 219 223
7.814 4.058 47.064 177 188 194
9.145 6.973 47.139 177 188 195
8.785 6.218 47.203 183 197 202
8.253 5.088 47.261 181 196 200
7.688 3.885 47.317 199 212 215
7.212 2.876 47.371 212 221 223
7.338 3.176 47.436 211 219 222
6.774 1.973 47.484 226 235 237
6.577 1.568 47.540 201 210 214
7.126 2.787 47.617 185 196 203
7.450 3.518 47.690 186 199 207
7.412 3.461 47.752 175 190 200
7.792 4.316 47.829 176 192 205
8.428 5.730 47.920 160 177 192
8.740 6.436 47.999 144 164 178
9.646 8.445 48.108 125 147 160
8.995 7.048 48.146 134 156 170
8.744 6.526 48.200 125 147 162
9.155 7.452 48.290 116 137 153
9.515 8.269 48.379 118 140 155
9.731 8.769 48.461 111 132 150
11.878 13.502 48.667 105 126 147
13.368 16.802 48.841 88 109 130
15.167 20.781 49.044 81 102 122
15.455 21.447 49.150 73 91 110
19.084 29.452 49.505 63 78 95
19.847 31.168 49.660 49 64 75
8.838 9.981 56.266 85 105 130
10.168 13.096 56.851 84 104 127
11.289 15.731 57.363 71 90 111
9.324 11.198 56.679 81 98 116
9.506 11.654 56.826 72 87 104
8.888 10.246 56.658 71 81 99
9.404 11.476 56.939 76 83 100
10.286 13.562 57.370 92 98 111
12.867 19.606 58.494 75 81 89
18.168 31.998 60.745 49 55 57
13.139 15.090 46.260 139 154 158
11.724 12.076 46.366 156 171 173
11.058 10.670 46.451 166 180 181
10.761 10.059 46.527 170 183 185
11.022 10.650 46.594 173 187 188
11.530 11.773 46.661 178 191 193
10.262 9.067 46.742 177 190 192
9.683 7.844 46.815 171 184 188
9.415 7.293 46.883 179 192 198
8.699 5.773 46.950 196 209 219
9.456 7.434 47.018 171 186 199
9.838 8.288 47.088 155 171 183
10.239 9.182 47.161 168 186 195
10.418 9.599 47.233 164 183 190
10.106 8.950 47.299 164 184 189
9.659 8.010 47.361 175 193 197
8.716 5.993 47.411 185 201 204
7.978 4.416 47.460 192 208 211
7.782 4.016 47.519 204 220 223
8.193 4.934 47.594 176 190 197
8.360 5.324 47.664 179 192 202
8.030 4.633 47.718 180 194 206
7.613 3.751 47.768 173 190 202
8.146 4.936 47.852 156 178 191
8.717 6.204 47.941 137 163 175
9.098 7.060 48.024 128 155 167
9.190 7.288 48.096 122 148 160
9.424 7.826 48.176 127 151 164
9.445 7.898 48.245 125 147 162
9.719 8.524 48.329 116 137 155
10.813 10.940 48.462 108 129 149
12.007 13.579 48.608 104 122 145
12.857 15.465 48.737 96 112 136
13.759 17.470 48.876 89 105 128
16.326 23.117 49.134 72 88 109
16.665 23.896 49.246 68 83 103
10.671 14.078 57.029 75 89 113
10.127 12.850 56.899 71 81 104
10.915 14.706 57.283 66 75 94
12.987 19.541 58.177 55 65 81
12.887 19.344 58.224 52 61 78
13.572 20.968 58.584 59 67 83
12.843 19.312 58.380 69 76 89
15.083 24.550 59.373 59 65 73
16.052 21.327 46.633 158 171 175
14.405 17.818 46.728 171 184 190
13.364 15.609 46.813 164 177 187
13.364 15.640 46.891 159 172 185
12.616 14.059 46.967 164 178 191
14.132 17.356 47.050 132 147 159
15.850 21.094 47.142 109 123 135
16.204 21.890 47.230 114 129 140
15.238 19.838 47.304 130 146 154
13.092 15.237 47.355 145 163 168
11.375 11.558 47.402 155 172 177
10.944 10.655 47.466 159 174 180
11.134 11.095 47.543 156 170 177
10.460 9.666 47.598 160 173 182
10.605 10.006 47.672 160 172 183
10.079 8.895 47.727 160 173 186
9.764 8.241 47.786 153 169 183
9.140 6.915 47.833 142 161 175
9.171 7.008 47.901 138 160 173
9.180 7.055 47.969 139 163 175
9.467 7.704 48.050 135 159 173
9.702 8.243 48.129 114 138 153
10.189 9.329 48.223 111 132 150
9.918 8.767 48.279 118 136 157
9.926 8.813 48.349 121 138 161
9.798 8.562 48.412 120 136 159
11.495 12.285 48.585 112 127 152
13.784 17.303 48.806 96 112 138
15.867 21.877 49.025 89 105 132
17.090 24.579 49.196 73 89 115
17.437 25.372 49.311 62 79 98
12.467 18.067 57.786 66 76 87
13.339 20.116 58.211 68 78 88
17.277 29.251 59.841 49 60 69
16.176 26.745 59.506 50 60 68
13.158 19.803 58.402 51 60 67
11.504 16.009 57.826 43 52 55
14.748 23.555 59.219 42 51 51
18.232 26.162 47.538 123 136 142
15.595 20.515 47.574 118 129 135
14.499 18.183 47.633 130 140 149
13.215 15.446 47.680 159 169 180
11.635 12.064 47.713 170 181 194
11.900 12.666 47.795 155 167 182
11.896 12.687 47.869 141 156 172
11.318 11.467 47.923 137 154 170
10.836 10.453 47.977 128 146 161
9.965 8.597 48.012 122 142 155
10.626 10.055 48.111 119 138 153
10.371 9.532 48.170 115 134 151
11.042 11.013 48.275 106 125 142
11.581 12.212 48.376 103 121 140
12.172 13.524 48.484 95 113 134
11.348 11.765 48.511 115 131 155
13.574 16.629 48.721 99 115 139
15.536 20.923 48.927 95 111 135
18.389 27.159 49.203 85 101 125
18.107 26.583 49.277 74 90 114
19.435 29.510 49.465 61 78 93
12.319 17.665 58.051 52 61 62
11.133 14.961 57.661 38 48 47
11.223 15.202 57.779 31 41 38
19.752 29.329 47.866 120 128 140
16.468 22.297 47.865 133 142 156
15.488 20.222 47.920 135 145 161
15.788 20.901 48.015 117 127 143
15.258 19.791 48.080 118 128 144
14.789 18.814 48.145 120 130 146
13.296 15.625 48.163 106 116 132
15.103 19.557 48.324 112 121 137
13.747 16.660 48.342 110 118 135
12.732 14.497 48.370 108 119 133
14.448 18.239 48.539 76 91 103
14.439 18.251 48.620 92 108 124
15.256 20.053 48.750 94 110 129
16.083 21.877 48.886 86 102 122
18.178 26.451 49.107 90 107 126
20.131 30.758 49.428 67 85 90
15.461 24.766 59.469 33 45 42
19.855 29.746 48.937 79 84 99
19.892 29.862 49.035 86 94 108
19.498 29.050 49.107 80 93 103
23.419 28.993 27.957 126 136 136
23.671 29.042 27.873 123 132 133
23.590 29.255 28.860 124 129 128
23.303 28.731 29.078 131 136 135
23.925 29.262 27.640 126 133 132
23.290 28.108 28.119 133 140 141
22.848 27.389 28.668 132 139 135
23.627 28.990 28.558 124 134 132
23.523 28.824 28.692 127 136 134
23.731 29.360 28.942 127 134 133
23.754 29.537 29.279 120 132 131
23.880 28.874 27.467 128 136 136
24.025 29.185 27.482 132 139 140
24.012 29.395 28.092 127 134 134
23.085 27.647 28.616 131 138 136
23.839 29.197 28.519 124 134 132
23.745 29.083 28.736 121 132 129
23.801 29.224 28.796 124 135 133
23.466 28.645 29.122 130 140 137
23.815 29.485 29.398 126 135 135
23.744 29.381 29.517 127 136 138
23.298 28.552 29.800 125 135 136
23.233 28.459 29.915 120 132 131
24.008 29.053 27.810 125 132 131
24.115 29.291 27.845 126 133 134
23.754 28.732 28.361 125 132 133
23.936 29.316 28.881 122 136 130
23.774 29.038 29.041 121 133 128
23.879 29.274 29.081 123 134 129
22.822 27.270 29.642 132 144 139
23.545 28.697 29.404 126 136 133
23.621 28.876 29.456 124 134 132
23.774 29.237 29.562 124 133 134
23.906 29.525 29.592 121 131 133
23.787 29.330 29.731 123 134 136
23.851 29.520 29.878 120 131 133
23.691 29.377 30.383 120 134 131
23.744 29.513 30.449 118 132 129
23.656 29.408 30.661 116 131 123
23.536 29.711 32.121 123 134 129
23.534 29.742 32.210 122 134 129
23.538 27.855 27.844 134 141 140
23.490 27.796 27.952 134 141 140
23.518 27.883 28.023 133 140 139
23.621 28.113 28.058 131 138 136
23.581 28.070 28.162 131 138 136
24.054 29.007 28.022 130 137 135
23.760 28.512 28.333 128 136 134
23.347 27.755 28.613 127 136 134
23.803 28.659 28.485 126 136 134
23.379 27.979 29.023 127 139 135
22.811 26.923 29.367 138 150 145
23.091 27.493 29.324 127 139 134
23.425 28.166 29.258 120 132 127
22.942 27.272 29.561 129 141 136
23.006 27.427 29.617 130 141 136
22.966 27.415 29.805 133 142 140
23.817 29.084 29.515 127 136 135
23.437 28.388 29.768 122 131 131
23.333 28.219 29.900 127 136 137
23.426 28.432 29.945 127 136 138
23.667 28.962 30.014 123 134 134
23.837 29.324 30.028 127 137 136
23.735 29.227 30.334 125 137 134
23.666 29.125 30.451 123 136 131
23.567 28.968 30.579 120 134 126
23.739 29.434 30.858 121 135 127
23.703 29.397 30.961 122 136 129
23.718 29.494 31.131 123 136 129
23.225 28.603 31.503 125 136 128
23.367 28.911 31.534 124 134 127
23.617 29.632 32.054 121 133 128
23.433 29.506 32.744 127 135 129
24.016 28.435 27.332 125 132 128
23.809 28.074 27.519 132 139 135
24.350 29.135 27.339 131 138 134
24.192 28.902 27.588 134 142 138
24.008 28.586 27.763 130 137 134
23.747 28.122 27.974 132 139 137
23.953 28.548 27.960 129 137 135
23.794 28.278 28.122 129 138 136
24.332 29.335 27.952 127 136 133
24.183 29.086 28.109 127 136 132
24.249 29.244 28.164 123 134 129
23.699 28.228 28.508 125 140 134
23.987 28.812 28.459 122 138 132
23.605 28.181 28.893 126 138 133
24.203 29.357 28.706 124 136 130
23.564 28.169 29.083 128 140 133
23.303 27.701 29.287 127 139 132
23.604 28.310 29.237 124 136 129
23.504 28.152 29.367 125 137 131
23.080 27.373 29.642 130 141 136
23.314 27.854 29.623 125 137 132
22.772 26.846 29.948 124 136 131
23.981 29.200 29.501 120 132 130
23.669 28.665 29.811 126 136 139
23.343 28.073 30.038 127 136 138
23.880 29.138 29.893 128 135 137
23.990 29.383 29.933 129 135 136
23.928 29.297 30.047 129 135 135
23.722 28.933 30.222 127 134 133
23.206 28.004 30.613 128 137 133
23.373 28.360 30.629 125 136 128
23.439 28.520 30.688 119 131 122
23.933 29.506 30.571 120 134 124
22.467 26.775 31.430 130 145 137
23.254 28.326 31.197 121 133 126
23.840 29.493 31.049 122 132 125
23.258 28.401 31.369 123 133 126
23.442 28.790 31.383 126 135 129
23.511 29.089 31.794 128 137 134
23.443 29.024 31.996 126 134 129
23.224 28.632 32.167 130 137 133
23.727 29.641 32.065 125 135 132
23.649 29.522 32.184 123 134 132
23.561 29.385 32.305 122 131 130
23.392 29.090 32.456 126 133 134
23.340 29.254 33.183 130 135 130
22.926 28.946 34.657 123 130 126
23.237 29.590 34.648 123 130 126
24.334 28.435 26.215 117 136 134
24.570 29.185 26.864 128 134 133
24.516 29.217 27.235 130 138 134
24.478 29.211 27.426 125 135 130
24.306 28.920 27.595 131 141 136
23.557 27.531 28.042 129 138 135
23.359 27.189 28.221 129 138 136
23.566 27.615 28.206 132 141 139
23.158 26.872 28.484 133 142 140
23.780 28.086 28.274 126 138 134
23.889 28.326 28.308 125 140 134
24.068 28.700 28.310 124 138 133
23.924 28.458 28.463 123 137 132
24.083 28.794 28.475 119 137 131
23.460 27.708 29.019 123 139 133
23.632 28.068 29.025 121 135 129
23.169 27.216 29.321 130 141 136
23.626 28.121 29.199 130 141 136
23.293 27.519 29.434 127 139 134
23.366 27.690 29.487 128 140 136
23.138 27.287 29.673 128 140 137
23.352 27.729 29.663 125 136 135
23.314 27.688 29.766 125 136 136
23.271 27.638 29.870 125 135 136
23.624 28.347 29.801 128 137 139
23.662 28.454 29.871 130 138 141
23.817 28.783 29.891 129 135 138
23.598 28.395 30.071 130 136 138
23.759 28.738 30.089 129 135 136
23.258 27.809 30.389 128 136 135
22.907 27.168 30.622 130 140 137
23.409 28.164 30.497 125 135 132
23.417 28.213 30.580 127 136 132
24.015 29.395 30.417 121 131 124
23.041 27.555 30.908 126 136 126
23.758 28.966 30.699 125 136 126
23.511 28.558 30.974 126 138 130
22.659 26.948 31.406 134 146 139
23.706 28.999 31.070 122 133 127
23.372 28.388 31.291 130 140 135
23.199 28.087 31.447 127 136 132
23.582 28.858 31.382 127 136 132
23.899 29.503 31.345 127 136 132
23.585 28.931 31.556 127 136 132
23.758 29.364 31.753 130 138 135
23.553 29.001 31.919 130 137 133
23.256 28.460 32.120 129 136 131
23.048 28.089 32.286 129 136 132
23.155 28.328 32.333 129 135 134
23.240 28.527 32.389 130 135 136
23.066 28.221 32.541 132 136 137
22.973 28.074 32.663 131 136 137
23.529 29.186 32.546 129 135 136
23.572 29.337 32.707 129 135 134
23.432 29.098 32.846 126 133 129
23.460 29.186 32.925 129 137 132
23.448 29.195 33.018 130 140 133
23.277 29.430 34.592 121 130 125
23.203 29.454 35.065 117 132 122
23.823 27.676 27.551 130 141 139
24.043 28.124 27.529 127 139 136
24.528 29.073 27.378 126 138 135
24.164 28.419 27.640 128 139 136
23.640 27.461 27.978 131 141 139
24.070 28.307 27.856 127 136 135
24.505 29.163 27.734 129 138 138
23.842 27.941 28.135 127 137 138
23.754 27.808 28.262 125 136 136
23.901 28.119 28.278 126 139 136
24.396 29.089 28.131 122 136 131
23.833 28.056 28.480 123 139 133
23.879 28.175 28.544 123 142 135
24.006 28.451 28.571 118 139 131
24.394 29.254 28.565 120 140 132
24.124 28.774 28.775 121 138 132
23.559 27.763 29.203 127 141 135
23.365 27.428 29.375 130 143 137
23.426 27.575 29.433 130 141 136
23.226 27.227 29.607 132 142 139
23.050 26.924 29.769 133 142 140
23.180 27.203 29.797 131 141 140
22.879 26.661 30.014 131 142 142
23.464 27.810 29.843 125 136 137
23.559 28.024 29.887 125 136 138
23.580 28.098 29.963 125 136 137
24.112 29.147 29.821 125 136 136
23.578 28.159 30.137 125 136 135
23.797 28.611 30.129 125 137 134
24.111 29.245 30.083 122 133 129
23.105 27.352 30.594 130 140 135
23.589 28.310 30.477 128 138 132
23.548 28.266 30.580 127 136 130
23.704 28.596 30.603 123 132 125
23.417 28.080 30.807 127 135 129
23.488 28.248 30.865 130 138 132
23.760 28.803 30.841 129 139 132
23.574 28.478 31.003 125 136 128
23.071 27.545 31.293 130 142 134
23.193 27.812 31.330 128 140 134
23.195 27.849 31.415 128 140 135
23.123 27.742 31.530 130 141 136
23.412 28.331 31.503 129 139 134
23.847 29.201 31.419 127 136 133
23.143 27.878 31.782 129 138 136
23.819 29.213 31.606 125 133 132
22.684 27.059 32.132 138 145 143
23.000 27.699 32.096 135 141 139
23.215 28.147 32.101 130 135 132
22.884 27.540 32.313 134 139 136
22.512 26.856 32.540 135 140 139
22.277 26.432 32.714 135 140 140
22.688 27.259 32.646 134 138 140
23.054 27.999 32.597 133 137 139
23.706 29.294 32.444 126 130 131
23.250 28.445 32.699 130 135 135
23.585 29.126 32.665 130 137 135
23.352 28.707 32.838 126 135 132
22.933 27.929 33.076 129 139 134
23.683 29.416 32.896 124 136 129
23.344 29.256 34.349 125 132 133
23.050 28.881 34.978 123 135 127
24.750 29.024 26.644 125 139 136
24.440 28.574 27.141 122 136 133
24.541 28.799 27.176 127 142 139
24.650 29.036 27.209 131 147 143
24.276 28.366 27.477 124 140 136
24.015 27.908 27.689 127 141 137
24.549 28.947 27.516 129 141 140
23.940 27.865 27.979 127 139 139
23.992 27.995 28.040 130 141 141
23.559 27.211 28.330 130 141 139
23.697 27.504 28.349 131 143 138
23.961 28.036 28.310 129 142 135
24.152 28.430 28.306 122 136 129
24.037 28.245 28.445 121 138 130
23.874 27.970 28.606 127 146 137
23.762 27.789 28.743 125 145 135
23.716 27.735 28.849 125 144 135
23.796 27.919 28.898 123 141 132
23.961 28.266 28.908 123 139 131
24.091 28.546 28.935 126 141 134
23.891 28.199 29.111 122 136 131
23.905 28.258 29.191 126 138 133
23.774 28.042 29.335 129 139 134
23.518 27.587 29.534 132 141 136
23.535 27.652 29.612 133 142 138
23.464 27.550 29.729 133 142 138
23.166 27.015 29.944 130 140 135
23.061 26.848 30.074 129 139 134
22.507 25.824 30.399 131 141 136
23.034 26.859 30.255 129 140 135
23.191 27.190 30.273 128 140 135
23.318 27.466 30.304 127 141 135
23.724 28.272 30.217 129 143 138
23.487 27.854 30.403 126 138 133
22.981 26.919 30.702 133 142 138
23.702 28.328 30.486 128 136 131
23.670 28.300 30.585 130 137 131
24.148 29.279 30.562 129 134 129
23.188 27.476 31.042 133 140 136
23.096 27.332 31.165 128 137 133
23.849 28.807 30.947 121 132 126
23.814 28.771 31.048 118 130 123
23.588 28.373 31.226 128 141 133
23.605 28.436 31.306 131 143 135
23.510 28.288 31.431 130 141 135
23.646 28.581 31.464 128 137 133
23.274 27.900 31.697 130 138 135
23.936 29.204 31.526 131 138 136
24.105 29.562 31.549 126 132 130
23.241 27.934 31.969 134 138 137
22.625 26.780 32.292 137 142 142
22.348 26.281 32.482 134 138 140
21.954 25.554 32.716 139 143 143
22.127 25.918 32.735 136 141 140
22.582 26.827 32.650 138 143 141
22.728 27.140 32.682 132 139 135
22.656 27.034 32.794 132 141 137
22.638 27.030 32.887 131 141 139
23.448 28.627 32.678 129 138 135
23.191 28.162 32.859 131 141 136
23.060 27.943 32.993 128 137 133
22.866 27.600 33.150 129 139 134
23.723 29.291 32.932 127 138 132
23.535 28.959 33.088 128 140 133
23.395 28.722 33.225 127 139 133
23.703 29.351 33.206 124 136 131
23.550 29.421 34.241 122 125 125
22.940 28.267 34.526 129 134 135
23.288 29.010 34.593 125 132 133
23.640 29.797 34.752 125 133 133
22.948 28.546 35.233 118 130 125
23.393 29.449 35.189 117 130 124
23.383 29.464 35.282 116 131 123
23.224 29.186 35.419 116 131 122
23.186 29.178 35.610 117 132 122
23.408 29.714 35.818 115 130 119
24.704 28.772 26.816 121 135 132
24.816 29.017 26.846 122 136 133
24.867 29.146 26.907 122 136 133
24.856 29.158 26.999 120 134 130
24.539 28.596 27.240 121 136 132
24.679 28.893 27.258 124 140 134
24.535 28.657 27.413 123 139 133
24.236 28.128 27.643 125 140 134
24.285 28.253 27.705 126 139 136
23.911 27.581 27.970 128 140 140
23.713 27.242 28.148 129 140 140
23.648 27.152 28.263 128 140 140
23.628 27.147 28.357 128 140 138
23.476 26.893 28.513 128 142 136
22.898 25.836 28.867 130 144 138
24.039 28.018 28.419 125 140 132
23.968 27.918 28.537 127 143 133
23.725 27.491 28.734 127 144 133
23.459 27.023 28.941 127 144 133
23.561 27.248 28.979 127 144 133
23.728 27.596 28.987 123 141 131
23.507 27.209 29.173 127 144 135
23.330 26.907 29.337 129 142 134
23.562 27.378 29.318 133 142 135
23.303 26.919 29.518 135 143 137
23.056 26.485 29.712 137 144 138
22.842 26.110 29.891 136 144 139
22.565 25.617 30.096 133 142 138
23.009 26.492 29.985 130 140 135
23.131 26.754 30.016 134 143 139
23.027 26.589 30.145 136 147 142
23.780 28.050 29.905 128 140 135
23.330 27.229 30.184 127 139 134
23.395 27.384 30.241 126 138 133
23.469 27.557 30.295 124 139 131
23.533 27.711 30.354 124 141 130
22.995 26.719 30.666 131 145 134
22.786 26.354 30.838 135 145 136
23.407 27.569 30.664 129 139 130
23.459 27.699 30.728 128 138 129
23.920 28.611 30.624 128 135 127
23.886 28.579 30.725 127 132 126
23.274 27.444 31.061 132 139 133
23.669 28.230 30.987 130 140 133
23.573 28.080 31.113 123 136 129
23.304 27.598 31.307 125 140 132
23.612 28.219 31.270 128 142 134
23.168 27.402 31.533 132 144 137
23.187 27.471 31.611 130 140 135
22.818 26.797 31.842 132 139 137
22.803 26.800 31.933 133 140 139
23.778 28.700 31.641 127 134 133
23.510 28.220 31.832 129 135 135
22.859 27.003 32.168 131 136 137
23.149 27.593 32.143 135 139 140
22.791 26.937 32.365 136 141 140
22.491 26.394 32.564 137 142 140
21.900 25.289 32.870 137 144 140
22.692 26.843 32.660 135 143 137
22.610 26.717 32.776 130 140 133
22.569 26.670 32.876 132 142 136
22.925 27.388 32.832 132 144 139
23.379 28.293 32.754 126 138 133
23.084 27.758 32.948 127 139 134
23.367 28.335 32.934 126 137 132
22.595 26.881 33.296 130 140 135
23.389 28.445 33.101 127 136 132
23.686 29.050 33.085 127 136 132
23.769 29.243 33.144 127 138 134
23.794 29.324 33.225 124 135 133
23.741 29.487 33.958 127 130 127
23.476 29.107 34.401 124 129 130
23.699 29.775 34.961 123 131 129
23.483 29.489 35.388 119 134 126
23.207 28.983 35.559 120 134 124
23.133 28.906 35.760 125 137 125
23.463 29.616 35.846 119 131 122
23.403 29.534 35.953 122 133 125
23.423 29.674 36.220 121 130 128
24.892 28.420 25.507 131 147 143
24.842 28.597 26.213 123 138 130
24.991 28.909 26.222 125 141 135
24.398 27.838 26.608 116 135 130
24.052 27.225 26.867 117 136 133
24.634 28.345 26.659 117 136 134
24.844 28.769 26.639 120 138 135
24.533 28.255 26.965 126 141 137
24.311 27.873 27.159 129 143 140
24.672 28.581 27.067 129 143 139
24.462 28.223 27.255 125 140 134
24.525 28.374 27.309 126 141 135
24.165 27.733 27.569 124 140 134
24.621 28.620 27.434 121 138 132
24.513 28.452 27.571 124 140 134
24.608 28.663 27.611 122 138 132
23.457 26.536 28.246 127 141 135
23.543 26.730 28.289 128 142 138
24.354 28.285 27.989 123 137 134
23.761 27.203 28.354 127 141 136
23.554 26.847 28.535 128 142 136
23.491 26.761 28.649 129 143 137
24.052 27.849 28.472 123 137 132
23.619 27.065 28.758 127 142 136
23.218 26.342 29.027 126 143 136
23.448 26.808 29.005 128 142 137
24.228 28.310 28.733 128 140 135
23.887 27.700 28.974 123 134 128
23.207 26.449 29.366 131 143 135
23.239 26.542 29.436 131 143 135
23.822 27.675 29.259 127 139 132
23.182 26.499 29.629 132 143 135
23.070 26.318 29.763 134 143 137
23.365 26.908 29.716 134 143 138
22.735 25.749 30.077 134 143 139
22.890 26.073 30.093 131 141 137
24.073 28.345 29.663 130 140 135
23.031 26.405 30.199 136 146 141
23.790 27.874 29.957 131 141 136
22.873 26.167 30.435 131 141 137
23.462 27.317 30.269 131 141 136
22.822 26.134 30.625 128 139 132
23.212 26.906 30.545 126 138 129
22.726 26.016 30.833 134 145 132
22.769 26.130 30.899 133 143 127
23.894 28.299 30.517 127 137 120
23.927 28.394 30.590 130 141 125
23.090 26.835 31.020 131 142 130
23.914 28.435 30.769 129 139 132
23.464 27.611 31.038 126 137 130
22.966 26.694 31.325 128 140 133
23.348 27.455 31.257 127 141 134
23.168 27.143 31.415 130 144 139
23.582 27.965 31.336 128 142 136
23.382 27.616 31.501 128 140 135
23.021 26.959 31.729 128 139 135
23.210 27.352 31.741 128 137 135
23.186 27.337 31.836 130 138 136
23.775 28.496 31.695 124 131 129
23.083 27.205 32.048 131 138 137
21.738 24.665 32.647 138 145 145
23.399 27.874 32.100 133 141 141
22.980 27.104 32.345 133 142 140
22.168 25.581 32.735 138 148 143
21.637 24.596 33.017 134 143 137
22.565 26.404 32.757 134 143 136
22.547 26.403 32.849 130 140 133
22.467 26.281 32.963 130 142 134
22.560 26.491 33.015 129 143 135
22.814 27.011 33.008 126 141 133
22.982 27.365 33.034 124 139 131
23.132 27.685 33.068 126 138 133
23.193 27.836 33.133 128 137 135
23.246 27.970 33.201 127 136 134
23.080 27.683 33.347 127 136 134
23.211 27.967 33.389 126 136 134
22.694 27.005 33.655 126 138 135
23.023 27.670 33.628 127 139 136
23.969 29.526 33.393 121 133 130
22.910 27.549 33.929 130 141 136
23.599 28.911 33.785 127 138 133
23.898 29.721 34.314 122 128 129
23.897 29.787 34.495 122 129 127
23.402 29.026 35.187 123 137 134
23.753 29.743 35.172 122 136 132
23.698 29.703 35.370 119 132 127
23.629 29.602 35.480 123 134 129
23.099 28.604 35.724 123 135 127
22.887 28.224 35.874 123 135 125
23.542 29.534 35.777 122 133 125
23.302 29.098 35.935 126 135 129
23.319 29.164 36.021 125 132 126
23.585 29.852 36.402 120 129 127
23.606 29.961 36.579 123 130 126
24.842 28.334 26.107 127 141 131
24.958 28.651 26.303 129 140 140
24.633 28.146 26.723 121 137 138
24.790 28.473 26.729 123 138 138
24.767 28.463 26.826 130 144 143
24.320 27.663 27.133 133 146 145
25.026 29.012 26.869 128 142 141
24.789 28.604 27.072 127 141 137
24.166 27.475 27.461 128 142 136
24.940 28.953 27.170 127 141 135
24.668 28.479 27.387 125 140 134
24.186 27.610 27.705 127 141 135
23.971 27.242 27.893 130 144 139
24.463 28.194 27.742 127 141 135
23.930 27.229 28.081 128 142 136
23.394 26.258 28.419 128 142 137
24.307 28.000 28.072 124 138 135
23.953 27.370 28.323 127 141 138
23.761 27.042 28.498 123 137 134
23.882 27.301 28.526 125 139 136
24.081 27.707 28.518 124 138 135
23.036 25.778 29.085 132 145 141
23.526 26.729 28.943 130 141 136
23.642 26.980 28.974 130 141 136
23.468 26.685 29.138 130 141 136
23.674 27.105 29.129 127 139 134
22.948 25.772 29.540 131 143 138
23.243 26.357 29.491 131 144 139
23.998 27.812 29.238 124 138 133
23.004 25.971 29.765 129 143 138
23.055 26.099 29.826 130 144 139
22.993 26.014 29.936 133 145 140
23.184 26.406 29.936 131 141 136
23.341 26.735 29.952 131 141 138
23.380 26.840 30.020 130 141 139
22.992 26.138 30.272 130 141 138
23.282 26.719 30.231 131 141 136
22.730 25.707 30.551 134 145 140
23.060 26.363 30.494 131 143 138
23.182 26.625 30.527 127 139 134
22.642 25.635 30.838 131 143 138
23.099 26.532 30.731 124 139 131
22.860 26.111 30.915 126 143 132
23.016 26.436 30.935 129 144 133
23.499 27.385 30.821 131 143 133
22.955 26.386 31.129 131 143 134
23.156 26.798 31.132 132 144 137
23.191 26.897 31.202 129 140 133
24.052 28.563 30.942 120 132 125
23.671 27.872 31.181 127 141 134
23.780 28.112 31.224 128 142 136
23.626 27.852 31.372 126 139 134
23.567 27.772 31.482 126 138 133
22.877 26.490 31.838 131 141 137
23.552 27.808 31.660 128 137 135
23.708 28.138 31.687 128 137 135
23.524 27.819 31.844 128 137 135
22.931 26.721 32.158 128 137 135
22.252 25.458 32.501 130 140 137
22.825 26.582 32.369 134 143 141
23.032 27.008 32.377 130 140 137
22.680 26.368 32.594 133 142 138
22.018 25.134 32.925 140 149 142
22.346 25.793 32.888 137 147 140
22.162 25.472 33.040 135 145 138
22.606 26.353 32.962 131 141 135
22.580 26.335 33.057 134 143 139
23.284 27.716 32.889 131 141 137
22.685 26.601 33.190 133 142 138
22.480 26.238 33.349 131 141 136
23.293 27.829 33.147 130 140 135
23.324 27.922 33.223 129 139 134
23.335 27.974 33.307 128 137 133
22.982 27.330 33.517 125 135 132
23.103 27.595 33.562 128 140 137
23.318 28.040 33.576 125 137 133
23.541 28.501 33.588 125 137 132
23.969 29.358 33.531 121 133 128
23.830 29.122 33.668 119 131 126
24.059 29.664 33.860 126 135 127
23.747 29.360 34.769 120 129 123
23.455 29.061 35.575 123 134 129
23.674 29.518 35.603 121 132 127
23.709 29.621 35.683 121 130 126
23.386 29.026 35.865 125 134 128
23.252 28.800 35.993 129 136 130
23.508 29.331 36.011 127 133 127
23.364 29.150 36.322 124 134 127
23.623 29.891 36.891 118 127 122
25.337 28.506 24.553 140 149 147
25.036 28.499 26.072 131 143 135
25.136 28.818 26.363 127 136 138
24.701 28.078 26.752 133 141 144
24.670 28.053 26.852 131 140 142
25.154 28.986 26.697 130 139 140
24.384 27.589 27.163 129 138 137
24.358 27.573 27.260 133 142 140
24.081 27.090 27.480 134 146 142
24.276 27.485 27.470 130 144 139
24.681 28.274 27.357 126 141 135
23.287 25.709 28.115 134 148 142
23.611 26.344 28.042 130 144 138
23.619 26.391 28.122 131 146 138
24.350 27.789 27.857 130 143 136
23.904 26.988 28.154 130 141 136
23.355 25.994 28.497 131 143 138
24.231 27.664 28.168 128 140 135
23.708 26.718 28.498 131 142 139
23.345 26.071 28.751 132 144 141
23.642 26.660 28.696 126 138 135
23.282 26.019 28.946 133 145 142
22.727 25.010 29.284 134 146 142
23.349 26.208 29.082 138 150 145
23.002 25.589 29.323 138 150 144
22.764 25.175 29.514 140 152 147
23.862 27.265 29.102 129 140 136
23.082 25.832 29.537 134 146 143
23.363 26.392 29.494 132 145 142
23.511 26.703 29.512 130 144 141
22.877 25.543 29.877 135 149 144
22.563 24.983 30.098 136 150 145
23.475 26.730 29.781 130 144 139
22.643 25.197 30.228 134 148 142
23.014 25.926 30.150 133 146 142
23.786 27.411 29.901 131 142 140
23.057 26.071 30.299 133 143 140
23.268 26.499 30.293 133 142 138
22.684 25.429 30.625 135 146 141
22.485 25.086 30.792 135 147 142
23.539 27.106 30.432 127 139 134
23.115 26.338 30.695 132 144 139
22.439 25.093 31.060 136 149 143
22.109 24.500 31.280 135 149 141
22.831 25.896 31.065 131 144 135
22.878 26.016 31.130 131 143 133
22.955 26.193 31.182 131 143 134
22.608 25.568 31.407 126 138 131
23.288 26.887 31.217 125 137 131
23.154 26.665 31.356 126 138 133
23.539 27.426 31.288 127 139 134
22.858 26.166 31.644 130 141 136
23.036 26.537 31.658 127 139 134
23.217 26.912 31.672 125 137 132
22.918 26.377 31.874 132 142 136
22.464 25.544 32.135 133 142 135
22.274 25.216 32.292 135 143 139
22.172 25.053 32.415 138 145 143
22.770 26.221 32.270 131 136 135
22.140 25.054 32.594 136 141 140
21.435 23.743 32.943 142 148 147
22.067 24.977 32.789 127 134 133
22.529 25.887 32.701 133 142 138
22.329 25.538 32.859 138 148 141
21.876 24.706 33.110 135 145 138
22.411 25.757 32.998 130 140 133
22.862 26.649 32.919 131 141 134
22.792 26.547 33.030 130 140 133
22.723 26.447 33.140 133 142 137
22.608 26.259 33.267 134 142 138
22.419 25.930 33.419 135 141 138
22.237 25.614 33.568 134 142 138
22.197 25.568 33.667 131 141 136
22.885 26.916 33.513 125 137 132
22.645 26.489 33.682 132 144 139
23.269 27.716 33.553 133 145 140
22.517 26.307 33.897 127 141 135
22.848 26.973 33.871 125 140 134
24.214 29.625 33.498 115 129 123
23.767 28.801 33.737 116 128 120
23.875 29.040 33.790 124 133 126
23.745 28.825 33.922 124 130 124
23.194 27.799 34.191 133 138 131
22.992 27.443 34.345 131 137 129
23.187 27.849 34.370 133 139 131
23.936 29.357 34.307 122 131 122
23.295 28.286 34.954 123 133 124
23.915 29.615 35.124 123 134 129
23.894 29.642 35.312 117 129 124
23.390 28.732 35.639 120 132 129
23.674 29.349 35.737 119 128 124
23.498 29.040 35.877 125 134 129
23.464 29.010 35.977 124 134 129
23.010 28.161 36.193 127 136 132
22.855 27.893 36.325 126 135 131
23.851 29.860 36.142 120 131 124
23.609 29.423 36.299 121 134 124
23.532 29.307 36.410 123 136 128
22.882 28.110 36.763 124 134 130
25.338 28.242 24.451 135 144 142
25.308 28.805 25.998 131 142 140
24.548 27.434 26.470 132 144 141
25.196 28.699 26.311 129 140 138
25.087 28.532 26.451 130 139 140
24.574 27.615 26.793 133 142 142
25.102 28.626 26.615 130 139 140
24.494 27.533 27.002 134 141 142
24.427 27.476 27.204 129 138 137
23.788 26.323 27.601 134 146 143
23.785 26.348 27.686 133 146 142
24.529 27.763 27.408 128 142 136
24.795 28.290 27.364 126 141 135
24.390 27.571 27.644 132 147 141
23.782 26.472 28.021 132 145 139
24.984 28.741 27.531 124 136 129
23.948 26.846 28.108 136 147 140
24.132 27.220 28.106 133 145 138
24.180 27.343 28.167 131 143 138
24.014 27.066 28.330 128 140 137
23.521 26.178 28.644 129 140 138
23.352 25.896 28.806 130 140 137
23.148 25.546 28.983 135 144 142
23.860 26.908 28.738 136 145 143
23.642 26.532 28.922 130 141 137
23.843 26.940 28.915 131 143 138
23.591 26.501 29.113 132 144 139
23.460 26.289 29.256 132 144 139
23.254 25.934 29.433 133 145 140
22.669 24.871 29.777 139 151 146
23.530 26.514 29.477 133 145 140
23.801 27.053 29.441 133 145 140
23.038 25.656 29.862 134 146 141
22.895 25.419 30.008 138 150 145
22.674 25.036 30.187 138 150 145
22.910 25.510 30.167 138 150 145
23.241 26.162 30.107 133 145 140
23.163 26.048 30.225 131 143 138
23.422 26.566 30.198 131 141 136
23.034 25.869 30.447 131 141 136
22.812 25.482 30.625 134 145 140
22.691 25.286 30.759 135 147 142
23.223 26.318 30.620 132 144 139
22.781 25.518 30.888 132 144 139
22.908 25.788 30.919 132 144 139
22.715 25.457 31.082 133 145 140
23.414 26.806 30.879 131 143 137
23.006 26.067 31.131 131 143 135
23.042 26.167 31.200 131 141 134
22.459 25.097 31.520 136 146 139
23.053 26.251 31.364 131 141 135
23.109 26.389 31.427 131 143 138
23.352 26.878 31.415 128 140 136
22.978 26.202 31.648 128 140 135
23.253 26.755 31.625 127 139 133
22.983 26.276 31.816 131 143 135
22.738 25.844 31.996 135 146 139
22.394 25.222 32.213 133 142 135
22.580 25.607 32.225 132 139 133
22.435 25.363 32.365 136 141 135
22.685 25.868 32.354 136 141 135
22.250 25.074 32.602 136 141 135
22.443 25.470 32.614 138 143 139
22.312 25.254 32.747 138 143 140
22.292 25.248 32.838 138 143 139
22.428 25.537 32.872 141 146 140
22.226 25.183 33.030 142 147 141
22.115 25.004 33.155 141 146 140
22.136 25.075 33.231 138 144 138
22.043 24.928 33.349 140 145 139
22.403 25.646 33.303 137 142 137
22.665 26.176 33.295 136 141 135
22.435 25.769 33.462 135 141 137
22.008 24.986 33.696 134 142 138
22.720 26.376 33.532 133 142 138
22.298 25.601 33.764 132 144 139
22.835 26.659 33.664 126 139 134
23.114 27.223 33.655 124 138 133
22.804 26.664 33.847 125 140 133
22.686 26.469 33.973 127 141 133
22.505 26.154 34.120 135 145 138
22.575 26.320 34.182 140 145 139
23.225 27.595 34.054 133 138 132
23.837 28.800 33.940 127 132 126
23.706 28.583 34.072 127 132 126
23.245 27.732 34.310 130 135 130
23.389 28.040 34.351 127 135 127
23.671 28.613 34.349 127 137 128
23.466 28.253 34.503 124 136 126
23.807 28.940 34.484 121 134 124
23.825 29.007 34.568 121 134 123
23.767 28.930 34.676 126 139 127
24.110 29.721 34.931 124 136 131
23.998 29.540 35.055 123 134 129
23.765 29.124 35.214 120 132 127
23.751 29.162 35.398 120 132 129
23.772 29.269 35.573 124 133 134
23.354 28.528 35.872 121 130 128
23.826 29.475 35.829 122 131 129
23.340 28.567 36.055 123 133 130
23.503 28.915 36.099 121 130 127
23.254 28.466 36.258 123 133 128
23.397 28.809 36.399 123 135 125
23.518 29.078 36.456 122 135 127
23.686 29.436 36.502 125 137 132
22.975 28.091 36.780 125 134 130
23.264 28.684 36.794 128 133 129
23.757 29.676 36.757 124 128 125
23.650 29.569 37.058 120 128 124
24.056 25.705 25.218 149 154 153
25.499 28.722 25.366 131 145 143
24.930 27.710 25.748 136 150 147
24.058 26.241 26.532 135 149 146
24.926 27.872 26.172 132 146 143
25.068 28.168 26.184 132 146 143
24.981 28.041 26.313 130 144 141
25.106 28.304 26.335 124 138 135
24.550 27.312 26.700 134 147 145
24.825 27.854 26.646 125 139 138
24.238 26.802 27.023 132 146 146
23.508 25.486 27.469 136 150 149
24.050 26.520 27.284 132 143 142
23.792 26.076 27.494 133 142 140
23.977 26.450 27.486 131 141 138
23.982 26.492 27.567 132 144 141
23.818 26.220 27.730 133 145 142
24.146 26.860 27.655 131 142 140
24.701 27.921 27.471 126 138 134
23.218 25.205 28.267 141 153 148
23.829 26.369 28.058 131 143 137
24.065 26.840 28.029 131 143 138
24.208 27.137 28.045 132 144 140
23.479 25.816 28.473 137 148 146
23.722 26.298 28.442 133 143 141
23.666 26.228 28.551 133 142 140
23.439 25.837 28.740 130 139 137
23.153 25.336 28.956 135 144 142
23.624 26.245 28.821 129 138 137
23.631 26.322 28.985 129 140 134
22.916 25.021 29.394 133 145 136
22.679 24.609 29.583 135 148 139
23.189 25.592 29.436 128 140 133
23.090 25.439 29.563 134 146 140
22.860 25.042 29.748 135 147 142
22.181 23.805 30.131 137 148 145
23.400 26.113 29.675 130 141 139
22.747 24.924 30.045 137 148 145
22.476 24.448 30.246 137 148 143
23.169 25.775 30.027 135 147 142
22.790 25.096 30.274 139 151 146
23.030 25.578 30.253 134 146 142
22.514 24.642 30.558 134 146 143
22.689 25.001 30.566 134 144 143
22.829 25.295 30.589 135 144 144
23.044 25.729 30.581 135 144 144
22.511 24.760 30.889 135 144 144
22.669 25.088 30.905 134 144 144
22.920 25.590 30.884 128 140 140
23.080 25.921 30.901 132 143 143
22.302 24.491 31.305 135 147 146
22.573 25.031 31.277 134 146 144
22.388 24.714 31.435 139 151 148
22.827 25.571 31.340 133 143 140
23.464 26.802 31.168 126 135 131
22.453 24.930 31.657 131 141 137
22.777 25.572 31.611 133 145 142
23.345 26.674 31.470 129 141 139
22.622 25.341 31.840 135 147 144
22.542 25.221 31.955 131 143 139
23.031 26.175 31.849 132 144 139
22.828 25.823 32.012 134 145 139
22.506 25.246 32.220 137 147 140
22.643 25.536 32.252 137 144 139
22.252 24.828 32.485 140 144 141
22.074 24.521 32.636 144 148 144
22.218 24.826 32.664 147 150 145
22.810 25.978 32.526 139 142 137
22.306 25.054 32.798 145 148 142
22.158 24.804 32.937 143 147 141
22.304 25.112 32.967 140 145 139
22.621 25.744 32.935 143 148 142
21.673 23.976 33.364 141 146 140
21.828 24.300 33.391 137 142 136
21.812 24.301 33.479 141 146 140
22.512 25.662 33.313 138 143 140
22.581 25.825 33.373 137 142 141
22.137 25.011 33.615 137 142 140
21.844 24.484 33.801 141 146 142
22.020 24.851 33.824 140 146 143
22.262 25.343 33.824 136 142 141
22.176 25.209 33.938 132 142 139
21.552 24.052 34.235 131 143 138
22.198 25.315 34.100 134 146 141
22.572 26.059 34.059 131 143 138
22.716 26.365 34.096 132 142 137
22.613 26.201 34.216 134 142 135
23.024 27.017 34.167 132 138 132
23.552 28.057 34.081 126 131 125
23.388 27.776 34.222 128 134 130
22.665 26.425 34.544 129 136 132
23.222 27.524 34.451 128 136 131
23.647 28.369 34.404 128 138 131
23.410 27.948 34.567 126 137 129
23.354 27.873 34.673 125 137 128
23.867 28.888 34.601 125 137 126
24.022 29.318 34.913 126 135 130
23.728 28.786 35.091 127 136 132
23.928 29.202 35.121 121 130 127
23.764 28.986 35.439 123 133 130
24.074 29.617 35.440 123 132 132
23.944 29.432 35.658 122 131 129
23.187 28.007 35.962 122 132 127
23.439 28.526 35.980 127 136 134
23.254 28.201 36.122 123 132 133
23.583 28.869 36.120 121 130 129
23.705 29.137 36.177 122 131 129
23.690 29.141 36.272 127 136 134
23.268 28.359 36.475 123 133 130
23.792 29.407 36.425 124 134 132
22.788 27.497 36.781 127 136 134
23.413 28.739 36.707 125 135 132
22.896 27.772 36.931 129 139 134
22.913 27.837 37.015 131 139 135
23.090 28.213 37.060 130 137 133
23.641 29.315 37.010 124 131 128
23.593 29.254 37.114 126 133 132
23.866 29.817 37.137 119 126 125
22.619 27.431 37.534 126 133 132
23.666 29.496 37.369 121 129 124
25.095 27.955 26.065 129 143 140
24.883 27.633 26.342 132 144 141
25.248 28.338 26.242 130 144 141
25.133 28.160 26.385 125 141 137
24.693 27.384 26.691 127 144 140
25.444 28.799 26.400 123 139 135
24.432 26.970 26.989 128 145 141
24.134 26.452 27.220 129 146 142
24.943 27.977 26.905 127 142 139
24.206 26.651 27.351 134 148 144
24.240 26.745 27.419 130 143 140
23.496 25.405 27.864 133 145 142
24.202 26.740 27.604 132 143 141
24.162 26.699 27.707 133 145 142
23.929 26.301 27.903 135 147 145
23.618 25.757 28.135 135 149 146
24.194 26.855 27.944 130 144 140
23.984 26.498 28.127 132 147 141
23.988 26.539 28.209 132 145 141
23.307 25.310 28.612 138 149 147
23.855 26.356 28.439 131 142 140
23.974 26.608 28.467 130 141 139
24.132 26.934 28.477 133 143 141
23.679 26.127 28.770 140 149 147
23.413 25.664 28.976 133 145 140
23.367 25.610 29.080 135 149 141
23.334 25.579 29.178 131 149 139
23.128 25.228 29.354 131 150 139
23.353 25.678 29.335 128 147 137
23.396 25.790 29.399 126 143 134
23.612 26.223 29.386 129 145 138
23.025 25.162 29.730 131 145 140
22.828 24.826 29.900 135 147 143
23.012 25.199 29.902 133 145 142
23.095 25.386 29.948 134 146 143
22.769 24.809 30.173 133 145 142
23.070 25.402 30.125 135 147 144
22.383 24.150 30.504 135 147 144
22.731 24.831 30.437 135 146 144
22.891 25.161 30.451 137 146 146
22.842 25.100 30.555 137 146 147
22.842 25.131 30.638 136 145 145
23.287 25.996 30.533 135 144 144
22.942 25.380 30.762 131 140 141
22.863 25.264 30.878 134 143 142
23.427 26.352 30.727 128 137 135
23.123 25.813 30.937 134 143 141
22.573 24.814 31.246 136 145 143
22.591 24.878 31.322 140 150 148
22.623 24.969 31.392 139 151 148
22.794 25.321 31.406 136 147 144
22.299 24.422 31.688 138 148 146
22.420 24.681 31.722 134 144 142
22.853 25.525 31.633 133 145 142
22.652 25.178 31.797 133 145 142
23.036 25.931 31.730 134 146 143
22.885 25.678 31.873 133 145 141
23.587 27.031 31.685 131 143 138
23.069 26.088 31.970 129 140 135
22.855 25.715 32.137 131 141 136
23.267 26.523 32.064 131 139 135
22.596 25.290 32.404 138 145 141
22.322 24.804 32.591 143 149 145
22.397 24.977 32.646 143 148 142
22.500 25.201 32.692 140 145 139
22.631 25.480 32.727 140 145 139
22.112 24.529 33.003 143 150 144
22.444 25.189 32.964 137 144 138
22.625 25.562 32.983 131 140 134
22.212 24.812 33.216 133 142 138
22.318 25.043 33.262 137 145 142
21.414 23.362 33.669 144 151 149
22.603 25.644 33.329 139 145 143
22.253 25.013 33.537 136 141 140
22.224 24.989 33.632 142 145 143
22.144 24.868 33.743 141 144 141
21.802 24.250 33.946 141 144 142
22.106 24.858 33.925 135 140 139
22.531 25.694 33.864 132 141 137
22.160 25.021 34.075 134 146 141
21.949 24.652 34.230 133 145 141
22.104 24.976 34.262 131 142 140
22.759 26.254 34.129 130 141 138
22.313 25.436 34.362 134 143 139
22.821 26.435 34.280 131 140 135
23.085 26.970 34.281 128 137 133
23.021 26.880 34.388 130 141 137
22.537 25.988 34.631 131 145 140
23.164 27.218 34.516 126 141 134
23.590 28.062 34.468 122 136 129
22.944 26.861 34.760 124 139 131
23.111 27.213 34.795 125 140 132
23.568 28.117 34.741 125 137 130
24.302 29.553 34.603 126 135 129
24.096 29.226 34.846 127 136 130
23.903 28.888 34.994 127 136 132
24.176 29.445 35.002 121 130 128
24.085 29.402 35.391 123 132 133
23.566 28.472 35.720 123 132 133
23.843 29.037 35.731 120 129 128
23.691 28.778 35.864 123 133 130
24.129 29.654 35.831 124 134 131
23.568 28.606 36.078 122 131 129
23.644 28.787 36.146 123 133 130
24.075 29.649 36.119 123 133 130
23.607 28.782 36.336 124 134 132
23.993 29.559 36.323 121 130 128
23.346 28.343 36.586 124 134 132
23.019 27.746 36.762 127 136 134
23.215 28.157 36.800 124 134 130
23.485 28.712 36.819 120 129 125
22.748 27.320 37.098 129 139 135
23.016 27.871 37.119 126 135 133
23.235 28.326 37.153 126 135 133
23.097 28.093 37.278 124 131 129
23.684 29.295 37.314 124 131 131
23.798 29.548 37.378 125 132 132
23.689 29.372 37.495 124 131 129
23.730 29.484 37.577 125 131 128
23.601 29.267 37.699 123 128 125
25.687 28.676 25.399 131 142 143
25.503 28.509 25.921 130 141 143
25.663 28.836 25.925 130 141 143
25.635 28.854 26.110 133 146 145
24.172 26.202 26.931 137 151 148
24.711 27.225 26.744 129 144 141
25.314 28.365 26.528 124 140 136
25.205 28.198 26.668 121 138 134
24.451 26.846 27.125 133 149 146
24.426 26.833 27.221 129 144 141
24.033 26.143 27.497 130 144 141
24.311 26.686 27.445 130 143 140
23.775 25.733 27.788 137 148 146
24.223 26.589 27.654 132 143 141
23.546 25.374 28.064 137 148 146
23.926 26.106 27.964 135 147 143
23.411 25.189 28.292 136 150 145
23.839 26.010 28.172 132 147 141
24.036 26.406 28.162 132 147 141
23.696 25.809 28.405 129 143 139
23.460 25.405 28.599 136 150 147
24.170 26.749 28.350 131 145 142
24.043 26.546 28.493 128 142 139
23.933 26.375 28.628 131 145 142
23.562 25.720 28.882 130 144 141
22.891 24.509 29.272 134 149 145
22.773 24.322 29.408 136 153 147
23.317 25.361 29.243 128 146 139
22.781 24.398 29.567 128 147 138
23.012 24.858 29.545 131 149 140
23.147 25.140 29.567 131 147 139
23.412 25.663 29.532 131 146 139
23.099 25.113 29.753 129 143 138
23.367 25.642 29.718 130 144 140
23.358 25.657 29.805 130 144 141
23.152 25.305 29.978 132 146 143
22.277 23.708 30.441 135 149 146
22.718 24.560 30.332 134 147 144
21.856 22.985 30.785 135 147 144
22.457 24.134 30.608 133 143 142
22.940 25.065 30.484 133 142 142
23.290 25.750 30.419 134 143 143
22.291 23.918 30.923 138 147 148
22.521 24.378 30.908 138 147 148
22.813 24.952 30.869 134 143 143
23.265 25.828 30.764 134 143 142
22.925 25.225 30.988 135 144 142
22.541 24.537 31.229 135 146 143
22.663 24.795 31.262 133 145 142
22.798 25.079 31.290 134 146 143
22.881 25.266 31.340 138 149 147
22.297 24.203 31.658 137 148 146
22.429 24.480 31.688 132 144 141
22.238 24.154 31.846 135 147 144
22.668 24.990 31.758 131 142 140
22.910 25.475 31.747 131 142 140
23.112 25.884 31.752 134 146 143
23.092 25.879 31.844 129 141 137
23.672 27.000 31.704 131 143 138
22.351 24.549 32.298 137 148 143
22.000 23.920 32.515 141 150 146
22.173 24.275 32.531 141 149 145
22.443 24.814 32.512 142 150 146
22.488 24.929 32.579 140 147 142
22.101 24.232 32.807 139 146 140
22.527 25.065 32.731 137 144 139
22.246 24.566 32.919 140 147 143
22.036 24.201 33.079 143 151 147
21.997 24.158 33.176 140 149 145
22.487 25.113 33.081 136 145 142
21.561 23.395 33.499 140 149 147
21.964 24.187 33.437 137 147 145
21.856 24.013 33.559 138 148 146
22.173 24.642 33.529 138 145 143
21.379 23.172 33.892 143 148 147
21.770 23.941 33.838 143 148 147
20.860 22.249 34.236 147 151 150
21.785 24.030 33.998 145 149 148
21.730 23.957 34.100 138 143 142
21.613 23.765 34.223 139 147 146
22.316 25.128 34.068 134 146 143
22.414 25.347 34.120 129 141 139
21.115 22.913 34.638 131 142 140
21.876 24.387 34.468 134 144 142
22.126 24.893 34.469 134 143 141
22.793 26.190 34.336 128 139 135
23.140 26.881 34.309 124 136 131
22.811 26.287 34.502 127 141 134
22.997 26.673 34.529 124 140 132
22.536 25.828 34.762 128 145 137
23.255 27.227 34.621 124 140 132
22.863 26.512 34.831 124 140 131
23.644 28.032 34.674 122 137 126
23.397 27.594 34.839 127 139 131
22.942 26.759 35.067 128 138 131
23.206 27.295 35.073 127 136 131
23.775 28.413 34.989 127 136 132
23.573 28.059 35.139 127 136 133
24.081 29.063 35.076 124 134 132
24.231 29.415 35.212 124 134 132
23.865 28.749 35.409 125 135 134
23.971 28.984 35.468 123 132 133
24.266 29.615 35.564 122 129 127
23.176 27.558 35.963 128 134 133
23.589 28.383 35.935 129 134 133
23.502 28.248 36.049 130 135 134
23.423 28.130 36.160 126 130 129
23.082 27.508 36.342 128 133 132
23.514 28.370 36.314 128 133 132
23.268 27.929 36.470 124 131 128
22.477 26.441 36.770 127 136 132
22.880 27.248 36.751 128 137 133
23.127 27.756 36.774 129 139 134
23.174 27.878 36.851 127 136 132
23.523 28.584 36.851 129 139 134
22.996 27.601 37.075 128 137 133
23.016 27.673 37.159 124 134 129
22.832 27.350 37.294 121 130 127
22.761 27.246 37.401 120 129 127
23.722 29.133 37.254 122 130 128
23.331 28.411 37.440 127 134 133
23.843 29.434 37.407 125 132 130
23.512 28.826 37.577 123 130 128
23.731 29.284 37.616 126 132 130
23.858 29.563 37.678 121 126 125
23.706 29.303 37.805 121 126 124
24.978 27.489 26.589 128 140 137
24.573 26.781 26.875 132 144 140
24.672 26.995 26.910 130 141 136
24.777 27.221 26.942 129 142 137
24.961 27.591 26.935 130 144 141
25.051 27.789 26.976 129 143 140
24.820 27.398 27.174 127 141 137
23.891 25.726 27.709 132 147 142
23.852 25.687 27.811 136 150 145
24.460 26.836 27.601 131 144 139
23.915 25.866 27.946 139 151 146
23.613 25.343 28.173 136 149 143
23.367 24.922 28.372 137 151 144
23.372 24.963 28.451 139 153 143
23.382 25.012 28.529 138 150 140
23.533 25.321 28.540 138 150 142
23.815 25.873 28.491 134 146 141
23.852 25.973 28.557 135 147 144
23.787 25.885 28.670 131 145 142
23.558 25.494 28.859 130 144 141
23.837 26.041 28.814 130 144 141
23.391 25.248 29.101 130 146 142
23.649 25.756 29.066 129 146 142
23.166 24.895 29.368 135 150 145
22.725 24.112 29.648 138 153 145
23.002 24.654 29.606 135 149 141
23.203 25.057 29.598 129 143 135
23.156 25.002 29.701 134 148 140
23.398 25.481 29.677 135 149 141
23.075 24.914 29.902 136 150 143
23.417 25.578 29.835 131 145 140
22.734 24.342 30.215 137 150 146
22.419 23.790 30.433 135 147 144
22.915 24.741 30.301 134 146 143
22.203 23.448 30.689 137 148 146
22.585 24.189 30.607 139 149 148
22.374 23.827 30.778 138 147 148
22.471 24.039 30.819 138 148 147
22.363 23.868 30.946 138 148 146
23.000 25.084 30.761 137 147 144
23.101 25.303 30.802 136 145 143
23.279 25.666 30.812 135 144 142
22.754 24.718 31.112 135 144 142
22.516 24.306 31.292 135 146 143
23.091 25.408 31.140 137 148 146
23.195 25.634 31.182 134 146 143
22.819 24.963 31.417 138 149 147
22.562 24.514 31.603 134 146 143
22.353 24.154 31.769 134 146 143
22.659 24.755 31.730 138 149 147
23.067 25.550 31.652 135 147 144
22.784 25.051 31.847 134 146 142
22.623 24.781 31.993 133 145 140
22.217 24.052 32.234 134 146 141
22.242 24.128 32.307 139 151 146
22.180 24.042 32.413 139 149 145
22.270 24.243 32.461 136 146 141
22.740 25.153 32.366 135 146 140
22.398 24.544 32.578 138 150 142
21.972 23.774 32.821 140 151 143
21.869 23.611 32.942 141 150 144
22.470 24.770 32.802 137 147 141
22.881 25.573 32.734 135 144 140
22.450 24.795 32.976 136 147 142
21.861 23.717 33.274 137 148 143
22.337 24.643 33.184 133 145 140
22.371 24.736 33.256 135 147 142
22.091 24.241 33.439 136 147 143
21.652 23.444 33.678 138 148 146
22.158 24.427 33.582 137 146 145
21.681 23.558 33.833 140 149 147
21.861 23.929 33.852 141 149 147
21.999 24.220 33.888 140 147 146
21.664 23.618 34.086 140 149 147
21.733 23.778 34.145 137 148 146
21.593 23.544 34.276 136 148 146
21.490 23.380 34.393 132 144 141
22.439 25.205 34.158 132 144 141
22.120 24.631 34.349 134 146 143
22.138 24.697 34.427 135 147 145
22.175 24.797 34.499 134 146 143
22.344 25.148 34.528 133 145 141
22.173 24.856 34.668 134 146 141
22.593 25.683 34.618 128 142 135
23.276 27.009 34.485 119 136 127
22.844 26.222 34.709 127 144 134
22.960 26.473 34.759 127 144 133
23.120 26.808 34.796 129 145 133
22.616 25.883 35.039 128 143 130
23.669 27.917 34.800 127 140 129
23.096 26.859 35.064 131 141 132
22.825 26.374 35.234 132 141 133
23.628 27.934 35.078 127 136 130
23.531 27.782 35.196 127 136 132
23.802 28.331 35.204 126 135 133
23.613 28.003 35.349 125 135 133
23.857 28.501 35.366 124 134 132
23.548 27.944 35.545 126 134 135
23.684 28.236 35.595 127 134 137
23.987 28.881 35.687 127 134 133
23.287 27.575 35.974 131 138 136
23.776 28.543 35.926 129 135 134
23.072 27.228 36.211 130 137 134
22.951 27.029 36.332 129 136 132
22.919 26.999 36.429 130 137 133
23.170 27.511 36.449 129 136 132
23.509 28.195 36.447 129 137 132
23.097 27.438 36.646 127 136 130
23.113 27.500 36.730 129 139 131
22.988 27.293 36.852 131 141 132
23.373 28.063 36.841 126 136 125
22.983 27.348 37.030 129 139 128
22.988 27.390 37.117 127 137 126
22.735 26.935 37.270 122 132 123
23.085 27.640 37.271 124 134 125
22.894 27.305 37.408 124 134 125
23.368 28.250 37.380 127 135 127
23.390 28.326 37.465 129 136 130
23.587 28.738 37.508 124 133 127
23.829 29.238 37.541 122 132 127
23.399 28.442 37.734 125 134 131
23.911 29.463 37.705 123 130 128
23.828 29.335 37.816 118 126 125
23.734 29.188 37.929 121 130 128
23.916 29.605 38.071 120 124 123
25.338 27.787 26.048 132 146 148
25.365 27.871 26.119 127 140 142
25.366 27.939 26.288 131 142 140
24.588 26.553 26.763 139 149 147
24.933 27.215 26.674 135 144 142
24.336 26.159 27.055 136 145 142
24.205 25.953 27.202 140 149 145
24.492 26.509 27.144 132 144 139
24.856 27.207 27.049 130 144 139
24.619 26.807 27.249 131 144 139
24.789 27.150 27.250 134 146 141
24.122 25.962 27.657 137 150 145
23.362 24.602 28.106 137 151 146
23.555 24.987 28.095 137 150 145
24.304 26.391 27.820 134 146 141
23.627 25.181 28.225 137 149 141
23.579 25.126 28.330 138 150 140
23.509 25.030 28.445 138 150 140
23.713 25.436 28.431 138 150 140
23.481 25.041 28.622 137 149 139
23.969 25.968 28.478 133 145 136
23.335 24.835 28.854 137 150 142
23.248 24.706 28.977 136 150 145
23.337 24.900 29.018 136 151 147
23.784 25.755 28.896 127 143 140
23.567 25.388 29.077 129 144 141
23.412 25.132 29.231 136 150 147
23.008 24.419 29.495 137 150 147
22.833 24.127 29.655 138 149 147
23.066 24.589 29.632 137 150 145
22.970 24.442 29.757 128 142 134
23.167 24.837 29.752 135 149 140
23.515 25.510 29.681 135 149 139
22.980 24.552 29.999 130 145 135
23.339 25.248 29.924 129 143 135
22.870 24.411 30.211 135 148 141
22.666 24.063 30.381 134 146 141
23.218 25.117 30.225 131 143 138
22.260 23.373 30.717 138 150 145
22.754 24.319 30.588 135 147 142
23.191 25.160 30.486 133 145 140
22.777 24.423 30.743 132 144 139
23.105 25.063 30.688 131 143 138
22.892 24.697 30.860 139 149 146
22.683 24.341 31.029 137 147 144
23.242 25.409 30.881 135 146 143
22.500 24.060 31.269 135 147 144
22.915 24.864 31.181 136 148 146
23.333 25.672 31.095 135 147 144
22.711 24.544 31.430 132 144 141
23.064 25.233 31.371 131 142 140
22.371 23.973 31.731 137 148 146
22.668 24.557 31.695 138 149 147
22.747 24.734 31.747 138 149 147
22.795 24.855 31.811 138 149 147
22.425 24.195 32.039 139 149 147
22.366 24.116 32.144 136 145 143
22.119 23.684 32.322 135 146 142
22.058 23.601 32.427 138 150 145
21.786 23.123 32.613 142 154 149
21.493 22.604 32.806 138 150 145
22.438 24.403 32.530 131 144 139
21.831 23.296 32.841 136 150 145
22.303 24.209 32.747 135 148 142
21.485 22.708 33.133 139 151 146
21.905 23.525 33.059 140 153 148
22.839 25.306 32.799 132 147 141
22.785 25.236 32.903 133 148 142
22.006 23.805 33.269 136 150 145
21.761 23.376 33.440 137 150 145
21.848 23.569 33.491 142 154 149
22.102 24.076 33.483 137 148 143
21.402 22.790 33.813 138 150 145
21.829 23.624 33.745 139 151 147
22.116 24.194 33.727 137 148 146
21.979 23.966 33.858 140 150 149
21.794 23.648 34.005 142 151 151
21.930 23.934 34.041 138 148 147
21.561 23.269 34.250 135 147 144
21.511 23.205 34.349 136 148 145
20.918 22.117 34.630 140 152 149
21.641 23.512 34.470 137 148 146
21.589 23.443 34.570 141 153 150
22.241 24.704 34.438 134 146 143
21.905 24.100 34.632 133 145 142
22.615 25.472 34.485 137 148 145
22.372 25.045 34.649 138 150 145
22.546 25.404 34.678 133 146 140
23.022 26.335 34.612 125 140 132
22.408 25.204 34.892 132 147 138
22.982 26.324 34.797 129 144 133
23.033 26.451 34.868 130 143 134
22.378 25.241 35.157 134 146 139
22.925 26.309 35.074 130 141 134
23.062 26.600 35.119 130 140 133
22.288 25.163 35.440 135 143 137
22.240 25.104 35.540 134 142 135
22.309 25.265 35.605 138 145 140
22.990 26.591 35.489 134 142 138
23.909 28.370 35.306 131 138 136
23.384 27.404 35.548 134 141 142
23.600 27.848 35.574 130 136 139
24.225 29.069 35.484 125 132 135
23.809 28.309 35.692 129 135 136
23.604 27.952 35.839 129 135 134
23.477 27.742 35.964 129 136 133
23.383 27.594 36.079 131 138 134
23.356 27.575 36.175 131 138 133
23.154 27.222 36.318 132 139 133
22.537 26.076 36.574 131 140 133
23.297 27.559 36.457 127 136 130
23.433 27.852 36.509 127 137 129
22.813 26.698 36.762 128 138 129
22.439 26.015 36.948 128 138 128
23.608 28.285 36.731 127 137 125
23.860 28.799 36.756 125 136 124
22.902 26.997 37.091 124 135 123
22.735 26.709 37.221 126 135 125
22.303 25.913 37.418 131 138 130
22.280 25.900 37.511 133 141 132
22.030 25.453 37.659 140 148 139
22.680 26.732 37.587 132 140 132
22.584 26.579 37.699 130 137 131
23.511 28.393 37.566 123 130 125
23.314 28.047 37.703 126 133 129
23.003 27.482 37.865 126 135 131
23.408 28.294 37.861 124 134 129
23.205 27.936 37.998 128 137 133
23.298 28.146 38.066 126 135 131
23.831 29.207 38.037 123 131 127
23.402 28.414 38.224 122 129 125
23.927 29.458 38.199 124 130 126
23.998 29.696 38.460 132 134 134
23.561 28.885 38.644 136 138 138
24.091 29.943 38.625 127 130 129
25.813 28.459 25.870 130 142 144
25.007 27.027 26.363 137 148 150
25.443 27.887 26.313 131 142 140
25.060 27.224 26.589 128 140 137
24.810 26.802 26.797 130 141 139
24.693 26.621 26.939 134 144 141
24.165 25.693 27.283 140 149 145
24.337 26.037 27.281 132 144 139
24.712 26.754 27.181 129 143 138
24.850 27.039 27.197 131 144 140
24.593 26.603 27.406 131 142 140
24.132 25.792 27.712 136 148 146
24.049 25.673 27.835 135 149 146
23.506 24.713 28.177 138 151 147
24.352 26.292 27.856 133 145 140
23.322 24.438 28.428 138 150 144
23.139 24.135 28.596 140 152 145
23.692 25.179 28.417 140 152 144
23.159 24.234 28.749 139 151 142
23.512 24.912 28.666 137 149 139
23.607 25.119 28.704 134 147 137
23.650 25.228 28.766 133 147 139
23.655 25.269 28.846 134 148 142
23.867 25.689 28.832 130 144 140
23.370 24.809 29.141 132 146 143
23.356 24.813 29.230 137 150 147
23.146 24.458 29.407 140 152 149
23.560 25.250 29.303 135 146 143
23.640 25.429 29.350 135 144 142
23.208 24.666 29.625 140 149 146
23.088 24.475 29.760 138 148 143
22.662 23.721 30.030 140 151 144
22.276 23.040 30.280 140 152 145
22.726 23.900 30.164 142 156 149
23.065 24.556 30.098 137 151 146
22.923 24.326 30.242 134 148 142
22.655 23.861 30.439 133 145 140
22.843 24.239 30.440 132 144 139
22.682 23.971 30.591 135 147 142
22.850 24.313 30.601 135 147 142
23.115 24.834 30.572 133 145 140
22.494 23.715 30.915 139 151 146
22.992 24.668 30.788 135 147 142
22.887 24.504 30.915 137 150 146
22.768 24.313 31.046 132 146 143
23.560 25.811 30.803 130 144 141
22.871 24.566 31.169 131 145 142
22.723 24.321 31.312 136 150 147
22.547 24.026 31.465 136 150 147
22.945 24.795 31.387 130 143 141
22.882 24.709 31.496 128 140 140
22.345 23.741 31.792 139 149 149
22.255 23.604 31.910 141 150 150
22.077 23.304 32.061 140 149 148
22.767 24.617 31.873 137 147 144
23.278 25.599 31.757 134 144 142
22.761 24.666 32.041 138 149 147
22.464 24.145 32.239 134 146 142
22.323 23.912 32.375 138 150 145
21.913 23.179 32.614 141 153 148
22.068 23.498 32.636 137 148 143
22.566 24.457 32.531 132 145 141
22.370 24.121 32.688 132 146 143
22.354 24.122 32.776 134 148 145
22.055 23.593 32.970 135 149 146
22.513 24.480 32.883 134 148 145
22.366 24.234 33.021 137 151 148
22.537 24.586 33.041 136 150 146
21.912 23.446 33.351 136 150 145
21.900 23.454 33.437 135 149 143
21.184 22.142 33.775 146 161 155
22.106 23.900 33.529 138 152 147
22.126 23.968 33.604 136 150 145
21.824 23.431 33.793 138 151 147
21.745 23.313 33.903 139 151 148
21.819 23.482 33.960 138 149 147
21.462 22.842 34.165 139 151 148
21.492 22.928 34.236 137 148 146
21.411 22.805 34.346 137 148 146
21.386 22.789 34.436 137 148 144
21.379 22.804 34.521 134 146 141
21.722 23.480 34.488 137 148 143
22.310 24.617 34.377 138 150 145
22.104 24.259 34.529 134 146 141
22.086 24.257 34.618 135 147 142
22.227 24.553 34.656 133 146 141
21.839 23.851 34.865 135 149 143
22.384 24.911 34.775 132 147 141
22.322 24.824 34.879 130 144 139
22.601 25.382 34.876 130 144 138
22.792 25.773 34.902 130 145 137
23.301 26.767 34.829 130 143 135
22.559 25.395 35.145 134 146 139
22.659 25.616 35.200 130 141 134
22.142 24.668 35.443 134 143 137
22.251 24.906 35.494 133 142 135
22.598 25.593 35.476 137 144 138
22.564 25.560 35.572 138 144 138
22.828 26.092 35.580 136 141 135
23.260 26.942 35.540 132 138 134
23.574 27.569 35.537 129 135 134
23.858 28.141 35.543 124 131 131
23.702 27.877 35.677 129 135 136
22.965 26.510 35.974 129 137 137
22.732 26.098 36.127 127 136 134
23.198 27.016 36.084 130 138 134
23.948 28.474 35.965 123 130 124
23.186 27.057 36.263 127 136 130
22.382 25.557 36.570 134 146 139
22.645 26.090 36.586 131 143 135
23.016 26.829 36.573 126 138 129
22.611 26.089 36.769 127 140 129
22.487 25.884 36.888 126 139 127
22.288 25.535 37.027 128 139 128
23.110 27.136 36.901 126 136 124
23.387 27.698 36.919 127 137 125
23.286 27.535 37.034 128 138 127
22.707 26.462 37.268 132 141 132
22.611 26.311 37.380 133 141 134
22.567 26.258 37.478 129 136 130
22.650 26.448 37.546 131 138 132
22.736 26.644 37.613 129 136 130
22.795 26.790 37.687 131 138 132
23.298 27.786 37.656 123 131 126
23.020 27.285 37.811 128 137 133
23.264 27.787 37.843 127 136 131
23.480 28.233 37.883 129 139 132
23.315 27.950 38.011 125 137 128
23.694 28.710 38.015 118 133 123
23.737 28.826 38.096 116 131 120
23.082 27.598 38.333 120 134 124
23.292 28.036 38.376 124 136 126
23.564 28.591 38.407 121 131 122
24.094 29.644 38.385 122 129 123
23.488 28.512 38.606 131 136 133
24.116 29.754 38.565 124 129 127
25.885 28.430 25.984 131 142 144
25.069 26.984 26.479 130 141 141
25.868 28.466 26.163 128 140 140
24.822 26.602 26.769 133 146 147
24.054 25.239 27.234 132 146 147
24.267 25.660 27.210 132 146 145
23.940 25.097 27.454 135 149 146
24.303 25.788 27.358 134 148 144
24.872 26.856 27.164 132 146 143
24.954 27.038 27.208 130 144 141
24.686 26.583 27.422 128 142 139
24.525 26.323 27.583 136 150 147
24.256 25.864 27.795 135 149 146
23.893 25.235 28.051 137 150 147
23.757 25.017 28.198 137 148 146
24.156 25.777 28.092 135 147 145
23.091 23.866 28.676 136 150 147
23.324 24.322 28.647 137 150 143
22.707 23.225 29.017 142 155 145
23.250 24.249 28.845 139 151 143
23.420 24.591 28.848 135 147 142
22.819 23.522 29.206 139 151 146
22.976 23.841 29.214 141 153 148
23.336 24.531 29.132 135 147 142
23.039 24.018 29.348 138 150 145
23.314 24.552 29.305 139 151 147
23.792 25.460 29.172 141 153 150
23.706 25.333 29.294 141 151 149
23.095 24.243 29.649 140 149 147
23.399 24.832 29.596 141 150 148
23.613 25.257 29.584 138 148 146
22.476 23.198 30.166 142 151 148
22.790 23.805 30.109 142 151 147
23.000 24.222 30.099 139 151 148
22.393 23.136 30.444 137 151 150
22.090 22.609 30.655 139 152 151
22.640 23.651 30.499 137 148 148
22.709 23.809 30.551 133 144 145
22.307 23.099 30.803 141 152 154
22.428 23.351 30.833 135 147 149
22.508 23.529 30.880 134 145 147
22.517 23.576 30.958 139 150 150
22.634 23.823 30.990 138 149 147
22.655 23.891 31.064 137 150 146
22.620 23.857 31.160 135 149 146
22.601 23.852 31.249 135 149 145
22.724 24.110 31.281 132 146 143
22.680 24.059 31.381 135 149 147
22.588 23.920 31.500 135 149 148
22.628 24.023 31.566 135 149 148
22.968 24.684 31.513 135 149 148
23.044 24.855 31.566 133 146 145
21.924 22.808 32.091 139 150 150
22.290 23.517 32.028 136 147 145
22.625 24.170 31.979 132 144 141
23.016 24.925 31.910 137 148 146
22.365 23.747 32.244 139 151 148
22.291 23.641 32.355 140 152 148
22.294 23.675 32.436 138 150 145
22.130 23.401 32.580 139 151 146
21.825 22.863 32.777 138 150 145
21.826 22.896 32.858 139 152 147
21.922 23.103 32.904 136 150 145
21.970 23.223 32.967 138 152 148
21.756 22.855 33.128 136 150 147
22.189 23.690 33.051 135 150 147
21.551 22.531 33.366 135 152 148
21.872 23.159 33.331 134 151 146
21.576 22.637 33.519 135 152 146
21.541 22.600 33.613 134 149 142
20.930 21.488 33.911 145 160 152
21.627 22.822 33.745 138 153 145
21.518 22.647 33.865 142 156 148
22.100 23.765 33.743 140 153 147
21.594 22.849 34.001 142 154 149
21.527 22.753 34.106 141 151 148
21.288 22.334 34.270 141 150 148
21.618 22.982 34.239 141 150 148
21.329 22.472 34.418 144 153 151
21.437 22.703 34.464 140 150 148
21.429 22.717 34.548 137 148 146
21.464 22.813 34.619 135 147 143
21.657 23.205 34.637 142 154 149
21.952 23.789 34.623 139 151 146
22.193 24.272 34.628 135 147 142
22.285 24.477 34.682 132 145 140
21.630 23.275 34.976 136 150 145
22.950 25.789 34.639 134 148 142
21.571 23.224 35.160 136 150 145
22.287 24.602 35.019 132 147 141
22.253 24.568 35.114 134 148 142
22.304 24.696 35.182 130 143 139
22.435 24.973 35.227 131 142 140
22.623 25.359 35.255 134 145 141
22.297 24.774 35.439 133 142 138
22.636 25.446 35.422 131 140 134
22.347 24.931 35.594 140 148 141
22.581 25.403 35.610 140 146 140
23.161 26.531 35.525 136 141 135
23.168 26.576 35.610 130 135 131
23.755 27.717 35.528 126 133 129
23.446 27.166 35.705 128 136 132
23.002 26.356 35.919 127 136 132
23.228 26.815 35.943 130 140 136
23.110 26.623 36.063 127 136 134
22.698 25.874 36.265 130 140 136
23.528 27.480 36.123 123 133 128
22.240 25.068 36.563 133 143 140
21.908 24.467 36.739 137 148 146
22.446 25.521 36.680 129 142 136
22.324 25.321 36.799 125 137 128
22.822 26.299 36.753 124 136 126
22.867 26.416 36.829 128 141 131
22.440 25.635 37.027 131 143 133
22.129 25.075 37.194 131 143 133
22.579 25.962 37.165 133 142 135
22.844 26.499 37.185 133 140 136
22.465 25.809 37.368 133 140 137
22.481 25.870 37.451 134 142 138
22.495 25.927 37.535 132 139 134
23.451 27.784 37.389 126 134 127
22.868 26.704 37.620 129 137 131
22.868 26.736 37.708 129 139 132
22.767 26.576 37.820 129 139 133
23.215 27.464 37.803 127 136 132
23.650 28.327 37.792 123 133 126
23.616 28.295 37.890 124 134 125
23.300 27.723 38.052 124 136 126
23.334 27.820 38.134 121 135 125
23.314 27.815 38.229 118 133 123
22.889 27.033 38.412 120 134 124
23.128 27.523 38.449 125 137 127
23.303 27.891 38.501 124 134 125
23.363 28.039 38.578 123 131 125
23.108 27.582 38.723 125 132 128
23.246 27.881 38.784 125 134 130
24.169 29.687 38.683 119 128 124
26.196 28.593 25.376 131 145 146
26.219 28.670 25.450 130 144 146
25.730 27.890 25.955 134 145 150
26.001 28.414 25.903 133 144 148
25.491 27.524 26.245 134 145 150
25.077 26.809 26.537 136 146 151
25.230 27.120 26.544 133 144 148
24.809 26.390 26.838 133 145 150
24.504 25.871 27.072 134 147 151
24.822 26.479 26.998 133 146 146
25.250 27.287 26.872 130 144 141
24.818 26.537 27.167 127 143 142
24.151 25.359 27.575 134 152 152
24.683 26.356 27.400 127 145 144
23.921 25.006 27.850 133 149 148
24.049 25.269 27.871 134 149 149
24.191 25.560 27.886 135 148 150
23.966 25.183 28.075 134 146 147
24.290 25.804 28.004 130 141 141
23.820 24.981 28.309 133 146 144
23.461 24.359 28.559 132 146 143
23.563 24.575 28.593 134 147 144
23.383 24.279 28.758 139 151 148
22.912 23.450 29.058 138 149 146
22.929 23.512 29.131 139 151 146
23.190 24.020 29.091 139 151 146
23.368 24.374 29.092 133 145 140
23.064 23.851 29.312 139 149 145
22.949 23.671 29.445 144 154 149
24.157 25.910 28.982 133 143 139
23.652 25.019 29.291 133 145 140
23.422 24.629 29.476 136 147 142
22.920 23.740 29.782 141 150 146
23.279 24.429 29.704 142 151 147
23.503 24.869 29.688 138 148 143
22.505 23.071 30.207 143 153 148
22.595 23.267 30.248 143 153 148
23.022 24.080 30.144 135 147 144
22.491 23.137 30.455 134 147 146
22.369 22.942 30.588 141 150 151
22.690 23.562 30.531 142 146 150
22.387 23.036 30.741 141 145 150
22.554 23.373 30.751 139 145 151
22.323 22.978 30.929 141 149 155
22.588 23.496 30.899 135 146 151
22.376 23.136 31.069 140 151 152
22.774 23.898 30.985 137 148 146
22.825 24.023 31.045 134 147 144
22.304 23.093 31.341 141 155 151
22.568 23.609 31.315 137 148 145
22.459 23.439 31.440 138 148 146
22.886 24.257 31.349 132 143 142
22.466 23.512 31.600 135 149 148
22.277 23.194 31.757 139 150 150
22.344 23.346 31.812 143 152 152
22.070 22.869 32.002 140 150 149
21.750 22.309 32.209 140 152 149
22.356 23.459 32.052 140 152 149
22.439 23.642 32.102 139 151 148
22.257 23.336 32.254 139 152 148
22.286 23.420 32.324 137 151 146
22.279 23.437 32.409 137 151 146
22.465 23.810 32.420 134 148 142
22.474 23.857 32.499 136 150 145
21.772 22.586 32.845 142 156 150
21.465 22.046 33.041 142 156 150
21.666 22.447 33.047 142 156 150
22.025 23.144 32.995 138 152 147
21.926 22.990 33.113 135 149 143
21.646 22.498 33.297 140 154 148
22.080 23.337 33.220 136 150 145
22.278 23.734 33.231 132 147 141
22.234 23.683 33.329 132 148 142
21.907 23.104 33.529 135 152 145
21.795 22.923 33.650 138 154 146
22.065 23.457 33.637 135 151 142
21.504 22.440 33.916 141 155 147
21.639 22.722 33.950 141 153 147
21.457 22.413 34.094 145 155 150
21.863 23.201 34.036 140 149 146
21.684 22.896 34.180 141 150 148
21.967 23.453 34.166 137 146 145
21.767 23.110 34.316 144 153 151
21.822 23.242 34.380 141 151 149
22.024 23.651 34.395 141 153 150
21.619 22.923 34.612 140 152 149
20.887 21.582 34.934 146 158 155
20.956 21.739 34.992 147 159 157
22.645 24.935 34.527 135 147 146
22.120 23.981 34.780 135 147 146
21.864 23.531 34.945 136 150 147
22.459 24.679 34.840 132 147 142
22.007 23.860 35.067 134 148 142
22.015 23.906 35.148 135 149 143
22.053 24.006 35.220 135 149 143
21.590 23.166 35.446 134 148 143
21.931 23.837 35.425 130 144 141
22.236 24.443 35.416 133 146 144
21.908 23.856 35.599 139 151 148
22.124 24.293 35.618 133 145 139
22.086 24.251 35.714 133 145 136
22.385 24.846 35.710 136 146 136
22.625 25.330 35.725 136 143 135
22.199 24.556 35.934 136 144 137
22.521 25.195 35.927 131 141 134
22.843 25.834 35.920 132 142 137
21.734 23.770 36.321 135 144 140
22.331 24.928 36.237 133 142 138
22.495 25.269 36.277 131 141 136
22.046 24.451 36.487 133 143 139
22.152 24.683 36.543 128 140 135
22.706 25.761 36.478 129 141 137
22.026 24.506 36.747 128 140 135
22.486 25.407 36.710 127 139 133
23.005 26.422 36.658 128 140 133
22.668 25.815 36.834 126 138 132
22.456 25.444 36.977 128 140 135
22.869 26.259 36.956 125 137 132
23.146 26.816 36.973 127 139 134
23.297 27.136 37.022 126 137 132
22.820 26.260 37.231 128 137 133
22.479 25.645 37.404 130 140 135
22.757 26.204 37.422 133 142 138
22.652 26.035 37.535 131 141 137
22.204 25.215 37.731 129 139 134
22.704 26.198 37.698 128 139 133
22.553 25.941 37.821 128 140 133
22.601 26.065 37.897 128 140 134
22.722 26.327 37.957 128 140 135
22.847 26.597 38.016 124 137 130
23.145 27.198 38.036 123 138 128
23.027 27.006 38.152 124 139 128
23.278 27.517 38.185 121 135 125
22.909 26.844 38.356 122 136 129
22.914 26.887 38.444 122 136 131
23.277 27.612 38.454 121 133 126
22.971 27.060 38.609 126 136 126
22.872 26.902 38.720 127 136 129
23.078 27.329 38.765 127 136 132
23.634 28.427 38.739 123 133 129
23.877 28.926 38.780 126 135 131
24.174 29.528 38.811 123 133 129
24.185 29.616 38.994 122 129 123
23.751 28.816 39.172 126 131 123
26.063 28.298 25.851 133 144 146
24.241 25.080 26.934 142 151 155
25.378 27.164 26.449 136 145 149
25.465 27.354 26.490 135 144 146
24.716 26.036 26.945 138 148 149
24.642 25.933 27.065 131 142 142
23.997 24.801 27.463 137 150 147
24.477 25.701 27.311 136 150 147
24.560 25.883 27.353 132 148 146
24.322 25.485 27.552 129 147 147
24.291 25.460 27.649 127 145 145
24.508 25.885 27.628 126 142 143
23.801 24.636 28.049 136 151 152
23.528 24.172 28.260 136 149 151
24.146 25.325 28.049 131 144 143
23.649 24.455 28.365 134 146 143
23.781 24.727 28.385 137 148 145
23.189 23.683 28.744 137 148 146
23.503 24.283 28.678 139 151 148
23.090 23.564 28.951 140 152 149
22.640 22.776 29.240 138 149 146
22.547 22.638 29.362 140 152 147
22.567 22.703 29.433 139 151 146
23.208 23.901 29.221 139 151 146
22.606 22.836 29.575 139 151 146
22.064 21.878 29.899 142 154 149
23.477 24.483 29.344 134 146 141
23.303 24.197 29.504 141 153 148
22.913 23.517 29.759 139 151 146
22.983 23.675 29.809 138 150 145
23.336 24.351 29.734 137 150 145
23.279 24.277 29.841 134 148 142
22.326 22.565 30.339 139 154 147
22.217 22.395 30.466 141 155 147
22.676 23.265 30.348 137 151 146
22.209 22.442 30.629 143 157 154
22.398 22.817 30.628 141 150 148
22.224 22.529 30.782 143 148 147
22.195 22.505 30.875 145 149 150
22.813 23.667 30.695 141 145 149
22.483 23.092 30.915 148 153 157
22.044 22.316 31.179 145 151 154
22.382 22.967 31.118 140 148 149
22.121 22.518 31.307 147 156 154
22.845 23.877 31.090 138 148 145
22.314 22.932 31.388 142 151 149
22.562 23.417 31.369 142 151 149
21.744 21.943 31.781 149 158 156
22.071 22.574 31.729 143 152 150
22.159 22.766 31.774 140 149 147
22.113 22.711 31.873 140 149 147
22.708 23.836 31.719 138 148 146
21.898 22.374 32.119 145 155 153
22.165 22.895 32.096 144 153 151
22.243 23.068 32.146 141 151 148
22.332 23.263 32.193 140 152 147
22.356 23.338 32.265 137 151 146
21.856 22.444 32.539 140 156 150
22.375 23.433 32.422 136 152 146
22.471 23.640 32.467 137 151 146
22.253 23.267 32.631 133 148 142
21.598 22.085 32.958 142 159 153
21.709 22.320 32.997 140 158 151
22.110 23.091 32.930 137 156 147
21.708 22.376 33.160 137 155 146
21.435 21.900 33.340 139 156 147
20.983 21.090 33.585 142 158 149
22.065 23.127 33.273 139 154 146
21.572 22.241 33.533 138 153 145
21.160 21.505 33.761 145 160 152
21.612 22.374 33.680 139 154 146
21.454 22.110 33.817 141 155 147
22.138 23.412 33.658 138 151 145
21.911 23.019 33.819 138 150 145
21.365 22.034 34.090 139 149 145
21.547 22.401 34.109 140 149 145
21.845 22.985 34.088 141 150 146
21.613 22.583 34.249 140 149 145
21.227 21.893 34.461 143 153 148
21.618 22.651 34.411 141 150 146
21.289 22.068 34.602 147 156 153
21.542 22.568 34.600 143 152 150
21.168 21.901 34.804 142 153 150
21.516 22.579 34.772 138 149 147
21.226 22.067 34.948 140 152 149
21.173 21.998 35.046 144 155 153
21.760 23.125 34.939 141 153 149
22.035 23.669 34.935 135 147 142
21.828 23.311 35.083 139 152 147
22.092 23.835 35.084 136 150 145
21.800 23.318 35.258 138 151 146
22.448 24.565 35.141 133 145 140
21.840 23.455 35.412 136 147 143
22.141 24.048 35.404 137 147 144
21.580 23.026 35.657 140 149 147
22.003 23.851 35.613 135 144 142
21.492 22.921 35.849 138 149 147
21.604 23.161 35.899 135 149 146
22.335 24.565 35.767 134 148 142
22.329 24.584 35.854 131 143 135
22.027 24.047 36.026 132 143 135
21.910 23.856 36.144 135 145 138
22.073 24.194 36.182 134 143 137
21.630 23.390 36.391 136 146 139
21.254 22.711 36.580 137 147 140
21.976 24.103 36.462 134 143 137
21.954 24.091 36.553 134 145 138
21.542 23.344 36.750 133 145 138
21.955 24.154 36.722 129 142 136
22.636 25.471 36.624 128 140 135
21.963 24.230 36.889 134 146 140
22.654 25.567 36.792 132 144 137
21.963 24.292 37.059 133 144 138
21.788 23.992 37.190 135 144 140
21.986 24.396 37.224 135 144 140
22.451 25.309 37.190 133 142 138
22.461 25.357 37.274 135 144 140
22.852 26.131 37.262 129 139 134
22.512 25.517 37.434 131 141 137
22.462 25.453 37.534 133 142 138
22.633 25.809 37.578 132 141 136
22.723 26.011 37.644 133 142 135
22.321 25.279 37.828 131 143 134
21.798 24.317 38.038 129 144 133
21.944 24.625 38.089 125 140 130
22.251 25.240 38.104 134 148 138
23.446 27.545 37.916 119 135 124
22.921 26.578 38.125 127 144 133
22.939 26.644 38.209 124 140 133
23.003 26.798 38.283 125 139 136
22.824 26.488 38.412 124 138 136
23.042 26.937 38.453 123 137 134
23.073 27.027 38.535 125 137 133
21.942 24.900 38.866 131 141 136
22.810 26.590 38.769 128 137 133
22.778 26.560 38.864 131 141 136
23.472 27.918 38.809 126 135 131
24.054 29.065 38.780 123 133 128
23.096 27.265 39.066 127 136 132
23.917 28.869 38.992 119 128 124
23.710 28.506 39.124 125 132 126
23.620 28.367 39.233 128 133 125
24.067 29.255 39.238 131 135 128
23.510 28.222 39.437 130 136 128
24.133 29.481 39.503 120 130 116
24.020 29.298 39.616 123 134 120
24.197 29.672 39.677 117 128 116
24.273 29.885 39.849 124 130 124
25.524 27.203 26.354 140 148 151
25.437 27.082 26.482 135 144 144
25.972 28.078 26.301 129 138 136
24.789 25.980 26.970 137 147 144
24.452 25.406 27.218 135 147 144
24.143 24.881 27.452 137 151 148
24.778 26.059 27.224 133 149 146
24.584 25.740 27.402 130 147 144
24.571 25.749 27.491 131 147 145
24.498 25.648 27.609 129 146 144
24.420 25.540 27.729 129 146 144
23.750 24.362 28.131 135 150 149
23.532 23.999 28.316 135 149 148
23.738 24.402 28.300 137 151 149
23.711 24.385 28.394 137 151 148
23.451 23.945 28.597 140 153 150
23.360 23.811 28.721 142 154 151
23.020 23.226 28.960 143 154 150
23.509 24.144 28.814 140 152 147
23.921 24.923 28.706 137 148 144
23.342 23.902 29.053 140 152 149
23.278 23.817 29.164 139 151 147
22.736 22.862 29.491 144 155 150
22.715 22.856 29.580 141 153 148
22.546 22.578 29.736 142 154 149
22.906 23.263 29.655 141 153 148
22.967 23.404 29.709 145 157 152
23.041 23.570 29.756 139 152 147
22.703 22.985 29.986 139 154 148
22.991 23.539 29.941 135 150 145
22.818 23.255 30.097 135 152 146
23.108 23.814 30.052 137 153 146
22.299 22.369 30.483 142 156 148
22.735 23.193 30.375 143 157 150
22.542 22.871 30.539 141 155 149
22.712 23.211 30.547 138 151 146
22.799 23.401 30.591 138 150 145
22.937 23.683 30.614 142 150 147
23.240 24.268 30.568 144 149 148
22.416 22.790 30.995 145 152 150
21.993 22.046 31.251 143 152 150
22.274 22.590 31.215 143 152 150
21.787 21.729 31.495 145 155 153
22.087 22.307 31.452 144 154 150
21.944 22.074 31.590 147 156 152
22.254 22.672 31.545 145 153 149
22.476 23.109 31.536 144 151 147
22.293 22.804 31.690 144 151 147
22.317 22.876 31.762 142 150 146
21.892 22.125 32.011 147 154 151
21.804 21.994 32.126 146 153 151
21.952 22.295 32.148 146 153 151
21.351 21.220 32.463 151 158 156
21.761 22.004 32.383 147 154 153
22.119 22.691 32.325 142 151 149
22.674 23.743 32.193 137 150 147
21.991 22.515 32.536 141 157 154
22.553 23.579 32.403 136 151 148
22.235 23.023 32.605 136 150 147
21.749 22.156 32.869 138 154 149
22.409 23.404 32.704 132 151 145
22.228 23.100 32.852 134 154 147
22.128 22.945 32.971 135 154 147
21.932 22.612 33.125 136 155 147
21.758 22.320 33.269 138 157 148
21.558 21.979 33.423 142 159 150
21.551 21.995 33.506 144 158 151
21.253 21.473 33.693 143 157 149
21.527 22.010 33.676 141 155 147
21.625 22.220 33.722 137 152 143
21.421 21.871 33.874 138 153 145
21.658 22.340 33.872 140 153 148
21.762 22.563 33.917 138 149 147
21.961 22.962 33.930 138 150 145
21.543 22.215 34.155 140 152 145
21.923 22.949 34.107 140 151 143
22.008 23.138 34.160 145 155 148
21.935 23.032 34.267 140 151 145
21.436 22.134 34.516 140 152 147
21.525 22.328 34.568 145 156 153
21.287 21.915 34.728 145 156 154
21.260 21.893 34.818 145 156 154
22.071 23.434 34.635 140 152 149
21.683 22.741 34.843 141 151 149
21.337 22.125 35.037 142 151 149
21.328 22.138 35.121 146 156 154
21.645 22.760 35.102 140 152 149
21.499 22.516 35.230 141 153 150
21.343 22.254 35.361 141 153 150
22.133 23.760 35.198 136 148 144
22.137 23.796 35.280 132 144 139
21.728 23.062 35.489 138 148 144
21.703 23.045 35.579 141 150 148
21.510 22.713 35.720 139 150 148
21.653 23.012 35.760 135 149 146
21.701 23.131 35.829 135 150 147
21.577 22.928 35.948 133 149 146
22.147 24.028 35.864 129 146 142
22.461 24.647 35.857 127 143 140
22.280 24.337 35.995 131 145 141
20.976 21.920 36.452 147 159 154
22.067 23.999 36.224 133 144 138
21.679 23.300 36.418 137 147 140
22.015 23.962 36.408 136 147 140
21.965 23.898 36.506 134 146 139
21.744 23.512 36.651 136 147 140
21.761 23.574 36.730 137 147 140
22.114 24.269 36.719 136 146 140
22.161 24.388 36.791 135 144 140
21.782 23.704 36.977 135 145 139
22.312 24.734 36.922 134 143 137
22.137 24.435 37.053 137 144 139
21.490 23.244 37.306 142 147 143
22.181 24.579 37.212 136 141 139
22.315 24.863 37.264 138 145 143
22.615 25.460 37.274 133 142 140
22.684 25.622 37.344 130 140 137
22.816 25.902 37.398 131 141 138
22.849 25.997 37.477 131 141 136
23.137 26.573 37.495 131 143 135
22.605 25.597 37.711 128 142 132
22.427 25.292 37.840 128 144 133
22.487 25.436 37.913 127 144 133
22.915 26.280 37.899 125 143 132
22.241 25.032 38.144 127 146 135
23.015 26.532 38.053 121 140 130
22.680 25.928 38.217 125 142 133
22.799 26.187 38.278 126 141 135
22.359 25.382 38.464 130 144 141
23.020 26.670 38.405 127 139 136
22.331 25.391 38.644 134 143 141
22.941 26.584 38.600 127 136 134
22.571 25.910 38.768 124 134 132
23.011 26.780 38.763 126 135 132
22.887 26.576 38.877 128 137 133
23.262 27.323 38.889 127 136 132
22.682 26.250 39.097 127 136 132
23.110 27.098 39.099 128 137 133
23.573 28.014 39.096 121 130 126
23.528 27.960 39.196 125 136 127
23.928 28.757 39.208 124 136 124
23.795 28.536 39.326 122 134 122
23.335 27.688 39.505 126 136 124
23.817 28.644 39.504 123 133 121
24.033 29.091 39.556 121 131 118
24.401 29.828 39.581 121 131 118
24.250 29.572 39.701 121 131 120
23.968 29.099 39.937 126 131 125
24.316 29.900 40.249 126 129 126
26.191 28.179 25.999 135 145 145
25.549 27.060 26.404 144 153 151
25.457 26.929 26.534 137 148 145
26.163 28.230 26.270 129 143 140
24.152 24.682 27.425 136 150 147
23.899 24.260 27.630 136 151 148
23.823 24.154 27.748 139 155 151
24.425 25.269 27.539 135 152 148
24.297 25.070 27.683 132 148 144
24.342 25.184 27.743 133 149 146
23.932 24.476 28.021 138 154 150
23.771 24.218 28.179 135 150 147
24.087 24.819 28.111 131 145 142
23.623 24.013 28.412 136 150 147
23.027 22.968 28.772 144 158 155
23.452 23.767 28.654 137 150 147
23.743 24.324 28.599 138 149 147
23.835 24.521 28.639 138 149 146
24.498 25.751 28.415 137 148 143
23.486 23.952 28.962 143 154 150
22.645 22.461 29.427 144 155 153
23.389 23.839 29.169 136 149 145
22.294 21.885 29.745 143 157 152
22.848 22.918 29.575 141 155 149
22.545 22.399 29.791 144 155 150
23.075 23.390 29.634 141 153 148
22.895 23.094 29.795 142 154 149
22.906 23.145 29.870 140 152 147
22.556 22.540 30.105 139 151 146
23.189 23.719 29.908 137 151 147
22.821 23.081 30.150 136 153 149
23.383 24.133 29.987 137 153 148
22.090 21.812 30.626 144 158 153
22.727 23.000 30.432 141 155 149
23.434 24.318 30.211 138 152 147
23.026 23.606 30.466 137 151 146
22.708 23.056 30.682 139 154 148
22.822 23.294 30.715 136 150 144
22.484 22.706 30.938 141 155 149
22.738 23.200 30.912 138 152 148
22.131 22.122 31.245 139 153 150
22.081 22.061 31.345 142 154 152
21.628 21.263 31.611 147 156 154
22.103 22.159 31.496 147 156 153
21.656 21.372 31.758 148 157 153
21.958 21.953 31.715 145 155 150
22.603 23.163 31.535 138 148 143
22.248 22.543 31.759 140 149 145
21.842 21.829 32.001 145 152 148
21.691 21.582 32.140 147 154 150
21.325 20.938 32.364 148 156 152
21.698 21.652 32.297 147 156 151
21.094 20.573 32.611 151 161 156
21.528 21.399 32.522 148 157 154
21.639 21.632 32.558 144 153 151
21.652 21.684 32.633 151 162 160
22.014 22.378 32.576 142 156 153
22.316 22.963 32.542 137 151 148
22.082 22.563 32.711 136 150 147
21.629 21.759 32.962 141 157 154
22.552 23.487 32.699 132 151 147
22.594 23.594 32.765 130 149 143
22.138 22.785 33.015 134 152 146
21.982 22.527 33.154 139 155 148
22.195 22.948 33.158 138 153 145
21.714 22.091 33.413 141 155 147
21.181 21.135 33.685 144 158 151
21.126 21.062 33.784 145 160 152
21.475 21.737 33.740 142 156 148
21.374 21.579 33.856 141 157 147
21.252 21.383 33.979 140 157 146
21.503 21.875 33.972 140 157 147
21.487 21.875 34.058 139 156 147
21.898 22.666 33.997 140 157 148
21.948 22.788 34.062 142 159 151
21.635 22.236 34.250 145 158 151
21.073 21.224 34.521 152 162 155
21.198 21.484 34.559 150 160 153
21.209 21.535 34.636 147 156 149
21.671 22.420 34.564 141 150 145
20.962 21.133 34.879 148 157 153
20.883 21.016 34.985 148 157 154
21.174 21.586 34.970 142 151 149
21.313 21.873 35.006 142 153 150
21.559 22.360 35.009 142 154 151
21.510 22.298 35.106 142 154 152
21.274 21.889 35.262 144 155 155
21.574 22.476 35.250 136 147 147
21.792 22.913 35.264 136 145 145
21.433 22.272 35.457 140 149 148
21.017 21.526 35.667 143 152 150
21.545 22.541 35.587 138 149 147
21.264 22.045 35.754 142 156 153
21.375 22.282 35.802 135 149 146
21.409 22.375 35.874 136 150 147
22.076 23.652 35.759 136 151 148
21.697 22.971 35.954 133 149 146
21.567 22.759 36.075 135 152 148
21.386 22.450 36.210 133 149 146
21.376 22.461 36.295 131 147 143
20.589 21.016 36.602 144 158 155
21.225 22.236 36.503 138 151 147
20.999 21.842 36.649 138 150 145
21.232 22.310 36.666 138 150 145
21.253 22.378 36.743 139 151 146
21.530 22.927 36.749 134 145 139
21.759 23.388 36.770 135 145 138
21.875 23.636 36.823 138 145 140
21.407 22.786 37.032 142 147 143
21.631 23.236 37.056 140 143 140
21.200 22.457 37.253 144 146 143
21.339 22.748 37.300 146 148 147
21.238 22.587 37.409 144 146 146
21.463 23.041 37.435 142 145 145
21.842 23.785 37.423 140 144 143
21.866 23.860 37.501 140 146 145
21.877 23.912 37.583 138 145 143
22.262 24.668 37.573 130 138 135
22.241 24.661 37.664 134 143 139
22.072 24.371 37.791 136 147 140
22.303 24.839 37.821 128 142 132
22.379 25.013 37.889 127 144 133
22.412 25.106 37.968 127 146 135
22.352 25.023 38.068 124 144 131
22.297 24.951 38.167 125 145 131
22.958 26.232 38.103 125 143 131
22.343 25.101 38.330 124 141 130
22.477 25.385 38.387 129 142 133
20.945 22.512 38.813 143 153 146
21.656 23.890 38.741 134 143 139
21.455 23.539 38.870 135 144 142
22.225 25.031 38.790 130 138 137
22.122 24.867 38.899 131 138 136
22.362 25.354 38.935 132 140 137
22.671 25.973 38.958 130 140 135
22.594 25.858 39.062 131 141 136
22.062 24.877 39.258 133 142 138
22.594 25.921 39.238 129 140 136
23.381 27.452 39.170 123 134 129
23.331 27.388 39.270 119 131 123
23.961 28.622 39.237 126 139 127
23.659 28.078 39.387 125 137 125
23.875 28.524 39.437 123 135 123
23.630 28.089 39.574 124 135 122
23.270 27.434 39.732 124 135 121
23.448 27.806 39.790 127 137 123
23.819 28.548 39.813 124 135 121
23.721 28.394 39.923 124 132 122
23.630 28.253 40.030 127 132 126
23.577 28.184 40.131 128 133 129
23.810 28.662 40.182 129 134 131
24.006 29.070 40.241 125 132 129
24.324 29.713 40.281 122 132 127
26.432 28.418 25.942 129 143 139
26.100 27.859 26.193 128 142 136
25.673 27.127 26.489 130 144 140
25.434 26.732 26.691 131 145 142
25.305 26.534 26.838 136 150 147
24.583 25.272 27.274 134 148 144
24.511 25.175 27.392 136 151 148
24.514 25.213 27.473 134 150 147
24.804 25.766 27.415 132 148 144
24.694 25.600 27.551 133 149 146
24.189 24.726 27.875 134 150 147
24.276 24.912 27.916 129 146 142
23.905 24.278 28.173 136 151 148
23.452 23.493 28.469 141 155 151
24.009 24.527 28.288 138 152 149
23.780 24.147 28.477 137 151 148
23.705 24.043 28.593 137 150 148
23.905 24.434 28.582 135 147 146
23.427 23.603 28.884 143 154 152
23.176 23.182 29.080 141 153 150
23.797 24.332 28.877 139 150 149
23.165 23.223 29.246 141 153 152
22.923 22.817 29.436 141 153 152
22.939 22.876 29.508 134 146 143
22.934 22.896 29.591 140 152 147
22.180 21.563 30.008 146 158 151
22.929 22.947 29.754 145 155 148
22.804 22.752 29.889 143 153 146
22.958 23.061 29.902 141 152 146
23.465 24.010 29.760 138 150 145
23.158 23.483 29.976 141 153 148
22.649 22.591 30.278 145 157 152
22.802 22.899 30.292 143 156 150
22.360 22.127 30.562 145 159 154
23.031 23.375 30.355 140 155 149
22.865 23.103 30.507 139 154 148
22.787 22.992 30.620 141 155 149
22.714 22.887 30.732 139 154 148
22.450 22.438 30.923 139 154 148
23.080 23.613 30.741 138 152 147
23.220 23.900 30.764 136 150 144
22.305 22.263 31.224 139 154 148
22.378 22.426 31.274 140 155 150
22.154 22.047 31.446 142 156 153
22.118 22.010 31.541 141 154 150
21.789 21.440 31.754 145 157 152
21.816 21.517 31.822 148 159 154
21.902 21.703 31.867 148 157 153
22.118 22.129 31.860 144 154 149
22.578 22.998 31.758 141 150 146
21.995 21.963 32.069 144 154 148
21.656 21.371 32.282 145 155 148
22.151 22.305 32.169 147 156 149
21.862 21.807 32.361 148 157 151
21.963 22.020 32.402 144 154 148
21.933 21.994 32.494 142 151 147
21.784 21.751 32.631 145 156 153
21.859 21.917 32.683 143 157 154
22.257 22.677 32.613 137 151 148
22.277 22.743 32.686 137 151 148
22.020 22.301 32.863 139 154 150
22.385 23.000 32.809 134 150 147
22.576 23.381 32.820 134 152 148
21.927 22.217 33.140 137 156 151
22.222 22.790 33.113 137 154 150
21.597 21.669 33.421 140 156 153
21.365 21.270 33.585 142 157 152
21.497 21.543 33.618 142 156 148
21.273 21.160 33.777 141 155 147
21.402 21.426 33.812 141 155 147
21.543 21.714 33.842 141 157 147
21.763 22.149 33.846 139 156 145
21.836 22.314 33.901 140 157 145
21.554 21.822 34.080 140 157 144
21.651 22.031 34.127 139 156 144
21.452 21.692 34.276 140 157 146
21.468 21.751 34.351 139 155 146
21.496 21.832 34.423 139 154 146
21.329 21.552 34.559 147 159 153
21.696 22.260 34.518 147 156 152
21.203 21.377 34.762 148 157 153
21.253 21.497 34.826 148 157 153
21.223 21.471 34.917 148 159 154
21.521 22.052 34.901 142 154 149
21.718 22.448 34.919 142 154 150
21.764 22.563 34.986 144 155 153
21.758 22.580 35.071 143 155 154
21.619 22.352 35.196 146 157 157
21.452 22.070 35.330 143 154 154
21.149 21.537 35.506 144 153 153
21.130 21.532 35.592 146 154 154
21.127 21.554 35.675 147 156 154
21.215 21.747 35.729 143 154 151
20.842 21.082 35.923 142 156 153
21.335 22.028 35.856 136 151 148
21.223 21.849 35.971 138 154 150
21.095 21.641 36.090 141 157 154
21.689 22.777 35.998 134 150 147
21.424 22.312 36.158 140 156 153
21.513 22.507 36.214 136 153 149
20.861 21.320 36.483 136 153 149
20.479 20.636 36.672 141 157 154
21.146 21.910 36.565 135 150 146
21.095 21.844 36.661 138 152 147
21.004 21.703 36.769 136 150 146
21.104 21.920 36.823 139 153 150
21.089 21.920 36.909 137 150 147
21.420 22.570 36.902 137 148 146
21.759 23.236 36.894 140 149 147
20.848 21.557 37.220 149 154 153
21.001 21.875 37.261 146 149 148
21.356 22.569 37.251 143 145 144
21.197 22.300 37.375 146 148 148
21.217 22.367 37.452 146 148 148
21.594 23.106 37.439 142 144 143
21.854 23.624 37.458 138 140 140
22.017 23.960 37.502 139 143 142
21.659 23.317 37.675 141 145 144
21.897 23.795 37.701 138 143 141
21.597 23.261 37.859 140 147 143
22.184 24.398 37.801 136 146 140
22.029 24.136 37.924 132 144 137
22.251 24.585 37.957 130 143 134
21.964 24.074 38.110 131 146 136
22.100 24.361 38.164 129 145 133
22.155 24.496 38.237 129 147 134
22.404 24.997 38.266 128 145 133
21.777 23.844 38.494 129 146 136
22.054 24.397 38.518 129 143 134
21.934 24.201 38.630 138 150 142
22.080 24.507 38.684 133 143 139
21.865 24.133 38.816 131 141 139
22.416 25.206 38.784 134 143 141
22.694 25.763 38.813 133 142 140
22.389 25.217 38.964 133 142 139
22.528 25.511 39.023 129 139 134
22.758 25.979 39.063 131 141 135
22.297 25.136 39.245 133 142 135
22.653 25.844 39.261 128 139 131
22.819 26.190 39.316 127 140 130
22.755 26.101 39.417 127 140 128
22.902 26.411 39.477 131 143 129
22.528 25.731 39.637 125 141 125
23.372 27.370 39.566 121 139 123
23.893 28.393 39.560 121 136 121
22.741 26.233 39.863 126 139 125
23.438 27.591 39.825 124 136 123
23.482 27.707 39.908 124 136 124
23.399 27.581 40.013 124 134 126
23.931 28.662 40.103 120 129 125
23.767 28.382 40.223 120 129 125
24.531 29.874 40.186 120 131 126
26.302 27.893 25.814 129 146 144
26.581 28.425 25.760 129 146 143
26.356 28.057 25.958 133 149 146
25.999 27.454 26.221 134 149 143
24.952 25.619 26.823 135 149 141
25.148 26.001 26.810 136 150 142
25.416 26.513 26.761 136 150 142
24.860 25.553 27.116 135 150 143
24.455 24.860 27.397 134 151 145
24.610 25.170 27.403 133 151 146
25.053 25.994 27.272 129 147 143
24.224 24.542 27.754 133 151 147
24.566 25.186 27.672 134 150 147
23.729 23.719 28.153 135 152 148
25.337 26.632 27.471 127 143 140
23.443 23.267 28.450 138 154 150
23.832 23.997 28.347 136 150 147
23.786 23.945 28.450 139 152 149
23.410 23.302 28.706 135 147 144
23.381 23.280 28.800 138 149 148
22.923 22.488 29.092 146 157 157
23.443 23.453 28.932 140 152 150
22.976 22.643 29.227 148 160 157
23.060 22.825 29.268 146 157 156
23.080 22.891 29.340 139 150 150
22.709 22.253 29.587 145 156 155
22.286 21.521 29.857 145 156 154
22.810 22.496 29.701 139 151 147
22.335 21.669 29.992 147 159 154
22.490 21.978 30.003 146 158 153
22.606 22.218 30.031 140 152 147
22.886 22.753 29.987 142 153 148
22.917 22.838 30.054 144 154 149
22.468 22.057 30.330 148 156 152
22.177 21.560 30.535 152 159 155
22.770 22.663 30.359 143 151 147
22.301 21.844 30.640 148 157 153
22.704 22.604 30.547 143 155 150
22.143 21.616 30.866 141 155 149
22.032 21.445 30.992 146 161 156
22.574 22.456 30.843 143 157 154
23.502 24.170 30.535 138 152 149
22.708 22.760 30.948 132 146 143
22.388 22.207 31.161 140 155 151
22.591 22.606 31.157 136 153 149
22.984 23.351 31.077 133 149 146
21.952 21.505 31.579 139 155 151
21.763 21.189 31.735 144 158 155
21.604 20.929 31.878 141 153 150
21.624 20.994 31.949 143 154 151
20.954 19.803 32.295 146 158 155
22.221 22.140 31.869 144 155 154
21.777 21.360 32.125 145 156 156
21.694 21.237 32.237 144 155 154
21.780 21.423 32.282 144 155 153
21.788 21.466 32.359 146 158 154
21.853 21.614 32.413 146 158 153
22.084 22.065 32.404 145 157 151
21.732 21.452 32.619 145 157 152
21.700 21.421 32.711 147 160 156
21.716 21.479 32.785 144 158 155
22.028 22.081 32.747 141 155 151
22.158 22.348 32.779 137 151 148
22.057 22.191 32.898 140 155 151
21.960 22.042 33.014 135 152 148
22.419 22.913 32.926 135 153 149
21.912 22.013 33.193 137 156 151
21.692 21.639 33.353 138 155 152
21.416 21.163 33.533 138 154 150
21.183 20.762 33.696 141 158 152
20.759 20.013 33.927 148 165 156
21.160 20.777 33.863 141 157 147
20.930 20.384 34.023 143 158 147
20.808 20.188 34.145 145 160 150
21.437 21.374 34.005 144 159 149
21.905 22.263 33.923 142 157 145
21.882 22.250 34.012 143 158 145
21.775 22.083 34.130 145 159 147
21.748 22.061 34.220 146 158 149
21.529 21.688 34.375 144 155 147
21.416 21.509 34.494 145 155 148
21.107 20.966 34.677 147 156 151
21.514 21.747 34.623 141 149 145
20.900 20.642 34.905 152 157 154
20.875 20.624 34.993 157 162 159
21.184 21.223 34.973 150 156 154
20.844 20.624 35.162 149 158 156
21.263 21.428 35.108 143 154 151
21.109 21.171 35.238 142 154 151
21.143 21.263 35.307 146 158 155
21.818 22.543 35.177 145 156 154
20.877 20.829 35.551 150 161 158
21.066 21.208 35.573 141 150 148
21.184 21.455 35.618 143 152 150
20.422 20.069 35.931 148 157 155
20.978 21.131 35.842 145 156 154
20.597 20.451 36.037 142 156 153
21.100 21.415 35.967 141 156 153
21.395 21.993 35.961 140 156 153
21.147 21.561 36.115 136 153 149
21.137 21.571 36.200 134 150 147
21.194 21.705 36.265 140 155 151
20.517 20.475 36.540 144 158 155
20.535 20.536 36.615 137 153 148
20.656 20.791 36.661 140 156 150
20.927 21.325 36.666 137 153 148
21.240 21.938 36.660 136 150 147
21.122 21.746 36.775 135 150 147
20.013 19.707 37.160 142 159 155
20.612 20.854 37.077 138 152 149
21.111 21.814 37.024 134 146 143
21.165 21.944 37.091 139 149 147
20.885 21.450 37.248 144 153 151
21.746 23.090 37.104 139 146 144
21.357 22.392 37.288 142 147 146
20.748 21.280 37.528 146 150 149
21.056 21.886 37.531 143 148 147
21.538 22.819 37.492 138 143 142
21.212 22.238 37.657 143 148 147
21.529 22.862 37.661 141 146 143
22.332 24.398 37.547 142 147 143
21.673 23.192 37.793 140 144 141
20.951 21.866 38.052 143 148 145
22.380 24.579 37.792 138 144 139
22.193 24.259 37.922 139 146 140
21.847 23.639 38.089 141 149 142
21.787 23.556 38.188 141 149 142
22.107 24.190 38.199 130 140 132
22.237 24.465 38.255 128 141 131
22.228 24.478 38.343 133 145 137
21.499 23.135 38.592 133 145 138
22.129 24.354 38.537 131 143 135
22.089 24.309 38.631 132 144 137
21.959 24.094 38.746 132 142 138
21.786 23.798 38.869 134 143 141
21.666 23.603 38.979 133 142 140
21.505 23.328 39.098 140 149 147
21.969 24.235 39.087 134 142 140
21.517 23.411 39.266 136 142 141
22.626 25.540 39.125 134 142 137
21.751 23.916 39.389 133 142 133
22.149 24.700 39.395 134 144 134
22.210 24.845 39.470 133 142 133
22.087 24.643 39.581 130 140 130
22.021 24.550 39.680 131 143 131
22.465 25.423 39.683 127 143 130
22.986 26.443 39.673 121 140 127
22.743 26.013 39.807 121 140 126
23.108 26.737 39.829 119 136 123
23.538 27.587 39.841 119 135 123
24.028 28.551 39.844 116 131 121
23.561 27.695 40.018 123 136 130
24.024 28.608 40.028 120 132 129
23.611 27.856 40.191 122 133 131
23.389 27.465 40.320 127 139 136
24.369 29.365 40.247 121 133 131
24.244 29.160 40.360 120 132 129
24.287 29.274 40.446 119 129 125
23.656 28.105 40.640 126 135 129
24.287 29.341 40.632 120 131 123
24.500 29.915 41.067 117 127 120
24.277 29.557 41.287 122 129 123
26.788 28.429 25.291 131 147 145
26.578 28.193 25.739 130 148 146
26.098 27.408 26.149 130 149 144
25.809 26.928 26.377 130 147 141
25.313 26.077 26.706 133 150 141
25.752 26.892 26.574 133 150 141
25.037 25.652 27.007 134 151 142
24.673 25.034 27.268 132 150 142
24.534 24.819 27.418 130 149 142
24.563 24.903 27.485 130 149 143
24.127 24.156 27.777 134 152 148
24.532 24.912 27.664 132 151 147
24.377 24.666 27.821 134 152 148
24.199 24.379 27.987 132 150 145
24.969 25.788 27.705 127 143 140
23.574 23.325 28.445 139 154 151
23.695 23.572 28.468 138 152 151
23.904 23.976 28.452 138 151 150
23.949 24.088 28.512 140 151 151
23.471 23.263 28.814 144 153 154
23.045 22.530 29.091 148 157 157
23.295 23.009 29.056 139 149 148
23.624 23.629 28.987 137 148 146
23.614 23.642 29.072 138 149 147
22.954 22.488 29.451 141 153 150
22.535 21.765 29.720 145 156 154
22.781 22.236 29.689 146 158 155
23.092 22.826 29.630 142 156 151
22.489 21.772 29.977 143 160 154
23.137 22.968 29.770 141 156 150
22.953 22.666 29.932 136 150 145
22.455 21.799 30.230 142 156 150
22.080 21.153 30.472 145 159 154
22.222 21.439 30.489 148 159 154
22.648 22.237 30.384 147 154 150
22.843 22.618 30.380 143 150 146
22.088 21.285 30.783 154 161 157
22.525 22.102 30.676 146 154 151
23.138 23.240 30.497 143 152 150
22.610 22.315 30.800 142 154 151
22.964 22.985 30.732 141 155 151
22.926 22.947 30.828 141 155 151
22.062 21.413 31.267 146 160 157
22.073 21.461 31.342 142 159 156
22.270 21.848 31.340 138 157 155
22.567 22.415 31.299 135 153 151
22.276 21.917 31.497 140 156 155
21.671 20.850 31.822 144 158 157
21.674 20.883 31.899 147 158 158
22.145 21.768 31.789 145 156 155
21.382 20.412 32.173 146 158 155
21.822 21.239 32.077 144 157 155
22.087 21.750 32.052 144 158 157
22.117 21.834 32.120 142 156 154
22.014 21.674 32.240 139 153 150
22.275 22.179 32.219 140 155 151
21.864 21.460 32.457 146 160 157
21.939 21.626 32.508 144 157 154
22.094 21.938 32.529 144 155 153
22.160 22.088 32.584 146 157 155
21.858 21.565 32.779 146 158 155
21.998 21.850 32.806 142 154 151
21.827 21.566 32.950 141 155 151
22.037 21.980 32.952 140 155 151
22.255 22.406 32.953 139 155 151
22.166 22.273 33.066 139 157 153
21.831 21.690 33.269 139 158 154
21.763 21.594 33.374 136 155 149
21.691 21.491 33.480 137 156 149
21.736 21.602 33.544 140 158 151
21.070 20.412 33.861 146 163 154
21.394 21.034 33.825 143 159 149
20.976 20.296 34.052 145 160 150
20.692 19.803 34.230 149 162 152
20.976 20.353 34.210 149 162 152
21.536 21.409 34.096 145 157 147
21.629 21.609 34.144 144 156 146
21.495 21.392 34.270 144 156 146
21.354 21.161 34.398 146 158 149
21.164 20.840 34.542 146 158 149
21.448 21.392 34.527 146 158 151
20.985 20.568 34.761 148 159 153
20.910 20.458 34.865 145 155 150
20.809 20.300 34.978 152 159 155
20.950 20.589 35.011 152 157 154
21.166 21.015 35.021 152 157 155
21.206 21.119 35.088 148 155 154
21.482 21.656 35.081 146 156 154
21.167 21.105 35.261 147 159 156
21.172 21.142 35.340 147 157 155
21.314 21.433 35.377 145 155 153
21.289 21.416 35.465 147 156 154
21.013 20.934 35.631 145 155 153
21.142 21.201 35.672 147 156 154
21.055 21.069 35.779 144 153 151
21.191 21.351 35.819 140 152 149
20.694 20.458 36.048 142 156 153
21.009 21.071 36.035 143 157 154
21.000 21.083 36.118 138 152 149
20.655 20.471 36.300 143 157 154
20.253 19.754 36.497 148 162 158
20.393 20.044 36.535 145 159 155
20.784 20.797 36.503 144 158 153
20.374 20.065 36.700 142 156 150
20.315 19.983 36.796 143 157 152
20.422 20.210 36.846 141 155 149
20.964 21.246 36.776 136 150 145
20.918 21.190 36.870 136 152 147
20.764 20.933 36.993 136 153 149
20.235 19.976 37.217 140 155 151
20.864 21.177 37.128 141 153 150
21.057 21.565 37.159 138 148 146
20.679 20.889 37.340 140 149 147
20.347 20.298 37.508 145 155 153
20.248 20.144 37.614 143 152 150
20.493 20.629 37.631 140 149 144
20.647 20.945 37.673 142 150 144
20.959 21.558 37.675 142 150 146
21.725 23.018 37.566 141 148 147
21.188 22.044 37.783 142 148 146
21.214 22.122 37.859 140 144 141
21.045 21.835 37.983 140 147 143
20.942 21.672 38.091 141 150 146
21.835 23.374 37.960 135 144 139
22.253 24.187 37.945 132 139 133
21.756 23.286 38.147 139 145 139
21.587 23.000 38.271 137 142 137
21.755 23.344 38.316 138 142 137
21.967 23.773 38.353 138 144 138
22.010 23.884 38.428 136 143 137
21.859 23.631 38.547 134 143 137
21.700 23.362 38.667 134 145 138
21.780 23.542 38.735 134 146 139
21.997 23.981 38.773 133 145 139
22.200 24.393 38.815 128 140 135
21.667 23.422 39.014 131 143 139
21.169 22.512 39.203 142 154 151
22.027 24.160 39.109 134 143 141
21.855 23.866 39.230 138 145 143
21.704 23.612 39.347 137 144 140
21.381 23.032 39.497 137 144 138
21.523 23.330 39.553 137 144 139
21.654 23.610 39.613 137 144 140
22.028 24.345 39.626 136 143 137
21.918 24.170 39.733 136 143 135
22.407 25.125 39.727 130 142 131
22.638 25.592 39.772 127 144 131
22.873 26.070 39.816 124 142 130
22.844 26.045 39.910 121 138 128
23.366 27.065 39.905 120 135 127
23.406 27.174 39.988 124 138 133
23.334 27.070 40.091 127 141 138
23.386 27.201 40.172 122 136 135
23.731 27.887 40.203 122 134 134
23.978 28.390 40.253 121 133 133
24.026 28.514 40.337 122 134 133
24.204 28.885 40.400 123 134 132
24.129 28.774 40.504 123 131 127
23.990 28.543 40.619 128 133 127
24.341 29.245 40.656 124 131 124
24.081 28.783 40.789 122 132 123
23.965 28.595 40.899 128 136 128
24.410 29.475 40.925 126 131 125
24.571 29.850 41.088 122 129 123
26.781 28.432 25.873 124 145 140
26.617 28.175 26.040 125 146 140
25.733 26.639 26.560 127 145 139
25.308 25.917 26.852 130 149 142
25.023 25.443 27.075 134 152 146
25.403 26.150 26.973 124 143 136
25.011 25.486 27.246 127 145 139
24.175 24.030 27.731 132 151 147
23.912 23.593 27.939 135 153 151
24.384 24.465 27.794 133 152 150
24.365 24.463 27.885 135 153 151
25.089 25.786 27.624 133 149 148
24.116 24.083 28.166 132 146 145
23.789 23.531 28.400 140 153 153
25.026 25.770 27.903 132 146 147
24.751 25.311 28.115 125 138 138
23.436 22.992 28.806 142 154 153
23.554 23.234 28.832 149 159 159
23.512 23.190 28.932 144 153 153
24.004 24.100 28.788 138 148 145
23.760 23.694 28.981 140 149 145
22.910 22.204 29.446 146 155 151
23.316 22.961 29.343 144 153 151
23.396 23.134 29.387 138 151 147
23.664 23.646 29.348 134 151 145
22.944 22.384 29.750 138 155 149
22.488 21.596 30.031 142 159 153
23.165 22.841 29.812 139 155 148
22.775 22.171 30.063 136 153 145
22.967 22.546 30.059 136 152 143
21.911 20.676 30.598 150 164 156
22.586 21.919 30.384 145 160 153
23.214 23.079 30.194 142 156 150
22.684 22.156 30.501 145 155 152
22.038 21.021 30.856 149 156 155
22.119 21.197 30.900 151 159 157
22.476 21.870 30.828 145 155 153
21.808 20.694 31.188 146 158 155
21.831 20.765 31.257 139 153 150
22.046 21.181 31.246 144 158 155
22.396 21.843 31.180 144 158 155
22.965 22.899 31.026 141 156 152
22.084 21.337 31.467 145 161 157
22.164 21.510 31.514 138 155 152
21.807 20.895 31.737 143 160 158
21.476 20.324 31.950 149 162 162
21.664 20.693 31.952 149 161 160
22.245 21.774 31.799 144 155 155
22.115 21.568 31.930 145 156 156
21.861 21.137 32.110 144 157 155
21.920 21.272 32.166 143 157 154
21.930 21.319 32.242 143 157 154
22.037 21.543 32.280 138 152 149
21.969 21.448 32.386 144 158 155
21.625 20.853 32.597 144 158 155
21.554 20.751 32.703 145 158 155
21.720 21.083 32.719 146 158 155
21.927 21.487 32.720 147 157 155
21.165 20.130 33.086 152 162 160
21.456 20.689 33.056 148 155 154
21.323 20.475 33.184 152 159 157
21.773 21.323 33.097 150 158 156
21.664 21.152 33.217 145 155 153
22.190 22.141 33.104 140 153 150
21.104 20.189 33.579 145 161 157
22.440 22.655 33.176 133 151 146
21.859 21.624 33.466 137 156 149
21.739 21.434 33.589 139 158 150
21.235 20.541 33.847 141 160 151
21.616 21.267 33.792 143 160 152
20.891 19.969 34.126 148 162 154
21.105 20.388 34.130 148 160 154
20.601 19.495 34.383 156 165 161
21.039 20.325 34.311 154 163 160
21.526 21.245 34.224 147 156 154
21.168 20.619 34.425 146 156 154
21.258 20.811 34.475 149 161 158
21.073 20.500 34.616 148 160 155
21.165 20.697 34.665 149 161 154
21.327 21.024 34.691 146 158 150
20.845 20.166 34.930 149 161 154
21.089 20.643 34.929 145 157 150
20.959 20.433 35.051 141 153 148
21.359 21.198 35.002 145 156 153
20.531 19.703 35.347 154 166 163
20.436 19.556 35.456 154 164 162
20.509 19.719 35.511 150 159 157
20.863 20.398 35.479 151 160 158
20.652 20.038 35.625 152 162 160
21.219 21.111 35.529 148 157 155
20.201 19.262 35.921 152 162 160
20.655 20.129 35.861 153 162 160
20.843 20.505 35.884 150 159 157
20.441 19.789 36.085 152 163 161
20.264 19.491 36.217 148 162 158
20.775 20.463 36.145 145 159 156
21.241 21.354 36.088 141 155 151
20.953 20.851 36.253 144 157 153
20.479 20.001 36.470 147 159 154
20.607 20.267 36.513 144 155 149
20.422 19.952 36.646 146 158 151
20.330 19.810 36.751 147 160 154
19.680 18.633 37.013 148 162 156
19.838 18.954 37.047 144 158 153
20.202 19.658 37.025 142 156 150
20.501 20.241 37.023 143 157 153
20.043 19.420 37.227 148 162 158
19.841 19.072 37.361 145 158 155
20.344 20.035 37.305 147 159 156
20.491 20.337 37.346 144 155 153
20.327 20.061 37.470 144 155 153
20.148 19.756 37.597 144 155 152
20.046 19.594 37.703 148 157 153
20.797 21.021 37.590 147 156 150
20.154 19.852 37.835 147 156 149
20.689 20.877 37.780 144 154 148
21.722 22.833 37.604 140 149 145
20.962 21.445 37.875 141 149 145
20.818 21.204 37.993 140 147 143
20.567 20.766 38.135 143 151 147
20.527 20.720 38.226 144 154 149
21.303 22.198 38.123 139 148 143
21.404 22.416 38.182 142 150 146
21.174 22.016 38.319 144 151 147
21.111 21.929 38.417 141 149 145
21.814 23.273 38.339 137 142 140
21.324 22.385 38.534 138 143 142
21.402 22.561 38.600 138 143 141
21.166 22.150 38.736 141 149 145
21.210 22.261 38.810 137 147 141
21.285 22.431 38.877 137 149 141
21.700 23.240 38.872 134 146 139
21.676 23.224 38.962 138 150 142
21.456 22.841 39.093 135 146 139
20.688 21.429 39.337 147 156 149
21.721 23.399 39.207 137 145 141
22.271 24.466 39.180 134 141 140
21.172 22.428 39.488 140 147 146
21.518 23.108 39.503 138 145 143
21.524 23.150 39.586 140 144 143
21.516 23.166 39.673 141 144 143
21.674 23.494 39.727 142 147 144
21.958 24.060 39.759 139 146 142
22.030 24.227 39.831 138 145 141
21.405 23.077 40.034 139 146 142
21.926 24.092 40.023 132 144 139
22.654 25.497 39.978 129 146 140
22.982 26.148 40.007 124 141 136
22.079 24.472 40.256 134 150 147
22.021 24.394 40.352 134 150 148
22.624 25.566 40.336 121 137 136
23.872 27.959 40.212 118 132 132
23.126 26.579 40.428 124 135 135
23.529 27.375 40.451 124 134 132
24.260 28.793 40.423 127 136 132
24.360 29.015 40.499 125 132 127
24.482 29.279 40.573 128 133 127
23.653 27.740 40.795 129 134 127
24.043 28.512 40.826 129 134 126
24.009 28.481 40.924 128 133 126
24.608 29.653 40.927 124 130 124
24.130 28.811 41.183 126 131 123
24.476 29.502 41.227 127 133 126
23.906 28.450 41.400 126 134 127
24.412 29.446 41.423 121 129 124
26.914 28.408 25.698 125 144 142
26.810 28.326 26.008 126 147 142
26.055 27.023 26.464 129 150 146
25.454 25.991 26.842 130 149 144
24.869 24.986 27.210 134 150 147
24.930 25.127 27.262 136 151 149
24.400 24.219 27.600 136 153 151
24.516 24.456 27.626 134 150 149
24.758 24.918 27.592 136 153 151
24.376 24.271 27.856 136 153 151
24.341 24.240 27.954 134 150 149
24.766 25.028 27.835 137 152 151
24.524 24.628 28.032 137 151 150
24.163 24.018 28.282 138 152 152
24.098 23.932 28.394 137 151 152
23.948 23.697 28.545 137 149 149
23.131 22.272 29.003 146 158 155
23.121 22.285 29.087 147 157 155
23.021 22.136 29.212 145 155 153
22.983 22.098 29.309 147 156 152
22.658 21.547 29.536 145 155 150
22.689 21.634 29.600 145 155 151
22.964 22.154 29.556 142 154 151
23.117 22.458 29.567 141 154 152
23.637 23.418 29.415 137 151 148
22.756 21.872 29.887 142 157 153
22.471 21.391 30.092 141 158 152
22.561 21.583 30.131 142 159 152
22.467 21.443 30.251 141 158 149
22.802 22.075 30.184 142 158 149
22.072 20.794 30.580 148 162 154
22.718 21.983 30.379 144 158 150
22.805 22.169 30.422 145 160 152
22.340 21.363 30.700 146 161 155
22.241 21.214 30.821 144 158 155
22.448 21.615 30.812 145 159 156
22.630 21.972 30.815 141 155 151
22.314 21.434 31.027 143 157 154
22.529 21.849 31.017 142 156 153
22.283 21.436 31.198 144 159 156
22.151 21.227 31.332 148 164 161
22.716 22.274 31.179 143 160 156
22.086 21.167 31.516 145 161 157
21.764 20.616 31.726 146 162 158
22.624 22.197 31.457 145 161 157
21.784 20.710 31.875 144 160 156
22.539 22.102 31.652 141 155 151
21.971 21.105 31.958 146 158 154
22.193 21.536 31.949 147 156 152
21.981 21.180 32.112 146 158 152
21.644 20.600 32.323 144 158 153
21.901 21.093 32.302 143 157 153
22.042 21.379 32.326 141 155 151
21.810 20.986 32.495 145 159 156
21.790 20.980 32.582 142 156 153
21.817 21.058 32.650 144 158 155
21.843 21.133 32.720 144 158 155
22.341 22.065 32.612 142 154 151
21.590 20.731 32.974 149 158 156
21.589 20.759 33.053 149 157 155
22.083 21.685 32.949 149 156 155
22.205 21.935 32.985 148 155 154
21.941 21.484 33.162 149 158 156
21.813 21.279 33.289 147 157 155
21.532 20.798 33.470 146 158 155
21.961 21.606 33.395 143 157 153
21.540 20.868 33.626 139 155 149
21.582 20.974 33.690 139 157 150
21.594 21.024 33.766 142 160 154
21.517 20.912 33.872 141 159 151
21.262 20.475 34.041 145 161 153
21.382 20.723 34.078 147 160 155
20.989 20.033 34.293 154 163 161
20.926 19.948 34.394 155 164 162
21.001 20.113 34.447 152 162 160
20.736 19.657 34.615 150 161 159
20.968 20.109 34.616 149 161 158
20.971 20.142 34.694 150 162 157
21.133 20.468 34.719 147 159 152
21.395 20.974 34.712 145 157 149
20.699 19.728 35.020 151 163 155
21.066 20.429 34.979 146 158 150
20.769 19.913 35.155 147 159 152
20.628 19.683 35.279 153 163 158
20.781 19.991 35.309 149 158 154
20.544 19.585 35.463 151 161 156
20.556 19.634 35.538 152 162 157
20.593 19.731 35.605 152 160 157
20.987 20.483 35.562 151 158 156
20.559 19.724 35.773 157 165 162
20.259 19.200 35.944 154 163 159
20.274 19.256 36.018 155 164 160
20.386 19.490 36.062 154 163 159
20.517 19.759 36.102 149 161 156
20.091 19.004 36.307 149 163 157
20.417 19.632 36.290 147 162 156
20.402 19.631 36.373 145 159 154
20.502 19.845 36.423 146 159 155
20.337 19.568 36.550 147 159 156
20.184 19.314 36.673 149 160 156
20.467 19.865 36.672 152 162 157
20.562 20.068 36.725 148 160 155
20.336 19.678 36.868 144 158 153
20.380 19.789 36.935 145 158 152
20.980 20.927 36.849 146 158 151
20.323 19.739 37.110 147 159 153
20.281 19.689 37.201 145 157 152
20.260 19.678 37.286 148 160 156
20.161 19.524 37.392 148 160 157
20.488 20.159 37.385 145 156 154
20.142 19.546 37.555 145 156 154
20.179 19.641 37.625 146 158 154
20.370 20.024 37.656 147 159 154
20.465 20.230 37.712 145 157 150
20.257 19.872 37.845 146 158 151
19.935 19.302 38.005 149 160 154
20.553 20.479 37.932 144 154 149
20.261 19.965 38.084 150 158 154
20.592 20.609 38.084 148 156 152
20.282 20.060 38.240 144 154 149
20.812 21.075 38.194 144 155 150
20.840 21.158 38.269 145 155 151
20.477 20.509 38.436 146 153 149
20.735 21.020 38.457 143 150 144
20.574 20.749 38.576 145 152 146
21.164 21.879 38.523 139 146 142
21.336 22.228 38.567 141 148 147
21.063 21.749 38.711 141 148 146
21.407 22.421 38.718 144 151 147
20.831 21.373 38.928 142 150 145
21.055 21.822 38.962 142 150 144
21.465 22.618 38.957 138 145 139
21.731 23.146 38.984 141 149 142
21.129 22.049 39.195 140 148 141
20.797 21.456 39.348 145 152 146
20.583 21.084 39.474 144 151 147
20.667 21.270 39.540 146 153 151
20.974 21.876 39.561 144 151 149
20.623 21.246 39.714 141 148 147
21.670 23.243 39.591 137 144 142
21.611 23.163 39.687 138 145 143
21.603 23.177 39.774 139 146 143
21.684 23.359 39.844 136 143 139
21.272 22.616 40.006 136 144 140
21.757 23.558 40.001 136 146 141
21.787 23.645 40.081 130 143 137
21.851 23.795 40.155 131 147 141
22.457 24.968 40.133 129 146 141
22.685 25.429 40.181 127 143 140
22.994 26.044 40.215 121 138 134
22.937 25.968 40.314 123 139 135
21.976 24.185 40.565 128 145 142
22.780 25.735 40.518 126 142 141
23.054 26.284 40.561 125 138 135
23.057 26.322 40.650 128 137 133
22.537 25.369 40.823 134 142 136
23.074 26.417 40.827 132 139 133
24.270 28.712 40.731 126 134 127
24.073 28.373 40.853 126 134 127
23.883 28.045 40.974 129 136 130
24.098 28.486 41.034 128 133 127
24.078 28.480 41.129 127 132 126
24.132 28.615 41.214 124 130 124
23.898 28.205 41.339 125 134 127
23.428 27.345 41.497 128 140 133
24.450 29.319 41.448 119 133 126
24.737 29.898 41.503 115 129 124
24.618 29.806 41.896 129 134 131
27.093 28.429 25.415 134 144 145
26.648 27.679 25.724 134 146 145
27.082 28.514 25.678 125 144 142
26.120 26.884 26.325 131 150 146
26.566 27.706 26.190 127 145 141
25.933 26.620 26.585 134 150 147
25.457 25.812 26.901 134 150 148
25.452 25.836 26.986 134 150 149
24.910 24.909 27.332 134 150 149
24.709 24.585 27.510 135 151 150
24.067 23.480 27.899 139 155 154
24.139 23.640 27.946 146 162 160
24.545 24.391 27.834 141 156 154
24.585 24.493 27.897 136 150 147
23.874 23.263 28.313 141 155 151
24.511 24.424 28.095 139 153 150
23.424 22.526 28.684 144 158 155
23.900 23.403 28.543 144 158 155
23.665 23.015 28.732 143 157 154
23.286 22.372 28.987 145 159 156
23.144 22.151 29.131 145 158 154
23.320 22.493 29.131 138 150 145
22.946 21.859 29.380 145 157 151
22.546 21.176 29.640 145 157 152
22.527 21.171 29.727 147 159 156
22.634 21.392 29.758 144 155 155
22.706 21.549 29.804 144 156 156
23.838 23.599 29.381 137 151 150
22.857 21.879 29.895 145 159 157
22.390 21.076 30.180 145 159 156
22.837 21.902 30.063 145 159 154
22.601 21.512 30.245 144 158 151
22.698 21.714 30.282 144 159 150
22.353 21.126 30.510 146 161 153
22.711 21.797 30.435 143 157 149
22.648 21.713 30.541 144 158 151
22.925 22.239 30.503 145 160 152
22.683 21.835 30.685 148 162 154
23.264 22.905 30.520 145 159 154
22.434 21.447 30.949 144 158 155
22.275 21.191 31.094 144 158 154
22.557 21.726 31.056 145 159 154
22.314 21.319 31.236 149 163 158
22.031 20.840 31.431 149 163 160
22.073 20.944 31.493 151 165 161
21.710 20.321 31.719 149 163 157
22.097 21.044 31.641 148 162 158
21.914 20.743 31.793 149 163 160
22.254 21.385 31.736 145 160 153
21.905 20.785 31.954 148 162 152
21.869 20.749 32.047 146 160 150
22.103 21.200 32.033 146 158 151
22.386 21.739 32.002 140 153 147
22.289 21.594 32.119 144 158 153
22.333 21.702 32.182 143 157 152
22.007 21.141 32.388 143 157 152
21.476 20.211 32.671 144 158 154
21.758 20.749 32.642 141 155 151
21.369 20.075 32.868 146 160 157
22.137 21.492 32.657 144 158 155
22.143 21.532 32.734 145 158 155
21.654 20.675 32.997 146 158 155
21.888 21.127 32.989 149 160 157
21.903 21.184 33.063 148 157 155
21.660 20.772 33.232 148 157 156
21.985 21.391 33.192 148 157 157
21.770 21.028 33.350 149 159 159
22.179 21.800 33.282 142 154 153
21.783 21.110 33.505 145 158 157
21.357 20.364 33.736 144 158 157
21.476 20.608 33.773 144 160 156
21.219 20.170 33.943 147 163 157
21.411 20.547 33.954 143 160 154
21.053 19.925 34.158 148 165 159
21.443 20.662 34.102 143 158 154
21.067 20.006 34.310 149 163 160
21.193 20.264 34.346 148 160 157
20.933 19.818 34.513 151 160 158
20.731 19.478 34.660 153 162 158
20.674 19.401 34.757 155 164 160
21.150 20.298 34.677 144 155 150
20.738 19.575 34.892 148 160 155
20.505 19.177 35.047 150 162 158
20.937 19.994 34.984 154 166 161
20.613 19.430 35.168 150 163 156
20.745 19.698 35.204 148 160 153
21.047 20.280 35.186 149 160 154
20.620 19.527 35.401 150 160 155
20.152 18.697 35.628 154 163 159
20.183 18.783 35.695 154 163 159
20.634 19.637 35.633 151 161 156
20.195 18.858 35.848 150 160 155
20.378 19.222 35.869 154 163 159
20.134 18.802 36.022 155 164 160
20.284 19.106 36.054 153 162 157
20.610 19.732 36.035 155 164 160
20.785 20.081 36.062 150 162 157
19.866 18.421 36.413 152 166 161
20.476 19.570 36.312 149 163 158
20.852 20.289 36.282 147 159 156
20.305 19.311 36.520 151 159 157
19.999 18.775 36.686 155 159 158
19.935 18.686 36.783 156 160 160
20.104 19.025 36.813 156 161 160
20.130 19.101 36.884 155 162 161
19.341 17.674 37.182 156 165 163
19.920 18.769 37.100 150 161 156
20.352 19.594 37.060 148 160 153
20.041 19.048 37.224 152 164 156
19.910 18.834 37.338 154 166 159
19.864 18.776 37.429 151 163 155
19.680 18.464 37.556 154 166 159
20.035 19.149 37.541 151 163 156
19.839 18.814 37.671 147 159 154
20.121 19.364 37.677 147 159 155
20.826 20.696 37.576 138 149 147
20.577 20.264 37.720 143 152 149
19.808 18.867 37.994 155 162 159
19.741 18.772 38.089 157 164 160
19.994 19.269 38.106 152 159 155
19.994 19.296 38.185 152 159 155
20.191 19.691 38.217 148 156 152
20.207 19.748 38.293 144 154 149
20.380 20.098 38.332 144 155 150
20.151 19.702 38.467 148 157 153
19.304 18.154 38.745 149 157 153
20.359 20.146 38.579 148 156 150
20.187 19.854 38.699 147 156 149
20.611 20.671 38.684 145 153 149
21.148 21.701 38.644 141 148 147
20.626 20.757 38.843 143 149 148
20.824 21.155 38.881 145 152 150
20.740 21.028 38.982 144 151 148
20.403 20.427 39.137 145 152 148
20.700 21.011 39.154 142 150 145
20.580 20.816 39.262 142 150 144
20.889 21.421 39.279 144 151 144
20.355 20.453 39.472 148 156 147
20.951 21.596 39.432 141 149 140
21.177 22.049 39.469 139 147 138
20.457 20.730 39.697 145 154 148
20.872 21.537 39.697 144 153 151
21.147 22.082 39.726 142 151 150
21.263 22.329 39.787 142 151 149
20.956 21.783 39.930 140 149 145
21.500 22.833 39.911 138 148 141
21.257 22.406 40.041 139 151 143
21.404 22.712 40.098 136 150 142
21.356 22.652 40.191 129 145 137
22.043 23.973 40.153 125 142 133
22.111 24.132 40.227 127 144 137
22.434 24.769 40.257 127 144 138
22.283 24.517 40.370 126 143 135
22.505 24.965 40.420 121 138 130
21.647 23.381 40.651 133 150 143
22.207 24.466 40.644 132 148 144
22.413 24.885 40.698 132 145 142
21.585 23.355 40.919 140 149 147
22.051 24.264 40.931 138 146 143
23.046 26.173 40.862 130 137 133
24.310 28.592 40.756 127 135 129
23.315 26.745 41.000 131 138 132
23.704 27.512 41.032 128 135 128
23.787 27.701 41.111 123 130 124
23.238 26.695 41.282 127 136 131
23.677 27.557 41.309 120 132 127
23.646 27.532 41.405 117 132 126
23.222 26.762 41.555 121 138 132
24.433 29.088 41.481 114 131 125
24.522 29.290 41.562 114 131 125
24.740 29.735 41.627 113 125 120
24.651 29.601 41.733 116 123 119
24.086 28.562 41.898 124 130 126
24.452 29.290 41.945 127 132 128
24.119 28.724 42.173 123 128 129
24.575 29.927 43.064 121 130 126
27.182 28.431 25.520 137 146 151
26.715 27.745 26.094 129 147 145
26.082 26.664 26.489 132 149 148
25.554 25.766 26.831 135 151 150
25.565 25.818 26.909 136 151 150
25.383 25.530 27.080 135 149 148
24.770 24.481 27.458 137 151 150
25.060 25.024 27.401 137 151 150
24.727 24.468 27.642 137 149 149
24.313 23.768 27.921 139 150 150
24.062 23.356 28.121 142 152 151
24.004 23.286 28.228 145 155 153
23.900 23.132 28.358 144 155 152
24.091 23.502 28.349 141 155 151
24.371 24.028 28.300 140 155 151
23.905 23.234 28.597 142 156 153
23.863 23.190 28.697 142 156 153
23.259 22.150 29.054 143 157 154
23.234 22.136 29.145 142 156 151
23.402 22.463 29.149 142 156 150
23.406 22.501 29.227 143 157 151
23.372 22.472 29.322 144 158 153
23.353 22.468 29.410 140 154 152
22.840 21.585 29.719 146 160 161
23.021 21.938 29.718 144 156 160
23.073 22.059 29.774 144 155 159
23.186 22.291 29.804 146 157 158
22.473 21.051 30.196 145 156 154
22.913 21.864 30.083 146 158 152
23.027 22.098 30.112 146 158 151
23.024 22.122 30.194 145 158 150
22.693 21.562 30.415 146 161 153
22.166 20.650 30.720 146 161 153
21.941 20.277 30.894 151 165 158
22.384 21.098 30.784 149 163 155
22.637 21.579 30.756 146 161 153
22.586 21.517 30.857 146 161 154
22.749 21.838 30.868 141 155 149
22.298 21.059 31.135 146 161 155
22.008 20.569 31.334 148 162 156
22.142 20.838 31.357 145 159 154
22.351 21.242 31.350 145 159 154
22.219 21.033 31.483 149 163 158
21.887 20.468 31.696 150 164 159
22.199 21.056 31.649 149 163 156
22.374 21.399 31.658 149 163 155
22.124 20.979 31.837 147 162 153
21.905 20.615 32.003 145 162 151
22.106 21.004 32.002 144 162 150
22.017 20.872 32.116 143 160 150
21.976 20.827 32.211 144 160 152
22.198 21.255 32.204 144 158 153
21.982 20.897 32.366 145 159 155
22.509 21.874 32.243 142 156 153
22.244 21.426 32.424 144 158 155
22.092 21.180 32.562 141 155 151
21.695 20.494 32.792 146 160 157
21.801 20.713 32.831 145 159 156
21.863 20.853 32.886 146 159 156
21.630 20.462 33.052 146 158 155
21.334 19.956 33.240 148 160 157
21.550 20.373 33.239 148 160 157
21.612 20.514 33.295 147 159 157
22.011 21.263 33.229 146 157 157
21.610 20.568 33.454 148 160 159
21.910 21.138 33.426 146 157 157
21.663 20.719 33.594 145 158 157
21.498 20.450 33.731 144 158 157
21.358 20.225 33.860 145 159 157
21.629 20.743 33.844 148 162 158
21.772 21.031 33.873 143 158 155
20.866 19.415 34.267 149 166 162
21.076 19.825 34.272 148 165 161
21.044 19.795 34.362 150 167 163
21.706 21.026 34.215 141 154 151
21.114 19.978 34.495 152 162 160
20.968 19.741 34.623 154 163 161
21.244 20.271 34.610 150 159 157
21.005 19.863 34.768 149 160 156
21.216 20.276 34.778 148 160 155
20.812 19.569 34.989 150 162 157
20.538 19.097 35.156 152 164 159
20.258 18.614 35.325 154 166 161
20.424 18.945 35.349 151 162 157
20.367 18.867 35.445 154 164 160
21.015 20.079 35.318 152 162 157
20.532 19.224 35.549 154 163 159
20.402 19.015 35.668 156 165 161
20.334 18.919 35.767 154 163 158
20.510 19.268 35.791 151 161 156
20.438 19.164 35.891 153 163 160
19.956 18.309 36.116 154 166 163
20.290 18.948 36.093 151 162 160
20.699 19.726 36.048 149 161 158
20.561 19.500 36.169 151 164 159
19.803 18.139 36.471 151 165 160
19.830 18.215 36.540 152 166 162
20.640 19.729 36.383 144 158 155
20.575 19.638 36.481 147 162 158
19.855 18.344 36.766 150 164 161
20.001 18.639 36.802 149 161 158
20.117 18.880 36.848 157 166 164
19.986 18.668 36.962 153 162 160
20.383 19.426 36.931 148 157 155
20.397 19.479 37.006 148 159 155
20.140 19.033 37.155 147 159 154
20.281 19.320 37.196 149 161 155
20.407 19.580 37.242 148 160 153
20.219 19.262 37.371 148 160 154
19.761 18.446 37.571 152 164 159
19.664 18.296 37.674 152 164 159
19.806 18.584 37.716 149 161 156
19.785 18.574 37.800 150 161 157
19.798 18.626 37.875 148 157 155
20.161 19.324 37.862 146 154 153
20.433 19.854 37.873 149 156 155
20.151 19.362 38.023 151 158 156
19.898 18.921 38.165 149 156 155
19.852 18.865 38.255 152 159 156
20.302 19.726 38.225 146 153 149
20.515 20.149 38.254 144 154 148
20.221 19.631 38.405 147 159 152
20.267 19.744 38.474 146 156 150
19.996 19.271 38.618 148 157 153
20.379 20.010 38.609 146 156 152
20.294 19.881 38.709 141 153 148
20.628 20.528 38.714 142 153 149
20.592 20.491 38.803 141 150 148
20.303 19.982 38.949 145 155 153
20.083 19.601 39.078 150 159 157
20.311 20.055 39.109 147 156 153
19.903 19.324 39.277 151 158 154
20.442 20.355 39.243 150 157 152
20.243 20.013 39.366 148 156 149
20.770 21.024 39.337 145 152 144
20.322 20.217 39.512 147 155 144
20.528 20.632 39.551 144 153 141
20.226 20.097 39.694 145 156 144
20.748 21.099 39.671 141 150 144
20.163 20.037 39.869 144 153 151
21.037 21.697 39.780 142 151 149
20.631 20.968 39.941 145 155 150
20.775 21.267 39.996 141 150 145
21.256 22.195 39.989 138 148 141
20.985 21.718 40.123 138 150 142
20.754 21.315 40.249 138 153 145
21.244 22.263 40.243 132 149 140
21.525 22.820 40.277 131 150 141
21.465 22.737 40.373 132 152 142
21.288 22.434 40.488 135 154 145
21.196 22.291 40.589 135 152 143
21.810 23.474 40.569 132 147 139
21.860 23.599 40.646 137 147 142
21.365 22.699 40.814 136 142 141
22.157 24.219 40.770 136 142 141
21.836 23.645 40.909 140 147 146
21.930 23.853 40.980 136 142 141
22.419 24.803 40.990 132 139 137
21.908 23.872 41.156 136 144 140
22.005 24.086 41.228 138 148 141
22.632 25.298 41.222 133 144 137
23.052 26.122 41.249 130 141 136
22.799 25.676 41.375 129 142 137
23.538 27.102 41.359 125 140 134
23.904 27.824 41.399 119 134 128
23.587 27.259 41.534 117 133 127
23.892 27.869 41.584 117 134 128
23.689 27.516 41.702 121 138 132
23.482 27.157 41.821 125 138 133
23.647 27.502 41.891 128 137 133
23.998 28.199 41.938 122 130 128
23.119 26.566 42.139 124 131 131
24.165 28.581 42.103 120 127 130
23.898 28.107 42.227 123 129 134
24.093 28.510 42.297 124 129 135
24.731 29.754 42.317 123 127 133
24.451 29.423 42.913 121 130 128
24.113 28.813 43.041 124 132 131
24.078 28.780 43.138 125 132 130
24.445 29.514 43.197 117 124 121
27.101 28.167 25.795 131 147 147
27.217 28.405 25.824 128 144 144
27.238 28.476 25.900 128 144 143
25.939 26.228 26.620 137 154 152
25.508 25.503 26.913 136 154 152
25.901 26.226 26.806 134 150 148
25.368 25.322 27.147 138 152 149
24.750 24.265 27.526 142 154 152
24.164 23.266 27.888 146 157 157
24.356 23.636 27.877 143 154 153
23.302 21.808 28.457 147 156 154
23.704 22.549 28.346 148 157 155
24.011 23.122 28.282 145 155 153
24.257 23.586 28.247 141 153 150
24.650 24.311 28.145 136 150 147
23.550 22.399 28.737 143 157 154
23.449 22.251 28.863 142 156 153
23.350 22.106 28.988 140 155 153
23.194 21.860 29.139 139 155 153
23.164 21.838 29.232 142 159 155
23.263 22.044 29.266 141 158 152
23.408 22.330 29.280 140 157 150
22.989 21.618 29.548 142 159 153
23.295 22.190 29.490 143 158 157
22.748 21.251 29.813 145 159 162
23.340 22.330 29.630 144 156 161
23.047 21.840 29.839 144 155 159
23.053 21.881 29.915 146 157 161
23.143 22.070 29.956 140 151 153
23.440 22.628 29.906 144 155 153
22.991 21.860 30.181 146 158 151
22.673 21.324 30.397 147 161 151
22.257 20.613 30.654 145 160 150
22.266 20.658 30.729 151 166 156
22.512 21.125 30.703 148 162 154
22.503 21.137 30.785 145 158 151
22.237 20.692 30.976 149 161 154
21.838 20.010 31.221 151 163 155
21.921 20.187 31.264 149 161 154
22.466 21.188 31.116 146 158 150
22.184 20.714 31.311 146 158 151
21.987 20.391 31.470 150 163 156
22.138 20.689 31.487 152 166 161
22.235 20.892 31.526 146 161 154
22.733 21.812 31.404 144 158 151
21.830 20.224 31.847 149 163 158
22.243 20.992 31.760 148 162 158
22.353 21.219 31.795 140 155 150
21.266 19.299 32.304 149 166 158
22.638 21.787 31.841 146 163 154
22.632 21.805 31.924 147 164 155
21.996 20.694 32.251 145 161 153
21.985 20.702 32.334 142 159 151
22.346 21.378 32.274 143 160 154
22.159 21.071 32.426 146 162 158
21.820 20.492 32.634 145 161 158
22.116 21.051 32.601 143 160 158
22.595 21.942 32.500 140 156 155
22.130 21.133 32.754 142 158 157
21.922 20.789 32.911 143 157 155
21.784 20.568 33.042 146 158 155
21.592 20.250 33.191 146 156 154
21.471 20.062 33.314 149 158 156
21.896 20.855 33.238 148 158 156
21.637 20.417 33.411 146 158 155
21.877 20.879 33.403 149 161 159
22.099 21.307 33.404 146 157 157
21.625 20.480 33.652 146 157 157
20.968 19.321 33.964 149 161 160
21.192 19.754 33.963 153 164 163
22.128 21.475 33.714 152 163 161
21.457 20.288 34.028 148 162 158
21.294 20.023 34.163 145 161 157
21.284 20.033 34.245 148 165 161
21.118 19.759 34.380 148 164 161
21.542 20.555 34.315 142 157 154
21.418 20.360 34.436 149 163 160
21.212 20.014 34.585 150 162 160
20.777 19.252 34.808 149 161 158
21.182 20.017 34.752 149 161 157
21.068 19.837 34.869 149 163 157
20.779 19.339 35.042 146 162 156
20.297 18.490 35.276 147 163 157
20.348 18.612 35.337 150 166 160
20.292 18.536 35.432 152 166 161
20.574 19.078 35.420 149 163 158
21.045 19.963 35.350 146 161 155
20.588 19.159 35.572 150 163 156
20.617 19.240 35.641 149 161 154
20.382 18.839 35.792 153 165 158
20.866 19.749 35.722 156 168 163
20.090 18.360 36.037 153 165 161
20.678 19.462 35.937 151 162 160
20.504 19.172 36.068 152 163 161
21.067 20.229 35.979 148 160 157
20.508 19.234 36.224 150 163 158
20.073 18.468 36.430 151 165 160
20.115 18.570 36.496 152 166 161
20.412 19.142 36.488 153 168 162
20.146 18.682 36.643 150 165 161
19.869 18.203 36.800 149 166 162
20.139 18.725 36.801 144 160 156
20.758 19.888 36.706 148 162 158
19.473 17.560 37.143 151 164 161
19.394 17.441 37.242 149 161 158
20.311 19.152 37.067 143 154 150
20.392 19.328 37.124 147 159 154
20.038 18.706 37.299 150 163 157
20.214 19.057 37.330 148 162 156
20.242 19.136 37.402 146 159 155
20.055 18.820 37.530 141 153 150
19.744 18.275 37.690 149 161 157
19.615 18.065 37.801 154 166 161
19.896 18.610 37.807 150 162 157
19.448 17.814 37.999 152 164 159
19.736 18.371 38.005 147 157 154
20.130 19.126 37.984 148 157 155
20.199 19.280 38.047 148 157 155
19.464 17.953 38.306 154 163 161
19.597 18.225 38.352 154 163 159
19.549 18.164 38.442 156 166 159
20.363 19.696 38.326 148 157 150
19.968 18.993 38.500 151 161 154
20.029 19.135 38.565 152 162 155
19.924 18.968 38.668 147 156 149
19.954 19.052 38.741 143 154 148
19.672 18.557 38.885 145 157 152
19.672 18.585 38.964 146 158 154
20.094 19.395 38.948 146 158 155
20.420 20.028 38.957 143 154 152
19.826 18.955 39.167 148 157 155
20.336 19.929 39.137 146 154 152
19.617 18.622 39.371 151 158 154
19.953 19.275 39.379 153 160 154
19.647 18.734 39.523 153 161 152
20.425 20.208 39.442 149 158 147
20.645 20.645 39.478 142 152 141
20.564 20.524 39.576 146 157 149
19.923 19.359 39.787 147 159 156
20.397 20.270 39.773 140 152 150
19.443 18.522 40.041 148 160 157
20.707 20.905 39.876 139 151 148
20.469 20.491 40.004 139 151 148
20.468 20.518 40.086 141 153 149
21.012 21.562 40.066 138 150 145
21.378 22.275 40.082 136 149 143
20.783 21.193 40.275 142 156 150
20.952 21.538 40.327 140 155 149
20.908 21.486 40.418 134 151 145
21.354 22.349 40.423 130 147 141
21.205 22.099 40.533 134 151 145
20.426 20.671 40.751 136 150 144
20.336 20.532 40.848 139 151 144
21.264 22.300 40.776 137 147 140
21.278 22.356 40.858 133 142 135
21.045 21.949 40.981 141 150 146
21.444 22.727 41.001 140 149 147
21.978 23.759 41.002 135 144 140
21.469 22.834 41.168 141 150 144
21.494 22.911 41.249 139 148 141
22.580 24.982 41.171 133 142 135
23.047 25.890 41.190 124 139 132
22.493 24.880 41.360 124 143 136
22.830 25.546 41.400 121 141 134
23.746 27.301 41.359 108 127 120
24.423 28.608 41.357 117 135 128
23.519 26.938 41.573 123 139 133
23.399 26.744 41.679 119 134 127
22.394 24.881 41.902 132 147 139
23.164 26.364 41.891 124 136 129
22.558 25.253 42.058 128 137 133
23.436 26.943 42.037 127 136 134
23.852 27.761 42.077 120 129 129
24.431 28.887 42.099 121 130 133
24.339 28.747 42.203 120 128 133
24.109 28.345 42.323 122 131 136
24.510 29.136 42.370 120 128 133
24.389 28.974 42.571 120 129 131
24.404 29.035 42.663 120 129 129
24.045 28.388 42.794 126 135 133
24.308 28.920 42.861 124 132 130
24.422 29.169 42.943 125 132 130
24.365 29.127 43.137 123 130 128
23.976 28.422 43.267 125 132 131
24.212 28.903 43.339 119 126 125
24.686 30.007 43.867 114 123 121
27.311 28.277 25.582 136 145 150
26.901 27.628 25.957 138 152 153
26.982 27.803 26.002 133 148 146
26.307 26.655 26.418 135 152 148
26.032 26.206 26.636 134 152 148
24.274 23.155 27.571 139 158 154
25.455 25.260 27.082 132 151 147
24.623 23.832 27.564 136 154 150
24.593 23.811 27.659 143 155 153
24.791 24.191 27.646 146 153 151
24.460 23.641 27.885 149 155 154
24.793 24.257 27.809 146 153 151
24.081 23.037 28.225 145 153 153
24.367 23.571 28.172 145 154 155
24.296 23.478 28.286 140 153 151
24.868 24.516 28.101 135 152 148
23.615 22.339 28.762 137 154 151
23.327 21.861 28.975 138 154 152
23.609 22.389 28.925 139 156 155
23.762 22.691 28.935 138 157 155
23.978 23.102 28.917 137 154 152
23.797 22.813 29.079 139 155 153
23.722 22.711 29.193 140 155 153
23.689 22.683 29.288 141 154 153
23.488 22.358 29.458 141 154 154
23.538 22.477 29.516 141 154 156
23.411 22.281 29.652 141 154 157
23.025 21.629 29.902 145 156 160
23.535 22.561 29.758 144 155 156
23.205 22.007 29.982 144 155 153
23.394 22.371 29.980 146 158 152
22.972 21.654 30.241 145 157 149
22.727 21.248 30.426 146 158 150
22.555 20.972 30.578 148 160 153
23.471 22.628 30.267 141 155 148
22.721 21.326 30.665 143 157 152
22.689 21.298 30.758 145 160 153
22.474 20.944 30.927 145 160 152
22.234 20.547 31.106 147 161 153
22.289 20.673 31.161 149 161 154
22.373 20.851 31.205 147 159 152
22.557 21.207 31.208 146 158 151
22.402 20.961 31.351 148 160 154
22.330 20.862 31.459 148 160 155
22.253 20.753 31.568 147 160 155
22.633 21.460 31.494 143 157 152
22.274 20.848 31.717 145 159 155
22.568 21.402 31.679 144 158 155
22.067 20.535 31.957 149 164 159
21.923 20.307 32.093 148 165 156
22.050 20.563 32.121 146 163 154
22.048 20.586 32.201 145 161 153
22.220 20.924 32.212 143 160 152
22.075 20.692 32.348 143 160 152
22.274 21.077 32.350 144 160 154
22.207 20.987 32.455 145 159 156
21.725 20.150 32.717 144 158 157
22.591 21.732 32.469 143 156 158
22.507 21.610 32.580 141 156 157
22.113 20.932 32.808 140 156 157
21.711 20.239 33.036 146 159 158
22.003 20.791 33.007 145 155 153
21.826 20.501 33.151 149 158 156
21.860 20.592 33.218 148 157 155
21.369 19.736 33.475 144 155 154
20.944 19.000 33.706 152 163 163
21.531 20.085 33.573 149 161 161
21.205 19.525 33.768 148 160 159
22.005 20.994 33.563 147 157 156
21.790 20.635 33.718 147 156 154
21.695 20.492 33.831 149 158 156
21.382 19.956 34.019 150 159 157
21.328 19.887 34.116 147 160 157
21.267 19.805 34.216 145 161 157
21.372 20.022 34.259 148 165 161
21.114 19.584 34.425 149 166 162
21.368 20.070 34.418 147 162 158
21.125 19.660 34.578 149 163 160
21.213 19.847 34.627 148 161 159
21.010 19.507 34.773 146 160 157
20.859 19.262 34.901 150 164 159
21.213 19.930 34.864 148 162 154
21.109 19.770 34.977 149 165 156
20.940 19.491 35.110 147 164 155
21.180 19.955 35.111 144 160 152
20.578 18.889 35.382 149 163 155
20.850 19.411 35.374 148 162 154
21.232 20.133 35.333 149 163 155
20.763 19.309 35.558 149 163 154
20.558 18.965 35.700 150 165 154
20.311 18.542 35.854 151 164 155
20.746 19.361 35.799 152 164 156
20.282 18.544 36.019 152 163 159
20.483 18.938 36.036 149 161 158
20.355 18.732 36.152 148 161 159
20.530 19.079 36.178 148 162 158
20.301 18.689 36.324 151 165 160
19.832 17.862 36.539 152 167 159
20.348 18.829 36.467 149 165 156
20.836 19.749 36.404 149 166 158
20.311 18.817 36.634 148 165 157
20.165 18.578 36.754 147 163 157
20.081 18.453 36.855 147 162 158
20.277 18.838 36.879 148 162 158
19.442 17.339 37.188 150 164 160
19.780 17.984 37.172 149 163 157
20.293 18.950 37.110 146 161 155
19.658 17.816 37.360 146 161 155
20.390 19.183 37.241 148 162 156
20.025 18.541 37.418 149 163 157
20.431 19.315 37.389 145 159 154
20.581 19.618 37.429 143 157 152
19.794 18.201 37.713 150 163 156
19.842 18.317 37.778 151 163 155
19.530 17.771 37.936 152 164 157
19.036 16.891 38.139 154 166 161
19.894 18.495 38.000 147 159 155
19.898 18.529 38.078 149 161 158
19.807 18.390 38.179 148 160 158
19.433 17.729 38.348 152 163 161
19.693 18.236 38.363 151 162 157
19.438 17.793 38.503 152 162 155
20.010 18.874 38.445 149 159 152
19.818 18.548 38.569 151 161 154
20.244 19.361 38.549 150 160 153
19.766 18.507 38.739 150 160 153
19.827 18.648 38.804 147 158 152
19.708 18.455 38.910 147 159 154
19.919 18.874 38.941 147 159 155
19.642 18.390 39.082 148 160 157
19.774 18.662 39.132 146 158 154
19.954 19.022 39.172 144 155 150
20.199 19.504 39.199 147 156 152
19.243 17.762 39.483 155 162 159
19.564 18.384 39.494 149 157 151
19.047 17.453 39.681 151 161 154
19.703 18.696 39.623 151 161 156
20.162 19.576 39.609 148 157 155
20.066 19.426 39.709 149 161 159
20.276 19.844 39.748 143 157 154
20.409 20.119 39.802 139 153 150
19.672 18.779 40.027 145 159 156
20.316 20.004 39.983 142 156 151
20.112 19.654 40.103 139 154 148
20.055 19.576 40.195 143 157 151
20.098 19.686 40.268 146 161 155
20.679 20.795 40.242 141 156 150
20.678 20.823 40.324 138 154 148
20.813 21.104 40.383 138 154 148
20.867 21.233 40.456 136 153 147
20.537 20.646 40.597 139 155 149
21.062 21.655 40.589 135 152 146
20.737 21.079 40.727 136 150 145
20.147 20.004 40.910 142 154 149
20.088 19.924 41.001 144 155 150
20.714 21.123 40.980 140 152 147
20.536 20.819 41.092 146 156 152
20.628 21.021 41.160 145 155 150
20.490 20.791 41.265 144 157 149
21.006 21.787 41.268 140 157 146
21.423 22.597 41.289 133 150 139
21.797 23.329 41.318 129 146 136
22.230 24.170 41.341 127 145 135
21.946 23.669 41.469 129 148 139
22.021 23.840 41.545 131 150 143
22.274 24.346 41.596 129 148 141
22.502 24.804 41.652 124 142 135
21.937 23.773 41.817 121 138 132
22.451 24.770 41.835 126 141 135
22.046 24.041 41.976 134 148 142
22.908 25.693 41.952 127 139 135
22.900 25.709 42.043 128 137 135
22.988 25.906 42.121 128 137 136
23.300 26.526 42.173 128 137 137
23.522 26.976 42.236 127 136 137
24.558 28.963 42.206 119 127 130
23.780 27.527 42.389 121 131 133
23.516 27.063 42.510 121 133 133
24.272 28.522 42.518 119 129 128
24.321 28.647 42.606 120 129 127
24.278 28.598 42.704 119 128 126
23.977 28.062 42.828 118 125 123
23.725 27.619 42.946 125 131 129
23.877 27.939 43.023 124 129 128
24.831 29.779 43.024 121 127 126
24.535 29.251 43.147 119 126 125
24.359 28.951 43.257 118 126 125
24.348 28.963 43.352 117 127 125
23.996 28.330 43.477 121 132 128
24.743 29.780 43.507 116 127 122
27.508 28.430 25.549 137 146 149
27.390 28.259 25.693 132 142 142
26.623 26.955 26.155 140 152 149
26.647 27.031 26.228 134 148 143
26.302 26.460 26.481 134 151 145
26.158 26.242 26.635 131 149 141
25.197 24.595 27.183 136 155 146
25.224 24.674 27.252 136 156 148
24.882 24.107 27.498 136 155 148
24.527 23.518 27.749 141 154 150
23.989 22.607 28.085 146 153 151
23.895 22.473 28.210 148 154 153
23.879 22.476 28.297 151 158 156
24.226 23.116 28.214 142 152 151
23.928 22.624 28.433 143 157 156
24.572 23.786 28.214 137 154 151
23.967 22.754 28.575 139 158 154
23.994 22.832 28.643 134 153 149
23.621 22.206 28.895 138 157 153
23.165 21.435 29.182 144 163 159
23.711 22.426 29.013 141 159 157
23.640 22.331 29.125 140 158 156
23.563 22.226 29.239 139 155 153
23.037 21.329 29.555 145 157 157
23.549 22.261 29.405 143 152 152
23.341 21.925 29.578 145 155 154
23.136 21.594 29.747 148 160 157
23.518 22.298 29.658 147 157 155
23.507 22.307 29.744 140 149 147
23.087 21.596 30.006 148 158 155
22.759 21.045 30.228 146 158 153
22.068 19.853 30.605 149 161 154
22.922 21.393 30.315 144 156 146
22.843 21.281 30.428 144 159 150
22.603 20.886 30.609 147 163 157
23.290 22.132 30.397 140 156 152
22.997 21.643 30.600 147 163 160
22.644 21.045 30.828 148 163 160
22.675 21.130 30.894 144 158 155
23.107 21.925 30.793 145 158 154
22.686 21.208 31.047 148 160 155
22.517 20.937 31.196 146 158 152
22.433 20.816 31.309 148 160 155
21.740 19.614 31.670 151 162 160
22.657 21.272 31.376 146 157 157
21.746 19.680 31.822 147 159 157
21.910 20.001 31.834 147 159 156
22.087 20.345 31.841 146 159 156
22.409 20.946 31.792 141 155 151
22.152 20.518 31.972 145 161 154
22.286 20.784 31.998 142 159 149
22.618 21.405 31.947 139 156 146
22.038 20.399 32.252 143 160 152
22.220 20.753 32.261 145 161 153
21.145 18.861 32.753 156 170 162
21.988 20.396 32.507 145 158 153
21.487 19.528 32.777 154 166 163
21.632 19.815 32.799 147 159 156
21.632 19.844 32.877 149 161 158
22.024 20.574 32.809 150 161 158
21.598 19.839 33.046 152 162 160
21.776 20.186 33.059 153 160 158
21.410 19.558 33.272 159 164 163
21.547 19.832 33.299 154 158 157
21.703 20.140 33.321 152 157 156
21.432 19.681 33.498 153 160 159
21.386 19.626 33.592 152 161 162
21.178 19.281 33.745 153 163 163
20.713 18.473 33.988 154 163 163
21.225 19.421 33.884 154 163 163
21.513 19.968 33.860 151 160 160
20.945 18.974 34.137 154 163 162
20.522 18.239 34.362 157 166 164
20.748 18.673 34.360 153 165 162
20.800 18.795 34.420 151 165 162
20.878 18.963 34.470 150 164 161
20.915 19.057 34.536 145 159 156
21.273 19.730 34.493 144 158 154
20.523 18.405 34.822 150 164 159
21.347 19.920 34.626 146 161 155
21.476 20.180 34.662 143 157 152
20.685 18.780 35.000 151 165 159
20.637 18.721 35.094 149 163 155
20.751 18.955 35.134 149 164 158
20.733 18.949 35.218 150 167 161
20.941 19.353 35.230 147 164 156
20.831 19.182 35.343 143 160 152
20.646 18.874 35.480 145 161 153
20.496 18.629 35.604 148 165 156
20.380 18.447 35.718 152 168 159
20.396 18.503 35.791 153 168 158
20.153 18.091 35.943 153 167 156
20.447 18.652 35.930 152 164 154
20.143 18.126 36.100 154 166 158
20.010 17.912 36.217 152 164 156
20.076 18.060 36.275 151 165 158
20.141 18.205 36.333 149 166 158
19.695 17.420 36.541 151 167 159
19.791 17.623 36.590 152 167 159
19.395 16.929 36.781 155 169 160
19.335 16.847 36.874 152 167 157
19.465 17.110 36.913 157 171 162
19.533 17.261 36.970 157 171 163
19.510 17.246 37.053 152 167 159
19.730 17.673 37.069 151 165 158
19.638 17.533 37.171 151 164 158
19.790 17.837 37.207 152 164 159
19.977 18.206 37.233 153 165 159
19.634 17.606 37.403 153 165 158
19.242 16.918 37.585 152 165 158
19.297 17.044 37.647 151 165 158
19.722 17.848 37.612 151 164 154
19.918 18.234 37.639 152 164 152
19.671 17.809 37.780 152 164 153
19.476 17.481 37.908 153 165 155
19.462 17.481 37.989 155 167 159
20.051 18.589 37.918 149 161 154
19.404 17.429 38.158 153 163 156
19.221 17.120 38.281 156 166 159
19.561 17.771 38.274 153 163 158
19.258 17.243 38.425 151 162 157
19.395 17.521 38.470 151 162 156
19.210 17.209 38.591 154 163 156
19.492 17.755 38.602 151 161 155
19.461 17.725 38.687 150 160 155
19.382 17.606 38.783 151 161 155
19.328 17.534 38.873 152 162 155
19.421 17.733 38.930 148 159 152
18.933 16.862 39.118 149 161 154
19.834 18.549 38.994 146 158 152
19.843 18.592 39.071 144 155 150
19.504 17.995 39.224 150 162 157
19.914 18.780 39.214 145 157 152
19.855 18.698 39.306 147 157 154
19.604 18.262 39.439 148 157 155
19.451 18.009 39.549 150 159 156
20.237 19.488 39.465 142 151 147
20.143 19.343 39.565 143 154 150
19.306 17.823 39.815 152 163 161
20.273 19.639 39.699 145 158 155
19.634 18.485 39.907 144 158 155
20.023 19.233 39.910 144 158 155
20.108 19.418 39.974 144 158 155
20.128 19.484 40.050 145 159 155
19.790 18.886 40.195 148 162 156
20.225 19.720 40.194 145 159 154
20.694 20.619 40.188 139 154 148
20.374 20.055 40.329 143 159 153
19.853 19.115 40.504 142 159 153
19.903 19.237 40.576 147 163 158
20.385 20.162 40.571 143 160 156
19.917 19.319 40.735 143 160 156
20.788 20.969 40.666 141 157 154
20.355 20.191 40.822 144 158 155
20.152 19.842 40.938 144 155 153
19.943 19.481 41.054 144 155 151
20.802 21.110 40.995 146 158 153
20.265 20.138 41.165 144 157 152
19.667 19.051 41.341 149 163 157
19.877 19.473 41.389 142 158 149
20.534 20.727 41.370 139 156 145
20.732 21.128 41.422 140 157 146
20.890 21.452 41.482 139 156 145
21.387 22.410 41.493 135 152 141
21.993 23.574 41.491 127 144 133
21.369 22.437 41.666 132 149 140
21.793 23.260 41.692 131 147 141
22.018 23.712 41.747 126 141 136
21.881 23.486 41.852 132 147 141
22.170 24.058 41.900 138 151 146
21.818 23.429 42.034 133 145 140
22.649 25.019 42.014 128 139 135
21.960 23.756 42.189 131 141 139
22.745 25.261 42.179 128 137 136
22.893 25.571 42.250 128 137 137
22.826 25.477 42.347 128 137 137
22.764 25.392 42.443 129 138 138
23.599 26.995 42.437 122 133 133
23.559 26.951 42.533 123 134 134
23.965 27.747 42.579 119 129 128
23.693 27.268 42.701 122 131 129
23.699 27.312 42.792 122 130 128
23.938 27.794 42.859 122 129 127
23.618 27.224 42.983 130 135 134
23.517 27.065 43.085 128 133 132
24.250 28.482 43.106 125 129 128
23.609 27.304 43.259 127 131 130
23.839 27.770 43.330 126 133 131
24.249 28.578 43.387 121 130 126
24.855 29.826 43.618 116 126 119
24.852 29.854 43.713 116 123 119
24.421 29.070 43.842 117 124 120
24.200 28.686 43.952 123 130 126
24.739 29.740 44.008 115 121 119
24.319 28.978 44.132 115 120 119
24.016 28.435 44.247 118 122 122
24.671 29.713 44.298 118 122 121
23.796 28.217 44.822 129 136 128
24.555 29.730 44.972 120 125 120
24.488 29.636 45.071 120 125 121
24.222 29.230 45.368 117 125 122
24.220 29.327 45.654 123 133 130
24.530 30.024 45.933 112 119 120
27.612 28.387 25.474 134 142 148
27.112 27.552 25.807 135 144 148
27.233 27.796 25.833 134 144 145
26.530 26.607 26.263 138 149 147
25.952 25.633 26.629 137 151 147
26.196 26.092 26.593 131 147 141
26.203 26.136 26.674 130 148 140
25.533 25.002 27.080 135 154 145
25.396 24.794 27.229 137 156 149
25.660 25.288 27.185 135 153 149
25.227 24.564 27.474 137 152 149
23.992 22.436 28.141 151 162 160
24.493 23.344 27.984 144 155 152
23.982 22.481 28.305 146 158 155
24.265 23.008 28.252 143 155 154
24.126 22.796 28.397 143 157 156
24.617 23.686 28.250 136 153 150
23.722 22.149 28.744 142 160 156
24.235 23.079 28.588 136 155 150
24.081 22.840 28.739 137 156 151
23.947 22.636 28.881 142 160 156
24.215 23.137 28.839 141 157 154
23.064 21.146 29.439 151 162 159
22.970 21.010 29.560 151 158 156
23.511 21.992 29.397 152 158 158
23.072 21.249 29.672 152 159 159
23.252 21.596 29.670 149 157 156
23.039 21.250 29.844 148 157 155
22.521 20.368 30.150 151 160 158
23.505 22.131 29.798 143 152 150
23.215 21.650 30.003 147 157 154
23.534 22.242 29.945 146 158 153
22.635 20.684 30.412 148 160 155
22.950 21.271 30.355 146 158 153
22.973 21.340 30.425 144 160 154
22.647 20.794 30.642 143 162 155
22.885 21.243 30.620 141 161 155
22.294 20.228 30.947 145 164 160
23.275 21.992 30.615 144 161 157
22.530 20.703 31.005 143 160 156
22.645 20.935 31.036 144 159 158
22.402 20.534 31.215 150 163 165
22.852 21.361 31.108 142 155 157
23.077 21.787 31.096 143 156 158
22.244 20.340 31.514 149 162 164
22.523 20.864 31.480 149 162 164
22.302 20.500 31.647 148 161 160
22.135 20.232 31.793 148 162 158
22.106 20.210 31.882 146 161 157
22.502 20.942 31.804 148 164 161
21.916 19.928 32.114 147 163 160
21.853 19.846 32.216 145 161 157
22.151 20.403 32.178 143 160 154
22.122 20.381 32.268 145 161 153
22.331 20.780 32.266 146 162 155
21.762 19.796 32.563 149 166 160
21.913 20.094 32.583 148 162 156
21.896 20.090 32.668 152 164 159
21.801 19.949 32.782 151 162 158
21.518 19.472 32.967 151 162 160
21.826 20.050 32.929 152 163 161
21.906 20.221 32.978 154 163 161
21.820 20.096 33.088 152 160 158
21.579 19.693 33.255 155 162 161
22.039 20.544 33.166 151 158 156
21.783 20.114 33.338 151 158 156
21.826 20.219 33.401 151 159 157
21.517 19.694 33.590 151 160 158
21.437 19.579 33.697 149 160 158
21.008 18.837 33.927 152 163 163
21.235 19.272 33.924 151 162 161
21.029 18.930 34.074 151 160 158
20.850 18.637 34.214 150 161 158
21.109 19.129 34.202 151 162 160
21.163 19.254 34.261 150 162 160
20.854 18.726 34.444 153 165 162
20.934 18.897 34.495 153 165 161
21.359 19.689 34.429 148 160 155
21.758 20.435 34.374 144 157 151
20.883 18.889 34.744 152 166 161
20.975 19.081 34.792 151 165 160
20.897 18.968 34.895 150 164 159
20.905 19.011 34.970 150 164 159
20.417 18.158 35.207 153 168 162
21.118 19.450 35.058 149 164 159
21.398 19.982 35.047 147 163 157
20.792 18.917 35.318 151 167 160
20.488 18.396 35.492 152 167 159
20.955 19.265 35.423 150 164 156
20.447 18.376 35.660 150 164 156
20.798 19.039 35.629 152 165 156
20.641 18.781 35.755 151 163 153
20.074 17.784 36.006 156 169 161
20.248 18.125 36.030 152 166 161
20.737 19.038 35.961 148 163 157
19.751 17.279 36.334 154 171 162
20.141 18.012 36.294 150 167 159
19.952 17.698 36.427 150 167 159
20.071 17.940 36.469 148 163 155
20.005 17.847 36.566 155 169 161
20.023 17.907 36.638 152 165 156
19.782 17.497 36.784 153 165 155
19.765 17.493 36.865 152 164 155
19.892 17.751 36.906 149 161 154
19.576 17.203 37.072 153 165 159
19.278 16.687 37.231 153 165 160
19.408 16.950 37.271 155 167 162
19.569 17.271 37.304 156 168 163
19.464 17.107 37.409 156 168 163
19.118 16.503 37.578 154 166 161
19.309 16.877 37.603 153 165 159
19.437 17.137 37.646 153 165 158
19.536 17.345 37.697 154 166 156
19.269 16.886 37.843 156 169 157
19.672 17.648 37.816 153 165 154
19.561 17.473 37.921 154 166 157
19.906 18.130 37.911 154 166 158
19.813 17.987 38.013 153 165 158
19.768 17.931 38.102 153 163 157
19.303 17.107 38.295 155 164 158
19.525 17.541 38.317 156 167 160
19.335 17.221 38.441 152 164 156
19.764 18.033 38.415 152 164 158
19.080 16.806 38.656 154 166 161
19.452 17.516 38.645 152 164 159
19.135 16.962 38.797 149 161 156
19.504 17.666 38.788 150 163 157
19.981 18.568 38.757 150 164 159
19.677 18.039 38.905 146 161 155
19.519 17.775 39.019 145 159 154
19.938 18.574 39.004 146 161 156
19.333 17.487 39.216 150 164 161
19.265 17.390 39.309 151 164 161
19.477 17.808 39.341 152 163 161
19.646 18.147 39.383 151 162 160
19.758 18.381 39.438 147 159 156
19.720 18.337 39.525 147 159 156
20.396 19.612 39.464 148 160 157
19.893 18.711 39.648 147 160 157
19.793 18.556 39.748 150 164 161
19.858 18.703 39.814 147 162 157
19.995 18.985 39.866 144 158 153
20.025 19.068 39.941 146 161 154
19.805 18.689 40.063 148 162 154
20.116 19.293 40.084 144 158 152
20.083 19.258 40.170 144 158 153
20.156 19.422 40.237 147 161 155
20.450 19.995 40.264 143 157 152
20.802 20.675 40.281 142 157 151
20.293 19.761 40.455 143 160 154
20.112 19.455 40.568 142 159 154
19.584 18.503 40.742 147 163 160
20.000 19.303 40.750 141 156 151
20.261 19.816 40.786 143 157 152
20.063 19.476 40.901 146 160 156
19.985 19.359 40.995 141 155 151
20.108 19.617 41.056 146 159 156
20.941 21.195 41.002 140 152 149
19.806 19.113 41.266 144 158 155
19.711 18.965 41.362 143 160 156
19.995 19.521 41.399 141 158 151
20.405 20.314 41.417 141 158 147
20.502 20.523 41.485 139 156 145
20.785 21.080 41.526 139 156 145
20.742 21.029 41.616 135 152 141
21.191 21.895 41.635 129 146 136
20.861 21.310 41.766 138 155 145
21.274 22.110 41.792 135 152 144
21.632 22.809 41.828 129 145 138
20.866 21.408 42.016 136 150 145
21.837 23.253 41.972 131 145 140
21.895 23.392 42.051 131 145 140
22.066 23.742 42.116 133 145 140
22.041 23.726 42.206 135 144 140
21.853 23.404 42.316 133 142 140
21.682 23.114 42.423 135 144 144
21.646 23.077 42.513 135 144 145
22.369 24.463 42.516 130 139 140
22.959 25.602 42.537 130 139 139
22.650 25.054 42.661 127 136 134
23.567 26.807 42.650 123 133 129
23.463 26.644 42.752 124 134 129
23.353 26.468 42.854 127 136 133
23.972 27.665 42.882 126 135 133
23.822 27.415 42.989 128 136 134
23.269 26.406 43.135 125 132 130
23.423 26.729 43.211 122 130 127
23.543 26.987 43.291 124 134 129
23.418 26.784 43.394 127 136 132
24.315 28.508 43.406 117 127 122
23.735 27.445 43.549 123 132 125
24.394 28.723 43.587 124 131 123
24.382 28.732 43.681 122 129 122
24.342 28.690 43.778 120 128 124
24.511 29.043 43.859 120 126 123
23.922 27.963 43.997 126 131 127
24.295 28.701 44.064 121 126 122
24.442 29.013 44.147 124 129 126
24.361 28.925 44.342 120 128 124
24.025 28.324 44.457 121 129 123
24.508 29.305 44.616 121 131 121
24.428 29.187 44.716 120 130 121
24.367 29.105 44.814 121 129 123
24.602 29.585 44.897 122 129 125
24.136 28.732 45.015 121 127 124
24.343 29.159 45.100 117 124 120
24.361 29.262 45.289 116 126 121
23.955 28.523 45.400 115 126 121
24.210 29.042 45.485 113 125 120
24.408 29.453 45.573 113 125 120
24.401 29.473 45.669 113 125 120
24.236 29.193 45.769 114 125 121
27.066 27.285 25.892 134 145 150
27.157 27.478 25.932 136 147 149
27.305 27.769 25.946 134 146 145
25.936 25.423 26.697 141 154 152
25.892 25.380 26.801 136 153 149
26.158 25.875 26.756 137 154 149
25.170 24.188 27.314 137 156 149
25.349 24.533 27.310 136 155 149
24.903 23.788 27.604 134 152 148
24.891 23.798 27.691 136 153 149
24.936 23.909 27.751 144 158 155
24.826 23.749 27.885 142 154 151
23.775 21.946 28.458 145 156 154
24.081 22.511 28.394 145 158 156
24.276 22.882 28.384 143 157 156
24.214 22.806 28.493 144 158 156
24.137 22.702 28.609 142 156 153
24.561 23.474 28.495 137 153 148
24.540 23.468 28.585 141 158 152
23.682 21.998 29.056 146 158 154
23.248 21.267 29.332 152 159 157
23.798 22.261 29.163 150 156 155
22.978 20.855 29.610 149 156 155
22.720 20.432 29.803 153 160 158
22.793 20.589 29.848 152 159 157
22.951 20.896 29.857 151 158 156
22.816 20.688 29.994 152 159 157
22.631 20.392 30.154 153 160 158
23.373 21.726 29.908 149 156 155
23.443 21.878 29.957 149 157 154
23.208 21.494 30.139 148 157 153
23.519 22.072 30.084 148 159 151
23.076 21.322 30.353 151 163 153
23.221 21.607 30.370 144 159 150
22.454 20.285 30.775 147 163 157
22.446 20.299 30.856 145 162 158
22.775 20.908 30.796 138 157 153
23.122 21.549 30.730 140 159 155
23.275 21.849 30.746 141 159 155
22.816 21.068 31.015 140 157 156
22.115 19.858 31.383 148 164 165
22.855 21.195 31.157 141 157 158
22.931 21.359 31.206 145 160 161
22.192 20.081 31.584 146 162 163
22.365 20.415 31.593 145 160 161
21.942 19.694 31.841 148 164 163
21.670 19.241 32.026 152 168 164
22.108 20.045 31.930 147 163 159
22.500 20.768 31.853 147 163 160
22.041 19.982 32.112 145 161 157
21.497 19.046 32.403 147 163 160
22.042 20.041 32.268 147 163 158
22.184 20.321 32.291 147 163 157
21.917 19.875 32.473 147 163 157
21.867 19.816 32.570 147 163 157
21.731 19.601 32.699 148 165 158
21.844 19.829 32.735 147 163 157
21.827 19.828 32.819 150 164 160
21.311 18.937 33.090 153 165 162
21.452 19.216 33.115 154 164 162
22.207 20.589 32.913 149 158 156
21.914 20.096 33.100 153 162 160
21.727 19.790 33.247 152 162 160
21.574 19.546 33.380 150 161 158
21.444 19.341 33.506 153 165 162
21.597 19.641 33.528 150 162 160
21.726 19.899 33.561 149 161 158
21.458 19.449 33.734 152 163 161
21.225 19.061 33.894 154 166 163
20.763 18.262 34.134 160 171 169
21.325 19.294 34.015 155 167 164
21.444 19.536 34.051 152 163 160
21.142 19.022 34.234 151 162 157
20.780 18.402 34.435 153 165 160
20.836 18.529 34.493 155 167 162
21.132 19.087 34.470 153 165 160
20.822 18.559 34.652 154 166 161
21.287 19.420 34.574 151 162 157
20.732 18.452 34.837 152 164 159
21.428 19.728 34.685 153 165 160
21.401 19.707 34.772 152 164 159
20.927 18.883 35.005 150 162 157
20.715 18.530 35.151 154 166 161
20.832 18.769 35.191 154 164 160
21.031 19.154 35.205 151 161 156
20.381 18.010 35.490 156 165 161
19.814 17.018 35.745 154 163 159
20.254 17.836 35.684 155 166 161
20.392 18.112 35.717 151 162 157
20.326 18.020 35.815 154 166 161
20.791 18.887 35.749 154 166 161
20.575 18.524 35.893 155 168 163
20.604 18.604 35.962 152 166 161
20.308 18.096 36.129 149 163 158
20.354 18.207 36.192 151 165 160
19.848 17.319 36.420 153 168 161
19.669 17.023 36.548 158 172 165
20.382 18.339 36.417 151 163 154
20.412 18.421 36.486 148 158 149
20.122 17.922 36.647 154 165 155
19.710 17.204 36.842 160 172 162
19.653 17.127 36.934 154 166 159
19.128 16.202 37.158 156 168 163
19.153 16.274 37.226 162 174 170
19.209 16.401 37.287 162 174 171
19.165 16.348 37.374 154 166 163
19.659 17.272 37.316 153 165 162
19.802 17.559 37.354 151 163 161
19.508 17.052 37.510 154 166 163
19.510 17.081 37.586 155 164 161
19.585 17.244 37.643 155 162 159
19.116 16.418 37.842 159 166 160
19.020 16.269 37.943 158 165 157
19.305 16.815 37.945 156 166 158
19.571 17.327 37.954 154 166 159
19.242 16.753 38.114 154 166 158
18.766 15.912 38.310 156 169 159
19.249 16.820 38.266 155 167 159
19.368 17.063 38.313 155 167 160
18.881 16.201 38.508 156 168 161
18.882 16.231 38.584 156 168 161
19.316 17.050 38.556 155 167 161
19.032 16.557 38.701 154 166 161
19.335 17.138 38.706 151 164 159
19.271 17.048 38.798 148 162 156
19.733 17.922 38.769 147 162 156
19.628 17.755 38.871 150 164 159
19.322 17.223 39.018 151 165 160
19.951 18.402 38.955 143 157 152
19.415 17.447 39.153 151 165 160
18.980 16.676 39.326 152 166 161
18.987 16.716 39.401 151 165 161
19.435 17.566 39.382 149 163 160
19.282 17.312 39.492 150 162 160
19.149 17.095 39.598 154 166 163
19.840 18.392 39.532 147 159 156
19.729 18.216 39.634 145 156 154
20.070 18.870 39.643 148 162 158
20.798 20.237 39.577 143 160 156
19.940 18.687 39.829 145 162 157
19.611 18.109 39.973 148 165 159
19.921 18.707 39.992 146 161 155
19.877 18.653 40.080 148 160 155
19.655 18.273 40.202 152 163 159
19.780 18.531 40.258 153 165 160
19.445 17.940 40.400 152 164 159
18.961 17.074 40.568 154 166 161
20.017 19.052 40.454 152 164 158
19.518 18.158 40.624 147 159 154
19.863 18.823 40.642 148 161 157
19.382 17.962 40.806 152 166 163
20.308 19.704 40.726 145 159 156
19.453 18.149 40.953 152 166 163
19.818 18.853 40.971 148 162 158
19.983 19.186 41.024 145 159 156
19.904 19.069 41.117 145 159 156
20.515 20.229 41.100 136 150 147
19.989 19.283 41.265 143 158 155
19.431 18.275 41.434 146 162 158
19.985 19.332 41.428 143 160 156
20.209 19.776 41.475 142 159 155
20.176 19.744 41.562 142 160 153
20.123 19.674 41.651 141 160 149
20.239 19.917 41.716 142 159 149
19.938 19.386 41.841 140 157 148
21.170 21.709 41.750 131 150 142
21.304 21.989 41.815 128 150 140
21.636 22.636 41.855 131 150 140
21.125 21.714 42.009 134 151 140
21.251 21.979 42.077 136 152 141
21.564 22.591 42.121 131 146 136
21.598 22.687 42.202 137 149 141
22.080 23.617 42.228 133 142 138
21.342 22.268 42.405 137 147 144
21.298 22.215 42.495 140 149 147
21.555 22.725 42.550 133 142 140
22.864 25.204 42.486 134 143 141
22.156 23.910 42.654 133 142 139
22.005 23.658 42.759 134 143 139
23.004 25.561 42.738 129 139 130
22.913 25.422 42.837 129 139 128
23.409 26.384 42.875 128 138 129
23.821 27.188 42.924 128 137 133
22.961 25.608 43.100 125 134 130
23.402 26.467 43.147 122 132 127
23.041 25.821 43.272 127 138 134
23.132 26.022 43.354 125 137 134
23.401 26.561 43.420 124 136 132
24.261 28.210 43.436 110 122 117
23.433 26.684 43.600 122 135 129
23.379 26.616 43.695 125 137 132
24.455 28.673 43.700 122 132 127
23.922 27.702 43.836 123 130 126
23.360 26.676 43.971 126 132 128
23.541 27.050 44.049 127 132 128
23.547 27.093 44.141 124 128 125
24.000 27.981 44.201 124 129 126
24.031 28.072 44.293 120 126 122
24.065 28.170 44.384 125 132 128
24.349 28.740 44.460 118 127 123
23.795 27.725 44.587 119 128 124
24.263 28.644 44.653 122 132 125
23.763 27.729 44.775 121 131 122
24.072 28.348 44.851 124 133 127
24.195 28.614 44.939 123 130 128
24.073 28.416 45.039 118 126 125
23.472 27.309 45.160 122 131 129
23.383 27.175 45.257 121 130 128
24.018 28.411 45.324 115 124 122
23.229 26.948 45.448 120 131 126
24.237 28.894 45.504 111 123 116
23.931 28.347 45.609 116 128 120
23.851 28.229 45.706 114 127 119
24.672 29.823 45.777 110 122 114
24.612 29.743 45.874 116 128 120
27.859 28.261 25.047 134 150 147
27.782 28.303 25.517 136 146 151
27.560 27.954 25.712 137 148 152
26.785 26.646 26.176 137 149 152
26.831 26.760 26.238 138 152 153
26.190 25.683 26.633 139 153 153
26.441 26.150 26.596 134 150 149
26.058 25.519 26.864 133 152 149
25.437 24.474 27.244 132 153 148
25.309 24.284 27.387 132 154 149
24.528 22.959 27.840 138 158 154
25.379 24.469 27.518 136 153 149
24.945 23.747 27.805 139 153 150
24.504 23.011 28.093 142 156 153
24.417 22.891 28.214 141 155 151
24.607 23.254 28.206 141 155 151
24.435 22.986 28.366 142 156 153
24.734 23.537 28.309 142 156 153
24.249 22.724 28.613 143 157 154
24.264 22.780 28.686 143 157 153
24.952 24.012 28.454 138 152 147
24.194 22.718 28.879 143 155 150
23.415 21.389 29.310 148 157 153
24.206 22.801 29.034 144 152 149
23.158 20.999 29.583 152 159 157
23.653 21.894 29.441 147 154 153
22.762 20.365 29.915 155 162 161
23.588 21.841 29.629 149 156 155
23.231 21.245 29.865 155 162 161
23.080 21.011 30.009 150 156 155
23.446 21.682 29.929 147 154 153
23.244 21.357 30.096 150 158 155
22.921 20.820 30.314 151 161 156
23.058 21.090 30.334 150 160 155
22.978 20.978 30.447 151 161 156
22.875 20.826 30.569 149 161 156
22.795 20.715 30.682 146 161 155
22.484 20.199 30.890 147 162 157
22.757 20.707 30.854 142 156 153
22.653 20.553 30.976 142 157 155
22.435 20.198 31.145 145 161 159
22.505 20.350 31.194 146 162 162
22.556 20.468 31.251 143 159 160
22.582 20.543 31.319 143 159 160
22.500 20.427 31.431 143 159 160
22.658 20.734 31.445 145 160 162
22.107 19.790 31.745 142 158 159
21.687 19.077 31.991 147 163 162
21.919 19.516 31.975 150 167 163
22.165 19.977 31.956 149 166 161
21.829 19.412 32.166 150 167 163
22.293 20.260 32.062 143 160 157
21.716 19.268 32.365 147 163 162
21.784 19.416 32.416 149 165 163
21.844 19.551 32.470 147 163 160
21.841 19.574 32.549 146 162 158
22.033 19.943 32.553 147 163 160
22.031 19.967 32.632 148 164 161
21.864 19.698 32.774 150 167 163
21.974 19.921 32.810 150 164 161
21.776 19.598 32.962 153 165 162
22.462 20.844 32.786 150 161 158
22.174 20.361 32.972 149 161 158
22.041 20.154 33.099 151 162 160
21.924 19.973 33.221 151 162 160
21.820 19.816 33.337 152 163 161
21.489 19.254 33.534 154 166 163
21.656 19.579 33.552 148 161 158
21.581 19.474 33.657 151 165 162
21.186 18.798 33.875 151 165 162
21.659 19.668 33.786 149 163 160
21.330 19.110 33.979 152 165 162
20.780 18.156 34.248 154 166 163
21.046 18.658 34.233 151 162 158
21.009 18.620 34.322 151 162 157
21.212 19.009 34.331 152 164 158
20.868 18.422 34.525 156 168 163
20.988 18.665 34.561 154 166 161
21.157 18.993 34.582 152 164 159
21.459 19.561 34.560 152 164 157
21.159 19.053 34.737 151 163 155
21.536 19.755 34.691 152 164 157
21.241 19.254 34.867 155 167 162
21.230 19.262 34.948 153 163 159
21.413 19.618 34.968 156 165 161
20.945 18.805 35.196 155 164 161
20.987 18.909 35.261 156 165 163
21.157 19.242 35.285 154 163 161
20.824 18.670 35.468 155 164 162
21.002 19.019 35.490 156 165 163
20.917 18.893 35.595 152 162 160
20.602 18.354 35.770 154 164 162
20.310 17.854 35.937 154 166 163
20.102 17.507 36.077 154 167 164
20.153 17.626 36.138 152 166 163
20.158 17.662 36.213 152 166 162
19.926 17.270 36.359 153 168 162
20.258 17.897 36.337 150 164 159
20.037 17.524 36.479 150 164 159
19.836 17.189 36.614 154 166 158
19.757 17.074 36.713 158 168 157
19.648 16.902 36.821 157 169 156
19.254 16.217 37.009 159 171 159
19.499 16.687 37.015 154 166 158
19.207 16.185 37.173 156 168 163
19.418 16.594 37.189 155 167 164
19.624 16.992 37.209 155 167 164
19.548 16.881 37.306 155 168 165
19.088 16.075 37.507 156 170 166
19.335 16.549 37.516 154 167 164
19.419 16.728 37.569 155 167 164
19.621 17.121 37.592 155 165 163
19.608 17.124 37.672 156 165 163
19.756 17.420 37.710 154 163 160
19.297 16.613 37.906 155 164 160
19.654 17.288 37.891 155 166 161
19.388 16.831 38.036 154 166 161
19.290 16.679 38.137 154 166 160
19.277 16.683 38.216 154 166 159
19.466 17.053 38.246 155 167 161
19.681 17.471 38.270 153 165 160
19.276 16.762 38.446 155 167 162
19.490 17.178 38.471 155 167 162
19.141 16.569 38.632 154 166 161
19.039 16.408 38.732 154 166 161
19.420 17.130 38.720 154 167 162
19.098 16.570 38.871 151 165 160
19.187 16.760 38.927 151 164 159
19.235 16.873 38.993 153 165 160
19.071 16.601 39.107 154 167 161
19.722 17.818 39.039 146 161 153
18.817 16.190 39.317 156 170 162
19.179 16.879 39.314 152 167 159
19.385 17.282 39.347 153 166 160
19.717 17.918 39.353 153 165 160
19.376 17.321 39.504 154 164 160
19.114 16.867 39.637 158 168 163
19.242 17.128 39.688 154 163 158
19.875 18.318 39.635 154 163 159
20.136 18.823 39.662 150 161 157
20.036 18.668 39.762 151 162 160
19.828 18.314 39.882 149 163 159
19.929 18.526 39.942 144 158 153
19.380 17.545 40.128 148 162 156
19.582 17.944 40.167 151 162 157
19.798 18.369 40.205 154 164 160
19.939 18.655 40.259 154 163 159
19.876 18.568 40.350 150 161 157
19.382 17.686 40.520 152 163 161
19.298 17.558 40.614 151 162 160
19.605 18.153 40.638 146 158 155
19.504 17.993 40.735 148 161 158
19.437 17.897 40.826 148 162 158
19.890 18.762 40.827 146 160 157
19.867 18.746 40.911 149 163 160
19.681 18.431 41.022 149 163 161
19.822 18.720 41.079 148 161 160
20.320 19.668 41.078 144 158 156
19.533 18.241 41.286 148 162 158
19.770 18.708 41.328 143 158 155
19.569 18.363 41.440 145 161 157
20.014 19.216 41.451 141 157 154
19.676 18.617 41.584 142 159 155
19.842 18.954 41.639 142 159 153
19.708 18.732 41.740 143 160 152
19.678 18.705 41.825 145 161 153
20.381 20.038 41.805 143 160 152
20.318 19.950 41.896 139 157 148
20.506 20.329 41.953 137 156 147
20.651 20.626 42.016 137 155 145
20.900 21.119 42.066 135 152 142
21.201 21.708 42.110 134 151 139
21.064 21.483 42.212 134 151 138
21.679 22.658 42.219 134 150 137
21.590 22.523 42.315 137 152 139
21.139 21.710 42.456 138 151 142
21.249 21.946 42.527 134 146 139
21.806 23.014 42.547 136 147 139
21.868 23.160 42.626 137 147 138
22.293 23.985 42.665 134 142 132
21.820 23.132 42.805 136 143 132
22.493 24.419 42.819 132 140 129
22.093 23.702 42.949 137 144 134
23.317 26.023 42.910 129 138 128
22.695 24.891 43.063 130 140 133
22.851 25.213 43.137 127 138 133
22.902 25.340 43.221 124 135 133
22.795 25.171 43.320 128 140 138
22.913 25.424 43.399 127 139 136
22.874 25.382 43.492 124 137 133
22.506 24.723 43.614 120 134 128
23.387 26.407 43.628 119 134 128
23.618 26.874 43.700 118 133 127
23.784 27.218 43.779 120 132 127
23.450 26.623 43.896 128 137 133
22.621 25.096 44.050 128 136 133
23.019 25.876 44.111 127 134 133
22.885 25.656 44.210 131 136 135
22.740 25.414 44.311 128 133 132
23.215 26.341 44.369 129 134 132
23.320 26.571 44.454 130 135 132
23.436 26.822 44.538 129 134 132
23.618 27.197 44.620 124 129 128
23.650 27.291 44.710 123 130 127
23.444 26.934 44.814 121 130 126
24.477 28.917 44.853 121 129 126
24.247 28.517 44.958 122 129 127
24.013 28.107 45.064 123 131 129
23.775 27.691 45.168 120 129 127
23.879 27.919 45.257 121 130 128
24.007 28.194 45.345 120 129 127
23.388 27.057 45.462 125 135 130
23.130 26.601 45.564 123 135 125
23.824 27.947 45.633 118 130 120
23.397 27.171 45.740 123 135 125
24.279 28.877 45.808 116 128 119
24.091 28.554 45.908 117 129 122
24.013 28.440 46.004 115 128 123
24.130 28.695 46.096 117 128 126
27.530 27.680 25.703 139 150 151
27.518 27.728 25.881 131 145 146
26.583 26.146 26.420 136 152 153
26.799 26.554 26.399 129 146 147
25.974 25.159 26.881 132 151 151
25.535 24.433 27.174 135 156 154
25.086 23.688 27.470 136 159 154
24.829 23.275 27.674 136 159 152
24.609 22.924 27.859 139 160 153
25.127 23.854 27.695 140 158 151
24.599 22.970 28.024 144 158 153
24.508 22.843 28.147 142 156 151
24.230 22.392 28.357 144 158 155
24.697 23.234 28.221 143 157 154
24.009 22.070 28.619 145 159 156
24.439 22.848 28.501 141 156 153
23.585 21.393 28.972 142 159 155
23.871 21.921 28.921 142 157 154
24.061 22.282 28.914 142 156 153
24.084 22.354 28.983 142 156 153
23.436 21.255 29.354 148 162 158
23.934 22.153 29.210 144 155 152
23.919 22.156 29.297 145 155 153
23.747 21.887 29.453 149 158 157
22.478 19.703 30.092 155 164 164
22.667 20.061 30.086 151 159 159
23.287 21.174 29.893 153 160 160
23.277 21.186 29.976 151 157 158
23.296 21.249 30.047 152 159 159
23.140 21.004 30.193 151 157 157
22.684 20.236 30.467 154 161 160
22.878 20.605 30.462 151 159 157
23.035 20.910 30.474 148 157 155
22.202 19.479 30.905 150 161 158
21.845 18.881 31.132 152 163 161
22.669 20.355 30.863 146 159 157
22.797 20.609 30.888 145 159 158
22.492 20.102 31.093 143 157 156
22.119 19.475 31.325 152 166 165
22.493 20.161 31.248 148 161 160
23.288 21.587 31.002 144 158 157
22.306 19.889 31.481 151 165 165
21.760 18.957 31.779 155 168 170
22.439 20.181 31.583 149 161 163
21.707 18.919 31.954 152 163 165
21.524 18.624 32.104 152 164 165
22.193 19.833 31.915 149 162 162
22.458 20.328 31.888 149 164 161
22.082 19.693 32.114 148 164 161
21.411 18.537 32.454 152 168 165
22.168 19.900 32.237 142 158 157
22.038 19.700 32.364 145 161 158
21.875 19.440 32.505 150 167 163
21.627 19.030 32.677 156 173 169
21.041 18.020 32.977 157 174 170
21.910 19.585 32.725 153 167 164
22.400 20.481 32.619 152 163 161
21.759 19.375 32.937 154 166 163
21.883 19.622 32.969 152 163 161
21.618 19.180 33.144 153 165 162
21.965 19.823 33.094 151 162 160
21.736 19.444 33.257 153 164 162
21.578 19.192 33.392 153 165 162
21.625 19.303 33.452 151 164 161
21.311 18.774 33.643 152 166 163
21.264 18.718 33.737 149 163 160
21.444 19.065 33.750 148 162 158
21.539 19.261 33.794 147 162 158
21.446 19.123 33.905 149 163 160
21.041 18.429 34.124 154 167 164
20.920 18.242 34.242 155 167 164
20.625 17.745 34.421 160 172 168
20.726 17.951 34.462 158 169 164
21.064 18.581 34.424 153 163 158
20.418 17.456 34.720 163 172 168
21.075 18.654 34.575 154 163 159
21.839 20.046 34.397 148 157 153
21.408 19.303 34.619 155 164 159
21.018 18.635 34.826 162 171 165
21.278 19.127 34.818 158 168 161
21.298 19.191 34.890 156 166 159
21.318 19.253 34.962 155 164 159
20.737 18.242 35.227 156 165 161
20.892 18.546 35.255 155 164 160
21.101 18.948 35.266 151 161 156
21.535 19.752 35.207 152 162 158
20.398 17.742 35.642 155 164 162
20.898 18.666 35.563 154 164 162
20.877 18.656 35.647 153 165 162
20.567 18.126 35.820 156 168 165
20.526 18.080 35.910 151 162 160
20.404 17.888 36.024 152 165 161
20.443 17.985 36.090 153 168 162
19.924 17.079 36.321 160 175 169
19.894 17.052 36.406 155 169 163
20.468 18.111 36.314 150 164 159
20.027 17.345 36.520 153 168 162
19.678 16.744 36.697 155 169 162
19.582 16.596 36.801 161 173 166
19.916 17.225 36.782 155 167 160
19.863 17.157 36.873 153 165 158
19.759 16.996 36.979 156 168 162
19.599 16.733 37.100 156 168 163
19.210 16.058 37.283 157 170 164
19.024 15.748 37.409 152 166 161
19.668 16.938 37.309 153 169 164
19.172 16.068 37.520 153 169 165
19.158 16.069 37.599 153 169 165
19.180 16.134 37.668 156 170 166
19.701 17.103 37.607 156 168 165
19.226 16.271 37.808 158 169 166
19.573 16.926 37.793 155 167 164
19.453 16.735 37.901 155 167 164
19.374 16.618 37.997 156 168 165
19.312 16.533 38.089 158 169 166
19.105 16.184 38.217 156 168 164
19.239 16.454 38.260 154 166 161
19.235 16.473 38.337 155 167 162
19.015 16.100 38.467 156 168 163
19.344 16.723 38.464 155 166 161
19.103 16.312 38.598 157 167 162
19.266 16.635 38.635 157 166 163
18.250 14.814 38.951 166 176 173
18.578 15.437 38.949 161 171 168
18.703 15.689 38.995 156 168 163
19.163 16.554 38.966 153 165 159
18.850 16.011 39.113 154 166 159
19.024 16.354 39.150 156 168 161
19.199 16.701 39.188 159 171 163
18.539 15.523 39.410 157 170 161
19.082 16.540 39.367 153 165 155
19.375 17.101 39.381 154 165 155
19.603 17.544 39.410 156 166 157
19.497 17.378 39.510 155 163 155
19.818 17.991 39.521 154 162 155
19.628 17.671 39.639 157 165 160
19.724 17.875 39.698 156 165 161
19.507 17.505 39.820 154 163 160
19.433 17.396 39.913 155 164 162
19.446 17.447 39.989 155 165 163
19.308 17.221 40.094 154 166 163
19.386 17.392 40.157 151 163 161
19.142 16.972 40.282 153 165 162
19.775 18.160 40.240 150 161 158
20.190 18.949 40.242 149 158 156
19.463 17.642 40.456 154 164 162
19.901 18.475 40.455 147 159 156
19.595 17.940 40.590 147 160 157
19.738 18.230 40.643 150 164 161
19.278 17.412 40.803 151 165 162
19.141 17.187 40.906 150 164 161
19.567 17.999 40.911 149 163 159
19.892 18.624 40.936 150 164 161
19.482 17.897 41.084 149 163 161
19.691 18.310 41.129 149 162 162
19.764 18.472 41.197 149 164 162
19.741 18.457 41.281 142 159 155
19.178 17.446 41.449 148 166 162
19.210 17.533 41.523 149 167 163
19.539 18.169 41.552 144 161 157
19.273 17.704 41.671 142 159 155
19.526 18.200 41.713 143 160 155
19.179 17.585 41.844 145 161 155
19.795 18.754 41.834 144 160 154
20.118 19.380 41.869 146 161 155
20.181 19.526 41.942 143 159 152
19.874 18.984 42.066 142 159 151
20.339 19.874 42.084 140 155 146
20.641 20.464 42.127 141 155 145
21.148 21.433 42.144 137 152 140
21.065 21.308 42.238 136 151 138
21.581 22.296 42.258 135 150 137
21.537 22.245 42.348 136 151 138
21.144 21.544 42.481 137 152 140
21.082 21.458 42.573 139 154 144
21.599 22.450 42.597 139 151 142
21.704 22.674 42.671 138 148 139
21.774 22.836 42.749 137 147 138
21.772 22.861 42.835 135 145 136
21.840 23.018 42.914 133 142 134
22.084 23.503 42.975 134 142 135
22.421 24.163 43.028 136 143 138
22.031 23.466 43.155 134 142 138
22.422 24.227 43.204 129 139 134
22.352 24.127 43.298 131 143 138
22.592 24.606 43.364 130 141 137
22.627 24.703 43.450 128 140 137
22.814 25.083 43.522 125 139 136
22.212 23.988 43.663 121 138 134
23.282 26.021 43.661 116 133 129
23.421 26.313 43.741 113 129 126
22.784 25.153 43.882 119 134 130
23.102 25.780 43.947 123 137 134
22.810 25.264 44.059 122 134 132
22.894 25.453 44.143 128 137 135
22.279 24.330 44.276 130 137 135
22.421 24.627 44.355 130 135 134
23.219 26.159 44.392 129 134 133
22.664 25.147 44.518 134 138 137
23.308 26.390 44.568 131 135 134
23.291 26.390 44.661 131 136 135
23.816 27.411 44.723 127 134 133
23.939 27.673 44.809 122 131 129
24.358 28.496 44.881 118 128 126
24.292 28.405 44.978 120 129 127
24.532 28.889 45.061 120 129 127
24.146 28.196 45.173 120 129 127
24.064 28.075 45.270 120 129 127
23.390 26.835 45.390 121 130 128
23.729 27.507 45.470 123 133 129
23.257 26.648 45.579 123 133 128
23.399 26.949 45.667 119 130 124
23.643 27.444 45.752 121 133 126
24.793 29.652 45.814 116 127 120
24.476 29.086 45.917 123 133 126
24.404 28.983 46.014 114 123 119
24.695 29.568 46.104 117 127 125
27.797 27.918 25.549 138 149 149
27.590 27.597 25.736 136 147 148
27.635 27.708 25.800 135 147 149
26.839 26.372 26.272 136 149 151
25.266 23.693 27.117 145 160 161
25.247 23.691 27.208 137 154 153
26.288 25.521 26.790 134 152 150
26.273 25.528 26.880 130 151 148
25.165 23.648 27.490 136 159 154
25.250 23.826 27.532 135 158 151
25.541 24.362 27.476 133 154 147
25.126 23.676 27.753 134 155 147
24.888 23.296 27.946 136 158 148
24.754 23.095 28.089 138 160 153
24.577 22.820 28.252 138 158 154
24.960 23.515 28.155 137 156 151
23.876 21.667 28.735 146 162 158
25.141 23.891 28.235 137 152 151
24.102 22.119 28.791 140 156 157
24.127 22.194 28.859 143 159 160
24.230 22.403 28.892 142 158 157
24.546 22.984 28.830 139 154 151
24.463 22.871 28.948 139 153 150
23.868 21.866 29.294 142 156 152
23.340 20.978 29.608 149 163 160
23.685 21.608 29.534 145 156 155
23.288 20.946 29.788 149 158 158
23.312 21.018 29.856 150 159 159
23.022 20.542 30.061 150 159 159
23.170 20.830 30.075 149 156 157
23.279 21.049 30.106 147 154 155
22.990 20.574 30.309 149 155 155
22.805 20.280 30.466 152 159 157
22.953 20.567 30.482 151 159 158
22.936 20.567 30.567 150 159 159
22.827 20.406 30.691 149 159 159
22.871 20.512 30.751 148 160 159
22.767 20.359 30.873 147 160 159
22.838 20.511 30.922 146 160 159
22.725 20.343 31.047 145 159 157
22.231 19.505 31.328 155 169 165
22.688 20.336 31.218 148 161 158
23.410 21.629 31.003 142 154 151
22.417 19.917 31.485 149 161 158
22.874 20.747 31.378 148 160 157
22.066 19.358 31.781 149 161 158
21.835 18.981 31.951 152 163 161
21.961 19.230 31.977 152 165 163
21.923 19.191 32.070 151 165 164
22.894 20.926 31.765 145 160 159
23.348 21.755 31.667 143 160 158
22.431 20.169 32.104 148 164 163
21.940 19.333 32.372 150 167 165
22.249 19.906 32.331 146 162 159
22.628 20.600 32.264 141 157 154
21.788 19.148 32.663 150 165 162
22.172 19.853 32.595 146 160 157
22.155 19.853 32.679 151 165 162
22.180 19.925 32.748 150 164 161
21.715 19.132 32.999 152 165 161
21.604 18.963 33.118 154 166 161
21.823 19.378 33.114 152 163 158
21.902 19.544 33.163 154 166 161
21.796 19.385 33.280 153 166 161
21.589 19.047 33.433 153 168 162
21.438 18.807 33.564 151 165 161
21.768 19.418 33.524 151 165 162
21.408 18.808 33.730 149 166 162
21.188 18.446 33.885 147 166 162
21.573 19.156 33.826 147 166 162
20.891 17.974 34.142 149 167 163
20.855 17.937 34.231 150 167 163
21.004 18.228 34.256 151 165 162
21.075 18.382 34.309 154 167 164
20.750 17.831 34.497 155 167 164
20.920 18.161 34.515 156 167 164
20.785 17.948 34.638 157 166 164
21.239 18.782 34.562 157 165 163
21.768 19.751 34.464 153 160 158
21.168 18.711 34.741 156 162 160
21.791 19.848 34.614 149 157 153
21.614 19.560 34.751 155 163 157
20.833 18.196 35.083 159 169 162
20.896 18.334 35.140 156 167 160
20.977 18.507 35.191 154 166 159
20.965 18.513 35.272 156 168 162
20.517 17.739 35.491 159 171 166
20.575 17.870 35.550 159 169 166
20.667 18.061 35.598 156 165 163
20.774 18.280 35.642 156 167 164
20.655 18.094 35.756 155 167 164
20.291 17.469 35.944 158 169 167
20.229 17.385 36.040 162 171 169
20.374 17.671 36.072 156 167 163
20.453 17.841 36.126 156 168 163
19.873 16.827 36.375 159 171 165
19.823 16.764 36.465 158 169 164
20.127 17.336 36.452 156 170 164
20.383 17.823 36.455 152 166 161
19.523 16.305 36.780 160 172 167
19.667 16.589 36.814 158 168 163
19.899 17.032 36.824 156 167 162
19.884 17.033 36.904 156 168 163
19.972 17.217 36.956 155 167 162
19.529 16.447 37.156 156 168 163
19.261 15.990 37.305 157 170 164
19.644 16.707 37.276 153 168 162
19.250 16.024 37.459 158 172 168
19.406 16.332 37.492 155 169 165
19.757 16.990 37.474 152 166 163
19.333 16.252 37.663 152 166 163
19.373 16.351 37.728 156 170 166
19.208 16.078 37.847 158 172 169
19.133 15.970 37.942 157 171 168
18.910 15.592 38.075 159 173 170
19.148 16.050 38.089 157 171 168
18.894 15.616 38.229 160 174 171
19.121 16.053 38.247 153 167 164
19.433 16.644 38.246 153 167 164
19.100 16.068 38.404 155 168 164
19.242 16.351 38.446 154 166 161
19.507 16.858 38.458 151 161 156
19.270 16.454 38.591 159 166 162
18.755 15.547 38.789 164 170 168
18.505 15.120 38.923 165 172 170
18.698 15.497 38.953 163 169 168
18.725 15.572 39.022 165 172 170
19.034 16.159 39.028 159 169 164
19.015 16.151 39.108 154 166 159
19.148 16.418 39.155 153 165 157
19.672 17.398 39.116 151 163 155
19.121 16.424 39.314 153 163 157
19.003 16.234 39.416 156 166 159
19.204 16.629 39.449 156 166 158
19.342 16.907 39.497 158 168 159
19.574 17.355 39.526 155 165 155
19.744 17.693 39.568 154 163 154
19.744 17.719 39.647 156 166 158
19.335 17.000 39.808 159 169 162
19.685 17.667 39.815 156 167 161
19.792 17.890 39.873 156 168 163
19.960 18.223 39.918 149 161 157
19.874 18.094 40.014 148 160 157
19.851 18.080 40.098 149 161 158
19.632 17.706 40.218 148 160 157
19.926 18.271 40.242 147 159 156
19.519 17.554 40.397 152 163 161
19.040 16.704 40.563 153 166 163
19.402 17.395 40.575 151 165 162
19.548 17.689 40.627 147 162 158
19.332 17.319 40.744 151 165 162
19.517 17.687 40.790 151 165 162
19.309 17.331 40.905 150 164 161
19.781 18.226 40.903 149 163 160
19.447 17.640 41.039 151 165 162
19.417 17.612 41.123 151 164 161
19.331 17.482 41.216 151 162 160
19.582 17.971 41.254 153 166 162
19.843 18.479 41.292 150 164 159
19.416 17.720 41.439 148 165 158
19.333 17.595 41.531 147 166 160
19.463 17.861 41.590 146 165 159
19.407 17.787 41.678 145 164 157
19.509 18.002 41.743 145 161 155
19.576 18.154 41.812 146 161 155
19.801 18.596 41.860 145 159 154
19.935 18.873 41.922 142 156 150
19.888 18.814 42.009 148 162 155
19.823 18.721 42.099 146 161 153
20.490 19.983 42.091 137 152 142
20.588 20.194 42.160 136 151 140
20.721 20.468 42.225 138 153 143
21.033 21.074 42.269 138 153 143
21.303 21.604 42.319 136 152 142
21.296 21.621 42.404 138 155 144
21.227 21.523 42.497 138 154 144
21.376 21.827 42.564 135 149 139
21.549 22.179 42.629 132 144 134
21.400 21.932 42.731 137 147 138
21.597 22.328 42.794 136 144 137
21.881 22.884 42.849 140 148 141
21.881 22.916 42.935 140 146 141
21.769 22.737 43.033 138 143 140
21.785 22.796 43.118 140 144 141
21.834 22.918 43.199 137 142 139
21.990 23.238 43.270 138 144 139
21.290 21.965 43.424 139 146 140
22.129 23.558 43.432 130 140 135
21.710 22.808 43.557 130 141 139
22.372 24.073 43.585 128 140 138
23.052 25.373 43.615 120 132 129
23.147 25.581 43.697 121 133 131
23.463 26.203 43.761 118 130 127
22.583 24.590 43.921 126 137 132
22.578 24.613 44.010 131 141 134
22.312 24.146 44.119 127 137 129
22.629 24.771 44.185 129 139 132
22.485 24.532 44.284 134 141 139
22.678 24.925 44.360 124 129 130
22.747 25.084 44.445 129 132 135
22.132 23.963 44.573 137 139 143
23.023 25.665 44.608 131 133 137
22.543 24.796 44.726 134 136 140
23.653 26.911 44.754 127 131 133
23.790 27.200 44.839 126 133 132
23.350 26.406 44.954 125 134 131
24.479 28.560 44.991 115 124 122
24.286 28.231 45.094 118 128 126
23.934 27.602 45.203 121 130 128
24.044 27.842 45.292 120 129 127
23.476 26.804 45.407 122 131 129
22.994 25.930 45.517 123 133 130
22.617 25.252 45.621 124 134 132
23.556 27.053 45.682 121 130 128
23.553 27.080 45.774 126 135 133
23.483 26.980 45.869 121 130 129
23.143 26.371 45.970 127 136 136
24.543 29.048 46.031 118 128 128
27.442 27.156 25.870 138 149 150
27.771 27.756 25.796 135 147 149
26.823 26.161 26.341 137 149 151
26.747 26.063 26.462 137 151 152
24.856 22.844 27.453 139 155 155
26.819 26.254 26.595 131 150 148
25.660 24.291 27.232 134 155 151
24.980 23.152 27.636 136 159 154
25.616 24.281 27.416 135 158 151
25.777 24.591 27.423 134 155 148
25.430 24.025 27.668 135 156 148
25.497 24.172 27.718 133 154 145
25.291 23.848 27.896 137 159 151
24.320 22.201 28.427 138 158 154
24.815 23.089 28.278 138 157 154
24.159 21.986 28.660 145 161 159
24.541 22.677 28.565 142 158 158
24.921 23.365 28.473 136 152 153
24.213 22.171 28.874 146 160 162
24.588 22.851 28.785 141 152 154
23.520 21.031 29.345 149 160 159
23.790 21.530 29.303 148 160 157
23.795 21.567 29.380 146 159 156
23.655 21.355 29.521 145 159 156
23.660 21.393 29.598 145 159 157
23.496 21.138 29.749 144 158 157
23.463 21.111 29.842 150 160 162
22.990 20.318 30.127 151 157 160
23.321 20.924 30.061 149 155 158
23.252 20.832 30.170 151 157 160
22.669 19.847 30.498 156 162 164
22.017 18.740 30.853 163 170 171
23.052 20.571 30.491 152 161 162
22.881 20.303 30.641 152 163 163
22.808 20.204 30.750 148 161 159
22.873 20.347 30.801 146 160 157
22.554 19.819 31.012 150 164 161
23.162 20.908 30.838 144 158 155
22.881 20.448 31.032 148 161 158
22.466 19.751 31.281 153 165 162
22.737 20.253 31.248 155 165 164
22.965 20.680 31.234 151 160 160
22.081 19.163 31.669 157 166 165
22.203 19.404 31.697 155 164 162
23.049 20.914 31.436 147 156 154
22.410 19.824 31.770 152 162 160
21.783 18.752 32.096 156 168 165
21.574 18.414 32.255 157 171 168
22.430 19.943 31.996 148 163 160
22.537 20.160 32.032 143 160 156
22.372 19.899 32.174 149 164 161
21.532 18.451 32.576 156 170 166
21.659 18.701 32.604 153 166 163
21.899 19.152 32.589 152 163 161
21.812 19.025 32.700 155 167 164
21.712 18.878 32.815 154 166 163
21.574 18.663 32.944 154 166 162
21.729 18.963 32.963 153 165 160
21.327 18.283 33.189 156 168 162
21.329 18.313 33.265 154 166 159
21.563 18.753 33.256 154 166 159
21.535 18.731 33.343 154 166 159
21.717 19.081 33.354 154 167 161
21.644 18.979 33.458 156 170 164
21.418 18.607 33.616 154 169 163
21.667 19.075 33.604 150 167 161
21.105 18.109 33.881 149 167 161
21.088 18.107 33.964 149 167 161
21.785 19.367 33.796 148 167 162
21.879 19.560 33.842 146 165 161
21.417 18.770 34.080 146 164 160
21.006 18.069 34.299 150 167 163
21.186 18.415 34.314 153 167 164
20.928 17.986 34.478 156 168 165
21.068 18.261 34.508 156 167 164
20.881 17.955 34.648 156 165 163
21.158 18.474 34.632 157 165 163
20.685 17.663 34.866 160 167 165
20.736 17.780 34.925 156 164 162
21.247 18.715 34.835 156 165 163
21.503 19.196 34.829 154 164 160
20.875 18.107 35.110 158 170 162
21.219 18.746 35.077 151 164 156
20.554 17.590 35.367 153 168 160
20.793 18.042 35.368 153 166 160
20.949 18.347 35.395 152 164 159
20.852 18.201 35.503 153 165 161
20.409 17.438 35.718 156 168 165
20.651 17.897 35.720 156 168 165
20.530 17.708 35.834 156 168 165
20.471 17.630 35.929 156 167 164
20.408 17.544 36.024 156 165 163
20.391 17.540 36.106 157 168 164
20.025 16.913 36.292 159 171 166
20.117 17.104 36.341 151 162 157
19.721 16.421 36.533 158 168 163
20.022 16.987 36.521 159 167 163
19.700 16.437 36.690 165 172 168
19.846 16.724 36.724 162 169 166
19.813 16.693 36.809 158 165 161
19.875 16.830 36.868 160 167 163
19.523 16.225 37.043 165 172 168
19.169 15.615 37.217 165 173 169
19.600 16.415 37.173 156 165 161
19.628 16.492 37.241 155 164 160
19.815 16.855 37.266 156 165 161
19.643 16.571 37.388 156 165 162
19.184 15.774 37.587 156 165 163
19.534 16.428 37.570 155 165 163
19.009 15.510 37.784 158 169 166
18.999 15.518 37.861 161 173 170
18.944 15.444 37.950 162 174 171
19.228 15.983 37.952 159 172 169
19.066 15.716 38.069 153 167 164
19.222 16.025 38.105 150 164 161
18.888 15.448 38.264 159 173 170
19.104 15.864 38.286 157 171 168
19.162 15.995 38.347 156 170 166
19.048 15.815 38.450 155 168 165
19.077 15.893 38.519 156 168 165
19.615 16.893 38.466 156 165 163
19.096 15.981 38.666 161 168 166
18.742 15.367 38.825 162 168 167
19.018 15.892 38.836 159 164 163
19.104 16.074 38.892 163 168 166
19.026 15.958 38.986 163 168 164
19.363 16.597 38.985 159 168 162
19.054 16.063 39.131 155 167 160
19.092 16.157 39.199 154 166 159
19.151 16.291 39.262 155 167 160
19.124 16.269 39.345 155 166 159
18.906 15.899 39.468 157 167 160
19.148 16.365 39.493 156 166 159
19.197 16.481 39.559 162 171 165
19.525 17.104 39.567 161 170 162
19.946 17.896 39.558 150 160 151
19.829 17.711 39.661 151 163 154
19.421 16.995 39.822 152 167 159
19.684 17.502 39.846 152 168 160
19.805 17.748 39.901 153 169 161
19.938 18.018 39.954 148 165 159
19.596 17.421 40.099 150 167 163
19.471 17.220 40.201 149 166 162
20.174 18.531 40.146 143 160 156
19.968 18.182 40.264 148 163 160
19.662 17.651 40.400 151 165 162
19.603 17.571 40.489 149 163 160
19.391 17.210 40.606 150 164 161
19.378 17.214 40.687 152 166 163
19.040 16.622 40.824 153 167 164
19.319 17.160 40.853 152 165 162
19.919 18.286 40.829 148 160 157
19.701 17.913 40.946 149 161 158
19.297 17.201 41.092 156 168 165
19.314 17.259 41.168 154 166 163
19.242 17.154 41.258 154 166 163
19.367 17.411 41.316 153 166 162
19.276 17.271 41.410 152 166 161
19.477 17.667 41.457 150 163 157
19.576 17.877 41.521 146 158 153
19.602 17.952 41.596 147 162 156
19.093 17.044 41.752 152 171 164
19.379 17.597 41.788 147 164 158
19.614 18.058 41.834 148 162 156
19.973 18.746 41.863 148 162 155
19.639 18.159 41.990 148 162 154
20.033 18.913 42.016 150 163 155
19.989 18.860 42.103 151 163 155
20.453 19.744 42.122 144 154 146
20.036 19.004 42.258 148 158 149
20.418 19.736 42.291 144 156 146
21.108 21.039 42.286 134 148 138
20.649 20.219 42.426 141 157 146
20.590 20.140 42.516 141 158 147
21.569 21.979 42.482 131 149 138
21.285 21.483 42.600 132 149 138
20.977 20.942 42.720 138 151 142
20.629 20.328 42.843 140 149 142
20.645 20.386 42.924 141 149 144
21.432 21.873 42.923 141 149 145
22.091 23.126 42.938 140 144 141
21.744 22.511 43.061 141 144 141
21.419 21.939 43.179 141 143 140
21.803 22.682 43.227 138 140 138
22.292 23.620 43.266 136 141 136
21.600 22.364 43.418 133 141 134
21.403 22.028 43.522 133 142 138
21.776 22.751 43.574 134 143 141
21.895 23.004 43.650 132 142 139
22.317 23.819 43.701 128 137 133
21.704 22.707 43.840 134 143 139
21.771 22.863 43.921 136 146 141
22.634 24.502 43.940 123 133 127
21.959 23.274 44.080 133 142 135
21.614 22.660 44.193 133 141 134
21.905 23.235 44.259 126 131 125
22.175 23.768 44.327 130 135 132
21.439 22.426 44.464 133 137 136
22.198 23.873 44.502 131 134 136
22.455 24.384 44.574 134 136 140
22.711 24.894 44.648 134 135 140
22.714 24.932 44.738 130 132 136
23.466 26.370 44.786 131 135 136
23.297 26.085 44.886 129 135 134
22.893 25.361 44.998 129 138 136
23.485 26.501 45.060 121 133 130
23.726 26.986 45.141 120 131 128
24.025 27.579 45.220 122 131 129
24.384 28.287 45.299 116 126 123
23.754 27.136 45.417 121 130 128
22.964 25.685 45.538 126 133 133
22.813 25.432 45.634 130 135 136
23.576 26.898 45.701 127 131 133
23.884 27.512 45.784 130 135 136
23.281 26.410 45.894 129 135 136
23.449 26.757 45.981 124 133 134
24.593 28.945 46.049 119 129 128
24.600 28.991 46.144 121 130 128
24.723 29.258 46.237 115 123 120
25.029 29.868 46.328 116 123 119
27.143 26.424 25.993 138 149 151
27.189 26.537 26.055 139 149 151
27.302 26.765 26.085 141 150 152
27.040 26.350 26.296 140 150 152
26.393 25.274 26.692 138 149 151
25.629 23.996 27.141 140 153 153
26.281 25.148 26.912 136 150 149
25.591 23.995 27.322 139 155 152
25.271 23.478 27.555 138 157 153
25.815 24.445 27.381 136 156 150
25.271 23.542 27.718 134 155 148
25.008 23.121 27.922 135 156 150
24.822 22.832 28.089 133 154 149
25.065 23.283 28.057 135 156 154
24.610 22.530 28.348 139 159 159
24.884 23.034 28.303 137 155 156
24.446 22.309 28.584 141 157 158
24.401 22.262 28.684 148 161 163
24.572 22.587 28.687 144 155 157
24.453 22.413 28.821 141 151 153
24.056 21.757 29.079 144 153 156
24.104 21.870 29.137 148 156 159
24.116 21.922 29.212 149 158 160
24.177 22.059 29.264 146 157 157
24.215 22.154 29.327 142 156 153
23.983 21.783 29.509 145 159 157
24.159 22.118 29.512 144 158 157
23.491 20.991 29.882 147 157 158
23.386 20.838 30.007 149 156 159
23.830 21.637 29.894 150 156 159
23.157 20.498 30.262 155 162 165
22.789 19.889 30.498 155 164 165
22.801 19.939 30.570 151 162 162
22.953 20.233 30.583 148 161 159
23.172 20.642 30.569 145 159 156
23.236 20.782 30.621 146 160 157
23.035 20.462 30.784 146 160 157
23.201 20.780 30.793 149 163 160
23.356 21.078 30.808 146 160 157
23.341 21.082 30.893 145 158 155
23.461 21.319 30.923 144 155 153
23.343 21.143 31.051 143 154 151
22.839 20.292 31.334 149 161 158
22.190 19.188 31.674 152 163 161
22.666 20.049 31.560 147 159 156
22.308 19.451 31.781 152 163 161
21.919 18.800 32.013 154 166 163
22.291 19.478 31.943 148 161 158
22.463 19.807 31.953 145 159 156
22.487 19.878 32.021 149 163 160
22.668 20.222 32.029 151 165 162
22.425 19.825 32.201 153 166 163
21.621 18.445 32.588 154 166 163
21.710 18.627 32.631 154 166 162
21.908 19.002 32.632 154 166 161
22.239 19.611 32.584 151 162 157
22.134 19.455 32.702 152 164 159
21.665 18.658 32.955 155 168 163
22.244 19.703 32.817 150 164 159
21.740 18.847 33.081 147 162 156
21.937 19.220 33.086 151 165 160
21.926 19.228 33.168 152 165 159
21.711 18.878 33.323 153 165 158
21.597 18.704 33.442 151 164 156
21.322 18.248 33.618 157 171 163
21.402 18.416 33.666 157 171 164
21.818 19.177 33.595 151 165 160
21.276 18.249 33.864 152 168 162
21.688 19.002 33.796 151 170 163
21.405 18.530 33.973 148 167 162
21.002 17.847 34.190 153 172 168
21.210 18.240 34.195 152 169 165
20.927 17.768 34.368 152 168 164
21.083 18.070 34.392 153 167 164
21.343 18.557 34.380 154 166 163
20.992 17.964 34.576 157 166 164
20.798 17.647 34.717 161 168 166
21.632 19.151 34.516 158 164 163
21.586 19.097 34.610 155 162 161
21.191 18.425 34.817 156 164 162
20.990 18.095 34.960 156 165 163
21.031 18.194 35.024 155 166 162
21.250 18.611 35.031 154 166 161
21.447 18.988 35.045 152 165 160
20.790 17.849 35.332 153 168 162
20.675 17.671 35.445 154 167 162
21.109 18.468 35.386 149 161 156
21.276 18.793 35.411 152 163 160
20.287 17.062 35.795 158 169 166
20.818 18.033 35.708 155 167 164
20.228 17.008 35.966 155 167 164
20.299 17.162 36.020 158 169 167
19.929 16.529 36.208 159 170 168
20.263 17.151 36.183 156 168 164
20.242 17.140 36.266 156 168 163
20.136 16.978 36.373 158 169 164
20.057 16.863 36.473 159 169 164
19.802 16.435 36.623 160 169 164
19.862 16.568 36.681 160 167 163
19.888 16.640 36.749 160 167 163
19.605 16.162 36.906 161 168 164
19.731 16.412 36.946 161 168 164
19.489 16.006 37.089 165 172 168
19.477 16.010 37.167 161 170 166
19.404 15.905 37.263 158 168 163
19.457 16.027 37.323 163 172 168
19.340 15.844 37.430 165 175 170
19.708 16.530 37.407 160 170 166
19.237 15.711 37.608 164 173 169
19.260 15.779 37.677 164 173 169
19.596 16.406 37.665 156 165 161
19.200 15.722 37.844 163 172 168
18.733 14.910 38.039 164 173 169
19.225 15.820 37.987 160 170 167
19.299 15.978 38.044 158 169 166
19.190 15.808 38.147 156 168 166
19.113 15.697 38.242 158 169 166
18.908 15.353 38.368 158 169 165
19.191 15.890 38.373 159 171 166
18.972 15.521 38.502 159 171 165
19.133 15.837 38.539 153 165 160
19.109 15.820 38.620 157 168 163
18.695 15.100 38.794 162 171 167
18.868 15.436 38.828 163 169 167
18.824 15.383 38.914 164 169 168
18.939 15.618 38.962 163 169 166
19.238 16.184 38.970 160 170 163
19.113 15.984 39.074 159 171 162
18.889 15.605 39.200 158 170 160
18.826 15.517 39.290 160 174 163
19.023 15.901 39.322 156 170 160
19.129 16.118 39.375 155 169 160
19.114 16.117 39.455 156 168 161
19.142 16.194 39.525 155 167 160
18.840 15.674 39.665 159 171 163
19.065 16.108 39.694 158 171 163
19.312 16.583 39.720 152 167 159
19.266 16.525 39.807 156 170 162
19.279 16.576 39.881 158 172 165
19.275 16.596 39.959 156 170 162
19.079 16.265 40.075 157 171 163
19.278 16.653 40.113 154 169 163
18.966 16.113 40.250 152 168 164
19.136 16.448 40.295 154 169 166
19.242 16.668 40.352 152 166 163
19.564 17.282 40.369 150 164 161
19.278 16.787 40.500 150 164 161
19.624 17.446 40.515 150 164 161
19.807 17.806 40.561 151 165 162
19.538 17.342 40.687 151 165 162
19.724 17.710 40.733 146 160 157
19.500 17.327 40.851 152 163 161
19.476 17.312 40.933 152 162 160
19.530 17.438 41.003 153 162 160
19.543 17.488 41.079 154 163 161
19.481 17.402 41.168 153 163 161
19.428 17.332 41.256 153 165 162
19.381 17.272 41.342 153 165 161
19.544 17.599 41.395 154 166 161
19.289 17.159 41.513 152 162 157
19.368 17.331 41.580 156 165 161
19.583 17.752 41.626 152 164 159
19.939 18.432 41.653 151 165 160
20.063 18.688 41.715 146 161 155
19.856 18.336 41.825 146 161 155
19.814 18.287 41.912 147 162 155
19.625 17.967 42.018 149 163 155
19.750 18.225 42.081 147 161 153
20.213 19.104 42.099 147 159 152
20.237 19.177 42.177 150 161 154
20.296 19.313 42.250 150 160 153
20.244 19.246 42.339 149 158 153
20.367 19.501 42.405 149 158 154
20.313 19.430 42.493 146 159 152
20.701 20.173 42.528 140 157 146
21.155 21.039 42.557 136 153 143
21.021 20.822 42.657 135 152 144
20.805 20.451 42.765 144 159 151
21.368 21.520 42.785 135 147 140
21.216 21.269 42.886 141 150 145
21.110 21.103 42.982 144 151 147
21.500 21.852 43.025 140 144 141
21.086 21.117 43.153 143 145 142
21.038 21.057 43.242 143 146 144
21.240 21.460 43.306 141 146 142
21.802 22.530 43.337 141 147 142
22.030 22.982 43.402 136 143 137
21.953 22.870 43.496 133 142 138
22.222 23.399 43.558 128 137 135
21.718 22.496 43.689 134 143 140
22.183 23.389 43.736 131 141 136
21.571 22.282 43.874 134 143 139
21.275 21.761 43.983 137 147 142
21.200 21.651 44.074 138 148 141
21.731 22.669 44.120 141 151 142
21.455 22.187 44.226 139 147 138
21.686 22.646 44.296 127 132 124
21.750 22.795 44.379 137 141 135
20.875 21.194 44.523 143 145 142
21.902 23.140 44.543 136 138 137
21.874 23.117 44.632 137 139 139
22.565 24.436 44.678 135 138 138
22.111 23.621 44.793 135 140 139
22.575 24.519 44.856 132 140 139
22.559 24.519 44.946 124 135 133
23.369 26.063 44.995 120 134 129
23.086 25.567 45.100 118 133 127
23.287 25.975 45.181 121 133 129
23.622 26.633 45.258 120 129 127
23.931 27.243 45.338 122 130 128
23.924 27.264 45.431 125 132 130
23.758 26.985 45.530 124 129 129
23.316 26.187 45.637 127 131 133
23.218 26.036 45.731 128 134 135
23.267 26.160 45.821 126 133 134
23.464 26.563 45.908 122 130 129
23.511 26.684 45.999 124 134 132
23.818 27.292 46.085 119 130 126
23.833 27.353 46.178 119 131 126
24.369 28.393 46.262 121 130 126
24.300 28.297 46.358 123 130 126
25.130 29.892 46.442 119 126 121
26.734 25.542 26.254 142 153 158
27.430 26.766 25.999 138 147 151
26.933 25.951 26.324 141 150 152
26.171 24.681 26.775 142 152 155
26.190 24.747 26.848 139 150 152
26.390 25.122 26.836 139 152 151
26.627 25.561 26.806 136 150 147
25.800 24.176 27.282 136 151 148
25.546 23.774 27.483 138 154 150
25.487 23.704 27.593 138 157 153
26.147 24.870 27.365 133 154 149
24.908 22.774 28.025 136 157 152
24.284 21.735 28.395 141 162 157
24.677 22.441 28.293 136 157 155
24.818 22.714 28.308 139 159 159
24.657 22.468 28.463 143 159 161
24.813 22.768 28.472 144 155 157
24.575 22.389 28.660 149 159 161
24.264 21.884 28.881 148 159 161
24.168 21.750 29.003 144 154 157
24.263 21.943 29.041 152 161 164
23.605 20.840 29.413 155 163 166
23.735 21.094 29.434 152 161 164
24.035 21.642 29.380 147 158 159
24.004 21.618 29.474 144 158 157
24.098 21.811 29.512 143 158 157
23.797 21.320 29.723 147 163 162
23.512 20.858 29.925 145 162 162
23.643 21.114 29.948 145 160 161
23.676 21.200 30.013 145 159 161
23.190 20.388 30.299 149 161 163
22.833 19.800 30.529 152 164 165
22.223 18.771 30.866 152 166 165
22.171 18.709 30.964 151 165 163
22.501 19.310 30.902 150 164 161
23.413 20.922 30.598 142 156 152
22.844 19.963 30.913 145 159 156
22.817 19.945 31.002 150 164 161
22.291 19.059 31.296 157 171 168
22.517 19.481 31.281 153 167 164
22.838 20.067 31.227 150 164 161
22.396 19.326 31.485 150 164 161
22.079 18.804 31.690 151 165 162
22.105 18.877 31.756 154 167 164
22.373 19.371 31.726 153 167 164
22.631 19.850 31.701 149 164 161
22.761 20.104 31.727 143 160 156
22.215 19.180 32.020 147 162 158
22.654 19.973 31.926 145 159 156
22.674 20.037 31.996 149 163 158
22.808 20.299 32.023 143 157 152
21.828 18.617 32.478 155 168 163
21.838 18.662 32.551 154 166 161
22.243 19.396 32.474 149 161 156
22.146 19.256 32.588 155 167 162
22.025 19.071 32.712 153 165 160
21.879 18.844 32.844 154 166 161
21.837 18.798 32.936 155 167 163
22.088 19.265 32.920 151 162 160
21.930 19.016 33.056 151 164 161
21.626 18.510 33.245 155 169 165
22.407 19.908 33.038 146 160 157
21.757 18.795 33.352 152 166 163
21.772 18.850 33.423 152 166 162
20.970 17.468 33.788 159 173 168
21.576 18.559 33.648 153 168 162
21.145 17.829 33.878 155 169 163
21.520 18.516 33.822 152 166 161
20.951 17.542 34.098 156 170 164
20.860 17.409 34.206 152 168 163
21.207 18.046 34.162 154 170 166
21.108 17.900 34.272 154 169 165
21.027 17.783 34.377 154 166 163
20.793 17.398 34.532 154 166 164
21.090 17.948 34.508 154 165 165
20.582 17.079 34.755 156 165 164
20.995 17.833 34.693 158 165 163
21.438 18.643 34.623 158 165 163
21.202 18.253 34.778 159 166 164
21.309 18.470 34.820 158 166 164
21.067 18.069 34.977 157 166 164
21.222 18.371 35.003 156 167 164
21.223 18.398 35.081 154 166 163
20.650 17.412 35.341 155 168 164
20.854 17.800 35.352 153 168 162
20.626 17.423 35.501 153 168 162
21.178 18.428 35.405 150 164 159
20.804 17.791 35.599 154 167 162
20.277 16.883 35.838 159 171 166
20.878 17.977 35.730 153 165 160
20.293 16.964 35.985 156 168 163
20.203 16.831 36.088 156 168 164
20.170 16.799 36.174 160 171 169
20.121 16.739 36.264 159 170 167
20.364 17.197 36.268 152 164 159
19.992 16.561 36.454 158 169 165
19.771 16.194 36.594 159 169 166
20.088 16.786 36.577 160 170 167
20.069 16.778 36.659 156 165 161
19.736 16.210 36.830 159 167 164
19.765 16.288 36.897 163 170 169
19.683 16.169 36.996 164 170 168
20.031 16.815 36.974 160 167 163
19.674 16.204 37.149 162 169 165
19.292 15.548 37.330 162 169 166
19.445 15.847 37.363 161 170 166
18.876 14.857 37.591 163 172 168
19.420 15.855 37.520 163 172 168
19.430 15.900 37.592 160 170 166
19.359 15.798 37.686 162 171 167
19.196 15.532 37.804 158 168 163
19.098 15.383 37.905 164 174 169
19.035 15.296 37.996 162 171 167
19.251 15.708 38.015 162 171 168
19.061 15.394 38.139 162 171 169
18.958 15.234 38.240 164 173 171
18.882 15.125 38.333 169 178 176
19.046 15.446 38.367 164 172 169
18.829 15.081 38.495 165 172 168
18.780 15.019 38.582 165 172 168
18.822 15.120 38.647 163 171 167
18.948 15.372 38.691 161 168 163
18.739 15.022 38.816 162 170 163
18.565 14.734 38.931 165 173 167
18.923 15.404 38.923 163 173 166
18.700 15.029 39.049 162 174 166
18.589 14.855 39.149 157 171 161
18.920 15.477 39.150 154 169 158
18.675 15.061 39.280 158 173 160
18.831 15.370 39.320 161 176 163
19.238 16.129 39.307 152 167 155
18.967 15.667 39.442 157 170 160
19.010 15.771 39.508 158 170 162
18.780 15.380 39.633 158 171 165
19.742 17.146 39.507 155 169 163
19.256 16.295 39.686 154 167 162
19.039 15.928 39.807 154 166 161
19.502 16.792 39.789 154 167 161
19.110 16.110 39.945 150 164 156
19.283 16.449 39.988 155 169 162
19.012 15.984 40.118 158 169 164
18.959 15.915 40.205 156 168 164
19.426 16.788 40.192 153 165 162
19.338 16.656 40.286 158 169 167
19.145 16.332 40.399 154 166 163
19.710 17.385 40.372 150 162 160
19.243 16.563 40.536 153 167 164
19.156 16.431 40.629 153 167 164
19.182 16.505 40.701 158 172 169
19.338 16.815 40.751 152 166 162
18.908 16.060 40.904 150 164 159
19.002 16.258 40.965 153 166 161
18.990 16.263 41.044 156 168 163
19.015 16.335 41.117 155 167 162
19.738 17.681 41.075 147 159 154
19.574 17.408 41.181 154 164 160
19.036 16.454 41.346 155 164 160
19.274 16.915 41.386 153 163 159
19.311 17.009 41.459 153 165 160
19.258 16.940 41.545 150 161 155
19.768 17.898 41.546 156 166 159
19.468 17.378 41.670 158 168 162
19.806 18.023 41.700 151 161 156
19.627 17.723 41.805 149 161 156
20.110 18.635 41.816 145 159 154
19.804 18.102 41.939 150 164 159
19.665 17.875 42.039 150 164 159
19.414 17.442 42.152 150 163 157
19.646 17.896 42.200 151 162 157
19.572 17.788 42.290 154 166 162
20.094 18.773 42.302 148 160 157
20.409 19.380 42.343 146 159 156
20.375 19.346 42.429 145 159 156
20.820 20.193 42.456 143 158 154
20.658 19.924 42.559 138 154 148
20.423 19.519 42.669 141 158 151
19.734 18.280 42.831 145 161 155
20.237 19.233 42.854 143 157 152
20.564 19.864 42.900 144 155 150
20.884 20.483 42.947 144 155 150
20.835 20.422 43.036 146 158 153
21.523 21.719 43.048 138 148 145
21.933 22.506 43.091 134 141 140
21.051 20.906 43.265 140 147 145
20.993 20.829 43.354 140 147 143
21.923 22.576 43.350 137 144 140
21.592 21.995 43.467 138 145 141
21.435 21.733 43.566 138 148 143
21.318 21.547 43.662 138 150 145
20.943 20.882 43.779 136 148 143
21.292 21.559 43.834 135 147 142
21.163 21.348 43.930 135 147 143
21.564 22.121 43.983 134 146 141
21.654 22.319 44.062 134 146 139
22.432 23.792 44.090 132 144 135
21.610 22.296 44.237 137 149 139
20.564 20.383 44.397 137 147 138
20.624 20.525 44.476 147 155 147
20.819 20.917 44.548 143 148 142
21.740 22.657 44.574 143 147 141
21.119 21.533 44.699 142 147 141
21.928 23.067 44.737 131 140 133
21.987 23.208 44.821 132 144 137
22.169 23.577 44.899 126 138 132
22.251 23.761 44.983 127 139 134
22.468 24.196 45.060 132 144 139
22.575 24.426 45.144 133 145 140
22.703 24.698 45.228 132 142 137
23.037 25.351 45.303 127 136 132
23.191 25.671 45.388 125 134 130
23.048 25.436 45.484 130 137 135
23.395 26.116 45.562 125 130 131
23.300 25.971 45.657 126 130 131
23.204 25.822 45.751 127 133 132
23.370 26.164 45.838 125 132 128
23.458 26.361 45.927 122 130 126
23.593 26.646 46.016 121 130 126
23.310 26.148 46.114 124 134 129
23.852 27.196 46.196 121 130 126
25.003 29.388 46.271 120 129 125
24.385 28.294 46.469 118 128 123
24.393 28.343 46.564 120 129 123
25.182 29.960 46.944 123 128 123
28.051 27.605 25.674 137 148 152
27.094 26.009 26.223 139 148 153
27.033 25.939 26.337 142 151 155
26.368 24.838 26.740 140 150 155
26.000 24.244 26.998 142 153 158
26.520 25.164 26.833 139 150 151
26.345 24.898 26.999 139 151 148
25.716 23.856 27.379 142 156 152
25.344 23.253 27.635 140 156 153
25.425 23.423 27.679 141 157 154
25.392 23.398 27.776 136 153 149
24.784 22.389 28.139 142 160 156
24.461 21.867 28.368 142 163 158
25.156 23.090 28.128 136 157 153
25.446 23.618 28.076 136 157 155
24.670 22.318 28.512 141 157 157
24.495 22.050 28.671 148 159 161
24.495 22.081 28.751 148 158 160
24.107 21.444 29.006 151 160 163
24.144 21.538 29.068 149 158 160
24.633 22.410 28.929 149 158 160
24.251 21.783 29.179 151 160 163
24.172 21.677 29.294 151 160 163
23.992 21.397 29.453 152 162 163
24.140 21.683 29.467 147 158 158
23.734 21.012 29.724 148 161 160
23.796 21.150 29.776 146 160 159
23.892 21.345 29.813 145 160 159
23.423 20.564 30.095 148 164 163
23.428 20.603 30.171 145 161 160
23.899 21.447 30.048 141 157 158
24.187 21.974 30.005 142 160 159
23.828 21.382 30.237 143 161 159
23.778 21.325 30.338 145 162 160
23.104 20.189 30.699 148 164 163
23.671 21.199 30.541 143 157 155
22.712 19.569 31.018 154 166 163
22.462 19.164 31.198 154 166 163
22.789 19.760 31.141 156 168 165
23.054 20.247 31.110 151 162 160
22.917 20.038 31.244 153 165 162
23.034 20.269 31.275 150 164 161
22.662 19.653 31.503 149 166 162
22.690 19.729 31.570 149 166 162
22.449 19.339 31.744 153 169 165
22.774 19.932 31.692 148 164 161
22.525 19.528 31.868 146 162 158
22.348 19.248 32.016 152 168 164
22.118 18.875 32.183 152 168 164
22.865 20.205 31.970 148 163 160
22.389 19.404 32.232 152 166 163
21.674 18.185 32.584 156 168 165
22.003 18.787 32.535 154 166 163
21.916 18.661 32.645 156 168 165
22.292 19.346 32.580 155 167 164
21.818 18.546 32.835 156 168 165
21.811 18.561 32.915 156 168 165
22.192 19.255 32.850 153 164 162
22.185 19.271 32.930 151 162 160
21.999 18.973 33.076 151 164 161
21.444 18.029 33.357 152 166 163
21.746 18.585 33.323 150 164 161
21.793 18.695 33.383 151 165 162
21.850 18.823 33.440 152 166 163
21.151 17.625 33.767 156 170 166
21.816 18.818 33.607 152 166 162
21.564 18.404 33.773 152 166 161
21.326 18.013 33.934 157 171 165
20.759 17.045 34.208 155 169 163
21.093 17.658 34.168 154 169 164
20.906 17.357 34.308 156 170 166
20.922 17.410 34.379 155 168 167
21.082 17.720 34.400 155 167 166
21.115 17.804 34.465 153 164 164
20.954 17.548 34.596 155 167 166
20.993 17.643 34.659 156 166 165
21.068 17.801 34.711 158 167 165
20.632 17.061 34.931 159 169 166
21.138 17.979 34.841 157 166 164
21.338 18.359 34.853 156 165 163
20.826 17.482 35.096 159 169 166
20.847 17.546 35.165 158 167 165
20.859 17.595 35.238 156 165 163
21.223 18.264 35.199 155 165 163
20.656 17.290 35.455 154 166 163
20.287 16.663 35.647 155 168 164
20.538 17.134 35.644 156 170 164
20.793 17.611 35.642 155 169 163
20.315 16.791 35.865 159 171 166
20.494 17.136 35.886 159 171 166
20.492 17.157 35.963 156 168 163
20.105 16.499 36.156 158 169 164
20.298 16.868 36.174 159 171 166
20.318 16.930 36.244 155 167 162
20.360 17.031 36.308 153 165 160
20.133 16.653 36.450 156 167 163
19.946 16.348 36.580 160 170 168
19.753 16.032 36.711 159 169 165
20.302 17.033 36.630 156 165 161
19.771 16.116 36.857 161 170 167
19.973 16.502 36.875 159 166 164
19.514 15.711 37.079 166 173 170
19.848 16.330 37.062 161 168 164
19.543 15.814 37.221 161 168 164
19.601 15.942 37.281 162 169 166
19.451 15.701 37.397 162 171 167
19.051 15.014 37.579 162 174 169
19.518 15.873 37.529 160 172 167
19.402 15.693 37.635 156 168 163
19.398 15.710 37.711 161 173 168
19.080 15.170 37.869 163 175 170
19.313 15.610 37.884 162 172 169
19.142 15.331 38.002 162 171 169
19.134 15.342 38.079 164 173 171
19.115 15.335 38.159 163 172 170
18.817 14.827 38.308 164 173 171
18.652 14.557 38.423 166 176 173
18.836 14.912 38.452 165 173 170
18.721 14.732 38.555 166 173 169
19.055 15.357 38.548 164 170 167
18.931 15.160 38.653 165 170 167
18.683 14.741 38.787 168 172 168
18.970 15.282 38.794 165 170 165
18.946 15.265 38.875 164 171 165
19.067 15.507 38.922 160 170 163
18.936 15.297 39.027 160 172 164
18.645 14.801 39.168 162 176 166
19.372 16.134 39.080 154 169 158
19.305 16.040 39.171 158 173 160
19.134 15.758 39.285 157 173 160
19.250 15.993 39.336 153 170 157
18.789 15.189 39.511 157 173 163
19.154 15.872 39.509 152 166 161
19.029 15.672 39.611 155 169 165
19.306 16.200 39.629 152 166 163
19.354 16.312 39.696 155 168 164
19.242 16.137 39.796 156 168 163
19.749 17.079 39.770 154 166 161
19.195 16.104 39.959 158 169 164
19.274 16.273 40.020 161 171 168
18.938 15.693 40.162 162 171 169
19.231 16.248 40.182 157 166 164
19.417 16.611 40.223 158 167 165
19.675 17.105 40.252 156 165 163
19.154 16.188 40.427 157 166 164
19.452 16.754 40.449 154 164 162
19.503 16.875 40.517 154 166 163
19.396 16.706 40.614 154 167 164
19.138 16.266 40.738 156 170 166
19.399 16.765 40.769 154 169 165
19.203 16.436 40.881 152 166 163
19.315 16.667 40.939 154 167 163
19.398 16.844 41.003 158 169 164
19.416 16.904 41.078 154 166 161
19.368 16.844 41.164 155 167 162
19.306 16.759 41.252 154 166 161
19.294 16.764 41.332 154 166 161
19.569 17.291 41.367 155 166 161
19.417 17.041 41.469 157 167 162
19.429 17.089 41.546 156 165 160
19.588 17.406 41.600 152 162 155
19.918 18.036 41.630 150 160 154
19.348 17.022 41.793 152 162 157
19.627 17.560 41.832 154 166 161
19.538 17.425 41.924 151 165 160
19.390 17.182 42.023 153 168 163
19.532 17.469 42.083 151 165 162
19.819 18.021 42.123 147 160 157
19.333 17.158 42.268 154 166 163
20.127 18.639 42.243 148 160 157
20.049 18.525 42.334 152 163 161
20.367 19.135 42.374 153 164 163
20.220 18.893 42.474 148 160 159
20.334 19.131 42.541 145 159 159
19.932 18.420 42.671 142 158 157
20.570 19.621 42.677 140 156 153
20.290 19.134 42.791 141 158 152
20.968 20.408 42.796 140 156 150
20.504 19.583 42.931 140 156 150
20.293 19.224 43.036 139 155 149
20.490 19.615 43.097 139 155 149
21.029 20.636 43.123 137 151 146
21.381 21.312 43.171 140 152 147
21.120 20.860 43.282 140 149 145
20.926 20.533 43.384 146 153 149
21.175 21.021 43.445 144 151 147
21.083 20.881 43.537 141 149 145
21.186 21.099 43.612 141 150 146
21.110 20.989 43.703 138 150 145
20.986 20.788 43.798 140 152 147
21.710 22.155 43.822 135 147 142
21.223 21.285 43.947 136 148 144
21.475 21.780 44.012 134 146 141
21.404 21.678 44.103 137 147 140
21.524 21.930 44.180 137 144 136
21.705 22.294 44.253 135 143 133
21.331 21.632 44.365 136 146 135
21.442 21.867 44.443 134 144 132
21.947 22.833 44.496 135 145 134
21.546 22.119 44.608 136 146 137
21.182 21.474 44.716 137 147 140
21.607 22.293 44.776 130 141 134
21.469 22.066 44.871 133 145 138
21.977 23.039 44.930 127 139 133
21.261 21.740 45.053 134 146 141
22.244 23.597 45.092 132 144 139
22.705 24.485 45.159 128 140 135
23.361 25.737 45.219 126 137 132
22.208 23.622 45.358 130 140 135
22.433 24.071 45.437 133 142 138
22.475 24.181 45.525 136 143 139
23.162 25.493 45.590 126 132 128
23.348 25.871 45.675 127 132 128
23.381 25.964 45.765 128 134 131
22.961 25.213 45.868 130 137 133
23.569 26.379 45.943 124 133 128
23.110 25.554 46.046 126 135 131
23.797 26.871 46.123 124 134 129
24.011 27.302 46.212 123 133 128
23.958 27.235 46.306 123 133 128
23.919 27.196 46.400 123 133 128
24.316 27.971 46.488 120 129 124
24.828 28.962 46.578 117 127 120
25.288 29.858 46.671 116 126 119
25.004 29.360 46.769 120 129 123
24.858 29.153 46.961 121 131 124
24.923 29.308 47.057 119 128 122
25.075 29.628 47.154 118 125 119
24.983 29.489 47.250 119 125 119
24.670 28.933 47.343 120 125 119
25.108 29.790 47.444 119 124 118
25.171 29.978 47.639 119 124 117
25.201 30.068 47.737 122 127 119
27.958 27.296 25.867 130 143 147
26.965 25.642 26.429 136 149 153
26.883 25.536 26.552 133 145 150
25.933 23.952 27.089 137 148 152
26.326 24.654 26.984 143 154 155
26.073 24.257 27.186 145 156 154
25.778 23.786 27.407 141 155 151
25.244 22.906 27.740 142 159 155
25.141 22.763 27.868 142 159 154
24.785 22.186 28.114 146 162 156
24.670 22.023 28.247 144 161 155
24.534 21.820 28.390 143 162 155
25.161 22.923 28.182 142 159 152
24.415 21.679 28.603 145 159 154
24.534 21.913 28.629 145 158 155
24.281 21.511 28.823 151 162 162
24.130 21.283 28.970 148 158 161
23.934 20.978 29.137 151 160 165
24.438 21.873 28.990 150 159 164
24.848 22.605 28.888 145 154 159
23.845 20.915 29.413 156 163 167
24.384 21.871 29.254 149 156 159
23.994 21.232 29.505 151 160 162
24.469 22.077 29.377 145 156 156
23.849 21.041 29.726 145 158 156
24.011 21.351 29.735 145 159 156
23.815 21.043 29.899 148 163 159
23.810 21.063 29.980 142 159 155
23.499 20.558 30.192 145 161 158
23.964 21.388 30.073 142 158 157
23.939 21.375 30.163 145 161 159
23.661 20.925 30.359 142 158 157
23.457 20.603 30.523 142 158 158
23.083 19.986 30.758 149 165 166
23.509 20.751 30.659 149 162 162
22.573 19.164 31.125 154 166 163
22.616 19.266 31.184 155 167 164
22.792 19.598 31.189 153 165 162
22.727 19.514 31.293 154 166 163
22.842 19.742 31.324 154 166 163
22.709 19.540 31.455 152 165 162
22.047 18.423 31.798 155 169 165
22.322 18.926 31.765 152 168 164
22.463 19.199 31.786 148 164 161
22.406 19.129 31.886 153 169 165
21.783 18.076 32.208 149 166 162
21.990 18.462 32.203 153 169 165
21.997 18.503 32.277 155 171 168
22.584 19.550 32.126 146 162 158
22.866 20.067 32.096 152 168 164
21.886 18.392 32.549 152 168 164
22.024 18.660 32.573 152 166 163
22.146 18.899 32.604 153 166 163
22.213 19.044 32.656 155 167 164
21.872 18.478 32.861 159 170 168
21.945 18.633 32.910 160 171 169
22.349 19.364 32.838 154 166 163
22.521 19.693 32.852 152 163 161
22.061 18.918 33.099 153 164 162
21.460 17.896 33.395 161 173 170
21.779 18.480 33.356 157 170 165
21.675 18.325 33.471 148 162 156
21.387 17.851 33.650 153 168 163
21.087 17.353 33.833 157 171 168
21.364 17.865 33.811 153 167 163
21.874 18.783 33.708 152 166 161
21.030 17.334 34.081 159 173 168
20.199 15.906 34.445 156 170 164
20.894 17.150 34.279 156 170 165
20.791 16.995 34.390 162 176 172
21.112 17.585 34.356 158 171 169
20.745 16.969 34.557 156 168 167
20.820 17.126 34.607 160 170 170
21.030 17.522 34.612 158 167 167
21.254 17.940 34.614 154 164 163
20.991 17.506 34.778 156 168 165
20.817 17.226 34.911 158 169 166
20.750 17.135 35.009 157 166 164
21.166 17.894 34.950 157 166 164
21.504 18.515 34.918 159 169 166
21.205 18.017 35.091 157 166 164
20.584 16.950 35.366 158 167 165
20.637 17.069 35.425 163 171 169
21.407 18.453 35.259 158 165 163
20.867 17.527 35.505 156 165 164
21.050 17.877 35.525 155 167 166
20.796 17.457 35.680 153 166 163
20.612 17.157 35.814 156 170 164
20.767 17.458 35.842 151 165 159
20.535 17.075 35.989 152 166 161
20.371 16.811 36.115 159 172 168
20.894 17.763 36.035 155 167 164
20.353 16.832 36.272 156 168 165
20.002 16.238 36.451 159 170 168
19.903 16.089 36.555 158 169 167
20.028 16.336 36.594 159 169 166
19.978 16.273 36.684 159 169 166
19.340 15.168 36.941 164 173 169
18.961 14.521 37.123 163 173 166
19.395 15.317 37.074 164 174 165
19.709 15.901 37.061 163 173 163
19.630 15.785 37.158 163 173 164
19.851 16.205 37.173 160 170 163
19.979 16.458 37.214 161 173 168
19.985 16.494 37.288 156 170 165
19.653 15.930 37.453 154 170 164
19.151 15.063 37.662 158 175 170
18.873 14.593 37.810 160 176 172
19.642 15.988 37.682 152 168 164
19.406 15.596 37.819 155 169 165
19.953 16.595 37.753 155 167 164
20.211 17.082 37.764 156 165 163
18.995 14.939 38.149 164 173 171
19.096 15.145 38.198 162 171 169
18.918 14.853 38.317 164 173 171
18.946 14.929 38.384 164 173 171
19.157 15.331 38.407 161 170 168
19.248 15.519 38.460 166 173 171
18.928 14.973 38.612 166 173 171
18.856 14.870 38.704 165 172 170
18.750 14.707 38.803 165 172 169
18.816 14.849 38.863 166 173 169
18.920 15.061 38.913 163 173 166
18.484 14.307 39.088 162 174 165
19.033 15.316 39.037 156 170 160
18.869 15.048 39.149 160 175 165
19.453 16.121 39.094 152 167 157
19.395 16.043 39.183 159 174 164
19.122 15.579 39.319 159 175 166
18.863 15.140 39.451 156 173 165
19.077 15.550 39.480 156 172 163
19.310 15.996 39.507 153 168 160
19.510 16.381 39.541 152 167 160
19.209 15.865 39.681 156 170 164
19.650 16.687 39.666 154 167 162
19.646 16.706 39.744 156 168 163
19.545 16.549 39.842 157 168 163
19.169 15.899 39.994 158 168 163
19.653 16.798 39.975 157 166 163
19.924 17.313 40.000 157 166 164
19.109 15.869 40.235 162 171 169
19.361 16.350 40.263 159 169 166
19.620 16.846 40.292 156 165 163
19.456 16.576 40.400 155 164 162
19.299 16.318 40.506 155 164 162
19.276 16.304 40.587 155 164 162
19.509 16.751 40.623 156 168 165
19.781 17.269 40.653 153 167 164
19.609 16.986 40.761 154 169 165
19.133 16.150 40.921 156 170 166
19.223 16.340 40.983 157 171 167
19.355 16.606 41.038 152 166 161
19.397 16.708 41.109 150 164 157
19.099 16.195 41.236 155 169 161
19.630 17.186 41.227 154 168 160
19.063 16.183 41.396 154 166 159
19.284 16.610 41.439 154 166 159
19.809 17.591 41.436 153 165 158
20.277 18.469 41.443 151 162 155
19.524 17.128 41.637 156 166 159
19.598 17.289 41.704 155 164 159
19.817 17.714 41.751 154 163 159
19.946 17.976 41.812 150 161 155
19.420 17.047 41.966 154 166 159
19.179 16.634 42.079 154 166 161
19.560 17.355 42.105 153 165 162
19.524 17.318 42.189 155 167 164
19.276 16.893 42.301 158 169 166
20.107 18.437 42.271 149 161 158
20.077 18.410 42.356 152 163 161
19.767 17.870 42.475 153 164 162
19.651 17.686 42.569 153 165 162
19.995 18.343 42.607 150 162 161
19.739 17.902 42.718 146 160 159
20.177 18.732 42.747 142 157 155
20.209 18.818 42.825 141 157 154
20.210 18.849 42.906 144 160 155
20.563 19.523 42.949 143 157 152
20.502 19.440 43.037 136 149 142
20.111 18.750 43.161 138 150 142
20.526 19.540 43.199 141 153 146
20.296 19.146 43.305 144 156 148
21.025 20.514 43.315 144 155 149
20.175 18.981 43.480 149 158 154
21.342 21.154 43.452 140 149 145
21.514 21.499 43.521 135 144 140
21.195 20.941 43.635 137 148 144
21.260 21.090 43.713 139 151 146
21.051 20.735 43.815 142 154 148
21.657 21.881 43.850 138 150 142
21.100 20.884 43.980 136 149 141
20.920 20.580 44.078 138 150 142
21.068 20.882 44.151 142 150 143
21.592 21.878 44.197 138 144 136
21.616 21.954 44.281 136 142 132
21.056 20.948 44.405 139 147 136
21.514 21.824 44.459 137 146 135
22.242 23.200 44.498 128 138 127
21.695 22.217 44.620 136 146 134
21.272 21.466 44.731 140 150 138
21.974 22.794 44.776 133 144 135
21.827 22.553 44.871 133 145 138
21.682 22.315 44.966 132 144 137
21.365 21.757 45.068 134 146 139
22.069 23.092 45.120 133 144 137
22.556 24.026 45.186 129 139 132
22.758 24.431 45.266 128 138 131
21.853 22.782 45.392 134 143 137
22.383 23.797 45.459 133 139 133
21.590 22.353 45.576 146 149 144
22.803 24.639 45.622 131 134 128
22.847 24.753 45.710 132 135 130
22.867 24.821 45.800 134 137 133
21.617 22.525 45.923 142 147 143
23.209 25.521 45.971 121 129 124
23.326 25.771 46.060 116 126 119
23.451 26.035 46.148 123 133 127
23.756 26.635 46.235 120 129 125
23.807 26.763 46.326 118 128 124
23.616 26.438 46.422 122 132 127
23.725 26.675 46.513 125 134 129
23.746 26.745 46.605 125 132 128
24.862 28.863 46.691 120 128 124
24.789 28.761 46.787 120 129 125
24.630 28.497 46.883 120 129 124
24.377 28.056 46.977 119 128 122
24.759 28.805 47.073 117 127 120
24.186 27.765 47.165 120 129 123
24.736 28.828 47.264 117 127 120
24.023 27.524 47.352 120 129 123
25.101 29.580 47.460 117 124 118
24.649 28.799 47.645 124 130 123
25.243 29.948 47.753 122 129 121
25.185 29.873 47.849 118 126 117
24.672 28.942 47.933 126 134 125
25.038 29.731 48.233 113 122 116
28.238 27.551 25.707 131 145 148
28.112 27.373 25.854 132 146 151
27.384 26.172 26.288 139 153 159
26.589 24.857 26.752 140 151 157
26.518 24.769 26.869 141 149 154
26.043 23.996 27.176 143 152 153
26.150 24.210 27.208 145 155 153
25.714 23.502 27.495 143 154 150
24.920 22.183 27.947 144 155 150
25.604 23.378 27.709 139 152 147
24.902 22.214 28.116 144 158 153
25.248 22.836 28.036 143 159 153
24.275 21.208 28.564 142 159 153
25.182 22.786 28.228 139 155 149
24.462 21.589 28.636 146 161 155
24.795 22.188 28.565 144 157 152
24.455 21.638 28.799 148 160 157
24.620 21.951 28.804 143 154 153
24.827 22.336 28.791 142 154 156
24.772 22.273 28.896 147 158 162
24.711 22.199 29.003 146 157 161
24.350 21.613 29.243 149 159 164
25.070 22.875 29.006 147 155 160
24.371 21.709 29.392 150 160 162
23.945 21.008 29.658 151 162 160
23.974 21.087 29.724 150 162 159
24.616 22.220 29.526 149 161 158
23.671 20.628 30.013 154 166 163
23.486 20.339 30.170 153 165 162
23.616 20.593 30.193 150 162 159
23.450 20.336 30.342 150 164 161
23.769 20.914 30.286 149 163 161
23.754 20.918 30.371 148 161 160
23.239 20.061 30.665 150 164 163
22.862 19.440 30.900 149 162 162
23.194 20.040 30.840 151 163 162
22.861 19.496 31.055 154 166 163
22.804 19.427 31.156 153 164 162
23.135 20.025 31.098 147 159 156
23.174 20.122 31.161 151 162 160
23.297 20.363 31.189 151 162 160
22.917 19.736 31.420 153 165 162
22.905 19.744 31.503 153 165 162
22.380 18.865 31.790 155 167 164
22.366 18.868 31.872 158 169 166
22.519 19.161 31.889 155 167 164
21.802 17.947 32.247 155 167 164
22.368 18.955 32.102 153 166 163
22.552 19.302 32.108 151 165 162
22.912 19.954 32.047 149 163 160
22.887 19.938 32.135 150 164 161
22.197 18.770 32.477 152 166 163
21.936 18.345 32.652 152 166 163
22.381 19.144 32.561 152 165 162
22.486 19.356 32.599 152 163 161
22.378 19.195 32.718 154 166 163
21.732 18.100 33.035 159 170 168
21.930 18.471 33.038 155 165 163
22.009 18.638 33.086 155 164 162
21.683 18.098 33.282 159 169 167
21.591 17.963 33.392 159 169 166
21.702 18.185 33.428 158 168 164
21.799 18.381 33.470 154 163 159
21.500 17.886 33.654 159 169 164
21.134 17.276 33.860 162 171 167
21.360 17.696 33.856 156 167 162
21.291 17.603 33.956 156 168 163
20.791 16.757 34.207 160 173 168
20.434 16.161 34.405 159 173 168
20.828 16.875 34.344 156 170 164
21.290 17.708 34.262 159 173 168
21.282 17.723 34.340 155 168 164
21.277 17.741 34.418 154 166 163
21.053 17.375 34.570 159 169 167
20.349 16.169 34.882 163 172 170
20.616 16.663 34.868 160 170 167
20.761 16.943 34.895 159 171 166
20.803 17.043 34.957 160 172 167
20.924 17.282 34.993 158 169 164
21.210 17.811 34.977 154 166 161
21.278 17.956 35.032 158 169 164
21.127 17.718 35.157 157 169 165
20.961 17.453 35.286 156 168 165
20.767 17.139 35.424 157 166 164
20.795 17.215 35.491 161 168 166
20.810 17.267 35.563 159 166 165
20.824 17.319 35.635 159 166 166
20.760 17.233 35.731 157 166 165
20.729 17.205 35.817 156 168 165
20.695 17.171 35.903 153 166 163
20.596 17.023 36.010 152 166 163
20.140 16.246 36.222 158 171 168
20.211 16.397 36.276 165 176 173
20.355 16.676 36.310 159 170 168
20.162 16.363 36.442 158 169 166
20.077 16.239 36.542 158 169 166
19.827 15.824 36.689 159 169 166
19.946 16.059 36.730 161 170 168
19.255 14.864 37.002 163 172 170
19.797 15.847 36.923 161 170 166
19.386 15.146 37.113 164 174 167
19.820 15.940 37.067 160 171 163
19.429 15.274 37.250 165 177 169
19.835 16.020 37.213 159 171 163
19.769 15.928 37.307 160 172 165
19.692 15.818 37.403 158 171 164
20.357 17.022 37.301 155 169 163
19.815 16.087 37.521 156 171 167
18.983 14.636 37.815 159 175 171
19.380 15.367 37.785 157 172 169
19.285 15.225 37.885 158 172 169
19.208 15.113 37.979 158 171 168
19.030 14.821 38.099 163 175 172
19.006 14.805 38.179 164 176 173
19.189 15.156 38.208 159 173 170
19.126 15.068 38.298 160 174 171
19.084 15.020 38.383 159 173 170
19.138 15.142 38.445 156 170 166
18.839 14.635 38.592 159 173 170
19.028 14.998 38.621 159 172 169
18.699 14.436 38.774 163 175 172
18.759 14.568 38.834 162 172 169
18.740 14.560 38.912 163 172 168
18.910 14.889 38.947 162 173 167
18.877 14.856 39.030 162 174 167
18.699 14.562 39.145 164 177 169
19.148 15.392 39.118 163 175 168
18.966 15.092 39.234 161 173 166
19.058 15.282 39.289 161 173 166
19.277 15.701 39.317 155 169 161
19.307 15.780 39.386 158 172 165
19.205 15.623 39.484 159 174 166
18.952 15.196 39.613 162 176 168
19.069 15.431 39.664 159 174 166
19.054 15.430 39.743 158 172 165
19.319 15.932 39.765 154 168 160
19.392 16.089 39.826 158 170 162
19.133 15.650 39.955 160 170 166
18.979 15.399 40.061 162 171 169
19.199 15.821 40.094 160 170 168
19.341 16.103 40.143 159 169 166
19.640 16.667 40.163 158 166 164
19.458 16.367 40.274 161 168 166
19.345 16.190 40.373 160 168 166
19.150 15.864 40.486 159 169 166
19.184 15.952 40.556 159 169 166
19.276 16.144 40.616 159 169 166
19.375 16.349 40.676 155 167 164
19.274 16.194 40.771 155 169 165
19.197 16.081 40.861 156 170 167
19.205 16.121 40.937 157 171 168
19.518 16.714 40.961 157 171 167
19.797 17.244 40.992 152 166 161
19.507 16.747 41.119 152 167 160
19.438 16.649 41.208 152 167 159
19.670 17.096 41.249 149 163 155
19.635 17.059 41.333 150 164 156
19.715 17.230 41.399 152 165 158
19.731 17.286 41.475 154 166 159
19.768 17.380 41.548 156 167 159
19.604 17.111 41.651 156 166 157
19.502 16.953 41.745 156 166 158
19.457 16.898 41.830 156 166 159
19.726 17.414 41.870 153 163 157
19.532 17.088 41.977 155 167 160
19.460 16.984 42.065 155 167 160
19.881 17.777 42.087 151 163 155
19.904 17.846 42.163 152 164 157
19.620 17.356 42.280 152 164 159
19.394 16.971 42.389 152 163 160
19.713 17.581 42.427 153 165 162
19.847 17.853 42.490 146 158 155
19.244 16.779 42.644 153 165 162
19.747 17.725 42.662 152 162 160
19.910 18.050 42.723 151 160 158
19.774 17.829 42.819 149 160 157
19.735 17.784 42.903 148 160 157
19.758 17.855 42.981 148 160 155
19.909 18.158 43.044 147 159 152
20.076 18.492 43.107 143 156 147
20.055 18.481 43.190 145 157 147
20.201 18.777 43.256 147 158 148
20.544 19.432 43.303 142 152 143
21.088 20.458 43.332 140 149 142
20.652 19.688 43.458 148 157 153
21.192 20.707 43.490 140 150 147
21.127 20.615 43.580 138 149 147
21.264 20.896 43.652 137 150 146
20.899 20.255 43.767 139 154 148
20.942 20.363 43.847 135 149 142
21.071 20.628 43.920 135 149 141
20.844 20.240 44.022 137 150 142
20.839 20.259 44.106 137 149 141
20.785 20.189 44.194 142 150 144
20.957 20.535 44.265 144 149 144
21.127 20.876 44.337 144 148 142
20.701 20.122 44.450 145 151 143
20.921 20.556 44.520 145 151 141
21.344 21.364 44.577 134 142 131
21.401 21.500 44.659 136 145 136
21.446 21.612 44.741 135 145 138
21.566 21.864 44.820 134 143 137
21.280 21.364 44.922 137 147 140
21.335 21.495 45.004 136 146 139
21.485 21.803 45.082 135 145 138
21.963 22.716 45.146 133 142 135
22.029 22.869 45.230 132 139 133
22.351 23.496 45.303 135 141 135
21.861 22.617 45.411 136 141 135
21.772 22.483 45.502 143 147 141
21.727 22.430 45.590 140 143 138
22.538 23.963 45.650 135 136 131
22.340 23.628 45.745 136 137 132
22.127 23.263 45.840 136 138 136
22.101 23.246 45.929 135 140 139
22.430 23.888 46.009 134 139 135
23.089 25.143 46.083 133 138 132
22.398 23.889 46.187 134 139 134
22.761 24.596 46.270 138 143 140
22.875 24.840 46.358 135 140 137
23.295 25.652 46.443 123 128 125
23.578 26.211 46.532 128 133 129
23.885 26.815 46.622 124 129 126
23.856 26.793 46.715 123 130 126
24.210 27.486 46.806 117 127 122
24.914 28.832 46.900 117 129 124
24.085 27.318 46.994 116 130 125
24.266 27.689 47.088 116 131 124
24.299 27.783 47.183 115 129 122
24.403 28.010 47.278 117 129 122
24.020 27.326 47.368 121 130 126
24.546 28.344 47.469 121 129 125
24.072 27.488 47.556 123 130 126
23.880 27.162 47.647 120 128 124
24.196 27.788 47.747 124 131 127
24.458 28.312 47.848 123 130 125
24.054 27.586 47.933 129 136 130
24.545 28.542 48.041 118 127 119
25.298 29.986 48.159 112 122 112
28.260 27.403 25.758 134 147 151
27.512 26.174 26.203 139 150 156
27.361 25.952 26.359 142 150 157
26.814 25.059 26.704 140 148 153
27.057 25.504 26.672 140 148 151
25.852 23.495 27.324 145 154 154
26.564 24.736 27.071 141 150 148
25.839 23.538 27.494 145 155 152
25.916 23.702 27.539 145 155 153
25.264 22.626 27.924 148 158 156
25.313 22.741 27.981 141 153 150
25.231 22.633 28.100 143 155 153
25.122 22.480 28.230 136 150 147
25.029 22.352 28.353 145 159 156
24.944 22.239 28.472 144 158 155
24.720 21.889 28.654 142 159 155
24.714 21.911 28.736 139 158 154
24.128 20.942 29.078 146 164 159
24.570 21.727 28.960 146 162 158
24.728 22.027 28.969 146 160 160
24.849 22.264 28.996 144 157 161
24.386 21.504 29.280 145 157 162
23.824 20.575 29.606 151 162 166
24.152 21.165 29.541 151 162 164
24.119 21.138 29.635 149 161 160
23.937 20.857 29.792 151 162 160
23.820 20.685 29.922 154 163 161
23.746 20.589 30.032 151 159 157
23.619 20.401 30.165 154 161 160
24.034 21.141 30.067 150 158 156
23.199 19.739 30.499 156 165 163
22.968 19.373 30.674 153 165 162
23.157 19.726 30.672 149 163 160
23.046 19.563 30.796 151 164 161
23.129 19.736 30.839 151 162 160
23.204 19.893 30.886 153 164 162
23.152 19.832 30.985 152 163 161
22.919 19.460 31.158 154 166 163
22.801 19.285 31.284 154 166 163
23.190 19.983 31.204 151 164 161
22.547 18.905 31.540 151 165 162
22.793 19.357 31.519 153 168 163
23.381 20.398 31.362 152 166 161
22.933 19.655 31.618 148 161 157
22.156 18.344 32.002 156 168 165
22.527 19.011 31.933 156 167 163
22.035 18.190 32.202 155 164 160
22.376 18.807 32.146 154 164 161
21.696 17.659 32.486 154 166 163
22.266 18.673 32.342 155 167 164
22.944 19.871 32.161 153 165 162
22.224 18.654 32.513 156 168 165
21.464 17.366 32.877 158 169 166
21.848 18.058 32.808 158 169 168
22.149 18.608 32.771 156 168 167
22.631 19.470 32.669 153 164 163
21.793 18.046 33.057 156 168 165
22.267 18.895 32.959 152 163 161
22.107 18.645 33.095 154 166 163
21.576 17.750 33.366 158 169 166
21.681 17.960 33.404 156 165 161
21.716 18.049 33.467 156 165 160
22.091 18.727 33.410 156 166 159
21.729 18.125 33.616 159 169 163
21.114 17.082 33.910 160 170 166
21.322 17.471 33.912 157 168 162
21.386 17.609 33.966 158 170 162
20.844 16.693 34.230 159 172 166
20.704 16.475 34.354 160 175 169
21.220 17.400 34.252 156 170 164
20.849 16.781 34.454 159 173 168
21.351 17.682 34.359 157 171 167
20.725 16.617 34.647 156 170 166
20.836 16.836 34.685 157 169 167
20.947 17.057 34.723 155 167 164
20.895 16.993 34.816 159 170 168
20.570 16.452 34.999 162 174 171
20.712 16.726 35.028 162 174 170
21.009 17.272 35.007 159 171 166
20.725 16.801 35.175 158 171 165
20.792 16.944 35.229 155 169 163
21.112 17.532 35.202 153 168 163
21.216 17.741 35.246 152 166 163
20.751 16.953 35.469 154 166 163
20.617 16.744 35.587 156 165 163
20.864 17.204 35.586 160 169 166
20.843 17.193 35.669 159 169 166
20.689 16.950 35.792 160 170 168
20.726 17.040 35.857 159 170 168
20.729 17.072 35.932 156 168 165
20.779 17.186 35.994 154 166 163
20.093 16.007 36.274 161 173 170
20.268 16.341 36.297 159 170 168
20.304 16.429 36.362 160 170 168
20.074 16.051 36.505 164 173 171
20.312 16.496 36.511 161 170 168
19.927 15.844 36.698 160 170 168
19.831 15.701 36.800 160 170 168
19.483 15.113 36.973 164 173 171
20.164 16.340 36.856 159 169 166
19.447 15.100 37.132 165 175 170
19.464 15.155 37.201 163 174 168
20.066 16.245 37.111 162 174 167
19.776 15.758 37.265 158 171 164
19.547 15.380 37.402 162 176 170
19.832 15.908 37.401 159 172 168
19.836 15.943 37.475 159 170 168
19.653 15.644 37.599 160 171 169
19.616 15.604 37.684 161 173 170
19.389 15.228 37.818 162 174 171
19.486 15.426 37.867 160 171 169
19.253 15.038 38.002 163 175 172
18.956 14.536 38.152 165 176 173
18.915 14.489 38.236 165 176 173
19.199 15.020 38.239 162 174 171
19.120 14.904 38.333 162 174 171
18.911 14.559 38.459 160 171 169
18.828 14.437 38.553 164 176 173
18.948 14.675 38.598 159 173 170
19.365 15.443 38.573 158 171 168
18.760 14.392 38.791 162 174 171
18.817 14.519 38.852 163 175 171
18.715 14.362 38.950 166 178 173
18.890 14.698 38.984 162 173 168
19.043 14.998 39.024 162 171 167
18.949 14.856 39.120 164 172 168
19.157 15.253 39.148 161 168 164
19.059 15.102 39.245 165 172 168
18.437 14.018 39.456 168 175 171
19.180 15.371 39.369 163 172 167
19.145 15.333 39.452 159 171 163
19.014 15.125 39.556 159 172 164
18.978 15.088 39.638 160 175 167
19.162 15.442 39.676 161 175 167
19.103 15.363 39.763 160 172 165
19.420 15.956 39.775 159 169 162
19.372 15.896 39.861 160 170 163
19.376 15.929 39.936 157 167 162
19.109 15.476 40.066 164 173 171
19.036 15.371 40.156 164 172 170
19.303 15.876 40.180 162 169 168
19.207 15.731 40.275 165 172 170
19.952 17.095 40.211 158 165 163
19.363 16.063 40.399 160 167 165
19.157 15.719 40.513 161 168 166
19.345 16.084 40.556 157 165 163
19.351 16.120 40.632 158 167 165
19.246 15.958 40.727 159 170 168
19.233 15.961 40.806 155 169 165
19.748 16.915 40.794 150 164 160
19.604 16.682 40.897 155 169 163
19.672 16.830 40.963 152 166 161
19.069 15.769 41.142 157 171 166
18.911 15.512 41.244 157 171 164
19.736 17.027 41.187 151 165 158
19.685 16.961 41.274 150 164 156
19.307 16.306 41.412 155 169 161
19.989 17.565 41.383 152 165 157
19.991 17.596 41.462 155 167 158
19.454 16.651 41.622 156 169 159
19.054 15.954 41.760 159 171 161
19.667 17.090 41.747 153 165 157
19.765 17.295 41.812 155 167 160
19.611 17.043 41.913 154 166 159
19.350 16.596 42.028 155 167 160
19.325 16.578 42.110 154 166 159
18.983 15.985 42.234 156 168 161
19.346 16.671 42.263 156 168 161
19.238 16.501 42.356 154 166 159
19.443 16.900 42.408 153 165 159
19.784 17.546 42.443 148 160 155
19.567 17.179 42.550 153 163 160
20.039 18.066 42.571 149 158 156
19.707 17.488 42.691 152 162 160
19.846 17.768 42.755 151 160 158
19.729 17.584 42.848 154 163 161
19.040 16.355 43.005 155 164 162
19.410 17.056 43.043 152 162 156
19.546 17.332 43.107 151 161 152
19.977 18.145 43.141 151 160 150
19.900 18.033 43.230 149 157 149
20.107 18.439 43.289 148 156 147
20.589 19.347 43.322 145 155 146
21.108 20.322 43.354 136 147 140
20.545 19.323 43.491 142 154 149
20.649 19.542 43.564 141 153 150
20.714 19.688 43.640 140 152 149
21.182 20.573 43.682 138 151 147
21.240 20.709 43.761 137 151 146
21.348 20.935 43.836 134 148 141
21.616 21.456 43.898 136 150 142
20.888 20.149 44.041 141 156 148
20.499 19.466 44.154 142 156 148
21.112 20.618 44.191 142 153 147
20.577 19.665 44.314 147 154 150
20.536 19.619 44.400 147 154 151
20.934 20.379 44.456 142 150 146
21.134 20.776 44.527 141 149 144
21.260 21.036 44.603 138 145 139
21.011 20.608 44.703 144 151 145
20.456 19.615 44.820 146 153 147
20.901 20.462 44.878 142 150 144
21.152 20.955 44.949 144 151 145
21.420 21.478 45.020 140 147 143
21.812 22.230 45.086 134 142 138
22.837 24.151 45.125 130 137 132
22.107 22.834 45.246 134 142 135
21.863 22.414 45.344 142 148 143
21.328 21.455 45.452 141 146 142
21.281 21.399 45.539 143 147 144
21.686 22.176 45.611 140 143 140
21.242 21.385 45.712 145 147 144
21.425 21.755 45.792 145 147 145
21.600 22.107 45.873 138 142 141
21.011 21.047 45.975 140 144 145
21.168 21.367 46.057 140 144 142
22.498 23.862 46.114 130 135 130
22.397 23.706 46.205 131 136 133
22.563 24.045 46.291 131 136 135
23.274 25.395 46.370 135 138 136
23.682 26.184 46.457 129 131 128
23.067 25.073 46.554 131 135 134
22.767 24.547 46.647 130 135 136
22.900 24.826 46.737 132 138 136
22.882 24.824 46.827 130 137 133
24.284 27.465 46.917 121 129 125
24.279 27.488 47.011 120 129 125
24.587 28.094 47.106 120 129 125
23.422 25.956 47.193 124 134 129
24.200 27.437 47.292 117 127 122
24.290 27.639 47.387 119 128 124
24.295 27.681 47.481 123 131 127
24.056 27.268 47.572 122 129 125
23.595 26.439 47.657 123 128 126
23.937 27.110 47.757 123 128 127
24.031 27.318 47.853 123 128 126
23.596 26.538 47.936 127 135 131
24.631 28.507 48.058 117 124 118
24.770 28.801 48.157 120 128 119
24.697 28.697 48.251 116 125 116
24.113 27.637 48.326 120 130 121
28.379 27.419 25.763 138 147 152
28.112 27.005 25.976 138 147 152
27.653 26.264 26.280 138 147 152
26.835 24.916 26.753 142 151 154
26.383 24.186 27.050 143 152 154
26.480 24.383 27.086 143 152 153
26.435 24.340 27.190 144 153 153
26.000 23.636 27.475 144 153 152
25.871 23.450 27.617 148 157 155
25.577 22.983 27.835 149 158 156
25.375 22.673 28.009 145 155 153
25.266 22.521 28.139 142 153 150
24.432 21.138 28.601 149 161 158
24.959 22.062 28.440 146 157 155
24.877 21.954 28.557 145 156 154
24.759 21.786 28.690 146 161 156
24.401 21.208 28.931 144 163 156
24.933 22.143 28.772 144 163 157
24.143 20.831 29.204 144 163 158
24.391 21.281 29.173 144 163 160
24.086 20.793 29.386 144 162 160
24.646 21.777 29.219 142 158 157
24.258 21.147 29.468 146 160 159
24.222 21.116 29.563 151 163 164
23.788 20.404 29.831 149 161 163
24.177 21.098 29.741 146 157 157
23.805 20.494 29.980 151 162 160
24.193 21.186 29.893 150 159 157
24.004 20.893 30.052 156 163 162
24.255 21.350 30.025 149 160 157
23.795 20.594 30.298 150 164 161
23.159 19.536 30.643 151 165 162
23.282 19.775 30.670 149 163 160
23.619 20.381 30.607 149 163 160
23.824 20.760 30.602 148 162 158
23.635 20.467 30.758 150 162 160
23.536 20.327 30.877 152 163 161
23.444 20.197 30.993 153 165 161
23.661 20.598 30.984 154 166 161
23.704 20.700 31.045 152 165 160
22.990 19.504 31.411 152 166 161
22.797 19.200 31.565 153 168 162
22.873 19.359 31.612 151 165 160
23.080 19.744 31.608 152 163 160
21.927 17.788 32.140 160 170 168
22.479 18.766 31.999 157 166 163
22.167 18.256 32.198 159 169 164
22.323 18.554 32.214 157 167 162
22.130 18.249 32.365 156 165 161
22.190 18.380 32.418 157 166 163
22.286 18.572 32.458 156 165 163
22.303 18.628 32.529 155 165 163
21.635 17.503 32.858 155 167 164
21.931 18.042 32.822 159 170 169
21.907 18.027 32.908 156 168 167
22.424 18.948 32.792 153 164 163
21.845 17.975 33.083 153 165 162
22.556 19.232 32.899 157 169 166
22.296 18.811 33.071 155 167 164
21.713 17.828 33.360 160 170 167
21.434 17.372 33.537 157 167 162
21.465 17.452 33.602 158 168 163
22.383 19.070 33.350 152 162 157
21.931 18.314 33.588 158 168 163
21.651 17.857 33.764 159 169 164
21.618 17.826 33.852 160 170 167
21.547 17.730 33.953 160 171 169
20.979 16.770 34.226 162 175 172
21.584 17.847 34.093 155 169 165
21.333 17.438 34.255 157 172 169
21.036 16.948 34.432 155 171 168
21.305 17.443 34.417 153 169 165
20.946 16.845 34.614 155 169 165
20.911 16.810 34.701 159 172 169
21.156 17.264 34.695 160 171 169
20.861 16.775 34.869 160 171 169
21.032 17.100 34.888 158 169 166
20.805 16.732 35.038 161 173 170
20.865 16.863 35.094 160 171 169
20.905 16.958 35.157 158 171 166
20.474 16.233 35.370 160 175 169
21.127 17.398 35.238 154 169 164
21.508 18.092 35.194 155 169 165
20.681 16.672 35.531 155 168 165
20.668 16.675 35.610 156 168 165
20.894 17.097 35.616 155 167 164
20.913 17.157 35.686 156 168 165
20.656 16.734 35.841 159 170 168
20.591 16.645 35.937 161 173 170
20.654 16.783 35.993 159 170 168
20.418 16.395 36.140 159 170 168
20.230 16.091 36.271 161 171 169
20.026 15.759 36.406 160 170 168
19.749 15.298 36.562 163 172 170
20.400 16.468 36.448 160 170 168
20.377 16.454 36.530 162 171 169
20.040 15.886 36.702 160 170 168
20.072 15.969 36.768 159 169 166
19.714 15.365 36.944 163 172 170
19.765 15.481 37.005 162 172 170
19.420 14.898 37.175 160 171 169
19.867 15.712 37.126 161 173 169
20.064 16.085 37.147 162 174 169
20.046 16.079 37.228 157 170 164
19.774 15.626 37.376 159 173 168
20.245 16.482 37.326 158 171 167
19.882 15.868 37.498 158 169 166
20.050 16.189 37.529 158 169 167
19.614 15.446 37.719 161 173 170
19.701 15.625 37.771 159 170 168
19.340 15.013 37.939 161 173 170
19.123 14.654 38.069 161 173 170
19.193 14.803 38.125 162 174 171
19.167 14.783 38.206 162 174 170
19.403 15.226 38.222 162 174 169
19.043 14.615 38.385 162 174 169
18.883 14.356 38.499 162 174 169
18.873 14.364 38.575 162 174 169
18.993 14.602 38.620 165 176 171
19.230 15.047 38.638 160 173 169
19.276 15.155 38.702 159 173 170
19.068 14.811 38.826 160 175 170
19.079 14.855 38.898 156 170 164
19.033 14.799 38.983 161 173 168
18.767 14.351 39.118 164 173 169
19.104 14.977 39.117 165 173 169
19.158 15.098 39.180 168 175 171
19.060 14.950 39.276 166 173 168
19.100 15.047 39.343 163 171 165
19.005 14.904 39.438 165 172 166
18.930 14.796 39.529 166 173 167
19.175 15.258 39.552 160 170 162
19.060 15.078 39.652 159 171 161
19.149 15.263 39.709 160 172 163
19.377 15.696 39.738 160 172 165
19.694 16.288 39.750 157 168 162
19.204 15.438 39.925 163 172 168
19.261 15.566 39.989 161 170 167
19.310 15.681 40.056 160 170 168
19.188 15.487 40.156 159 169 167
19.334 15.774 40.204 160 170 168
19.709 16.473 40.209 158 167 165
19.842 16.738 40.261 158 167 165
19.671 16.458 40.371 158 167 165
19.428 16.048 40.493 157 166 164
19.912 16.944 40.482 154 164 162
20.177 17.445 40.512 153 165 162
19.258 15.821 40.753 157 169 167
19.272 15.872 40.828 158 172 169
19.857 16.951 40.804 153 168 162
19.520 16.371 40.939 155 169 161
19.711 16.741 40.985 153 168 161
18.989 15.469 41.182 162 176 170
19.475 16.370 41.179 153 168 162
19.739 16.871 41.214 153 168 162
19.680 16.791 41.302 152 166 161
19.447 16.399 41.416 153 168 162
19.580 16.664 41.474 151 165 160
19.877 17.228 41.507 153 168 162
19.766 17.054 41.602 155 169 161
19.586 16.756 41.707 156 169 159
19.723 17.030 41.766 155 167 158
19.685 16.989 41.850 155 167 160
19.728 17.092 41.922 155 167 162
19.865 17.368 41.982 154 166 163
19.571 16.862 42.101 153 164 162
19.471 16.709 42.193 153 165 162
19.405 16.616 42.281 155 167 163
19.327 16.501 42.369 158 169 164
19.303 16.485 42.450 158 169 164
19.503 16.874 42.504 156 165 161
19.607 17.091 42.569 154 163 160
19.575 17.059 42.652 154 163 161
19.898 17.673 42.693 150 159 157
19.598 17.155 42.808 156 165 163
19.630 17.240 42.883 158 166 163
19.429 16.902 42.985 155 162 159
19.783 17.573 43.025 154 161 156
19.927 17.861 43.090 155 163 156
19.857 17.763 43.177 155 161 155
20.146 18.315 43.228 156 161 155
19.892 17.882 43.334 152 157 154
20.161 18.399 43.388 149 156 155
20.293 18.667 43.456 147 156 154
20.277 18.666 43.539 146 158 155
20.622 19.323 43.589 142 156 153
20.801 19.678 43.655 141 155 151
20.767 19.644 43.741 142 156 151
20.654 19.466 43.833 139 154 148
20.467 19.154 43.931 139 154 148
20.728 19.659 43.992 138 152 147
20.585 19.426 44.086 144 158 153
20.621 19.520 44.166 142 156 150
20.885 20.032 44.230 139 154 148
20.547 19.441 44.337 144 158 153
20.488 19.361 44.424 141 152 147
21.248 20.783 44.456 138 145 141
21.166 20.662 44.546 139 146 142
20.639 19.724 44.663 144 151 147
20.791 20.031 44.737 146 153 149
20.664 19.827 44.828 142 150 146
20.876 20.246 44.899 140 147 143
20.919 20.352 44.981 140 147 143
21.540 21.524 45.034 139 146 143
21.395 21.287 45.126 138 145 143
21.699 21.876 45.198 139 146 145
21.418 21.387 45.296 138 145 143
21.919 22.341 45.361 137 144 142
21.760 22.076 45.454 136 142 141
21.258 21.181 45.559 138 143 141
21.221 21.142 45.646 137 142 139
21.142 21.025 45.734 137 142 138
21.308 21.362 45.814 136 141 138
21.525 21.792 45.894 136 141 140
21.043 20.931 45.992 137 142 143
21.388 21.598 46.069 135 140 139
21.700 22.205 46.149 131 136 133
22.138 23.046 46.228 134 139 137
21.795 22.441 46.321 136 141 142
22.403 23.597 46.400 134 137 138
23.048 24.823 46.482 130 132 132
23.633 25.937 46.567 129 132 131
23.451 25.632 46.660 130 135 134
23.373 25.519 46.751 124 131 129
24.211 27.105 46.841 117 127 125
23.317 25.478 46.934 125 135 132
24.296 27.329 47.028 120 129 125
24.458 27.662 47.122 117 127 122
23.692 26.271 47.211 124 134 129
24.114 27.087 47.307 120 129 125
24.016 26.937 47.400 115 125 120
24.105 27.134 47.494 121 129 125
23.728 26.466 47.582 122 129 125
23.871 26.764 47.677 123 128 125
24.094 27.212 47.775 126 131 127
24.093 27.242 47.869 126 132 128
24.391 27.832 47.971 122 129 125
24.624 28.298 48.072 121 129 124
24.581 28.251 48.166 123 130 124
24.164 27.506 48.247 119 127 119
24.225 27.652 48.344 122 129 121
27.599 25.922 26.197 141 148 153
28.682 27.780 25.765 136 143 147
27.523 25.862 26.402 137 146 149
27.275 25.479 26.604 143 152 154
26.782 24.681 26.920 142 151 153
27.284 25.561 26.767 142 151 153
26.590 24.424 27.175 143 152 154
26.399 24.134 27.347 142 151 153
25.596 22.811 27.801 144 153 156
25.944 23.431 27.722 145 154 157
25.827 23.266 27.857 143 152 154
25.749 23.166 27.974 144 153 153
24.905 21.769 28.440 150 159 157
25.327 22.515 28.328 147 157 155
25.024 22.034 28.545 147 159 156
24.629 21.396 28.803 148 160 157
23.925 20.232 29.197 154 166 163
25.028 22.132 28.784 146 161 157
24.540 21.336 29.081 139 158 154
24.936 22.039 28.985 141 160 156
24.111 20.669 29.428 147 166 162
24.064 20.618 29.527 147 165 162
24.097 20.705 29.591 146 162 160
23.739 20.125 29.825 149 164 163
23.549 19.832 29.985 148 161 160
24.304 21.147 29.738 148 161 161
23.972 20.611 29.960 149 162 162
24.384 21.342 29.863 146 159 157
23.585 20.011 30.281 152 163 161
23.934 20.636 30.212 146 160 157
24.259 21.220 30.154 145 161 157
23.880 20.602 30.392 146 162 160
24.076 20.966 30.389 143 157 156
24.228 21.255 30.406 145 159 157
23.552 20.130 30.764 149 163 160
23.728 20.460 30.770 149 161 158
23.074 19.369 31.115 151 162 160
23.516 20.154 31.014 145 158 155
23.024 19.342 31.290 152 166 163
23.717 20.556 31.090 147 162 157
22.973 19.310 31.466 146 161 155
23.434 20.129 31.360 144 158 152
22.830 19.122 31.677 152 166 161
22.760 19.030 31.782 154 166 162
22.700 18.956 31.883 156 165 163
22.449 18.552 32.058 156 165 163
22.219 18.186 32.224 158 167 165
22.188 18.159 32.313 157 166 163
22.034 17.922 32.448 158 168 163
22.253 18.326 32.440 158 168 163
22.019 17.951 32.606 159 169 164
22.209 18.307 32.610 155 166 162
21.986 17.949 32.771 154 166 163
22.567 18.978 32.630 155 167 165
22.367 18.661 32.781 154 165 165
22.058 18.155 32.973 156 168 167
21.364 16.985 33.305 160 171 169
21.734 17.652 33.244 160 171 169
21.882 17.934 33.267 156 168 165
21.630 17.525 33.434 159 170 167
21.438 17.221 33.579 154 166 161
21.142 16.736 33.760 157 170 164
21.744 17.804 33.621 156 170 164
21.851 18.015 33.660 152 165 160
21.703 17.786 33.789 159 171 166
21.466 17.403 33.948 160 172 168
21.672 17.787 33.952 159 170 168
21.660 17.794 34.033 157 169 167
21.458 17.469 34.179 156 170 166
21.396 17.388 34.276 158 172 169
21.906 18.300 34.179 152 166 163
21.303 17.281 34.460 156 170 166
21.436 17.539 34.491 158 172 169
20.694 16.276 34.814 162 175 172
21.021 16.871 34.781 162 174 171
20.590 16.148 34.998 162 174 171
20.593 16.179 35.072 162 174 171
20.911 16.758 35.044 161 173 170
21.508 17.825 34.927 154 166 163
21.498 17.832 35.007 155 167 164
20.780 16.608 35.313 161 173 170
20.721 16.533 35.407 160 173 170
21.256 17.492 35.314 155 169 165
20.648 16.458 35.580 157 172 169
20.630 16.453 35.661 157 174 170
20.497 16.246 35.778 157 171 168
20.061 15.511 35.986 158 169 166
20.273 15.908 35.996 162 174 171
20.397 16.150 36.034 159 170 168
20.290 15.988 36.141 160 172 169
20.229 15.907 36.234 161 173 170
20.021 15.569 36.371 161 171 169
19.969 15.504 36.461 164 173 171
19.929 15.460 36.547 162 171 169
20.614 16.686 36.423 160 170 168
20.987 17.366 36.392 155 165 163
19.709 15.150 36.834 161 173 170
19.802 15.340 36.881 162 174 171
19.896 15.530 36.930 161 173 170
19.784 15.359 37.036 160 171 169
19.374 14.665 37.224 161 173 170
19.729 15.314 37.200 162 174 171
20.053 15.910 37.186 162 174 171
19.655 15.234 37.369 160 173 170
19.321 14.673 37.533 160 174 171
20.416 16.625 37.316 157 169 166
20.346 16.529 37.411 153 165 162
19.816 15.621 37.626 156 168 165
19.545 15.169 37.772 161 173 170
19.407 14.952 37.882 162 172 170
19.602 15.322 37.906 164 173 171
19.123 14.502 38.102 165 174 172
19.287 14.816 38.135 160 170 168
19.346 14.945 38.195 160 170 168
19.545 15.322 38.221 163 172 170
18.937 14.273 38.445 168 177 174
19.140 14.658 38.469 164 173 169
19.154 14.709 38.540 162 173 168
19.553 15.439 38.519 160 172 167
19.068 14.607 38.709 162 174 169
19.117 14.720 38.772 165 176 171
19.063 14.648 38.859 162 174 169
18.671 13.979 39.024 163 175 170
19.101 14.766 38.999 164 175 170
19.103 14.797 39.074 166 176 171
19.010 14.657 39.169 166 174 169
19.052 14.756 39.235 169 177 170
19.121 14.904 39.294 168 175 169
19.299 15.246 39.331 166 173 167
19.066 14.858 39.456 165 172 166
18.724 14.274 39.604 166 173 167
19.208 15.161 39.576 159 169 162
19.223 15.214 39.648 159 171 163
19.048 14.928 39.760 160 172 166
19.632 15.994 39.716 153 165 160
19.527 15.832 39.814 157 169 164
19.101 15.099 39.975 161 173 168
19.265 15.418 40.018 157 168 164
19.359 15.612 40.076 160 170 168
19.011 15.016 40.219 159 169 167
19.308 15.572 40.238 159 169 166
19.356 15.685 40.305 159 169 166
19.006 15.084 40.447 159 169 166
19.572 16.122 40.418 159 169 166
19.237 15.549 40.556 160 171 169
18.960 15.079 40.682 155 170 167
18.972 15.126 40.756 152 168 164
19.102 15.386 40.809 153 167 163
19.624 16.346 40.795 155 167 162
19.416 16.001 40.908 156 169 162
19.367 15.938 40.993 156 170 162
19.507 16.217 41.047 154 168 160
19.144 15.591 41.184 160 172 165
19.498 16.252 41.203 157 170 164
19.635 16.526 41.258 159 173 170
19.413 16.153 41.371 154 169 166
19.490 16.318 41.437 153 167 164
19.835 16.963 41.461 153 168 163
19.550 16.478 41.583 157 171 166
19.497 16.409 41.669 154 167 162
20.061 17.452 41.664 154 166 161
20.401 18.091 41.694 152 163 160
19.855 17.135 41.851 156 168 165
19.735 16.945 41.947 155 167 164
19.642 16.804 42.039 154 166 163
19.965 17.413 42.073 155 165 163
19.829 17.195 42.171 156 165 163
19.905 17.360 42.240 157 166 164
19.885 17.350 42.322 156 165 163
19.562 16.793 42.442 158 168 164
19.155 16.084 42.572 159 169 164
19.249 16.281 42.638 159 167 164
19.497 16.757 42.686 160 167 165
19.444 16.687 42.771 155 162 161
19.033 15.969 42.897 159 166 164
19.548 16.930 42.917 158 165 163
19.520 16.906 42.999 156 163 162
18.934 15.870 43.142 159 166 163
18.464 15.044 43.270 166 173 169
19.669 17.257 43.220 155 161 158
19.723 17.383 43.294 157 162 161
19.948 17.819 43.352 150 158 156
20.012 17.963 43.426 147 159 156
20.163 18.265 43.492 147 159 156
19.938 17.884 43.594 148 160 157
20.575 19.070 43.616 144 155 153
21.044 19.952 43.656 138 149 147
20.338 18.695 43.801 144 157 153
20.773 19.516 43.845 139 154 148
20.049 18.224 43.988 144 158 153
20.119 18.379 44.063 138 152 147
20.770 19.594 44.094 138 152 147
20.989 20.023 44.160 134 148 142
20.667 19.463 44.267 139 153 149
20.833 19.795 44.338 139 153 150
20.666 19.519 44.433 137 151 147
20.814 19.817 44.506 132 147 141
20.782 19.788 44.591 140 152 148
20.316 18.964 44.703 149 158 156
20.306 18.973 44.786 142 151 149
20.915 20.118 44.834 140 149 147
20.590 19.550 44.935 140 149 147
20.591 19.580 45.018 138 148 146
21.441 21.168 45.059 135 144 142
21.264 20.872 45.152 135 144 142
21.456 21.254 45.229 133 142 140
20.323 19.204 45.363 140 149 147
21.300 21.026 45.406 135 146 143
21.213 20.895 45.494 131 142 140
21.018 20.566 45.586 134 145 141
20.915 20.405 45.675 135 144 140
20.762 20.153 45.764 137 145 141
21.047 20.708 45.840 140 147 143
21.220 21.056 45.920 137 144 141
20.920 20.532 46.013 136 142 141
21.395 21.436 46.087 134 141 139
21.986 22.557 46.161 134 142 138
22.316 23.195 46.242 131 139 135
20.980 20.760 46.351 136 146 141
21.740 22.192 46.426 136 146 141
22.670 23.940 46.503 135 144 140
22.430 23.527 46.595 133 142 139
23.040 24.687 46.679 128 137 135
23.078 24.789 46.770 126 135 133
22.847 24.392 46.860 130 140 137
23.316 25.291 46.951 123 133 130
23.698 26.030 47.043 120 129 127
23.499 25.692 47.134 126 135 133
23.729 26.151 47.227 124 134 132
24.208 27.072 47.324 121 130 127
23.695 26.152 47.412 121 130 126
24.298 27.303 47.513 118 127 122
23.953 26.695 47.601 118 125 121
23.765 26.378 47.690 125 131 127
23.606 26.114 47.780 129 134 131
23.841 26.584 47.878 124 128 125
24.652 28.124 47.992 125 128 125
24.595 28.051 48.086 122 124 121
25.092 29.043 48.292 113 118 113
23.518 26.144 48.332 127 135 129
25.446 29.803 48.596 118 125 119
28.661 27.525 25.750 139 145 151
28.411 27.140 25.955 137 143 148
27.770 26.097 26.345 141 148 151
27.489 25.660 26.562 143 150 153
26.449 23.943 27.135 145 154 157
26.901 24.737 27.005 143 153 156
26.417 23.957 27.314 141 152 154
26.703 24.470 27.264 139 150 152
25.771 22.934 27.776 140 151 153
25.755 22.939 27.865 143 153 156
25.980 23.350 27.843 144 153 156
25.941 23.317 27.942 147 155 158
24.913 21.613 28.490 154 162 165
25.425 22.508 28.339 148 157 158
24.888 21.633 28.661 151 160 160
24.599 21.176 28.870 150 161 159
24.147 20.442 29.151 155 167 164
24.346 20.808 29.141 151 164 161
24.268 20.708 29.254 148 162 158
24.859 21.738 29.073 146 164 159
24.516 21.187 29.303 146 167 162
24.399 21.020 29.433 143 164 161
24.109 20.559 29.638 142 163 160
23.932 20.287 29.794 145 164 162
23.838 20.159 29.912 148 164 163
24.208 20.816 29.832 148 163 162
24.495 21.333 29.788 149 162 162
23.972 20.474 30.090 149 161 159
23.920 20.416 30.190 148 160 157
23.884 20.384 30.284 149 163 159
23.990 20.594 30.318 152 168 164
24.001 20.642 30.392 149 164 161
23.924 20.541 30.503 149 163 160
24.201 21.042 30.467 147 160 157
24.126 20.942 30.578 145 159 156
23.829 20.466 30.778 148 162 158
23.867 20.560 30.842 148 162 158
23.770 20.423 30.960 148 163 160
23.634 20.219 31.094 148 164 161
23.656 20.285 31.163 148 163 158
23.439 19.944 31.328 148 162 156
23.356 19.832 31.439 151 165 161
23.398 19.931 31.501 149 163 160
23.153 19.541 31.675 154 166 163
22.494 18.441 32.011 159 169 166
22.868 19.110 31.942 156 165 163
22.915 19.217 32.002 156 165 163
22.279 18.156 32.323 159 169 165
22.180 18.013 32.438 159 169 164
23.132 19.674 32.152 155 164 161
22.449 18.530 32.488 157 166 164
22.399 18.471 32.584 159 169 167
21.598 17.123 32.961 162 171 169
22.224 18.226 32.803 157 168 165
22.391 18.541 32.818 158 169 166
22.325 18.455 32.919 159 170 168
21.886 17.727 33.157 159 170 168
22.160 18.226 33.133 155 168 165
21.588 17.267 33.418 157 171 168
21.620 17.349 33.482 156 170 167
21.562 17.276 33.578 156 170 166
22.282 18.545 33.397 152 166 162
22.250 18.518 33.486 153 168 162
21.751 17.683 33.739 155 169 164
21.426 17.148 33.929 160 174 171
21.469 17.250 33.990 158 172 169
21.836 17.911 33.939 153 167 164
21.841 17.947 34.013 155 169 165
21.450 17.297 34.224 157 171 168
21.183 16.862 34.391 159 173 169
21.196 16.911 34.462 155 169 163
21.065 16.710 34.581 156 170 164
21.275 17.101 34.587 153 168 162
20.963 16.586 34.766 161 174 170
20.931 16.558 34.852 162 174 171
21.104 16.884 34.870 162 174 171
20.879 16.519 35.019 162 174 171
20.654 16.156 35.167 162 172 170
20.709 16.277 35.225 164 173 171
21.005 16.817 35.205 161 171 169
20.688 16.292 35.382 159 170 168
20.559 16.095 35.497 158 171 168
20.435 15.905 35.611 160 174 171
20.248 15.605 35.744 160 176 172
20.502 16.074 35.740 156 174 170
20.843 16.692 35.711 152 171 166
20.622 16.335 35.853 152 171 166
20.895 16.836 35.846 154 170 166
20.483 16.145 36.046 158 172 169
20.361 15.957 36.158 160 173 170
20.330 15.928 36.242 163 175 172
19.964 15.315 36.425 166 177 175
20.088 15.558 36.463 165 176 173
20.422 16.168 36.441 160 170 168
20.522 16.368 36.487 163 172 170
20.378 16.141 36.604 162 172 169
20.170 15.804 36.739 159 171 166
20.291 16.043 36.780 159 171 165
20.262 16.017 36.863 160 172 167
20.231 15.989 36.947 161 173 169
19.570 14.857 37.205 162 174 171
20.047 15.717 37.149 161 173 170
20.218 16.044 37.177 160 171 169
20.149 15.949 37.271 163 174 171
19.810 15.378 37.438 163 172 170
20.176 16.047 37.415 162 171 169
19.762 15.346 37.600 163 172 170
19.749 15.349 37.678 163 172 170
19.503 14.942 37.817 164 173 171
19.645 15.217 37.855 163 172 170
19.705 15.348 37.914 162 171 169
19.582 15.158 38.020 163 172 170
19.410 14.879 38.138 163 172 170
19.373 14.841 38.222 164 173 170
19.529 15.140 38.258 163 172 168
19.353 14.855 38.376 163 172 168
19.525 15.184 38.409 160 170 166
19.472 15.116 38.496 162 173 168
19.418 15.047 38.584 162 174 169
19.255 14.785 38.697 163 175 170
19.160 14.642 38.794 162 174 169
19.014 14.409 38.902 164 176 172
18.809 14.072 39.024 168 180 175
19.119 14.646 39.027 165 176 169
19.182 14.782 39.087 167 177 168
19.335 15.079 39.128 165 175 167
19.275 14.998 39.217 163 173 166
19.550 15.510 39.232 162 171 165
19.439 15.339 39.331 164 174 167
19.372 15.247 39.421 163 173 166
19.286 15.119 39.515 162 171 165
19.523 15.565 39.541 159 169 163
19.190 15.000 39.686 163 172 168
19.233 15.102 39.752 162 173 168
19.450 15.514 39.783 160 172 167
19.555 15.726 39.838 161 173 168
19.095 14.934 40.006 161 173 168
19.343 15.401 40.033 159 170 167
19.120 15.030 40.152 161 173 170
19.036 14.906 40.244 158 169 167
19.459 15.685 40.239 159 169 166
19.593 15.950 40.290 162 171 169
19.589 15.970 40.367 159 169 166
19.756 16.293 40.413 154 167 163
19.549 15.950 40.528 153 169 163
19.462 15.821 40.621 152 169 163
19.623 16.135 40.669 155 172 166
19.348 15.670 40.794 157 170 162
19.165 15.368 40.902 162 172 162
19.475 15.948 40.926 160 171 161
19.362 15.772 41.022 161 173 164
19.348 15.773 41.101 159 171 161
19.729 16.482 41.115 154 166 157
19.737 16.523 41.192 154 169 162
19.688 16.461 41.277 152 168 164
19.747 16.593 41.346 152 168 165
19.729 16.588 41.426 156 170 166
19.870 16.868 41.483 152 166 163
20.038 17.195 41.536 151 165 162
19.832 16.853 41.645 154 167 164
19.458 16.206 41.779 154 166 163
19.309 15.965 41.878 155 167 164
19.847 16.960 41.879 152 163 161
20.335 17.864 41.889 153 164 162
20.131 17.524 41.997 152 163 161
19.959 17.241 42.100 153 166 163
19.830 17.035 42.196 151 165 162
19.409 16.304 42.330 153 166 163
19.209 15.970 42.434 159 170 168
19.411 16.360 42.486 155 165 163
19.319 16.222 42.575 156 165 163
19.132 15.910 42.676 158 169 165
19.377 16.379 42.725 156 168 163
19.627 16.859 42.773 153 163 160
19.516 16.685 42.865 159 166 164
19.505 16.691 42.945 158 165 162
19.443 16.606 43.031 158 165 161
19.694 17.086 43.082 155 163 158
19.330 16.456 43.200 156 164 160
19.404 16.616 43.271 157 164 161
19.713 17.202 43.318 154 161 160
19.519 16.878 43.417 152 160 158
19.485 16.843 43.500 152 162 160
19.914 17.649 43.538 148 158 156
19.547 17.010 43.652 151 162 160
20.221 18.261 43.671 147 159 156
20.671 19.106 43.712 140 152 149
20.492 18.808 43.810 145 156 152
20.510 18.869 43.890 149 161 156
20.084 18.123 44.006 147 159 155
20.230 18.416 44.076 141 153 150
20.487 18.911 44.137 143 154 150
20.320 18.635 44.232 145 157 152
20.245 18.527 44.319 143 156 151
20.396 18.829 44.390 145 159 156
20.725 19.458 44.450 139 154 149
20.556 19.178 44.544 137 151 146
20.776 19.607 44.612 139 151 147
20.507 19.145 44.712 141 150 148
20.462 19.091 44.797 141 150 148
20.470 19.133 44.879 140 149 147
20.645 19.483 44.952 143 152 150
20.370 19.007 45.049 147 156 154
20.801 19.824 45.110 140 150 148
20.834 19.914 45.192 137 148 146
21.207 20.625 45.259 135 147 145
21.256 20.743 45.342 137 148 146
21.155 20.588 45.431 140 152 148
21.298 20.878 45.510 133 145 140
21.081 20.511 45.603 132 142 137
20.614 19.682 45.703 140 149 145
20.937 20.303 45.777 136 144 140
20.919 20.300 45.861 136 143 139
20.646 19.828 45.953 139 146 142
20.823 20.181 46.033 140 147 143
21.660 21.750 46.099 132 139 135
21.379 21.262 46.190 137 144 140
20.907 20.424 46.285 140 149 145
21.468 21.485 46.361 137 147 142
21.529 21.627 46.446 134 143 139
21.724 22.016 46.530 133 142 138
21.900 22.370 46.616 131 141 137
21.985 22.557 46.703 130 140 137
22.858 24.198 46.787 130 138 136
22.663 23.869 46.877 131 138 136
22.712 23.991 46.966 127 135 133
23.234 24.986 47.058 127 136 134
23.317 25.171 47.149 127 136 134
23.359 25.279 47.240 123 133 130
23.968 26.438 47.338 121 129 126
23.365 25.354 47.423 126 133 129
24.160 26.858 47.526 124 131 127
23.871 26.354 47.615 127 135 131
23.979 26.586 47.710 128 134 131
24.230 27.084 47.808 124 129 126
24.191 27.044 47.901 125 128 125
24.103 26.913 47.992 128 128 126
23.702 26.202 48.074 129 128 126
23.992 26.772 48.176 130 131 128
24.969 28.619 48.303 123 128 125
24.783 28.307 48.392 123 133 128
25.562 29.788 48.517 113 124 119
28.147 26.478 26.056 143 148 149
28.066 26.378 26.179 144 147 149
27.779 25.932 26.400 143 148 149
27.425 25.372 26.651 141 148 150
26.868 24.471 26.996 147 155 158
27.388 25.378 26.836 142 152 153
26.720 24.289 27.230 141 153 152
26.823 24.496 27.265 142 154 153
25.807 22.821 27.816 142 154 153
25.544 22.412 28.017 147 157 158
25.922 23.079 27.925 144 153 156
26.003 23.247 27.970 143 152 153
25.382 22.234 28.333 148 157 157
25.854 23.059 28.201 145 153 153
25.351 22.244 28.507 153 160 160
24.780 21.313 28.843 152 160 160
24.915 21.571 28.862 152 161 162
24.098 20.223 29.304 155 165 165
25.176 22.074 28.906 151 162 162
24.958 21.736 29.083 144 161 159
24.848 21.581 29.211 139 162 159
24.924 21.740 29.257 137 161 158
24.173 20.501 29.662 144 167 164
23.855 19.991 29.878 148 167 165
24.298 20.772 29.766 148 164 163
24.381 20.942 29.810 147 160 159
24.588 21.323 29.801 147 158 158
24.156 20.620 30.063 150 161 161
23.975 20.344 30.218 151 162 162
23.644 19.812 30.435 152 163 162
24.501 21.295 30.155 152 163 161
23.424 19.495 30.683 155 167 164
23.745 20.069 30.628 153 165 162
23.628 19.900 30.754 153 166 163
23.685 20.026 30.809 151 165 162
23.659 20.011 30.897 153 166 163
23.190 19.242 31.166 158 169 166
23.884 20.452 30.963 152 165 162
23.942 20.579 31.019 149 163 160
23.377 19.645 31.324 153 167 164
23.509 19.900 31.349 151 165 162
23.545 19.988 31.413 151 165 162
23.077 19.218 31.676 156 170 166
23.478 19.932 31.596 152 163 159
22.727 18.678 31.967 159 169 164
22.784 18.803 32.022 160 169 165
22.433 18.231 32.234 160 170 168
22.278 17.994 32.370 159 169 167
22.011 17.565 32.548 162 171 169
22.476 18.387 32.448 158 167 165
22.880 19.106 32.372 154 163 161
22.298 18.138 32.668 161 170 168
22.162 17.932 32.795 164 173 171
22.388 18.348 32.787 155 165 163
21.824 17.408 33.073 155 167 164
22.194 18.070 33.012 157 169 166
22.174 18.063 33.096 152 166 163
22.010 17.808 33.232 156 170 166
23.082 19.676 32.922 152 166 163
22.457 18.630 33.225 152 166 163
21.349 16.752 33.698 158 172 169
21.890 17.709 33.581 157 170 165
22.277 18.403 33.520 151 162 157
21.736 17.499 33.787 157 168 164
20.941 16.156 34.141 168 180 177
21.579 17.282 33.994 155 168 164
20.841 16.037 34.325 160 175 169
21.228 16.730 34.266 157 171 165
21.189 16.689 34.355 158 172 167
21.469 17.198 34.336 156 170 164
21.077 16.548 34.544 160 175 169
21.372 17.084 34.520 159 173 169
21.041 16.540 34.706 158 172 169
21.043 16.568 34.781 159 173 170
20.659 15.932 34.982 158 172 169
21.206 16.902 34.878 162 172 170
20.702 16.056 35.117 170 177 176
20.899 16.424 35.128 166 173 170
20.812 16.300 35.232 166 173 169
20.961 16.584 35.259 164 173 169
20.956 16.601 35.337 161 173 168
20.474 15.792 35.563 162 177 172
20.094 15.158 35.757 159 175 171
20.697 16.230 35.644 155 171 168
20.321 15.603 35.835 160 176 172
20.425 15.810 35.877 155 171 168
20.109 15.287 36.048 157 174 170
20.066 15.238 36.135 159 175 170
19.763 14.736 36.300 162 176 170
19.540 14.373 36.440 165 178 171
19.879 14.989 36.413 162 174 167
19.778 14.839 36.517 165 177 169
19.527 14.427 36.664 165 177 169
20.087 15.427 36.575 166 176 170
20.404 16.006 36.559 163 172 168
20.438 16.091 36.624 163 174 169
20.098 15.524 36.796 161 173 168
20.270 15.849 36.823 160 172 167
20.274 15.883 36.896 160 172 167
20.054 15.524 37.033 161 173 168
19.846 15.186 37.165 162 174 169
19.835 15.193 37.242 162 172 169
19.925 15.375 37.292 164 173 171
19.803 15.188 37.400 165 174 172
19.877 15.342 37.455 164 173 171
19.787 15.210 37.553 164 173 171
20.093 15.772 37.548 163 172 170
19.581 14.900 37.757 165 174 172
19.411 14.627 37.875 165 174 172
19.530 14.861 37.918 162 171 169
19.890 15.519 37.901 159 169 166
19.100 14.158 38.175 166 176 173
18.800 13.655 38.324 171 180 178
19.185 14.357 38.302 165 174 172
19.346 14.665 38.336 169 178 176
19.380 14.751 38.402 169 178 175
19.530 15.040 38.440 163 172 168
19.381 14.803 38.551 164 173 169
19.165 14.448 38.677 164 173 169
18.999 14.181 38.790 164 175 169
19.071 14.333 38.847 166 178 170
19.048 14.318 38.926 168 180 173
18.798 13.901 39.058 166 178 170
19.046 14.364 39.075 166 178 169
18.979 14.271 39.164 165 177 167
19.340 14.933 39.159 163 176 167
19.226 14.758 39.259 163 175 168
19.094 14.550 39.362 167 179 172
19.423 15.157 39.366 160 172 165
19.640 15.566 39.395 160 170 164
19.848 15.960 39.427 162 171 167
19.499 15.369 39.576 164 173 169
19.277 15.001 39.698 164 173 169
19.266 15.006 39.776 166 176 171
19.521 15.485 39.799 164 173 169
19.204 14.948 39.939 162 173 168
18.913 14.458 40.072 160 172 167
19.103 14.820 40.109 161 173 168
19.377 15.332 40.132 163 175 170
19.017 14.718 40.276 164 173 169
19.037 14.780 40.348 165 172 168
19.063 14.851 40.418 165 172 168
19.502 15.658 40.412 163 171 167
19.700 16.037 40.453 160 167 163
19.129 15.046 40.633 162 169 166
19.575 15.865 40.629 163 172 168
19.772 16.243 40.671 155 167 162
19.558 15.886 40.786 158 169 162
19.383 15.601 40.893 164 174 165
19.317 15.509 40.980 162 173 163
19.440 15.755 41.036 159 171 161
19.629 16.119 41.082 156 170 160
19.413 15.760 41.194 160 177 166
19.676 16.255 41.229 155 172 163
19.645 16.226 41.311 152 168 162
19.571 16.121 41.400 156 170 166
19.372 15.791 41.509 160 171 169
19.574 16.177 41.555 159 170 168
19.826 16.655 41.595 154 166 163
19.336 15.804 41.745 155 167 164
19.388 15.924 41.815 156 168 165
19.354 15.888 41.897 158 169 166
19.048 15.367 42.018 156 168 165
20.018 17.132 41.960 153 165 162
19.516 16.258 42.107 154 166 163
19.658 16.541 42.166 158 169 167
19.401 16.105 42.278 159 170 168
19.256 15.870 42.375 156 168 164
18.941 15.331 42.493 159 171 166
19.144 15.723 42.544 155 167 162
19.159 15.775 42.620 155 167 162
19.465 16.353 42.660 156 168 163
19.385 16.235 42.748 155 167 162
19.419 16.323 42.822 155 166 161
19.694 16.846 42.869 156 165 161
18.831 15.317 43.044 163 171 166
19.054 15.744 43.097 160 167 161
19.253 16.129 43.153 157 164 157
19.347 16.326 43.221 158 163 158
19.568 16.753 43.277 159 163 159
19.354 16.392 43.378 159 164 161
19.191 16.124 43.472 158 165 162
19.512 16.732 43.519 154 163 161
19.688 17.077 43.582 156 165 163
19.387 16.559 43.689 155 164 162
20.187 18.035 43.696 151 160 158
20.199 18.083 43.776 149 158 156
20.101 17.935 43.865 147 156 154
20.139 18.031 43.943 151 160 158
20.031 17.862 44.032 149 158 155
19.944 17.733 44.120 149 158 154
20.352 18.500 44.169 147 157 152
19.811 17.546 44.291 147 159 154
20.280 18.424 44.337 146 158 154
20.084 18.096 44.433 148 160 157
20.363 18.631 44.495 146 158 154
20.333 18.606 44.579 141 153 148
20.123 18.251 44.674 145 157 152
19.981 18.021 44.764 146 158 155
20.332 18.687 44.824 146 156 154
19.542 17.275 44.951 148 157 155
20.621 19.271 44.973 143 154 151
20.013 18.189 45.087 146 158 155
21.019 20.053 45.119 139 151 147
21.062 20.160 45.201 135 147 142
21.318 20.655 45.274 133 145 140
21.076 20.244 45.369 138 150 145
20.998 20.130 45.456 142 155 147
20.385 19.037 45.563 142 155 145
20.341 18.984 45.647 142 152 142
20.429 19.174 45.727 144 151 143
20.476 19.289 45.809 144 151 144
20.812 19.933 45.882 140 148 141
20.619 19.609 45.971 141 149 144
20.645 19.684 46.054 141 149 145
20.572 19.579 46.140 140 147 143
20.905 20.220 46.217 138 145 139
20.438 19.390 46.309 143 151 145
21.048 20.539 46.384 140 149 142
21.058 20.587 46.469 135 145 138
21.446 21.331 46.550 133 142 135
21.471 21.404 46.636 133 142 138
21.779 22.002 46.720 134 141 140
22.269 22.934 46.806 131 138 136
22.387 23.181 46.894 131 138 136
22.433 23.295 46.982 132 139 137
22.867 24.125 47.072 124 131 129
22.832 24.092 47.162 131 139 137
22.440 23.399 47.248 133 142 140
23.214 24.860 47.346 129 137 135
23.379 25.194 47.439 130 137 135
23.289 25.060 47.528 125 132 130
23.748 25.939 47.628 126 133 132
23.326 25.191 47.711 127 133 132
23.767 26.038 47.813 127 131 130
23.516 25.606 47.899 130 133 133
23.453 25.521 47.989 132 134 134
24.633 27.737 48.116 129 131 129
25.219 28.856 48.229 123 125 122
25.127 28.717 48.322 123 128 125
25.039 28.588 48.415 120 129 125
25.218 28.952 48.518 116 127 122
28.530 26.937 25.934 140 144 145
28.293 26.610 26.218 141 145 146
27.673 25.607 26.594 139 147 150
26.974 24.472 27.004 140 151 155
27.533 25.441 26.827 140 151 154
26.979 24.547 27.168 144 155 155
26.798 24.278 27.334 141 153 152
26.561 23.912 27.526 141 153 152
26.478 23.806 27.646 146 156 156
26.391 23.693 27.768 144 153 153
26.251 23.491 27.913 145 155 153
25.873 22.887 28.166 145 155 153
25.348 22.038 28.483 148 155 155
26.048 23.246 28.250 146 153 153
25.637 22.586 28.515 148 155 156
25.331 22.102 28.732 145 154 155
25.315 22.107 28.819 146 156 156
26.318 23.827 28.458 146 157 157
25.255 22.068 29.006 143 160 158
24.747 21.241 29.308 142 163 160
24.611 21.044 29.446 142 163 160
24.739 21.290 29.470 142 163 160
24.329 20.628 29.726 146 165 164
24.259 20.539 29.834 149 165 166
24.537 21.038 29.795 149 162 164
24.208 20.513 30.013 151 162 164
24.228 20.576 30.084 152 163 165
24.280 20.693 30.141 151 162 164
24.193 20.577 30.256 151 162 163
24.169 20.565 30.345 151 162 162
24.456 21.080 30.305 147 159 157
23.964 20.277 30.587 148 160 157
23.934 20.255 30.678 154 166 163
23.625 19.760 30.883 155 167 164
23.570 19.695 30.983 156 168 165
23.340 19.334 31.154 156 168 165
23.773 20.098 31.057 146 159 156
23.602 19.836 31.204 151 165 162
23.528 19.738 31.312 150 164 161
23.262 19.314 31.495 150 164 161
23.445 19.655 31.501 152 166 163
23.166 19.208 31.688 153 167 164
23.518 19.836 31.629 152 163 159
23.503 19.838 31.713 155 164 160
22.900 18.840 32.024 160 168 165
22.024 17.374 32.438 163 170 169
22.499 18.211 32.332 159 166 164
22.452 18.158 32.426 161 168 166
22.980 19.087 32.303 155 162 161
22.741 18.707 32.471 159 166 164
22.620 18.528 32.593 158 166 164
22.198 17.835 32.827 163 172 170
22.374 18.162 32.838 160 169 166
22.374 18.191 32.915 157 166 164
22.254 18.013 33.035 155 169 165
22.677 18.764 32.958 149 167 163
22.529 18.538 33.089 149 169 164
23.014 19.397 32.991 147 166 162
22.476 18.502 33.262 150 167 163
21.753 17.289 33.597 156 170 166
21.716 17.252 33.686 157 171 168
22.601 18.799 33.450 153 167 164
21.783 17.422 33.814 157 171 168
21.037 16.167 34.150 163 177 173
21.600 17.160 34.030 159 173 169
22.010 17.891 33.964 153 168 162
21.645 17.291 34.166 155 169 163
21.286 16.699 34.364 158 172 167
21.206 16.588 34.466 158 172 167
21.595 17.284 34.411 157 171 166
21.466 17.088 34.530 155 169 164
21.486 17.151 34.599 157 171 168
21.363 16.964 34.716 158 172 169
20.992 16.350 34.913 159 173 170
20.978 16.354 34.993 163 174 171
20.743 15.973 35.144 168 175 173
21.169 16.736 35.082 166 173 170
20.935 16.357 35.232 166 173 169
21.149 16.752 35.240 164 172 168
20.903 16.353 35.393 163 172 168
20.774 16.157 35.508 162 174 170
20.496 15.701 35.670 159 173 170
20.631 15.961 35.703 159 173 170
20.333 15.470 35.870 159 173 170
20.204 15.274 35.983 160 173 169
20.183 15.262 36.064 161 173 168
20.387 15.641 36.077 161 173 168
19.921 14.859 36.290 163 175 170
19.775 14.631 36.407 168 180 174
20.244 15.470 36.343 162 174 167
19.989 15.052 36.492 163 175 168
20.146 15.352 36.520 162 174 167
20.272 15.595 36.559 165 176 170
20.128 15.370 36.675 165 175 170
19.990 15.156 36.789 167 176 171
20.134 15.433 36.822 164 173 169
20.190 15.555 36.881 162 173 168
20.489 16.102 36.873 156 168 163
20.198 15.621 37.029 162 174 169
19.925 15.172 37.179 162 174 169
19.716 14.832 37.310 163 174 169
20.172 15.652 37.261 164 173 169
19.980 15.343 37.388 167 175 172
19.845 15.134 37.498 165 172 170
19.896 15.248 37.560 164 170 169
19.862 15.214 37.643 167 174 172
19.561 14.712 37.796 166 173 171
19.526 14.677 37.879 166 173 171
19.702 15.009 37.909 164 172 170
19.710 15.050 37.981 163 172 170
19.520 14.743 38.103 163 174 171
19.566 14.849 38.166 161 173 170
19.535 14.819 38.249 160 172 169
19.639 15.027 38.298 160 171 169
19.320 14.493 38.450 163 175 171
19.499 14.832 38.481 161 173 168
19.614 15.059 38.528 163 175 169
19.405 14.718 38.652 162 174 167
19.473 14.862 38.711 163 175 168
19.601 15.112 38.756 163 175 168
19.346 14.690 38.890 161 173 166
19.171 14.406 39.004 161 173 166
19.054 14.226 39.105 163 175 168
19.248 14.592 39.136 161 173 166
19.558 15.165 39.142 161 174 168
19.153 14.477 39.306 162 176 170
19.295 14.751 39.350 160 175 170
19.332 14.843 39.416 159 173 170
19.497 15.159 39.457 156 169 167
19.660 15.472 39.498 161 173 170
19.419 15.073 39.624 164 173 170
20.049 16.212 39.569 160 167 163
19.288 14.893 39.801 165 172 168
19.067 14.526 39.921 165 172 168
19.287 14.941 39.952 164 172 168
19.404 15.174 40.004 164 173 169
19.518 15.402 40.058 163 172 168
19.443 15.295 40.148 166 176 171
19.616 15.626 40.191 159 169 164
19.608 15.639 40.269 159 169 164
19.478 15.434 40.370 162 171 167
19.486 15.473 40.444 165 175 170
19.606 15.713 40.499 161 170 166
19.184 14.989 40.651 165 172 168
19.320 15.256 40.703 163 171 167
19.560 15.709 40.737 163 172 168
19.397 15.445 40.842 161 172 166
19.495 15.646 40.901 160 172 165
19.633 15.917 40.954 158 171 163
19.571 15.832 41.042 158 172 165
19.963 16.557 41.054 153 168 161
19.391 15.563 41.225 157 171 166
19.693 16.127 41.253 156 171 166
19.860 16.452 41.304 153 169 163
19.785 16.343 41.394 155 170 164
19.787 16.375 41.471 155 169 163
19.360 15.638 41.614 158 171 166
19.540 15.986 41.664 156 168 163
19.894 16.644 41.689 155 167 162
19.713 16.348 41.794 159 171 166
19.497 15.988 41.902 160 170 166
19.637 16.265 41.960 158 168 163
19.897 16.757 42.002 155 166 161
19.571 16.199 42.125 154 166 161
19.675 16.413 42.189 156 168 162
19.418 15.977 42.301 158 170 162
19.432 16.030 42.377 156 168 161
19.525 16.222 42.443 156 168 161
19.367 15.965 42.540 159 171 163
19.348 15.958 42.620 159 171 163
19.591 16.421 42.669 156 168 161
19.258 15.849 42.787 154 166 159
19.155 15.690 42.876 158 169 161
19.368 16.098 42.930 157 167 158
19.009 15.480 43.048 158 168 159
19.185 15.823 43.106 157 167 158
19.363 16.170 43.164 156 164 156
19.581 16.589 43.220 154 162 155
19.551 16.562 43.302 153 162 156
19.127 15.825 43.423 154 163 159
19.711 16.904 43.443 156 165 161
19.884 17.243 43.506 154 163 159
19.779 17.080 43.596 152 162 158
19.876 17.282 43.666 152 162 160
20.170 17.841 43.720 152 162 160
19.988 17.539 43.816 150 159 157
20.105 17.778 43.887 149 157 156
20.043 17.693 43.972 151 157 158
19.848 17.368 44.068 150 158 158
19.933 17.550 44.142 151 160 160
20.099 17.878 44.210 149 158 157
19.940 17.617 44.302 150 159 157
20.111 17.953 44.370 148 159 155
20.047 17.866 44.456 147 159 154
20.213 18.194 44.525 143 155 150
19.845 17.554 44.631 148 160 155
19.958 17.787 44.704 148 160 156
19.858 17.633 44.791 148 160 157
20.772 19.321 44.819 138 149 147
19.616 17.248 44.966 147 159 156
20.172 18.287 45.017 145 156 154
20.359 18.654 45.089 142 154 151
20.836 19.551 45.148 139 151 148
20.737 19.399 45.235 139 151 148
20.750 19.450 45.318 139 151 147
20.439 18.913 45.414 142 154 149
20.147 18.408 45.508 149 158 153
20.435 18.962 45.579 146 153 147
20.808 19.670 45.649 143 150 145
20.259 18.697 45.751 146 153 149
20.405 18.991 45.829 142 150 145
20.573 19.327 45.907 142 150 144
20.212 18.695 45.999 146 153 147
20.376 19.023 46.078 142 150 144
20.470 19.224 46.159 141 149 142
20.511 19.328 46.241 142 150 144
20.529 19.388 46.325 143 150 144
20.831 19.970 46.404 144 149 144
21.115 20.521 46.485 142 147 141
21.036 20.404 46.570 143 148 142
21.147 20.636 46.654 140 144 141
21.135 20.644 46.740 135 140 139
21.460 21.270 46.824 134 140 139
21.741 21.815 46.910 134 141 140
21.809 21.970 46.997 135 143 142
21.777 21.941 47.084 134 143 143
22.329 22.986 47.174 127 137 137
22.060 22.522 47.260 135 147 146
22.549 23.451 47.354 126 138 137
21.799 22.102 47.433 132 143 143
22.740 23.865 47.535 125 135 134
23.592 25.466 47.640 123 130 128
23.222 24.815 47.724 128 134 133
23.716 25.757 47.826 127 131 130
23.953 26.227 47.924 124 129 128
24.104 26.538 48.021 128 133 132
23.896 26.185 48.108 130 134 132
24.568 27.458 48.222 125 128 125
24.517 27.396 48.315 125 129 126
24.435 27.277 48.406 122 129 125
25.411 29.115 48.539 116 126 122
25.546 29.399 48.641 116 127 122
25.672 29.666 48.744 115 128 120
25.736 29.884 49.039 112 122 110
27.377 24.833 26.540 145 152 152
28.977 27.569 25.956 139 146 146
28.212 26.327 26.401 140 148 151
27.262 24.776 26.928 138 149 153
27.221 24.741 27.030 140 151 154
28.299 26.576 26.616 134 146 145
27.224 24.813 27.196 140 152 151
26.539 23.701 27.592 142 154 153
26.569 23.785 27.661 144 155 154
26.310 23.382 27.861 144 153 151
26.502 23.737 27.856 145 155 152
25.887 22.739 28.215 148 157 155
25.802 22.627 28.334 150 158 157
25.289 21.799 28.644 152 159 159
25.426 22.060 28.663 151 157 158
25.511 22.235 28.706 147 154 155
25.667 22.527 28.718 148 157 157
24.979 21.403 29.100 149 161 160
25.608 22.491 28.905 146 160 161
24.531 20.712 29.454 146 162 163
24.731 21.077 29.447 149 167 165
25.250 21.982 29.302 143 161 157
24.763 21.193 29.591 146 162 160
24.667 21.061 29.712 150 163 165
24.620 21.011 29.811 148 161 163
23.961 19.930 30.169 152 166 167
23.841 19.758 30.297 151 165 166
24.282 20.531 30.191 149 162 164
24.139 20.319 30.329 150 162 164
23.562 19.374 30.647 154 165 167
24.240 20.549 30.445 150 160 162
23.460 19.259 30.844 156 165 165
24.250 20.625 30.598 154 163 162
23.353 19.137 31.042 155 164 162
23.860 20.022 30.915 150 159 157
23.330 19.153 31.207 159 169 166
23.655 19.733 31.154 150 161 158
23.414 19.353 31.328 154 166 163
23.277 19.150 31.460 153 166 163
23.108 18.891 31.604 156 170 166
23.287 19.223 31.611 152 166 162
22.728 18.302 31.907 155 169 163
23.370 19.420 31.734 152 165 160
23.212 19.181 31.873 155 167 162
22.460 17.930 32.240 161 170 166
22.193 17.505 32.418 164 169 166
22.490 18.036 32.381 163 168 164
22.443 17.984 32.475 163 168 164
22.433 17.994 32.556 161 167 164
22.487 18.113 32.612 160 167 165
22.583 18.304 32.652 157 165 162
22.456 18.116 32.776 164 173 169
22.169 17.654 32.959 164 173 169
22.256 17.830 33.003 159 169 164
22.603 18.449 32.953 155 169 164
23.061 19.259 32.863 149 167 163
22.505 18.337 33.142 154 173 169
23.026 19.254 33.032 142 160 156
22.205 17.879 33.403 152 171 167
21.810 17.229 33.620 156 174 170
21.955 17.504 33.645 154 170 165
22.097 17.775 33.671 157 171 166
22.032 17.689 33.770 157 171 166
21.702 17.151 33.961 160 175 169
21.436 16.723 34.128 162 174 168
21.194 16.334 34.287 167 177 170
21.649 17.141 34.207 161 171 166
22.019 17.802 34.157 158 169 164
21.272 16.547 34.485 161 174 169
21.568 17.081 34.462 156 170 164
21.509 17.005 34.557 156 170 165
21.695 17.352 34.572 155 169 165
21.217 16.557 34.805 157 171 168
21.039 16.277 34.938 160 174 171
21.107 16.420 34.991 162 174 170
21.118 16.465 35.063 163 172 168
21.075 16.416 35.152 164 173 169
20.811 15.989 35.311 167 177 173
20.893 16.156 35.360 166 176 171
20.754 15.942 35.479 166 176 171
20.575 15.659 35.610 163 172 169
20.800 16.073 35.615 162 171 169
20.963 16.381 35.639 159 170 168
20.097 14.911 35.980 160 171 169
20.007 14.780 36.081 169 179 176
19.449 13.840 36.323 176 185 181
20.279 15.302 36.147 163 174 168
20.028 14.893 36.296 162 174 167
20.100 15.043 36.348 168 180 174
19.800 14.548 36.510 166 178 173
20.050 15.007 36.511 165 177 169
20.206 15.303 36.540 163 176 166
19.791 14.608 36.734 166 178 169
19.821 14.686 36.799 169 181 174
20.107 15.207 36.792 167 179 172
20.265 15.507 36.822 162 174 167
20.278 15.554 36.893 161 173 167
20.922 16.701 36.790 154 166 161
20.465 15.931 36.992 156 168 163
19.937 15.039 37.211 161 173 168
19.990 15.156 37.271 163 175 170
20.248 15.631 37.276 163 175 170
20.054 15.318 37.403 164 174 169
20.306 15.784 37.411 160 167 163
19.555 14.501 37.684 167 174 171
19.788 14.931 37.697 165 172 170
19.829 15.028 37.761 161 168 165
19.570 14.602 37.902 162 169 166
19.782 14.997 37.922 160 170 166
20.112 15.599 37.914 156 170 166
20.069 15.549 38.000 151 165 162
19.740 15.000 38.157 159 173 170
19.816 15.158 38.213 159 172 169
19.638 14.873 38.331 162 174 171
19.220 14.166 38.507 166 177 175
19.331 14.385 38.554 165 176 173
19.663 14.992 38.549 165 176 171
19.375 14.513 38.692 166 178 170
19.502 14.761 38.737 162 174 167
19.061 14.013 38.913 165 177 169
19.305 14.467 38.931 161 173 167
19.063 14.067 39.060 161 173 168
19.402 14.686 39.058 165 176 173
19.511 14.903 39.109 162 174 171
19.238 14.449 39.244 161 173 170
19.343 14.659 39.295 162 174 171
19.645 15.214 39.305 159 172 169
19.599 15.160 39.390 157 171 168
19.797 15.533 39.424 154 167 164
19.783 15.534 39.503 155 167 164
19.444 14.964 39.649 162 171 168
20.060 16.074 39.598 160 167 163
19.982 15.962 39.690 160 167 163
19.447 15.046 39.874 166 173 169
19.668 15.460 39.906 163 171 167
19.552 15.282 40.005 159 169 164
19.657 15.492 40.060 159 169 164
19.909 15.964 40.088 156 165 161
19.933 16.032 40.160 157 167 162
19.379 15.079 40.341 163 172 168
19.452 15.233 40.403 162 171 167
19.595 15.512 40.453 165 175 170
19.164 14.775 40.607 163 171 167
19.032 14.566 40.707 165 172 168
19.126 14.759 40.765 165 172 169
19.193 14.903 40.829 168 175 173
19.623 15.690 40.830 157 166 164
19.473 15.450 40.933 155 167 164
19.325 15.214 41.034 163 175 171
19.448 15.457 41.090 162 174 169
19.749 16.019 41.117 158 169 164
19.441 15.497 41.244 160 172 167
19.468 15.570 41.316 158 171 166
19.392 15.462 41.405 156 170 164
19.457 15.604 41.472 153 168 162
19.652 15.976 41.519 160 175 169
19.123 15.060 41.676 159 172 166
19.708 16.129 41.665 156 168 161
19.698 16.136 41.744 160 172 164
19.532 15.866 41.846 161 173 166
19.498 15.833 41.928 159 171 163
19.813 16.421 41.961 153 165 158
20.099 16.957 42.000 154 166 159
19.605 16.101 42.146 154 166 159
19.693 16.286 42.212 155 169 161
19.892 16.668 42.264 155 169 161
19.546 16.075 42.387 154 168 160
19.562 16.131 42.462 155 167 160
19.379 15.830 42.563 158 170 162
19.341 15.788 42.645 158 170 162
19.440 15.992 42.711 156 168 161
18.867 14.991 42.856 156 168 161
18.892 15.063 42.930 159 171 162
18.563 14.499 43.044 162 172 162
18.810 14.966 43.093 159 168 160
19.104 15.520 43.138 162 170 163
19.554 16.355 43.167 156 164 158
19.288 15.903 43.273 157 167 160
19.356 16.052 43.344 158 168 162
19.510 16.356 43.407 156 165 161
19.806 16.914 43.457 152 165 160
19.097 15.666 43.604 149 166 160
19.767 16.898 43.619 147 163 158
19.530 16.499 43.720 149 166 162
20.178 17.693 43.741 146 162 158
19.891 17.202 43.847 149 163 160
19.842 17.142 43.930 149 159 158
19.478 16.511 44.040 154 161 162
20.534 18.444 44.035 152 158 159
19.952 17.422 44.161 152 159 159
19.890 17.336 44.246 152 158 159
19.946 17.465 44.322 152 159 159
19.744 17.127 44.417 154 163 162
20.081 17.764 44.474 146 158 155
20.067 17.767 44.556 148 160 157
19.689 17.108 44.661 152 163 161
19.855 17.436 44.730 147 159 157
20.379 18.414 44.780 142 154 153
20.434 18.540 44.858 140 152 151
20.021 17.820 44.963 142 154 153
20.511 18.736 45.018 143 153 155
20.163 18.133 45.118 145 154 157
20.504 18.779 45.183 141 151 152
20.776 19.302 45.253 134 146 145
20.546 18.912 45.346 137 146 145
20.448 18.763 45.432 141 148 147
20.440 18.775 45.515 145 152 150
20.182 18.335 45.607 145 152 150
21.186 20.190 45.654 139 144 143
19.735 17.576 45.785 157 162 161
20.298 18.629 45.849 145 150 148
20.032 18.173 45.939 142 150 146
20.265 18.625 46.015 145 155 150
20.891 19.796 46.083 138 150 145
20.333 18.805 46.179 139 149 144
20.379 18.919 46.261 140 148 141
20.031 18.311 46.349 150 157 150
20.015 18.310 46.432 148 156 149
20.482 19.192 46.508 146 152 148
20.886 19.959 46.588 142 147 146
21.419 20.962 46.669 141 145 145
21.217 20.622 46.755 141 145 144
21.194 20.609 46.841 141 147 146
21.434 21.079 46.926 139 146 144
22.117 22.360 47.013 135 144 142
21.509 21.275 47.098 127 139 136
22.039 22.277 47.188 126 139 136
21.455 21.234 47.270 128 142 139
22.320 22.852 47.366 124 137 136
21.955 22.212 47.449 125 136 138
22.795 23.785 47.551 125 136 139
22.939 24.080 47.643 125 136 138
23.698 25.508 47.749 123 131 133
23.157 24.544 47.828 124 129 130
24.149 26.400 47.944 124 128 128
24.224 26.570 48.039 123 128 127
24.140 26.449 48.129 130 135 133
24.235 26.654 48.226 127 132 128
24.517 27.208 48.329 127 133 129
24.317 26.871 48.416 122 129 125
24.848 27.882 48.530 118 128 124
24.992 28.181 48.631 118 130 125
25.246 28.683 48.738 116 129 120
25.857 29.911 49.058 115 122 111
28.857 27.114 25.901 135 147 149
29.310 27.904 25.774 136 146 150
29.280 27.889 25.875 137 148 152
28.143 26.031 26.492 137 149 154
28.287 26.306 26.510 134 147 153
28.198 26.192 26.636 133 147 152
28.239 26.294 26.703 134 147 151
27.433 24.984 27.157 137 149 150
25.958 22.557 27.914 149 161 158
26.553 23.583 27.724 142 154 151
26.541 23.595 27.812 142 154 151
26.467 23.504 27.928 144 155 152
25.791 22.407 28.313 148 157 155
25.884 22.594 28.352 147 156 155
26.015 22.845 28.375 148 157 157
25.655 22.274 28.616 150 159 161
25.456 21.972 28.784 151 160 163
25.505 22.085 28.843 152 162 163
25.202 21.608 29.056 149 161 160
25.603 22.312 28.961 146 159 158
24.965 21.272 29.318 146 160 159
24.843 21.098 29.450 149 163 160
24.955 21.317 29.482 149 163 160
25.324 21.967 29.404 146 160 158
24.890 21.268 29.669 149 162 162
24.752 21.067 29.807 148 161 160
24.547 20.751 29.973 150 164 163
24.461 20.637 30.088 146 160 160
24.278 20.358 30.243 150 163 165
24.325 20.467 30.302 150 163 165
24.224 20.326 30.423 150 163 165
24.371 20.605 30.441 149 163 162
23.981 19.975 30.680 151 165 162
24.074 20.162 30.720 150 162 159
23.909 19.913 30.866 149 161 158
23.803 19.763 30.987 153 164 162
23.973 20.079 30.997 155 167 164
23.630 19.527 31.212 153 165 162
23.673 19.629 31.273 153 165 162
23.493 19.352 31.423 156 168 165
23.491 19.378 31.501 154 166 163
23.699 19.759 31.497 150 163 158
23.372 19.234 31.703 152 166 161
23.153 18.890 31.866 155 169 163
22.773 18.274 32.090 159 171 166
22.855 18.441 32.135 161 170 166
22.531 17.919 32.335 163 171 167
22.833 18.459 32.297 161 168 164
22.767 18.375 32.399 162 169 166
22.454 17.871 32.593 164 171 167
22.667 18.260 32.590 160 167 163
22.225 17.537 32.831 164 172 168
22.555 18.125 32.785 159 169 164
22.021 17.243 33.058 163 172 168
22.393 17.903 32.998 159 169 164
22.613 18.307 32.994 158 171 167
22.304 17.807 33.182 155 171 168
22.256 17.753 33.276 151 169 165
22.092 17.500 33.411 151 170 165
22.039 17.436 33.506 152 169 165
22.142 17.638 33.546 152 168 164
22.507 18.289 33.494 155 170 165
22.171 17.742 33.688 158 172 167
21.844 17.211 33.878 159 172 167
22.002 17.507 33.900 156 168 163
21.937 17.423 33.999 161 171 167
21.534 16.760 34.212 158 168 163
21.605 16.909 34.263 161 170 165
21.829 17.318 34.264 160 170 166
21.494 16.771 34.452 162 172 169
22.214 18.031 34.288 154 166 163
21.599 17.004 34.569 161 174 171
21.317 16.547 34.737 160 174 171
21.322 16.582 34.811 158 171 168
21.275 16.527 34.902 160 171 169
21.240 16.493 34.989 161 173 169
20.977 16.068 35.148 163 175 170
20.956 16.057 35.230 164 175 169
21.031 16.212 35.281 165 175 168
20.625 15.540 35.484 166 176 171
20.926 16.084 35.464 162 174 171
20.916 16.093 35.543 160 171 169
20.501 15.403 35.746 161 173 170
20.238 14.977 35.901 163 175 172
20.564 15.563 35.876 162 174 171
19.844 14.348 36.168 167 179 175
20.147 14.896 36.150 167 179 174
20.328 15.233 36.170 163 175 170
19.928 14.568 36.363 166 178 173
19.852 14.462 36.459 165 176 172
20.174 15.044 36.438 167 179 174
20.197 15.108 36.505 165 177 169
20.143 15.040 36.595 165 177 167
20.101 14.993 36.681 162 176 167
20.066 14.958 36.765 160 175 167
19.903 14.701 36.886 164 177 169
20.091 15.053 36.907 163 175 168
20.117 15.122 36.974 163 175 169
20.226 15.337 37.018 163 175 170
19.912 14.818 37.179 163 175 170
19.922 14.860 37.250 165 176 171
20.239 15.436 37.239 163 175 170
20.269 15.514 37.306 160 172 167
20.089 15.227 37.429 162 173 168
20.031 15.152 37.519 165 175 170
19.870 14.897 37.636 164 172 169
20.248 15.579 37.612 161 168 166
19.835 14.886 37.794 162 172 169
19.339 14.048 37.995 162 176 170
19.968 15.169 37.909 157 171 166
19.395 14.196 38.128 163 177 173
19.787 14.905 38.104 161 176 172
19.830 15.004 38.168 162 176 172
19.790 14.959 38.253 162 175 172
19.916 15.206 38.297 160 171 169
19.670 14.800 38.431 161 173 170
19.334 14.239 38.586 165 176 173
19.337 14.270 38.659 162 174 170
19.582 14.723 38.676 161 173 168
19.416 14.459 38.789 163 175 171
19.315 14.307 38.886 165 176 173
19.374 14.434 38.947 163 175 172
19.173 14.109 39.067 162 174 171
19.550 14.794 39.057 165 176 173
19.482 14.700 39.146 166 177 175
19.606 14.942 39.194 161 173 170
19.450 14.694 39.303 163 175 172
19.415 14.658 39.385 160 173 170
19.883 15.505 39.361 156 170 166
19.584 15.005 39.500 157 171 168
19.435 14.769 39.606 160 174 171
19.594 15.073 39.648 158 169 167
19.766 15.402 39.689 162 171 169
19.761 15.418 39.766 163 172 169
19.529 15.036 39.888 163 172 168
20.188 16.221 39.833 158 168 162
19.705 15.397 40.005 163 173 166
19.719 15.447 40.078 163 173 165
19.505 15.096 40.195 165 175 168
19.760 15.570 40.222 160 170 164
19.923 15.884 40.268 160 170 166
19.590 15.322 40.407 164 174 169
19.843 15.794 40.436 162 171 167
19.657 15.492 40.547 163 171 168
19.150 14.622 40.714 168 175 173
19.550 15.355 40.718 165 171 170
19.435 15.177 40.815 163 170 169
19.847 15.931 40.820 158 167 165
19.534 15.403 40.950 160 171 169
19.638 15.614 41.009 159 170 168
19.716 15.778 41.073 156 168 165
19.509 15.437 41.184 157 170 165
19.662 15.734 41.235 158 172 167
19.857 16.105 41.282 157 171 166
19.577 15.634 41.403 153 168 162
19.206 15.003 41.537 161 176 168
19.466 15.490 41.573 160 175 165
19.296 15.213 41.676 162 176 167
19.748 16.043 41.685 159 171 163
19.476 15.585 41.803 159 171 164
19.373 15.429 41.894 159 171 163
19.542 15.755 41.947 158 170 162
19.606 15.894 42.016 156 168 161
19.444 15.632 42.115 158 171 163
19.675 16.069 42.161 155 169 161
19.707 16.154 42.235 156 170 162
19.240 15.347 42.374 159 174 166
19.212 15.323 42.454 159 174 166
19.277 15.466 42.523 157 171 163
19.393 15.699 42.586 157 171 163
19.248 15.466 42.681 156 170 162
19.371 15.710 42.743 158 171 165
19.067 15.193 42.856 160 172 167
18.814 14.767 42.962 162 174 168
19.120 15.341 43.004 163 175 168
19.001 15.153 43.095 161 172 166
18.946 15.081 43.177 160 170 166
19.286 15.716 43.218 160 169 165
19.667 16.426 43.257 157 167 162
19.246 15.697 43.378 159 169 164
18.922 15.143 43.488 156 168 163
19.182 15.635 43.540 153 166 161
19.105 15.524 43.625 149 163 157
19.166 15.658 43.697 151 167 161
19.205 15.755 43.771 147 163 157
19.488 16.290 43.824 151 165 161
19.556 16.439 43.897 155 167 164
19.922 17.124 43.945 150 159 157
19.430 16.266 44.065 153 160 158
19.876 17.095 44.109 153 160 158
19.368 16.208 44.227 154 161 160
19.483 16.441 44.298 155 162 161
19.238 16.028 44.394 156 163 162
19.682 16.854 44.442 155 163 158
19.591 16.716 44.528 151 161 154
19.634 16.822 44.604 150 161 155
19.857 17.252 44.670 148 160 155
20.066 17.657 44.737 143 155 153
20.019 17.599 44.821 144 155 155
20.046 17.674 44.900 146 156 156
20.246 18.064 44.970 148 157 157
20.357 18.292 45.045 143 152 153
20.079 17.816 45.141 149 158 160
20.387 18.402 45.207 147 157 158
20.161 18.020 45.300 141 153 152
20.510 18.680 45.366 145 155 153
20.635 18.935 45.443 148 155 154
20.226 18.222 45.542 147 154 152
20.043 17.917 45.630 147 154 153
20.221 18.268 45.705 146 153 151
19.893 17.700 45.798 149 156 155
19.924 17.785 45.878 147 154 153
20.116 18.161 45.954 147 154 153
20.557 18.992 46.025 141 150 148
20.534 18.977 46.109 140 152 149
20.476 18.899 46.193 140 152 148
20.251 18.518 46.280 139 151 146
20.411 18.837 46.359 143 154 150
20.709 19.409 46.438 143 152 150
20.609 19.256 46.523 142 150 148
20.219 18.572 46.610 142 149 148
20.772 19.610 46.689 141 148 147
20.626 19.372 46.774 142 149 148
20.573 19.304 46.857 144 151 149
20.911 19.949 46.941 141 148 147
21.397 20.867 47.027 133 142 140
20.935 20.052 47.110 137 148 146
21.345 20.830 47.198 135 149 144
21.753 21.607 47.288 132 147 141
21.888 21.884 47.376 130 144 142
21.951 22.028 47.464 128 141 143
22.549 23.154 47.561 126 139 141
22.918 23.861 47.657 126 137 139
22.942 23.937 47.747 124 134 136
23.364 24.741 47.847 124 133 136
23.402 24.842 47.939 128 136 136
24.083 26.124 48.049 123 130 128
24.196 26.363 48.145 124 129 127
23.948 25.940 48.230 124 129 126
24.280 26.582 48.334 124 130 126
23.821 25.769 48.410 127 135 131
24.780 27.565 48.541 119 129 125
24.576 27.223 48.627 119 131 126
24.955 27.954 48.738 118 128 124
24.677 27.473 48.821 124 131 127
25.487 28.999 48.955 118 125 119
25.839 29.682 49.070 115 122 114
29.304 27.673 25.751 133 144 150
28.902 27.075 26.112 134 145 152
28.923 27.146 26.189 136 146 153
27.871 25.433 26.762 144 154 161
27.557 24.946 26.991 137 149 154
27.054 24.144 27.305 137 150 154
26.806 23.764 27.501 141 154 154
26.044 22.529 27.931 147 159 156
27.073 24.275 27.545 140 152 149
26.246 22.929 28.001 142 154 151
25.462 21.656 28.435 146 157 156
26.381 23.219 28.104 145 156 156
26.365 23.225 28.192 141 153 152
26.212 23.001 28.342 145 156 156
26.195 23.005 28.431 144 156 156
25.708 22.223 28.727 145 159 158
25.670 22.192 28.824 147 161 159
25.792 22.427 28.851 146 160 157
25.572 22.091 29.028 146 160 157
24.183 19.797 29.708 156 170 166
24.889 21.008 29.483 149 163 159
24.918 21.086 29.550 149 163 160
24.979 21.220 29.603 149 163 161
25.054 21.375 29.651 148 161 160
24.754 20.903 29.858 151 165 163
24.881 21.147 29.883 148 162 158
24.300 20.201 30.206 149 164 162
24.556 20.660 30.178 148 164 163
24.391 20.413 30.325 149 165 164
24.092 19.941 30.527 152 168 166
24.323 20.358 30.511 151 166 164
24.087 19.990 30.686 151 165 162
24.719 21.082 30.508 145 159 156
24.185 20.213 30.803 142 156 153
24.059 20.029 30.933 151 164 161
24.053 20.049 31.014 153 165 162
23.927 19.865 31.142 153 164 162
24.026 20.061 31.182 149 161 158
23.248 18.778 31.567 154 167 164
22.995 18.379 31.743 156 170 166
23.802 19.770 31.505 151 165 161
24.018 20.163 31.499 151 165 160
23.556 19.411 31.757 153 168 162
22.868 18.275 32.099 158 172 167
22.933 18.413 32.151 158 169 165
22.929 18.434 32.230 156 165 163
22.678 18.037 32.402 161 170 168
22.840 18.339 32.417 160 170 168
22.513 17.813 32.616 163 171 169
22.719 18.190 32.616 158 165 163
22.133 17.223 32.910 163 171 168
22.391 17.688 32.890 160 170 166
21.929 16.930 33.136 162 171 166
22.590 18.079 32.970 155 164 160
22.253 17.535 33.169 162 172 169
22.000 17.132 33.336 159 170 168
22.738 18.413 33.147 151 165 162
22.312 17.717 33.376 157 174 170
22.127 17.429 33.518 158 174 169
21.866 17.011 33.686 156 170 164
21.925 17.139 33.741 157 171 165
21.445 16.347 33.985 162 176 170
21.750 16.894 33.954 159 172 168
21.761 16.940 34.025 159 170 168
21.686 16.837 34.127 160 171 169
21.401 16.377 34.299 159 170 168
21.394 16.392 34.377 163 175 172
21.393 16.417 34.452 160 171 169
21.790 17.122 34.395 154 167 164
21.409 16.497 34.597 156 170 166
21.636 16.910 34.598 159 173 170
21.058 15.949 34.863 163 177 173
20.960 15.807 34.970 161 174 171
21.154 16.164 34.982 161 173 170
20.775 15.541 35.179 165 176 173
20.615 15.292 35.304 168 180 175
21.043 16.052 35.242 161 173 167
20.939 15.901 35.350 161 173 166
20.856 15.784 35.451 165 177 169
20.229 14.733 35.721 166 178 170
20.519 15.256 35.705 162 174 168
20.448 15.160 35.801 160 172 167
20.131 14.640 35.972 163 175 171
19.913 14.291 36.111 165 176 173
19.712 13.970 36.245 166 177 175
20.120 14.698 36.196 161 173 170
20.452 15.294 36.171 162 174 170
19.698 14.021 36.468 170 182 177
19.890 14.377 36.484 166 178 173
20.658 15.726 36.334 163 175 170
19.754 14.193 36.670 166 178 171
20.087 14.792 36.648 165 177 169
19.784 14.294 36.808 164 177 169
19.819 14.380 36.872 163 177 169
19.946 14.624 36.910 164 178 171
19.716 14.253 37.047 162 176 170
19.924 14.637 37.063 162 175 170
19.688 14.255 37.202 165 176 171
20.144 15.068 37.151 165 176 171
19.658 14.252 37.357 169 181 176
19.700 14.350 37.419 166 178 172
19.679 14.338 37.499 163 175 170
20.055 15.015 37.473 161 171 168
20.144 15.194 37.524 163 172 170
19.893 14.785 37.664 162 172 170
19.720 14.510 37.783 160 171 169
19.659 14.430 37.873 162 175 172
19.835 14.760 37.902 163 177 173
19.357 13.955 38.097 160 174 171
19.646 14.482 38.098 162 176 172
19.951 15.038 38.097 159 172 169
19.572 14.403 38.265 162 174 171
19.497 14.299 38.357 167 178 176
19.605 14.510 38.405 166 177 175
19.774 14.830 38.439 163 175 173
19.511 14.398 38.576 165 176 173
19.675 14.709 38.612 162 174 169
19.212 13.926 38.794 165 177 169
19.573 14.582 38.784 165 177 170
18.993 13.594 38.992 170 182 177
19.136 13.869 39.033 167 179 175
19.376 14.313 39.052 162 174 171
19.358 14.306 39.131 163 175 172
19.584 14.726 39.155 163 175 172
19.666 14.895 39.212 163 175 172
19.943 15.404 39.228 162 174 171
19.378 14.441 39.424 165 176 173
19.456 14.604 39.482 161 173 170
19.382 14.500 39.572 162 175 172
19.760 15.186 39.569 162 176 172
19.354 14.500 39.728 161 174 171
19.106 14.091 39.853 162 174 171
19.855 15.430 39.777 161 173 169
19.751 15.273 39.873 162 174 169
19.657 15.133 39.968 160 172 166
19.652 15.149 40.045 162 174 167
19.731 15.315 40.105 164 175 168
19.907 15.650 40.147 164 174 167
19.989 15.820 40.208 162 171 166
19.674 15.291 40.344 164 173 169
19.808 15.552 40.395 164 173 170
19.632 15.267 40.504 164 173 171
19.074 14.310 40.680 167 175 174
19.062 14.316 40.757 168 175 173
19.191 14.567 40.809 165 171 170
19.779 15.629 40.783 160 167 165
19.577 15.299 40.894 160 170 168
19.480 15.154 40.987 159 170 168
19.348 14.946 41.085 162 174 170
19.235 14.773 41.179 160 172 167
19.660 15.549 41.186 158 171 165
19.776 15.780 41.244 158 172 167
19.298 14.961 41.397 160 175 169
19.956 16.150 41.370 155 169 163
19.407 15.204 41.532 162 176 168
19.257 14.964 41.632 162 174 165
19.348 15.151 41.694 162 174 165
19.616 15.652 41.731 159 171 163
19.653 15.743 41.803 156 168 163
19.641 15.749 41.882 156 168 165
19.393 15.335 41.994 158 169 167
19.590 15.711 42.043 153 165 162
19.146 14.947 42.181 161 174 171
19.495 15.594 42.211 157 171 168
19.691 15.968 42.262 154 169 164
19.307 15.311 42.389 159 173 168
19.063 14.903 42.497 159 173 168
19.845 16.321 42.476 156 170 164
19.494 15.721 42.597 159 173 168
19.255 15.322 42.704 153 168 162
19.470 15.731 42.755 155 170 164
18.937 14.807 42.895 156 173 167
18.835 14.652 42.983 160 175 169
19.195 15.319 43.019 160 172 167
18.995 14.989 43.118 161 173 169
18.786 14.642 43.217 162 174 171
19.189 15.386 43.251 158 169 166
19.458 15.894 43.301 156 168 163
19.229 15.511 43.402 154 166 161
19.234 15.546 43.479 158 169 164
18.891 14.959 43.590 155 167 162
19.278 15.677 43.630 154 166 161
19.073 15.336 43.727 156 167 162
18.986 15.207 43.812 156 165 161
19.307 15.808 43.861 156 165 161
19.246 15.724 43.945 155 164 160
19.208 15.684 44.026 157 165 162
19.118 15.548 44.111 158 165 163
19.442 16.156 44.164 158 165 163
19.410 16.125 44.245 155 162 161
19.125 15.640 44.345 156 163 162
18.764 15.016 44.449 161 168 166
19.546 16.449 44.472 159 166 161
19.452 16.306 44.557 158 165 157
19.653 16.695 44.623 153 162 153
19.301 16.089 44.725 152 162 153
19.477 16.433 44.793 155 164 157
19.914 17.247 44.846 154 163 159
20.293 17.958 44.905 149 158 156
20.098 17.633 44.997 150 159 159
20.162 17.776 45.075 145 155 155
20.382 18.201 45.145 146 157 157
19.853 17.273 45.252 147 160 160
19.446 16.565 45.350 152 166 165
20.027 17.642 45.405 144 157 154
19.633 16.957 45.502 152 164 159
19.977 17.607 45.569 151 162 157
19.914 17.520 45.652 148 157 153
19.714 17.186 45.740 149 157 153
19.980 17.695 45.812 153 160 156
19.992 17.744 45.893 147 154 151
20.068 17.909 45.973 148 155 154
20.180 18.141 46.051 144 154 151
20.334 18.449 46.130 140 152 149
20.264 18.348 46.214 142 153 150
20.339 18.513 46.295 143 152 150
20.678 19.157 46.372 142 151 149
20.885 19.562 46.452 143 152 150
20.067 18.102 46.545 142 150 149
20.662 19.213 46.622 139 146 146
20.359 18.689 46.707 145 152 151
20.371 18.740 46.790 145 152 150
20.225 18.503 46.873 147 154 152
20.670 19.342 46.956 142 149 148
20.688 19.403 47.040 138 146 145
20.590 19.253 47.123 136 145 143
20.808 19.678 47.209 141 152 148
20.643 19.406 47.291 138 150 145
21.347 20.720 47.384 135 146 143
21.520 21.066 47.472 135 144 144
22.088 22.134 47.568 130 141 141
22.511 22.938 47.664 123 137 136
22.597 23.125 47.754 124 137 136
22.604 23.168 47.843 131 142 142
23.086 24.080 47.945 129 140 139
23.575 25.007 48.049 128 137 135
23.596 25.078 48.141 129 137 134
23.808 25.497 48.239 126 133 129
23.285 24.569 48.313 127 136 132
23.268 24.569 48.403 123 134 129
24.424 26.722 48.540 117 130 125
24.098 26.156 48.620 120 134 128
24.689 27.273 48.739 118 131 126
23.919 25.890 48.797 119 131 126
24.724 27.403 48.930 117 130 124
25.949 29.689 49.088 108 122 115
26.098 29.996 49.194 107 118 106
25.157 28.297 49.239 117 125 110
26.056 29.987 49.388 115 127 112
25.758 29.839 50.544 118 120 115
25.660 29.691 50.633 122 124 119
25.470 29.474 51.007 110 125 117
25.692 29.919 51.128 110 125 118
28.361 25.997 26.424 137 148 152
28.920 26.959 26.250 136 148 152
27.546 24.717 26.970 141 154 158
28.194 25.825 26.755 134 147 149
27.836 25.265 27.004 137 151 150
27.227 24.288 27.366 138 152 150
26.626 23.324 27.722 143 157 154
27.018 24.008 27.626 141 155 151
26.819 23.710 27.799 142 156 153
26.482 23.182 28.032 142 156 154
26.667 23.522 28.031 144 158 157
26.487 23.256 28.193 139 153 152
26.514 23.332 28.263 141 154 153
26.325 23.050 28.428 143 157 156
25.698 22.037 28.785 148 161 160
25.770 22.189 28.834 148 161 159
26.032 22.656 28.801 141 155 151
25.645 22.043 29.049 147 162 158
24.489 20.143 29.628 153 167 164
25.389 21.676 29.321 147 160 157
25.933 22.616 29.169 146 158 155
25.294 21.579 29.521 148 160 157
25.298 21.616 29.600 147 159 156
25.152 21.402 29.741 153 164 162
25.114 21.369 29.837 152 163 161
25.188 21.524 29.886 150 162 160
24.500 20.401 30.252 151 165 162
24.352 20.182 30.392 149 166 162
24.693 20.784 30.330 147 166 162
24.266 20.098 30.584 145 162 158
24.397 20.347 30.609 146 162 158
24.537 20.611 30.632 145 161 157
24.628 20.794 30.674 146 162 158
24.314 20.295 30.879 150 165 161
23.718 19.322 31.196 155 169 163
23.967 19.769 31.175 151 165 161
24.035 19.912 31.227 148 162 158
23.640 19.277 31.460 151 167 162
23.570 19.187 31.565 153 169 163
23.943 19.844 31.498 148 165 158
23.755 19.556 31.649 150 167 161
23.327 18.862 31.892 153 168 162
22.868 18.117 32.146 158 172 167
22.998 18.363 32.173 156 170 165
23.135 18.623 32.197 155 169 165
22.746 17.993 32.421 159 172 169
22.795 18.104 32.479 161 173 170
22.669 17.918 32.603 162 172 170
22.872 18.290 32.604 157 166 164
22.367 17.462 32.868 159 169 166
22.786 18.199 32.790 159 169 166
22.564 17.850 32.948 159 169 166
22.754 18.199 32.955 158 167 165
22.364 17.565 33.173 162 171 170
22.339 17.550 33.258 162 171 171
22.488 17.830 33.281 160 170 170
22.895 18.547 33.213 158 167 167
22.015 17.082 33.601 165 174 173
22.181 17.390 33.619 160 170 168
22.089 17.261 33.727 160 170 168
21.222 15.814 34.104 166 176 173
21.727 16.699 34.004 164 173 171
21.693 16.667 34.091 163 172 170
21.444 16.270 34.251 162 172 170
21.989 17.224 34.141 161 173 170
21.898 17.095 34.248 160 172 169
21.434 16.332 34.480 160 171 169
21.275 16.087 34.608 161 173 170
21.344 16.231 34.660 160 171 169
21.595 16.685 34.652 160 173 170
21.496 16.542 34.760 160 174 171
21.128 15.940 34.955 159 173 170
21.227 16.136 34.998 164 178 175
20.371 14.698 35.348 162 176 171
20.732 15.341 35.306 164 178 173
20.985 15.800 35.300 162 176 170
20.727 15.385 35.456 162 176 170
20.813 15.556 35.503 164 178 173
20.459 14.975 35.688 169 183 177
20.632 15.298 35.708 165 179 174
20.489 15.078 35.826 160 175 169
20.425 14.994 35.920 162 176 171
20.594 15.309 35.943 164 178 175
20.716 15.545 35.980 162 175 172
20.435 15.088 36.139 162 176 172
20.342 14.954 36.241 160 174 171
20.169 14.681 36.366 160 174 171
20.221 14.796 36.424 164 177 172
20.326 15.001 36.468 165 176 171
19.988 14.447 36.639 166 177 172
20.158 14.764 36.664 167 179 174
20.004 14.523 36.782 165 178 172
19.918 14.401 36.880 164 178 173
20.283 15.055 36.851 162 177 172
20.728 15.848 36.802 160 174 171
20.063 14.727 37.060 164 176 174
19.838 14.364 37.196 166 177 175
20.132 14.895 37.190 162 174 170
20.102 14.868 37.272 161 173 168
20.017 14.747 37.369 162 174 168
19.664 14.163 37.537 167 179 172
20.153 15.033 37.482 166 176 170
20.299 15.311 37.518 165 175 170
20.257 15.264 37.604 162 172 169
19.804 14.504 37.796 163 175 172
19.965 14.808 37.829 160 173 170
20.201 15.243 37.843 160 174 171
19.563 14.163 38.079 161 176 172
20.045 15.024 38.032 157 171 168
19.924 14.838 38.137 159 173 170
19.572 14.253 38.298 162 176 172
19.439 14.047 38.404 165 178 175
19.526 14.223 38.457 163 175 172
19.571 14.326 38.520 165 176 171
19.435 14.115 38.626 166 178 170
19.514 14.277 38.682 166 178 170
19.479 14.241 38.764 165 177 169
19.936 15.062 38.733 162 176 169
19.499 14.327 38.908 160 175 169
19.334 14.064 39.019 162 175 171
19.921 15.111 38.962 162 174 171
19.659 14.680 39.095 163 175 172
19.423 14.294 39.222 163 175 172
19.637 14.693 39.250 163 175 172
19.977 15.312 39.251 162 174 171
19.759 14.956 39.373 163 175 172
19.518 14.560 39.500 163 175 172
19.293 14.192 39.621 164 176 173
19.608 14.769 39.631 162 176 172
19.934 15.363 39.639 159 173 170
20.132 15.734 39.675 158 172 169
20.072 15.656 39.763 158 172 168
19.406 14.516 39.972 160 175 169
19.996 15.573 39.931 157 170 163
19.845 15.336 40.036 163 175 168
19.706 15.116 40.139 162 174 167
19.544 14.859 40.246 167 179 172
19.661 15.090 40.299 162 174 167
19.601 15.010 40.386 161 173 166
19.606 15.043 40.461 159 170 166
19.248 14.440 40.602 165 174 172
19.387 14.710 40.652 164 172 170
19.474 14.888 40.712 165 172 170
19.318 14.639 40.815 166 171 170
19.441 14.881 40.869 166 171 170
19.509 15.026 40.933 167 172 170
19.523 15.076 41.007 165 172 168
19.587 15.214 41.072 162 173 168
19.471 15.035 41.168 162 176 170
19.819 15.674 41.188 158 172 167
19.593 15.302 41.301 160 175 169
19.289 14.791 41.425 164 178 173
19.880 15.860 41.409 155 169 163
19.318 14.894 41.572 160 173 168
19.290 14.869 41.653 162 174 169
19.506 15.277 41.696 161 173 168
19.708 15.660 41.744 154 166 161
19.767 15.791 41.812 159 170 167
19.622 15.560 41.910 160 171 169
19.643 15.623 41.984 159 170 168
19.675 15.705 42.057 158 169 166
19.650 15.686 42.138 158 169 166
19.693 15.790 42.209 158 169 166
19.277 15.077 42.341 161 173 170
19.569 15.621 42.380 160 171 169
19.262 15.102 42.496 159 172 169
19.513 15.574 42.542 156 170 166
19.499 15.574 42.621 155 170 165
19.481 15.569 42.700 154 170 164
19.232 15.152 42.807 156 173 168
18.984 14.737 42.913 155 171 168
19.014 14.817 42.986 156 173 168
19.442 15.603 43.015 155 172 166
19.391 15.539 43.098 154 169 164
19.111 15.067 43.205 153 167 164
18.960 14.823 43.298 159 172 168
19.054 15.017 43.365 155 167 162
19.197 15.297 43.428 156 168 163
18.951 14.885 43.529 158 169 164
18.720 14.498 43.628 157 168 163
18.909 14.862 43.687 157 167 162
19.005 15.059 43.755 159 169 164
18.977 15.035 43.834 159 169 164
19.033 15.161 43.907 156 165 161
18.936 15.013 43.992 156 165 161
19.184 15.483 44.049 157 165 162
19.391 15.880 44.110 155 162 161
19.368 15.866 44.190 159 164 162
19.046 15.316 44.293 163 168 164
19.195 15.609 44.360 160 164 161
19.311 15.844 44.429 159 164 161
19.452 16.123 44.498 157 163 159
19.041 15.412 44.604 156 164 158
19.483 16.230 44.654 153 162 154
19.594 16.458 44.726 156 166 157
19.783 16.824 44.794 155 164 157
19.810 16.900 44.872 150 160 155
19.684 16.699 44.959 151 160 158
19.339 16.105 45.057 154 163 161
20.053 17.417 45.099 149 161 159
20.338 17.958 45.166 146 160 157
20.111 17.577 45.258 144 158 153
19.979 17.366 45.345 149 163 155
20.087 17.588 45.421 147 161 153
20.076 17.595 45.502 145 157 149
20.344 18.108 45.573 145 155 149
20.236 17.939 45.659 148 157 153
20.202 17.906 45.741 144 154 149
20.838 19.083 45.803 142 151 147
20.440 18.391 45.898 143 151 147
20.135 17.868 45.988 146 153 149
20.372 18.324 46.064 147 154 151
20.156 17.960 46.151 146 153 151
20.257 18.171 46.230 146 154 153
20.112 17.937 46.315 144 153 151
20.410 18.504 46.392 144 154 151
20.419 18.549 46.475 143 152 150
20.385 18.514 46.558 143 152 151
20.517 18.783 46.639 143 152 152
20.652 19.056 46.721 141 148 149
20.270 18.391 46.806 146 153 153
20.448 18.743 46.888 144 153 152
20.458 18.789 46.971 141 153 150
20.567 19.014 47.055 142 153 150
20.511 18.941 47.138 141 150 148
20.792 19.482 47.223 138 148 144
21.090 20.052 47.310 140 149 145
21.346 20.548 47.399 137 146 144
21.123 20.169 47.481 136 145 145
21.552 20.982 47.573 131 142 142
22.577 22.880 47.679 123 137 136
22.559 22.877 47.767 125 139 137
22.233 22.313 47.848 131 145 142
22.602 23.016 47.946 129 141 139
22.782 23.375 48.040 130 141 139
23.129 24.041 48.140 129 142 137
23.849 25.389 48.254 118 133 127
23.337 24.483 48.328 123 137 132
23.194 24.252 48.413 123 137 132
23.617 25.058 48.521 121 135 129
23.809 25.440 48.620 118 133 127
24.314 26.398 48.735 121 133 129
24.289 26.383 48.827 121 133 130
25.103 27.908 48.961 118 131 129
24.997 27.747 49.051 114 128 125
25.100 27.967 49.152 115 130 119
25.184 28.154 49.252 116 131 114
25.905 29.513 49.391 113 128 110
25.940 29.744 49.881 114 124 113
25.931 29.827 50.175 117 125 111
25.894 29.861 50.467 112 120 113
25.847 29.807 50.561 115 122 116
25.836 29.821 50.658 111 118 112
25.592 29.436 50.832 111 123 116
25.533 29.394 51.022 107 121 115
29.301 27.371 26.047 129 145 146
29.091 27.058 26.231 134 149 150
28.117 25.483 26.765 137 151 152
28.432 26.040 26.705 136 149 150
28.571 26.303 26.727 139 153 152
27.501 24.566 27.298 134 150 147
26.707 23.285 27.741 135 153 149
27.778 25.092 27.340 132 151 148
27.002 23.840 27.772 136 154 152
26.573 23.161 28.047 137 155 154
27.574 24.854 27.683 135 153 151
27.019 23.966 28.013 138 155 154
25.973 22.261 28.557 145 161 159
26.741 23.569 28.300 143 158 156
25.749 21.952 28.816 149 163 160
26.024 22.441 28.777 144 157 154
26.456 23.191 28.671 142 154 151
25.823 22.169 29.026 149 161 158
24.877 20.626 29.513 158 169 166
25.032 20.914 29.525 154 166 163
25.134 21.114 29.562 151 162 160
25.051 21.006 29.676 151 162 160
24.867 20.729 29.833 154 163 161
24.699 20.479 29.983 155 164 162
25.089 21.160 29.899 151 160 158
24.509 20.222 30.220 154 163 161
24.633 20.459 30.247 156 165 163
24.303 19.936 30.462 151 164 161
24.529 20.344 30.448 148 164 161
24.379 20.122 30.588 148 164 161
24.033 19.572 30.807 150 167 163
24.112 19.734 30.853 147 165 161
24.141 19.812 30.919 149 167 163
23.968 19.551 31.067 154 172 166
23.760 19.230 31.228 154 170 164
24.187 19.976 31.136 153 169 164
23.600 19.020 31.446 154 170 166
24.068 19.833 31.340 148 166 162
23.694 19.234 31.565 152 171 166
23.781 19.408 31.609 147 166 161
23.347 18.708 31.854 149 167 161
23.184 18.461 31.994 153 169 163
23.207 18.527 32.062 156 170 164
22.585 17.509 32.376 158 172 168
22.819 17.931 32.363 155 169 165
23.113 18.454 32.329 153 167 164
23.155 18.552 32.390 152 166 163
22.975 18.276 32.535 158 172 169
23.150 18.600 32.546 156 170 166
22.895 18.196 32.718 154 169 165
22.648 17.807 32.885 159 173 170
22.504 17.591 33.014 162 174 171
22.809 18.133 32.980 160 170 168
22.653 17.897 33.113 159 169 166
22.165 17.099 33.364 163 172 170
22.899 18.368 33.178 160 168 166
22.387 17.528 33.437 163 170 169
21.965 16.841 33.662 166 173 171
21.796 16.581 33.797 163 170 169
22.136 17.183 33.754 164 172 170
21.606 16.313 34.013 163 172 170
21.221 15.686 34.220 169 178 176
21.451 16.102 34.216 169 178 176
21.957 16.986 34.119 162 172 170
22.208 17.439 34.109 160 171 169
21.823 16.813 34.315 162 174 171
21.341 16.019 34.552 163 175 172
21.419 16.178 34.601 159 170 168
21.275 15.959 34.723 162 174 171
21.483 16.340 34.730 158 171 168
21.500 16.395 34.799 158 172 169
21.164 15.848 34.984 160 174 171
21.273 16.060 35.023 160 174 171
20.772 15.232 35.259 162 175 172
20.870 15.424 35.301 162 176 172
21.053 15.762 35.318 163 177 172
20.458 14.773 35.579 164 178 173
21.120 15.929 35.446 163 175 171
20.519 14.928 35.708 166 177 175
20.735 15.322 35.715 164 176 172
21.025 15.843 35.701 160 175 169
20.606 15.153 35.903 164 178 173
20.236 14.546 36.088 167 181 178
20.426 14.896 36.105 161 176 172
20.233 14.590 36.237 159 175 171
19.781 13.841 36.444 163 178 175
19.794 13.888 36.513 165 179 176
20.263 14.718 36.449 163 177 173
19.930 14.172 36.619 163 177 171
20.184 14.632 36.619 163 175 169
19.786 13.974 36.807 174 184 177
20.006 14.377 36.817 172 182 176
19.873 14.173 36.928 165 175 170
20.265 14.872 36.892 164 173 170
19.735 13.986 37.113 172 181 179
20.069 14.586 37.094 165 176 174
20.093 14.652 37.162 161 173 170
20.095 14.680 37.235 164 176 173
19.841 14.269 37.377 169 181 176
20.230 14.963 37.347 163 175 169
20.118 14.796 37.451 167 179 172
19.831 14.325 37.601 169 180 172
20.324 15.202 37.547 165 175 168
20.233 15.069 37.645 165 175 170
20.244 15.114 37.717 164 173 171
20.394 15.398 37.754 160 170 168
20.587 15.758 37.780 158 169 166
20.026 14.813 37.996 160 173 170
20.154 15.060 38.039 155 169 165
19.977 14.779 38.157 160 174 171
19.517 14.008 38.344 163 177 173
19.522 14.041 38.417 163 177 174
19.769 14.494 38.431 157 171 168
19.770 14.520 38.505 164 177 171
19.578 14.214 38.625 162 174 167
19.159 13.512 38.796 169 181 174
19.578 14.264 38.773 170 182 175
19.564 14.264 38.850 165 178 171
19.816 14.727 38.867 157 171 166
19.918 14.929 38.919 160 174 170
20.071 15.221 38.960 160 174 171
19.813 14.797 39.092 160 174 171
19.356 14.027 39.267 163 177 173
19.984 15.145 39.206 157 169 166
19.818 14.882 39.317 162 174 171
19.768 14.819 39.402 163 173 171
20.016 15.277 39.425 164 173 171
19.775 14.881 39.551 160 170 167
19.591 14.586 39.665 163 175 170
19.643 14.702 39.729 162 175 170
19.682 14.795 39.796 160 175 169
19.667 14.795 39.874 162 177 171
19.467 14.470 39.989 159 175 169
19.933 15.310 39.973 154 169 162
20.237 15.867 39.990 152 167 159
20.085 15.626 40.096 157 171 163
20.111 15.699 40.168 155 169 161
19.623 14.870 40.335 157 171 163
19.961 15.487 40.348 160 175 167
19.460 14.634 40.516 159 174 166
19.404 14.562 40.602 164 178 170
19.234 14.290 40.707 164 174 168
19.625 15.001 40.713 161 165 162
19.174 14.235 40.867 168 172 169
19.314 14.505 40.919 166 171 168
19.353 14.599 40.987 169 174 170
19.909 15.601 40.970 166 171 168
19.737 15.325 41.075 167 174 170
18.990 14.036 41.273 172 182 177
19.112 14.276 41.328 164 175 171
19.444 14.886 41.351 162 174 171
19.685 15.335 41.389 162 174 171
19.254 14.602 41.532 166 177 175
19.265 14.648 41.606 162 174 170
19.226 14.603 41.688 162 174 169
19.211 14.604 41.766 162 173 167
19.521 15.174 41.797 159 169 162
19.849 15.780 41.826 163 174 168
19.154 14.579 42.002 165 176 171
19.276 14.819 42.061 167 177 174
19.286 14.862 42.135 163 172 170
19.617 15.473 42.167 156 167 164
19.649 15.556 42.240 154 166 163
19.586 15.470 42.325 157 168 165
19.209 14.829 42.451 164 173 171
19.272 14.967 42.519 161 171 169
18.810 14.173 42.653 161 173 170
18.947 14.442 42.712 160 173 170
19.049 14.648 42.776 160 174 171
19.119 14.798 42.844 158 174 169
19.227 15.016 42.908 156 173 167
19.094 14.805 43.000 155 172 166
19.642 15.804 43.016 157 174 168
19.060 14.796 43.156 158 174 166
18.758 14.286 43.265 159 174 164
18.835 14.448 43.333 160 173 164
19.201 15.125 43.372 160 172 165
18.738 14.325 43.495 160 172 166
19.050 14.907 43.541 158 169 164
18.930 14.720 43.629 158 169 165
18.527 14.028 43.744 159 169 164
19.111 15.093 43.766 155 164 160
19.719 16.204 43.790 148 157 153
19.153 15.221 43.917 152 160 156
19.611 16.063 43.956 151 158 154
19.333 15.593 44.058 159 166 162
19.129 15.255 44.152 158 165 161
19.199 15.407 44.224 160 167 162
18.710 14.559 44.338 166 173 167
19.155 15.381 44.383 158 165 160
19.164 15.422 44.460 159 166 162
19.535 16.113 44.512 157 164 160
19.301 15.721 44.607 158 165 161
19.137 15.453 44.696 155 163 157
19.454 16.047 44.754 154 163 156
19.426 16.025 44.834 154 164 160
19.433 16.064 44.913 153 165 162
19.523 16.252 44.987 150 162 160
19.388 16.035 45.073 150 164 161
19.669 16.567 45.138 147 162 158
19.830 16.883 45.210 151 165 162
19.753 16.771 45.293 149 163 160
20.114 17.448 45.357 149 163 160
20.337 17.876 45.429 144 157 153
19.861 17.048 45.529 145 157 152
19.380 16.208 45.627 149 160 155
19.735 16.874 45.694 149 158 154
19.835 17.081 45.771 148 157 152
20.081 17.552 45.844 149 159 152
20.276 17.932 45.920 148 157 150
19.867 17.222 46.012 151 161 154
20.500 18.391 46.078 140 149 143
20.321 18.096 46.164 142 151 147
19.847 17.267 46.255 148 157 154
20.087 17.728 46.332 144 153 151
20.059 17.704 46.414 146 154 155
20.168 17.930 46.494 144 150 153
20.105 17.844 46.576 144 152 155
20.282 18.192 46.657 145 154 157
20.839 19.229 46.736 136 145 148
20.356 18.381 46.821 143 152 154
20.708 19.048 46.903 139 149 149
20.633 18.939 46.986 139 151 148
20.605 18.918 47.070 138 151 148
20.764 19.234 47.154 136 150 147
20.550 18.874 47.236 138 151 147
21.294 20.254 47.327 139 151 146
21.318 20.327 47.413 137 150 144
21.621 20.906 47.503 130 144 139
21.954 21.541 47.594 130 144 140
21.955 21.573 47.681 124 138 135
22.088 21.843 47.771 128 142 139
22.515 22.650 47.869 131 145 142
22.749 23.108 47.964 127 141 137
23.183 23.928 48.065 124 138 135
22.958 23.548 48.148 129 143 140
23.569 24.693 48.258 121 135 132
22.582 22.924 48.314 125 138 134
23.164 24.017 48.425 126 138 133
23.539 24.733 48.530 125 137 132
23.393 24.497 48.615 124 136 131
24.156 25.921 48.741 123 134 131
24.184 26.005 48.835 124 135 133
24.067 25.822 48.922 124 135 133
24.145 25.997 49.019 113 125 122
24.027 25.812 49.105 121 134 129
25.246 28.078 49.268 115 129 122
25.965 29.428 49.406 110 125 113
25.476 28.565 49.473 113 128 113
26.063 29.674 49.607 110 124 110
26.048 29.680 49.704 112 125 113
26.105 29.818 49.806 112 123 111
25.504 28.747 49.861 116 126 115
26.061 29.937 50.392 109 119 112
25.726 29.489 50.853 109 123 120
24.958 28.103 50.876 111 125 122
25.942 29.954 51.071 106 120 116
25.876 29.866 51.162 107 122 118
25.877 29.934 51.360 109 125 119
28.992 26.677 26.250 125 145 145
29.019 26.758 26.323 130 148 149
28.312 25.626 26.734 138 154 154
27.586 24.464 27.150 139 155 155
27.952 25.101 27.067 138 154 152
26.840 23.300 27.654 140 158 154
26.881 23.400 27.718 139 158 154
27.249 24.040 27.635 134 154 150
26.137 22.235 28.215 138 158 156
26.999 23.693 27.912 138 158 155
26.624 23.105 28.161 138 157 153
27.160 24.025 28.006 138 155 151
25.933 22.025 28.628 143 160 156
26.030 22.218 28.666 142 156 154
25.177 20.834 29.119 153 164 164
26.208 22.577 28.751 145 155 155
26.348 22.839 28.772 147 156 156
25.854 22.051 29.066 151 160 159
25.158 20.927 29.444 155 164 162
25.738 21.921 29.277 152 163 161
25.182 21.028 29.593 152 163 161
25.594 21.743 29.498 149 160 157
25.448 21.531 29.640 151 160 158
24.867 20.594 29.963 154 163 161
24.996 20.840 29.989 152 162 160
24.456 19.969 30.292 156 165 163
24.384 19.879 30.400 158 167 165
24.928 20.815 30.255 153 164 162
24.802 20.636 30.386 149 163 160
24.735 20.554 30.492 150 165 162
24.479 20.155 30.675 146 162 158
24.593 20.374 30.708 150 167 163
23.905 19.254 31.063 154 170 166
24.210 19.792 31.019 150 167 163
24.117 19.667 31.134 154 170 166
24.054 19.590 31.237 152 168 164
24.393 20.186 31.182 149 166 162
24.040 19.624 31.399 150 167 163
23.986 19.562 31.499 147 166 162
23.979 19.579 31.579 146 165 161
23.831 19.360 31.715 145 164 160
23.295 18.488 31.998 149 167 163
22.637 17.411 32.326 156 173 169
23.349 18.634 32.132 154 169 165
23.638 19.148 32.100 155 169 165
23.568 19.058 32.204 154 167 164
23.546 19.049 32.290 152 166 163
23.155 18.420 32.513 157 171 168
23.218 18.554 32.567 156 170 166
22.933 18.102 32.749 156 170 166
22.760 17.838 32.889 159 173 170
22.669 17.712 32.998 159 173 170
23.399 18.970 32.811 155 169 165
22.770 17.937 33.115 157 170 165
22.617 17.706 33.246 161 173 168
22.764 17.980 33.271 161 171 168
22.488 17.542 33.445 162 171 169
22.136 16.974 33.645 162 171 169
21.828 16.481 33.828 162 171 169
21.903 16.634 33.877 163 172 170
21.849 16.569 33.971 162 171 169
22.344 17.434 33.876 159 169 166
22.029 16.927 34.060 162 171 169
21.809 16.580 34.211 163 174 171
21.566 16.196 34.368 165 176 173
21.600 16.278 34.432 163 175 172
21.229 15.676 34.630 163 175 172
21.389 15.973 34.652 162 174 171
21.742 16.598 34.610 163 175 172
21.446 16.122 34.783 161 174 171
21.489 16.221 34.844 160 174 171
21.365 16.037 34.959 160 174 171
21.723 16.671 34.919 158 172 169
21.106 15.648 35.191 159 173 170
20.969 15.440 35.309 159 173 170
21.298 16.026 35.280 161 174 171
20.890 15.357 35.483 162 174 171
21.085 15.715 35.497 162 174 170
20.426 14.618 35.775 170 182 177
20.760 15.213 35.746 167 180 175
20.706 15.146 35.836 160 175 169
20.239 14.376 36.052 167 181 177
20.396 14.669 36.078 167 181 178
20.288 14.509 36.184 163 178 174
20.316 14.583 36.249 160 176 170
19.947 13.978 36.431 163 178 172
20.195 14.426 36.432 164 178 173
20.165 14.400 36.514 164 178 173
20.078 14.276 36.612 163 177 171
19.809 13.840 36.763 167 179 173
19.745 13.755 36.854 170 180 173
20.177 14.520 36.805 170 179 174
19.846 13.979 36.971 167 177 173
20.095 14.430 36.975 166 176 171
19.921 14.157 37.097 169 178 174
19.985 14.291 37.153 168 178 175
19.568 13.601 37.340 169 181 178
19.808 14.037 37.348 169 181 178
20.061 14.496 37.353 168 180 177
20.216 14.789 37.386 168 180 176
20.260 14.889 37.449 168 180 175
19.857 14.221 37.629 170 181 176
19.955 14.415 37.677 170 179 175
20.008 14.530 37.737 168 177 174
20.246 14.966 37.751 163 172 170
20.157 14.837 37.848 162 171 169
20.218 14.969 37.907 166 176 173
20.046 14.697 38.025 165 176 173
20.203 14.993 38.060 160 174 171
20.115 14.866 38.157 161 176 172
19.656 14.099 38.343 163 177 173
19.800 14.372 38.382 164 176 174
19.986 14.719 38.412 161 173 170
19.625 14.119 38.572 168 180 176
19.464 13.867 38.684 166 178 173
19.339 13.675 38.786 168 180 174
19.396 13.798 38.847 169 181 174
19.710 14.366 38.849 168 180 172
19.545 14.107 38.960 169 181 174
19.669 14.345 39.007 167 179 173
20.018 14.975 39.004 167 179 174
19.791 14.607 39.129 162 174 170
19.812 14.670 39.199 161 173 170
19.813 14.696 39.274 163 174 171
19.560 14.282 39.403 164 173 171
19.890 14.880 39.407 161 171 169
19.970 15.045 39.466 161 173 170
19.816 14.802 39.573 160 172 168
19.536 14.339 39.706 160 172 167
19.446 14.208 39.799 162 174 170
19.647 14.584 39.833 161 173 170
19.818 14.907 39.874 158 171 167
19.710 14.743 39.971 162 176 170
19.966 15.216 39.996 158 174 168
19.846 15.031 40.095 154 170 164
19.727 14.849 40.193 157 173 166
20.002 15.354 40.217 153 168 160
19.710 14.870 40.348 161 175 167
19.554 14.623 40.452 164 178 170
19.311 14.222 40.572 164 178 170
19.677 14.889 40.581 162 176 168
19.568 14.722 40.676 162 174 168
19.472 14.581 40.768 163 172 168
19.070 13.902 40.913 171 178 174
19.821 15.242 40.859 162 167 163
19.337 14.420 41.017 169 175 171
19.305 14.388 41.098 166 173 169
19.398 14.576 41.158 164 174 169
19.519 14.815 41.214 162 174 169
19.592 14.968 41.278 162 174 170
19.232 14.362 41.411 165 176 173
19.369 14.628 41.465 161 173 170
19.628 15.108 41.501 161 173 170
19.581 15.051 41.584 162 174 170
19.333 14.640 41.698 163 175 170
19.529 15.010 41.745 163 175 169
19.071 14.230 41.888 162 174 167
19.622 15.225 41.884 161 173 167
19.440 14.930 41.987 160 172 167
19.492 15.047 42.056 162 173 168
19.414 14.936 42.143 164 173 169
19.362 14.869 42.226 164 175 171
19.312 14.807 42.309 162 174 171
19.467 15.106 42.365 161 173 170
19.550 15.278 42.431 160 171 169
19.502 15.218 42.514 158 169 167
18.785 13.978 42.680 165 176 173
19.320 14.949 42.690 159 172 168
19.485 15.266 42.747 159 173 168
19.009 14.451 42.880 158 174 168
19.041 14.532 42.952 157 174 168
19.062 14.595 43.026 157 174 166
18.850 14.245 43.126 159 176 165
18.726 14.052 43.215 161 176 166
18.616 13.882 43.302 160 175 165
18.734 14.117 43.366 160 174 163
19.187 14.945 43.396 160 172 162
18.885 14.435 43.503 160 172 165
18.864 14.423 43.581 159 171 166
19.047 14.774 43.640 156 168 163
18.832 14.418 43.737 155 167 162
19.009 14.757 43.797 158 169 164
18.893 14.576 43.884 163 172 168
18.885 14.589 43.961 164 172 168
18.715 14.312 44.052 166 173 169
18.842 14.563 44.118 164 171 167
18.748 14.421 44.202 166 173 169
18.907 14.732 44.267 163 171 166
19.162 15.211 44.325 163 171 165
19.010 14.967 44.413 159 166 161
19.325 15.555 44.468 158 165 161
19.403 15.719 44.541 155 163 159
19.440 15.813 44.617 155 164 160
19.627 16.173 44.684 154 164 161
19.416 15.822 44.776 153 165 162
19.607 16.190 44.843 150 162 160
19.512 16.048 44.927 152 163 161
19.452 15.967 45.010 151 162 160
19.513 16.103 45.085 149 161 158
20.118 17.212 45.134 147 159 156
19.913 16.873 45.224 148 160 157
19.875 16.831 45.306 148 160 157
20.156 17.362 45.374 145 156 154
19.768 16.694 45.470 148 160 157
19.869 16.901 45.546 147 159 156
20.173 17.473 45.616 147 159 156
19.933 17.070 45.705 145 156 154
19.839 16.929 45.788 146 156 153
19.792 16.872 45.870 147 156 152
20.093 17.440 45.942 147 156 151
20.555 18.298 46.011 144 154 149
20.142 17.582 46.103 149 158 154
20.001 17.355 46.187 150 160 155
20.087 17.539 46.267 147 154 151
19.654 16.785 46.355 154 158 157
19.874 17.209 46.432 152 156 157
19.875 17.238 46.513 152 157 160
19.943 17.388 46.593 148 155 158
19.926 17.385 46.675 144 153 156
20.507 18.462 46.753 142 151 152
20.340 18.188 46.836 147 156 156
20.501 18.506 46.918 143 154 152
20.565 18.650 47.001 143 157 154
20.961 19.395 47.086 136 152 147
21.014 19.519 47.170 133 149 143
20.894 19.330 47.253 135 152 146
20.511 18.665 47.333 136 153 147
21.302 20.128 47.427 134 151 145
21.245 20.053 47.511 131 147 141
21.872 21.220 47.607 129 145 139
22.115 21.689 47.699 132 147 141
22.137 21.759 47.786 131 145 141
21.805 21.185 47.865 132 146 143
21.584 20.814 47.945 132 145 143
22.272 22.093 48.052 130 141 141
22.309 22.190 48.141 130 141 140
22.594 22.739 48.238 128 140 137
22.774 23.096 48.333 130 141 137
22.816 23.202 48.424 127 139 134
23.450 24.388 48.540 126 138 133
22.969 23.541 48.609 126 138 133
23.508 24.555 48.724 124 135 133
23.400 24.390 48.810 125 136 136
23.421 24.460 48.902 124 137 136
23.223 24.128 48.982 120 133 133
23.883 25.365 49.109 120 133 132
24.305 26.167 49.226 116 130 127
25.006 27.481 49.361 115 129 121
25.610 28.618 49.493 110 125 113
25.768 28.940 49.600 109 123 110
25.871 29.160 49.704 113 126 114
26.162 29.793 50.017 113 124 115
26.129 29.801 50.211 111 123 116
25.897 29.408 50.290 111 123 116
25.913 29.571 50.683 110 121 119
26.019 29.799 50.791 111 123 120
26.058 29.904 50.893 110 121 119
26.116 30.043 50.997 110 121 119
25.707 29.324 51.055 111 123 120
25.779 29.490 51.160 111 124 121
25.580 29.157 51.238 110 124 121
25.420 28.928 51.416 107 124 120
29.509 27.310 25.984 129 150 151
29.253 26.925 26.188 131 151 153
29.121 26.744 26.335 133 149 152
28.575 25.881 26.671 138 149 153
28.161 25.234 26.945 140 150 152
27.096 23.515 27.512 141 153 152
27.147 23.631 27.572 143 157 154
26.897 23.253 27.767 141 157 154
26.958 23.386 27.821 141 159 155
26.606 22.838 28.061 136 154 150
27.263 23.955 27.850 137 157 153
26.621 22.928 28.217 143 164 160
26.617 22.954 28.300 140 162 157
26.493 22.781 28.437 138 158 154
25.834 21.724 28.805 143 158 156
25.536 21.262 29.015 151 160 160
26.615 23.080 28.628 144 152 153
25.645 21.505 29.128 147 155 158
25.407 21.141 29.310 155 163 166
25.798 21.821 29.223 151 160 163
26.035 22.244 29.203 148 158 158
25.189 20.872 29.642 154 166 163
25.368 21.201 29.645 150 162 159
24.749 20.203 29.985 155 167 164
25.190 20.966 29.879 150 162 160
25.479 21.476 29.839 152 163 161
24.649 20.126 30.262 154 163 161
24.052 19.164 30.586 156 163 162
24.678 20.233 30.408 157 163 163
24.575 20.092 30.529 158 164 165
24.596 20.157 30.599 154 164 164
24.509 20.041 30.713 152 166 165
24.343 19.794 30.858 151 166 165
23.972 19.204 31.085 150 167 165
24.163 19.553 31.086 151 166 165
24.530 20.194 31.019 155 168 167
24.005 19.345 31.305 154 169 166
25.031 21.089 30.981 146 162 158
23.946 19.304 31.484 150 167 163
24.161 19.693 31.478 150 167 163
24.284 19.927 31.509 149 166 162
23.544 18.718 31.872 154 170 166
23.176 18.129 32.090 154 170 166
23.460 18.633 32.059 154 170 166
24.177 19.862 31.865 149 164 161
23.634 18.981 32.148 155 169 165
23.444 18.691 32.297 152 166 163
23.249 18.391 32.447 157 171 168
23.464 18.780 32.444 157 169 166
24.038 19.770 32.311 159 170 168
23.105 18.233 32.731 157 169 166
22.880 17.881 32.890 156 170 166
23.207 18.458 32.848 154 167 164
23.031 18.190 32.989 159 170 168
22.930 18.048 33.102 157 170 165
22.396 17.176 33.369 162 176 170
21.976 16.497 33.593 160 173 169
22.506 17.416 33.482 158 169 166
22.378 17.227 33.603 160 173 170
21.860 16.381 33.859 164 178 175
21.705 16.146 33.988 160 173 170
21.489 15.807 34.137 161 173 170
22.130 16.915 33.992 159 170 168
21.686 16.191 34.219 167 178 176
21.913 16.603 34.217 163 175 172
21.744 16.342 34.349 160 171 169
21.713 16.317 34.435 162 175 172
21.236 15.535 34.668 162 176 172
21.649 16.261 34.606 161 176 172
21.532 16.088 34.720 160 174 171
21.813 16.590 34.703 160 173 170
21.346 15.825 34.930 161 173 170
21.282 15.743 35.025 163 175 172
21.254 15.721 35.109 163 175 172
20.799 14.976 35.328 168 180 177
20.585 14.637 35.470 170 182 179
20.451 14.435 35.585 169 181 178
20.646 14.792 35.598 170 182 179
20.593 14.727 35.688 165 176 172
20.572 14.716 35.768 166 178 173
21.065 15.580 35.691 162 174 169
20.994 15.486 35.787 162 174 169
20.355 14.423 36.054 165 178 174
20.589 14.847 36.058 162 176 172
20.146 14.118 36.263 166 182 177
20.216 14.262 36.316 164 181 175
20.279 14.395 36.370 162 179 172
20.404 14.633 36.407 159 175 169
20.297 14.476 36.512 161 178 171
20.255 14.429 36.598 164 181 175
19.829 13.726 36.793 168 181 175
19.702 13.534 36.902 171 181 174
20.026 14.113 36.883 170 179 174
20.006 14.104 36.962 169 178 174
19.917 13.975 37.060 168 178 174
19.999 14.141 37.111 165 176 171
19.669 13.601 37.274 168 180 176
20.308 14.720 37.174 167 178 176
20.004 14.224 37.330 163 175 172
20.151 14.502 37.364 163 175 172
20.185 14.584 37.429 167 179 176
20.533 15.207 37.412 160 171 169
20.245 14.738 37.562 165 176 173
20.564 15.311 37.554 165 174 172
20.342 14.955 37.686 166 176 173
20.397 15.075 37.746 164 173 171
20.037 14.481 37.912 166 176 173
19.903 14.276 38.020 173 183 180
19.693 13.939 38.146 174 184 182
20.120 14.700 38.114 167 178 176
19.868 14.289 38.250 167 179 176
19.537 13.745 38.404 167 178 176
19.909 14.410 38.389 164 176 174
20.239 15.004 38.385 160 171 169
19.755 14.194 38.574 167 177 174
19.591 13.938 38.686 167 177 173
19.750 14.236 38.723 169 178 174
19.323 13.523 38.895 171 180 176
19.329 13.558 38.967 170 181 175
19.765 14.336 38.942 169 181 174
19.709 14.266 39.029 168 180 174
19.792 14.433 39.085 167 179 174
19.484 13.926 39.227 169 181 177
19.223 13.499 39.358 169 181 178
20.108 15.055 39.241 160 171 169
19.768 14.492 39.389 170 182 179
19.435 13.940 39.534 168 180 177
19.671 14.373 39.559 169 181 178
19.750 14.536 39.617 162 174 171
19.717 14.505 39.699 162 174 171
19.603 14.331 39.797 163 175 172
19.537 14.242 39.885 165 176 173
19.711 14.568 39.925 161 174 171
20.049 15.182 39.934 160 174 171
19.962 15.055 40.027 159 173 170
19.991 15.130 40.097 159 173 170
20.097 15.341 40.152 157 172 168
19.896 15.017 40.266 160 176 170
19.532 14.407 40.409 158 174 167
19.197 13.850 40.546 163 177 169
19.065 13.645 40.644 164 178 170
19.808 14.965 40.585 162 176 168
19.269 14.050 40.756 165 178 171
18.893 13.418 40.897 170 182 177
19.550 14.590 40.858 162 172 169
19.648 14.786 40.916 164 173 171
19.239 14.097 41.061 169 179 177
18.977 13.664 41.179 163 175 172
19.275 14.210 41.205 163 175 172
19.671 14.927 41.216 162 174 171
19.568 14.773 41.309 161 174 171
19.775 15.161 41.352 159 173 170
19.276 14.313 41.506 160 173 169
19.457 14.654 41.553 161 173 168
19.628 14.981 41.603 161 173 169
19.273 14.384 41.732 161 173 170
19.777 15.292 41.734 162 174 170
19.119 14.164 41.906 163 175 170
19.379 14.645 41.944 161 174 169
19.461 14.815 42.009 159 173 168
19.480 14.874 42.082 161 174 169
19.366 14.698 42.174 162 174 169
19.139 14.324 42.281 162 174 170
18.908 13.943 42.387 162 174 171
19.275 14.614 42.415 165 176 174
19.021 14.193 42.523 162 174 171
19.655 15.334 42.520 157 170 165
18.744 13.756 42.708 167 182 176
19.150 14.497 42.734 160 175 169
19.088 14.411 42.818 160 175 169
19.061 14.389 42.897 158 174 168
19.115 14.510 42.967 156 173 167
18.953 14.250 43.061 156 173 165
18.624 13.694 43.173 159 176 165
18.924 14.249 43.216 158 176 164
18.941 14.306 43.290 159 176 165
18.940 14.329 43.367 159 175 166
19.002 14.465 43.436 160 175 167
19.126 14.710 43.501 160 173 168
18.812 14.179 43.607 163 175 172
18.733 14.063 43.691 157 169 167
18.759 14.135 43.765 154 166 163
18.841 14.306 43.833 157 166 164
18.930 14.489 43.902 162 169 168
19.098 14.815 43.964 160 167 164
19.096 14.836 44.041 159 166 162
19.053 14.785 44.122 162 169 165
19.329 15.301 44.177 158 165 161
18.833 14.446 44.293 161 168 164
18.609 14.074 44.386 165 172 168
19.086 14.947 44.428 158 165 161
19.621 15.927 44.468 158 165 161
19.740 16.164 44.538 156 164 160
19.215 15.256 44.651 155 164 160
19.285 15.406 44.725 152 163 160
19.635 16.057 44.782 151 162 160
19.677 16.158 44.858 152 163 161
19.884 16.555 44.925 149 161 158
19.340 15.609 45.034 153 165 162
19.278 15.526 45.116 153 165 162
19.700 16.306 45.173 151 162 160
19.350 15.707 45.269 152 163 161
19.517 16.031 45.340 151 162 160
19.232 15.547 45.432 154 166 163
19.237 15.584 45.510 155 167 164
20.347 17.596 45.546 144 155 153
19.986 16.978 45.640 145 156 154
19.735 16.555 45.729 148 160 157
20.046 17.140 45.799 145 158 154
19.675 16.501 45.890 145 159 154
19.868 16.874 45.965 151 164 158
19.842 16.855 46.046 148 160 155
20.236 17.589 46.118 147 157 153
20.065 17.310 46.202 154 163 159
19.876 16.997 46.287 149 157 154
19.501 16.351 46.373 155 162 161
19.857 17.018 46.448 151 157 157
20.297 17.836 46.524 149 156 157
19.885 17.122 46.609 149 156 157
19.603 16.642 46.692 148 157 157
20.072 17.513 46.771 147 156 155
20.478 18.273 46.851 147 156 154
20.686 18.677 46.934 142 153 150
20.893 19.077 47.017 139 151 148
20.895 19.110 47.101 139 152 146
21.125 19.552 47.186 139 154 144
21.177 19.675 47.271 135 152 141
20.660 18.769 47.349 132 152 140
21.193 19.762 47.440 131 149 140
21.681 20.673 47.532 126 143 136
21.205 19.840 47.609 134 151 145
21.092 19.664 47.691 134 151 145
21.393 20.238 47.783 134 149 145
22.004 21.374 47.884 129 143 140
21.736 20.917 47.963 135 147 143
21.299 20.153 48.036 140 152 147
21.895 21.264 48.140 132 144 139
21.668 20.881 48.219 134 146 141
22.306 22.070 48.329 132 144 139
22.495 22.442 48.424 132 144 139
22.339 22.189 48.506 137 148 144
22.002 21.605 48.579 135 147 144
22.899 23.267 48.708 126 139 137
22.679 22.897 48.787 123 137 136
23.555 24.522 48.920 122 137 136
22.998 23.538 48.982 121 137 136
23.816 25.060 49.117 120 136 134
23.921 25.281 49.215 120 136 133
24.099 25.637 49.318 116 132 127
24.617 26.614 49.443 113 127 121
25.312 27.915 49.582 113 125 117
25.195 27.734 49.670 116 126 115
25.902 29.056 49.814 117 126 115
26.041 29.345 49.921 115 125 114
25.751 28.912 50.191 112 124 115
25.537 28.553 50.271 113 125 118
26.200 29.868 50.620 107 119 113
25.943 29.429 50.695 111 123 118
26.200 29.935 50.817 111 123 118
25.703 29.089 50.965 112 124 120
25.851 29.426 51.176 115 126 124
25.335 28.577 51.414 115 124 122
26.148 30.108 51.602 104 117 113
25.676 29.339 51.843 107 124 120
