ply
format ascii 1.0
element vertex 4051
property float x
property float y
property float z
property uchar red
property uchar green
property uchar blue
end_header
-17.613 -22.800 102.384 48 62 50
-5.960 2.477 119.255 173 202 202
-6.790 -0.648 118.893 130 144 158
-11.541 -18.610 114.605 88 100 116
-6.105 1.673 119.007 187 197 204
-6.583 -0.122 118.652 152 170 171
-9.148 -9.768 116.448 125 150 146
-6.342 0.790 118.992 161 183 179
-6.660 -0.404 118.771 155 171 170
-6.194 1.353 119.252 145 160 164
-8.378 -6.864 117.346 143 158 169
-5.309 4.685 120.183 145 158 171
-6.696 -0.529 118.988 142 152 168
-8.656 -7.904 117.254 126 136 153
-12.107 -20.890 114.129 111 121 137
-12.679 -23.043 113.636 100 109 122
-12.247 -21.571 113.499 173 181 200
-8.947 -9.215 116.378 176 183 204
-8.212 -6.463 117.065 187 195 211
-4.495 7.455 120.356 196 207 215
-4.961 5.712 120.020 184 200 203
-6.856 -1.379 118.423 169 189 189
-4.706 6.673 120.385 190 210 210
-8.293 -6.757 117.267 127 145 145
-9.238 -10.292 116.478 126 142 143
-10.468 -14.898 115.422 143 156 160
-9.411 -10.937 116.421 142 154 164
-12.336 -21.890 113.816 98 110 125
-9.956 -12.976 116.023 97 110 126
-7.258 -2.870 118.542 114 129 144
-10.619 -15.450 115.637 69 84 96
-11.975 -20.700 113.627 90 103 119
-9.150 -10.173 116.061 127 139 154
-6.468 -0.178 118.399 192 203 219
-4.659 6.567 120.014 174 184 200
-5.100 4.924 119.704 177 187 201
-5.024 5.209 119.839 197 207 219
-6.398 0.092 118.711 183 190 203
-5.899 1.953 119.210 174 180 192
-5.850 2.140 119.319 178 189 197
-8.499 -7.730 117.040 124 142 145
-9.502 -11.467 116.201 103 120 122
-13.634 -26.869 112.553 96 110 113
-13.092 -24.846 113.070 111 123 129
-8.877 -9.131 117.014 84 99 111
-11.014 -17.094 115.105 83 99 114
-11.558 -19.120 114.723 86 89 107
-4.527 6.777 119.784 163 182 196
-3.767 9.598 120.494 166 183 196
-3.378 11.042 120.897 179 192 202
-2.808 13.160 121.458 191 202 214
-3.505 10.576 120.941 170 180 194
-4.191 8.036 120.429 166 174 187
-4.733 6.029 120.034 183 191 202
-5.235 4.168 119.668 183 192 204
-5.953 1.508 119.110 177 188 199
-4.815 5.729 120.172 173 186 196
-5.248 4.126 119.861 164 180 188
-4.924 5.330 120.215 176 191 199
-6.967 -2.245 118.466 120 135 143
-3.775 9.598 121.383 168 185 192
-5.784 2.148 119.650 154 172 179
-8.687 -8.623 117.090 97 116 124
-10.283 -14.536 115.871 69 70 86
-9.355 -11.089 116.781 120 119 134
-10.891 -16.788 115.392 81 82 95
-3.661 9.700 120.374 201 219 235
-3.139 11.631 120.883 202 215 224
-2.825 12.792 121.223 191 202 209
-3.203 11.400 120.984 181 192 198
-3.504 10.292 120.806 179 189 197
-6.625 -1.225 118.229 142 153 162
-10.878 -16.926 114.654 131 142 148
-5.885 1.508 118.986 154 165 169
-5.295 3.691 119.561 193 203 208
-4.214 7.685 120.568 205 213 220
-4.257 7.526 120.602 200 208 217
-4.978 4.867 120.041 197 205 214
-3.555 10.123 121.365 210 220 229
-4.303 7.365 120.778 185 198 206
-3.876 8.945 121.230 155 173 181
-3.696 9.613 121.465 161 185 193
-4.131 8.008 121.148 164 190 199
-12.375 -22.436 113.761 121 145 156
-13.662 -27.188 112.654 93 110 124
-8.657 -8.701 117.333 89 90 106
-11.261 -18.316 114.970 119 117 134
-12.831 -24.114 113.546 102 103 118
-8.671 -8.988 116.085 138 146 160
-3.850 8.723 120.087 177 185 192
-3.539 9.871 120.417 209 218 225
-2.579 13.399 121.287 201 210 217
-3.749 9.102 120.392 199 208 211
-3.795 8.937 120.428 166 175 176
-3.549 9.844 120.709 175 185 187
-4.491 6.383 119.986 187 198 202
-5.158 3.937 119.489 190 201 202
-3.659 9.445 120.839 194 205 203
-4.606 5.970 120.099 187 198 197
-3.930 8.455 120.754 199 211 213
-3.264 10.906 121.406 188 199 202
-3.923 8.485 120.906 174 185 189
-5.879 1.300 119.262 174 186 193
-7.409 -4.321 117.975 134 149 159
-7.824 -5.845 117.665 109 129 144
-8.687 -9.015 116.951 99 122 142
-11.996 -21.175 114.036 89 113 134
-12.397 -22.650 113.711 72 96 115
-13.034 -24.989 113.233 80 87 102
-8.887 -9.739 117.077 109 110 125
-12.251 -22.108 114.020 111 112 124
-13.690 -27.397 112.720 67 71 79
-13.564 -26.935 112.866 48 58 64
-4.032 7.780 119.809 179 186 198
-3.931 8.153 119.964 181 190 197
-2.970 11.669 120.825 213 223 229
-2.115 14.797 121.608 203 214 220
-3.398 10.108 120.625 189 201 208
-3.455 9.905 120.653 177 190 196
-4.545 5.921 119.814 175 189 195
-5.036 4.127 119.470 166 179 185
-4.544 5.927 119.955 177 190 191
-3.062 11.351 121.288 194 208 205
-2.526 13.315 121.824 180 193 191
-4.122 7.479 120.529 199 211 213
-4.491 6.131 120.282 189 199 202
-4.598 5.743 120.259 181 190 195
-4.391 6.503 120.510 178 189 198
-6.114 0.200 119.066 119 134 146
-11.198 -18.397 114.637 104 121 138
-5.440 2.672 119.791 129 148 169
-3.471 9.878 121.615 143 162 184
-2.508 13.402 122.553 183 202 222
-4.873 4.751 120.500 122 138 157
-8.029 -6.796 117.709 94 106 122
-10.186 -14.687 115.799 70 78 89
-9.163 -10.942 116.780 109 113 121
-6.053 0.444 119.690 156 164 170
-5.809 1.338 119.979 116 129 133
-8.886 -9.922 117.185 89 103 104
-9.474 -12.073 116.687 77 90 89
-4.489 5.845 119.315 199 207 215
-4.320 6.465 119.522 176 184 191
-3.556 9.246 120.213 172 181 188
-2.964 11.402 120.771 211 221 227
-2.869 11.751 120.926 162 175 181
-4.957 4.156 119.279 133 154 165
-5.721 1.377 118.713 122 147 164
-5.947 0.554 118.588 156 178 198
-5.902 0.722 118.690 134 150 169
-6.261 -0.584 118.450 139 154 162
-7.699 -5.816 117.293 117 131 128
-4.788 4.785 119.831 166 179 175
-1.867 15.421 122.404 204 216 215
-2.055 14.739 122.324 200 209 211
-2.880 11.737 121.690 222 231 236
-2.223 14.134 122.340 216 228 236
-2.855 11.834 121.867 184 199 212
-6.806 -2.552 118.468 124 138 154
-5.130 3.552 120.010 150 162 180
-4.490 5.889 120.646 148 158 177
-3.099 10.954 121.959 155 165 183
-2.876 11.770 122.236 172 183 198
-5.087 3.719 120.318 167 180 191
-11.945 -21.258 114.166 82 94 101
-10.676 -16.635 115.359 106 117 122
-10.442 -15.781 115.616 129 143 144
-6.731 -2.260 119.075 160 176 174
-9.753 -13.268 116.340 139 155 153
-9.398 -11.974 116.716 125 139 138
-10.573 -16.253 115.667 88 102 101
-5.538 1.783 118.358 118 128 140
-3.911 7.679 119.725 190 200 212
-3.705 8.429 119.963 184 195 205
-4.248 6.463 119.597 194 207 215
-3.750 8.272 120.073 183 203 210
-6.355 -1.164 118.016 117 144 151
-6.008 0.095 118.362 90 117 130
-6.130 -0.347 118.324 102 127 147
-3.985 7.429 120.170 157 183 205
-5.374 2.399 119.081 137 162 182
-5.715 1.163 118.860 147 168 177
-7.555 -5.500 117.370 121 137 136
-9.993 -14.337 115.355 114 126 126
-5.979 0.214 118.828 172 181 186
-5.227 2.941 119.536 197 204 210
-4.687 4.901 120.068 223 229 237
-1.366 16.941 123.017 221 229 236
-4.296 6.325 120.547 171 182 189
-4.235 6.547 120.671 161 173 185
-4.638 5.087 120.387 160 172 190
-4.187 6.724 120.855 142 154 172
-3.671 8.600 121.386 130 142 160
-4.181 6.752 121.003 156 171 186
-5.345 2.535 120.029 129 146 158
-8.182 -7.751 117.533 79 96 107
-6.946 -3.267 118.708 113 130 140
-10.624 -16.599 115.539 116 131 134
-10.557 -16.355 115.644 95 110 112
-12.797 -24.478 113.593 96 110 111
-4.638 4.789 119.023 152 166 179
-3.198 9.984 120.238 186 198 212
-5.259 2.554 118.663 161 171 184
-7.384 -5.106 117.017 148 159 170
-6.197 -0.824 118.035 139 154 163
-5.018 3.431 119.057 190 210 217
-5.987 -0.064 118.330 143 166 175
-6.415 -1.604 118.041 91 118 128
-5.738 0.842 118.663 137 165 172
-4.611 4.907 119.664 171 198 201
-6.248 -0.994 118.364 161 183 184
-5.666 1.106 118.915 181 197 197
-4.754 4.399 119.750 142 155 157
-6.064 -0.325 118.705 131 142 146
-4.464 5.449 120.135 178 188 194
-4.401 5.680 120.259 180 190 197
-4.423 5.601 120.309 177 188 195
-6.834 -3.096 118.286 176 187 194
-7.467 -5.379 117.793 147 159 166
-8.749 -10.001 116.725 144 157 163
-10.240 -15.380 115.462 120 133 135
-8.332 -8.493 117.196 121 135 134
-6.104 -0.452 119.231 119 134 140
-8.697 -9.809 116.974 96 113 125
-5.261 2.595 120.114 96 113 125
-3.797 7.881 121.503 107 124 134
-6.856 -3.157 118.798 140 160 169
-7.601 -5.845 118.177 167 189 198
-13.743 -28.017 112.599 85 104 109
-12.484 -23.468 113.788 106 122 123
-12.631 -23.999 113.686 83 99 99
-9.043 -11.045 117.058 100 116 117
-5.615 1.028 118.137 113 133 144
-5.751 0.542 118.094 159 181 193
-3.948 7.014 119.587 175 197 210
-3.681 7.976 119.872 170 187 198
-6.706 -2.879 117.518 150 163 171
-7.463 -5.595 116.967 109 122 129
-5.522 1.375 118.597 192 208 213
-1.924 14.294 121.596 199 213 219
-9.884 -14.284 115.149 99 115 120
-11.754 -20.994 113.654 92 117 120
-5.434 1.699 118.928 158 192 194
-3.762 7.705 120.386 150 182 186
-4.368 5.530 119.951 173 200 207
-3.068 10.201 121.116 199 219 228
-2.789 11.206 121.427 176 188 199
-3.925 7.131 120.538 121 132 145
-4.270 5.894 120.314 121 132 145
-7.400 -5.348 117.693 115 126 136
-7.958 -7.350 117.267 135 148 154
-6.605 -2.488 118.496 130 143 149
-5.827 0.310 119.236 141 154 160
-6.229 -1.133 118.946 124 138 140
-3.613 8.267 121.315 160 174 173
-3.363 9.168 121.610 169 183 185
-7.510 -5.729 117.989 107 123 128
-7.914 -7.182 117.682 107 123 128
-5.090 2.970 120.278 97 113 116
-5.479 1.574 119.993 147 163 166
-4.988 3.339 120.504 168 184 187
-4.403 5.442 121.105 153 167 167
-4.264 5.944 121.302 177 191 187
-4.059 6.684 121.562 174 188 185
-5.048 3.131 120.716 156 170 166
-3.415 8.649 119.734 155 173 184
-5.297 1.928 118.338 133 153 162
-3.798 7.287 119.581 157 178 190
-3.757 7.434 119.685 177 198 211
-3.484 8.416 119.974 137 155 162
-6.935 -3.915 117.291 108 122 123
-6.972 -4.047 117.319 144 153 155
-5.595 0.876 118.489 167 173 177
-3.602 8.003 120.172 215 219 225
-3.632 7.899 120.220 162 168 176
-5.045 2.850 119.133 137 153 159
-5.255 2.100 119.025 125 152 155
-4.497 4.814 119.720 145 173 179
-5.129 2.557 119.262 150 176 186
-4.632 4.335 119.745 153 175 185
-7.513 -5.963 117.384 127 144 154
-5.558 1.027 119.096 135 150 162
-3.489 8.429 120.923 150 165 178
-5.343 1.802 119.409 154 168 174
-4.502 4.812 120.198 174 188 187
-4.344 5.379 120.404 158 172 170
-4.408 5.153 120.418 149 162 162
-7.264 -5.061 117.990 130 144 143
-7.790 -6.939 117.585 146 160 159
-9.291 -12.305 116.314 125 139 142
-9.473 -12.955 116.200 113 126 132
-9.731 -13.876 116.017 99 112 117
-6.897 -3.737 118.603 116 129 133
-7.217 -4.882 118.372 125 139 143
-8.675 -10.094 117.110 132 146 150
-6.647 -2.837 119.005 139 150 151
-6.375 -1.862 119.313 162 171 169
-5.823 0.114 119.881 174 182 181
-3.661 7.851 121.939 174 181 181
-10.792 -17.660 115.400 96 101 101
-3.640 7.578 119.434 167 182 192
-3.203 9.136 119.845 162 179 187
-5.825 -0.185 117.880 150 168 173
-4.550 4.351 118.940 152 171 177
-4.213 5.552 119.273 163 183 188
-4.872 3.208 118.821 134 153 152
-7.345 -5.586 116.921 103 119 113
-5.051 2.576 118.812 150 161 156
-3.131 9.410 120.422 215 222 220
-3.522 8.021 120.181 215 220 221
-1.720 14.434 121.718 213 220 223
-2.272 12.474 121.348 182 199 202
-4.783 3.542 119.363 152 179 182
-5.610 0.600 118.746 146 174 182
-5.569 0.749 118.844 159 185 197
-4.890 3.166 119.475 161 183 195
-5.919 -0.494 118.678 132 150 159
-4.070 6.092 120.301 157 173 183
-4.578 4.284 119.940 160 175 185
-3.835 6.932 120.642 162 176 180
-4.888 3.185 119.811 185 199 196
-5.840 -0.200 119.058 162 175 172
-6.635 -3.030 118.432 157 171 170
-7.596 -6.447 117.655 124 138 140
-7.177 -4.954 118.076 123 136 142
-12.153 -22.670 113.758 100 113 122
-8.965 -11.316 116.610 88 101 112
-6.000 -0.758 119.292 94 106 113
-5.764 0.084 119.565 128 139 144
-7.588 -6.411 117.991 104 114 118
-9.150 -11.969 116.639 95 104 109
-9.266 -12.381 116.582 114 121 124
-10.434 -16.540 115.566 110 117 117
-9.056 -11.631 116.869 110 115 116
-4.545 4.437 121.063 178 182 184
-7.417 -5.789 118.480 131 136 136
-3.660 7.245 119.367 143 160 168
-3.990 6.080 119.185 155 173 179
-4.234 5.220 119.067 146 164 167
-5.730 -0.078 117.970 143 161 160
-3.788 6.805 119.555 143 161 157
-3.316 8.476 119.998 158 178 172
-4.109 5.669 119.442 131 152 145
-10.716 -17.726 114.250 113 131 125
-5.512 0.706 118.459 132 148 144
-3.370 8.296 120.248 189 206 208
-3.161 9.038 120.490 177 194 201
-3.270 8.656 120.476 181 199 207
-3.451 8.017 120.402 181 199 206
-5.049 2.358 119.159 146 165 174
-7.522 -6.403 117.179 161 180 190
-5.158 1.976 119.200 157 174 182
-7.993 -8.066 116.895 125 140 146
-5.949 -0.823 118.666 173 188 189
-4.056 5.886 120.327 164 181 177
-5.363 1.259 119.288 138 154 148
-5.999 -0.994 118.809 134 151 145
-7.673 -6.924 117.434 128 146 141
-8.711 -10.600 116.594 119 140 137
-8.426 -9.590 116.890 121 141 148
-4.268 5.147 120.563 126 145 161
-5.584 0.487 119.481 117 134 153
-5.087 2.251 119.982 114 129 148
-3.505 7.858 121.446 169 182 203
-4.625 3.891 120.524 185 196 219
-4.942 2.769 120.308 190 198 217
-7.555 -6.491 118.030 168 174 188
-9.716 -14.149 116.136 134 138 152
-12.676 -24.640 113.499 128 131 144
-8.586 -10.141 117.255 135 138 152
-4.664 3.767 120.895 172 176 188
-8.876 -11.167 117.089 127 129 137
-11.302 -19.951 113.448 116 123 130
-8.557 -10.273 115.580 101 109 119
-3.996 5.804 119.129 135 148 154
-4.433 4.266 118.862 117 133 133
-6.809 -4.107 117.087 124 140 138
-4.753 3.144 118.749 134 148 144
-3.744 6.704 119.608 162 177 172
-6.134 -1.722 117.793 155 172 166
-10.727 -17.915 114.210 115 132 126
-8.392 -9.680 116.113 149 167 163
-6.425 -2.741 117.742 180 199 207
-6.405 -2.668 117.818 142 161 179
-8.319 -9.415 116.326 136 154 170
-5.315 1.180 118.826 132 150 159
-2.591 10.788 121.123 182 199 207
-2.740 10.265 121.076 198 213 221
-3.954 5.986 120.146 160 171 176
-5.045 2.139 119.308 118 125 128
-6.433 -2.752 118.212 135 145 145
-8.412 -9.731 116.607 103 119 115
-6.689 -3.654 118.114 129 148 141
-5.648 0.021 119.058 154 175 168
-6.465 -2.861 118.422 139 162 159
-5.211 1.566 119.559 117 141 143
-4.246 4.974 120.457 112 140 143
-5.810 -0.543 119.169 84 113 120
-6.650 -3.504 118.499 109 134 147
-7.570 -6.748 117.752 115 134 155
-3.473 7.709 121.414 170 182 207
-6.240 -2.052 119.038 141 147 173
-6.533 -3.086 118.837 142 146 172
-8.682 -10.667 116.976 141 143 168
-6.192 -1.876 119.263 147 149 168
-8.400 -9.667 117.330 148 151 164
-8.545 -10.177 117.250 129 132 147
-12.502 -24.141 113.727 39 41 47
-4.487 3.823 118.568 168 172 175
-4.218 4.772 118.841 176 180 186
-4.212 4.795 118.914 161 168 170
-4.301 4.485 118.915 164 173 171
-6.738 -4.065 117.100 117 125 123
-7.441 -6.530 116.612 140 147 146
-10.270 -16.460 114.456 103 113 110
-9.734 -14.574 114.965 137 153 157
-7.130 -5.432 117.078 130 147 159
-4.506 3.781 119.230 184 202 219
-3.994 5.581 119.709 179 198 219
-5.217 1.290 118.792 152 170 191
-5.385 0.701 118.720 159 176 195
-3.373 7.767 120.425 187 201 215
-2.102 12.233 121.541 209 219 228
-3.926 5.830 120.114 198 206 212
-5.291 1.040 119.053 179 188 191
-1.970 12.703 121.885 177 189 190
-3.682 6.694 120.530 168 184 185
-3.127 8.647 121.069 158 179 181
-3.558 7.133 120.777 154 178 182
-4.558 3.623 119.998 123 148 153
-3.483 7.402 120.985 136 161 167
-2.550 10.681 121.859 143 169 175
-4.074 5.330 120.618 142 171 178
-5.358 0.823 119.573 131 160 173
-4.762 2.920 120.158 131 157 176
-3.629 6.899 121.217 139 153 176
-5.307 1.008 119.810 131 134 160
-4.944 2.284 120.196 124 122 151
-8.859 -11.468 116.777 94 92 120
-8.140 -8.941 117.468 94 93 111
-6.649 -3.699 118.861 102 103 112
-9.236 -12.789 116.582 106 108 120
-6.148 -2.220 117.271 142 145 146
-3.629 6.581 119.237 218 220 222
-1.770 13.079 120.723 193 196 197
-2.816 9.426 120.001 192 197 196
-4.347 4.082 118.898 146 152 149
-9.376 -13.487 115.075 113 120 119
-7.180 -5.811 116.885 115 128 138
-2.892 9.175 120.315 149 160 171
-4.936 2.032 118.772 138 148 159
-3.712 6.312 119.811 200 215 229
-5.183 1.173 118.705 185 204 220
-6.092 -2.001 118.039 143 160 172
-2.725 9.769 120.821 163 176 184
-2.901 9.156 120.753 194 206 214
-4.353 4.083 119.641 145 155 164
-7.100 -5.517 117.453 140 151 159
-5.356 0.583 118.949 180 190 197
-4.954 1.989 119.346 166 176 183
-4.363 4.059 119.906 162 173 180
-3.851 5.850 120.403 174 192 198
-3.292 7.806 120.944 162 186 192
-5.099 1.491 119.486 128 151 162
-4.370 4.042 120.171 128 147 163
-4.680 2.960 119.974 135 157 173
-7.336 -6.325 117.755 123 149 163
-8.648 -10.913 116.675 128 152 168
-8.212 -9.386 117.104 128 147 168
-5.204 1.135 119.783 150 158 186
-4.450 3.776 120.509 132 131 166
-5.425 0.366 119.716 117 113 150
-4.675 2.993 120.445 118 114 149
-5.367 0.572 119.895 192 192 212
-5.520 0.039 119.822 196 198 204
-5.600 -0.237 119.813 166 168 174
-8.593 -10.705 117.171 119 121 130
-13.177 -26.882 111.933 121 125 127
-6.988 -5.357 116.599 122 125 127
-3.593 6.453 119.214 201 203 205
-3.331 7.366 119.483 192 195 195
-1.073 15.222 121.276 206 211 210
-5.004 1.554 118.346 137 142 144
-11.761 -21.949 113.203 88 94 99
-4.319 3.941 119.006 135 143 152
-3.705 6.079 119.553 152 162 173
-3.077 8.264 120.115 134 145 154
-3.880 5.474 119.556 169 180 187
-3.123 8.109 120.225 173 185 192
-5.375 0.276 118.504 163 176 184
-7.425 -6.856 116.925 125 139 143
-3.484 6.862 120.154 188 202 203
-2.359 10.776 121.135 182 196 200
-3.600 6.462 120.202 133 148 156
-5.408 0.172 118.794 117 133 141
-3.408 7.133 120.502 172 189 197
-5.557 -0.342 118.797 149 165 172
-3.986 5.126 120.165 161 176 184
-1.907 12.367 121.972 190 208 220
-2.058 11.843 121.923 179 198 215
-3.314 7.472 120.940 158 173 191
-4.307 4.019 120.171 123 132 151
-4.858 2.102 119.768 128 138 157
-3.487 6.879 121.009 157 169 187
-6.595 -3.939 118.404 130 141 156
-11.370 -20.565 114.328 117 125 137
-5.412 0.183 119.549 175 180 188
-6.004 -1.879 119.094 155 157 164
-8.552 -10.749 116.916 109 110 117
-6.534 -3.720 118.748 116 117 124
-2.931 8.828 122.003 188 190 196
-3.884 5.514 121.228 198 200 207
-7.876 -8.388 117.721 174 176 182
-7.762 -7.991 117.876 153 155 161
-12.457 -24.495 112.446 123 127 133
-8.398 -10.440 115.508 130 135 137
-2.696 9.309 119.837 152 157 156
-3.063 8.038 119.634 176 180 178
-3.939 5.009 119.043 199 204 203
-5.511 -0.434 117.912 125 133 136
-10.131 -16.433 114.428 85 98 104
-5.219 0.582 118.262 149 168 176
-4.055 4.614 119.229 144 166 175
-5.881 -1.709 117.873 130 147 155
-2.156 11.198 120.857 199 210 217
-2.732 9.204 120.479 150 160 164
-9.914 -15.672 114.856 106 118 119
-8.203 -9.745 116.264 125 138 139
-5.339 0.181 118.612 181 195 196
-2.062 11.534 121.317 177 193 194
-3.328 7.152 120.368 120 138 138
-4.962 1.493 119.109 105 124 127
-4.709 2.369 119.380 157 174 182
-4.622 2.673 119.518 148 166 178
-4.556 2.905 119.639 154 171 188
-2.307 10.700 121.577 198 213 231
-3.503 6.559 120.653 186 198 216
-3.259 7.408 120.930 129 138 155
-3.312 7.226 120.957 120 128 142
-2.632 9.584 121.606 131 139 151
-3.022 8.236 121.349 163 171 181
-6.433 -3.584 118.496 138 144 149
-9.609 -14.594 115.816 111 115 116
-8.471 -10.647 116.847 162 166 169
-4.126 4.418 120.680 182 186 191
-1.885 12.189 122.710 202 205 212
-2.212 11.055 122.500 197 199 205
-3.270 7.390 121.642 160 162 168
-5.809 -1.409 119.460 166 168 174
-10.285 -16.926 115.528 127 129 135
-9.162 -13.034 116.576 169 171 175
-12.297 -23.903 113.799 138 139 139
-12.483 -24.700 112.437 121 125 128
-9.262 -13.592 114.877 130 135 134
-4.976 1.185 118.145 152 160 158
-9.764 -15.321 114.590 148 160 157
-4.233 3.751 118.839 147 161 161
-4.766 1.914 118.499 163 179 182
-5.612 -0.999 117.914 143 159 164
-7.665 -8.078 116.388 103 118 124
-10.437 -17.633 114.287 109 122 129
-3.579 6.017 119.688 174 185 191
-5.509 -0.635 118.242 140 151 155
-10.395 -17.486 114.443 127 138 140
-7.082 -6.058 117.117 151 162 163
-5.551 -0.773 118.395 177 189 191
-2.769 8.823 120.691 205 218 219
-2.054 11.293 121.342 171 187 188
-4.204 3.878 119.675 137 153 159
-4.756 1.974 119.292 110 127 139
-4.261 3.686 119.764 158 175 192
-4.531 2.757 119.609 160 177 198
-3.355 6.816 120.649 166 183 203
-3.341 6.865 120.732 180 197 213
-1.703 12.519 122.175 177 192 206
-1.419 13.504 122.493 174 187 198
-3.201 7.355 121.065 148 160 168
-3.362 6.801 121.000 153 164 168
-6.671 -4.615 118.245 144 152 153
-10.516 -17.882 115.001 131 136 135
-8.290 -10.199 116.963 147 151 152
-3.397 6.691 121.256 165 169 173
-3.732 5.536 121.036 173 176 179
-3.433 6.570 121.367 182 184 186
-2.850 8.586 121.952 186 189 192
-3.558 6.142 121.399 192 196 200
-4.720 2.134 120.437 173 177 177
-8.226 -9.969 117.372 186 188 185
-9.110 -13.016 116.631 151 152 149
-9.810 -15.638 114.393 136 143 148
-11.186 -20.359 113.450 134 148 142
-10.641 -18.487 113.898 166 180 177
-3.433 6.260 119.397 161 176 172
-1.881 11.590 120.649 166 182 178
-4.655 2.067 118.602 141 160 159
-10.620 -18.409 114.075 110 130 132
-13.145 -27.077 112.160 109 127 130
-7.633 -8.152 116.480 125 140 144
-9.497 -14.548 115.075 153 165 169
-4.919 1.174 118.723 204 212 217
-2.222 10.438 120.921 185 194 197
-6.036 -2.658 117.963 140 148 151
-5.368 -0.363 118.557 206 216 218
-2.166 10.634 121.194 210 221 223
-1.463 13.053 121.838 189 203 207
-1.871 11.655 121.586 170 187 195
-3.091 7.467 120.667 156 176 188
-3.335 6.631 120.539 122 143 159
-3.917 4.634 120.130 145 167 180
-8.574 -11.363 116.335 111 133 144
-6.362 -3.763 118.228 158 178 190
-3.851 4.867 120.392 151 168 180
-5.595 -1.125 118.991 135 152 161
-5.127 0.488 119.450 139 154 160
-9.897 -15.900 115.454 139 150 152
-10.723 -18.736 114.831 126 132 131
-5.331 -0.206 119.528 150 155 156
-8.319 -10.471 116.997 126 129 129
-7.293 -6.947 117.942 160 162 162
-4.128 3.932 120.770 216 220 219
-3.331 6.675 121.541 215 220 219
-4.300 3.346 120.754 179 183 180
-9.160 -13.357 116.499 138 141 135
-7.262 -7.083 116.241 182 192 194
-13.010 -26.726 112.034 121 133 130
-8.614 -11.698 115.390 173 188 191
-5.508 -1.083 117.781 163 179 182
-6.012 -2.804 117.460 123 138 141
-6.909 -5.866 116.836 136 152 157
-7.202 -6.867 116.667 140 155 163
-7.575 -8.138 116.434 127 142 150
-5.872 -2.316 117.807 156 171 179
-6.178 -3.360 117.629 173 184 196
-2.226 10.152 120.786 184 192 206
-4.469 2.488 119.094 175 181 192
-7.101 -6.512 117.074 141 147 155
-9.484 -14.656 115.231 112 121 128
-7.044 -6.312 117.230 132 146 152
-2.872 7.955 120.644 186 201 206
-1.927 11.189 121.481 182 197 203
-4.959 0.824 119.092 140 157 165
-4.984 0.740 119.135 120 137 149
-4.981 0.751 119.201 136 153 165
-11.624 -21.966 113.777 95 112 124
-7.651 -8.375 117.113 110 127 144
-6.978 -6.073 117.727 120 136 157
-4.115 3.724 120.185 142 158 174
-4.030 4.016 120.324 150 167 177
-9.297 -14.000 115.928 124 140 150
-12.457 -24.811 113.282 107 122 133
-11.178 -20.434 114.409 116 131 137
-10.792 -19.110 114.779 128 141 143
-9.289 -13.966 116.118 115 124 124
-6.990 -6.099 118.161 156 161 160
-4.274 3.195 120.587 192 197 194
-5.623 -1.421 119.470 177 182 178
-6.111 -3.086 119.102 123 127 122
-6.983 -6.069 118.389 108 110 105
-10.725 -19.058 113.661 173 189 197
-11.165 -20.549 113.451 140 155 165
-6.376 -4.253 117.085 166 181 187
-7.366 -7.617 116.396 114 130 133
-8.803 -12.508 115.357 118 133 138
-9.275 -14.113 115.044 120 135 143
-8.063 -9.986 116.021 127 139 147
-4.248 3.003 119.018 174 183 192
-1.705 11.660 121.059 199 202 220
-1.295 13.057 121.457 196 196 221
-4.907 0.765 118.701 163 164 184
-8.232 -10.552 116.191 129 140 151
-3.456 5.710 120.050 114 129 140
-7.034 -6.469 117.251 131 147 155
-3.758 4.685 119.947 166 181 187
-3.321 6.176 120.370 180 195 201
-3.949 4.041 119.930 173 188 198
-2.388 9.360 121.276 175 190 210
-4.320 2.783 119.761 134 149 177
-4.636 1.706 119.565 144 160 188
-2.851 7.789 121.115 149 165 188
-3.341 6.121 120.778 141 158 176
-2.594 8.668 121.476 152 169 181
-2.852 7.793 121.332 159 174 185
-4.327 2.770 120.153 142 154 165
-7.476 -7.955 117.535 106 119 126
-10.774 -19.186 114.802 83 97 100
-4.814 1.120 119.998 169 182 184
-5.076 0.228 119.835 176 189 187
-13.484 -28.413 112.608 91 94 87
-11.970 -23.409 112.825 99 119 128
-7.373 -7.831 116.299 153 171 177
-7.902 -9.622 115.954 140 156 159
-10.832 -19.549 113.788 107 123 128
-6.096 -3.499 117.430 139 154 162
-3.510 5.267 119.467 169 177 187
-3.735 4.507 119.364 172 173 186
-3.887 3.993 119.315 167 166 183
-0.835 14.340 121.757 205 206 224
-2.651 8.188 120.418 167 168 186
-5.249 -0.614 118.449 137 140 158
-6.068 -3.389 117.864 135 144 162
-3.742 4.496 119.770 138 152 169
-7.572 -8.486 116.780 120 135 146
-6.346 -4.328 117.817 160 175 181
-2.882 7.418 120.671 189 206 212
-2.471 8.814 121.076 209 227 236
-2.195 9.752 121.375 198 212 231
-3.448 5.505 120.423 162 173 200
-2.426 8.975 121.336 157 168 197
-4.699 1.269 119.527 148 159 186
-4.117 3.246 120.077 144 156 175
-2.514 8.682 121.485 165 178 188
-2.318 9.350 121.724 180 193 203
-4.532 1.842 119.927 165 178 188
-6.511 -4.866 118.312 99 112 120
-8.139 -10.388 116.980 114 127 133
-6.733 -5.614 118.292 149 165 168
-6.869 -6.074 118.230 147 163 161
-8.305 -11.162 115.518 129 147 147
-6.720 -5.812 116.748 148 165 166
-8.546 -11.970 115.436 120 136 137
-10.287 -17.843 114.172 111 127 128
-5.837 -2.826 117.585 165 178 182
-1.911 10.422 120.636 175 183 190
-3.375 5.483 119.590 174 175 188
-9.502 -15.191 114.940 134 133 155
-3.403 5.393 119.708 209 209 236
-2.667 7.880 120.351 173 173 198
-4.876 0.427 118.695 155 156 176
-3.090 6.458 120.165 173 175 195
-2.820 7.370 120.449 161 166 186
-6.523 -5.127 117.575 141 155 167
-7.108 -7.099 117.164 137 159 165
-7.783 -9.378 116.676 140 166 173
-2.517 8.403 120.983 192 218 228
-3.521 5.015 120.241 150 175 183
-3.733 4.300 120.137 143 165 171
-1.640 11.369 121.923 174 192 201
-2.798 7.463 121.045 183 195 208
-3.967 3.516 120.148 183 195 205
-2.526 8.387 121.417 184 197 203
-2.220 9.419 121.746 182 194 200
-4.592 1.413 119.825 180 190 197
-4.730 0.951 119.773 129 141 147
-7.075 -6.969 117.844 118 132 138
-9.853 -16.350 115.525 112 126 129
-8.714 -12.500 116.546 138 154 152
-12.065 -24.168 106.598 170 174 210
-11.920 -23.680 106.725 157 166 166
-11.874 -23.323 112.815 125 144 143
-7.230 -7.722 116.277 174 192 193
-7.839 -9.765 115.878 170 186 187
-10.440 -18.500 113.988 151 165 166
-11.942 -23.544 112.901 132 142 145
-11.102 -20.721 113.569 156 163 168
-3.953 3.300 119.032 170 175 182
-3.724 4.071 119.274 156 160 168
-10.493 -18.674 114.147 139 142 155
-3.616 4.437 119.493 198 199 217
-2.664 7.637 120.300 181 181 200
-10.008 -17.039 114.646 133 134 152
-6.014 -3.614 117.820 156 159 176
-2.197 9.214 120.886 180 188 202
-5.866 -3.114 118.054 153 168 177
-3.292 5.539 120.163 153 175 182
-3.948 3.338 119.708 137 163 172
-2.944 6.714 120.584 143 172 183
-3.809 3.808 119.955 143 169 182
-3.135 6.074 120.571 144 165 179
-2.182 9.281 121.421 153 169 179
-3.537 4.727 120.382 174 185 191
-5.390 -1.499 118.921 173 182 188
-4.750 0.653 119.513 156 164 171
-9.349 -14.808 115.741 130 137 145
-10.976 -20.275 114.422 138 144 152
-5.456 -1.715 119.110 165 171 178
-7.399 -8.245 117.526 145 151 157
-8.105 -10.618 116.978 147 155 157
-8.101 -10.602 117.032 166 176 173
-11.868 -23.272 113.844 117 127 125
-13.334 -28.200 112.613 114 123 123
-10.889 -20.384 106.313 179 188 193
-6.962 -7.351 106.155 191 199 211
-6.043 -4.300 106.165 192 201 217
-6.475 -5.725 106.402 196 197 233
-9.307 -14.852 114.757 158 173 177
-9.543 -15.638 114.627 173 187 190
-12.224 -24.606 112.665 153 162 168
-10.822 -19.914 113.791 154 159 165
-7.134 -7.572 116.633 121 125 129
-5.180 -1.033 118.180 202 205 211
-3.480 4.657 119.549 202 206 215
-0.930 13.193 121.588 208 214 221
-5.612 -2.473 118.030 156 164 171
-4.541 1.113 118.927 167 179 189
-2.645 7.460 120.480 178 193 206
-3.214 5.556 120.103 132 148 158
-4.115 2.545 119.458 159 177 184
-3.051 6.106 120.373 150 170 180
-3.393 4.964 120.169 139 161 174
-5.063 -0.624 118.893 144 161 177
-3.669 4.046 120.085 151 163 181
-2.939 6.492 120.747 160 170 186
-3.280 5.352 120.539 156 164 178
-6.412 -5.133 118.032 104 113 123
-13.403 -28.533 112.310 45 55 62
-6.721 -6.160 118.000 155 160 166
-7.838 -9.896 117.114 151 155 159
-9.185 -14.406 116.023 155 161 160
-8.574 -12.359 116.589 145 152 148
-10.546 -19.382 106.222 150 166 172
-4.890 -0.690 105.936 187 202 212
-9.531 -16.023 106.243 163 175 187
-9.163 -14.804 106.310 181 191 204
-11.459 -22.391 106.449 148 158 172
-12.080 -24.443 106.538 155 161 175
-10.549 -19.379 106.524 133 135 155
-10.104 -17.654 114.263 96 104 123
-8.235 -11.427 115.712 138 145 157
-8.710 -13.009 115.401 125 131 137
-7.393 -8.619 116.451 167 173 177
-5.362 -1.850 118.058 177 184 187
-1.867 9.796 120.809 196 207 210
-4.626 0.605 118.749 162 178 181
-9.454 -15.480 115.057 116 132 138
-3.529 4.266 119.735 147 162 170
-2.720 6.964 120.440 153 168 176
-5.861 -3.501 118.029 139 154 162
-4.453 1.191 119.206 150 164 176
-5.828 -3.388 118.173 142 154 172
-6.075 -4.210 118.033 150 159 179
-7.479 -8.887 117.010 123 127 149
-4.005 2.695 119.894 159 164 183
-8.591 -12.588 116.204 113 121 134
-13.110 -27.651 112.530 121 132 139
-11.930 -23.716 113.535 95 107 110
-9.641 -16.085 115.473 89 100 102
-5.847 -3.435 118.688 103 111 114
-12.561 -25.818 113.106 92 96 100
-9.658 -16.592 106.089 153 172 169
-7.101 -8.178 105.964 165 188 187
-7.239 -8.630 106.023 159 181 186
-10.191 -18.344 106.242 129 149 158
-11.904 -23.980 106.372 127 144 154
-12.341 -25.417 106.426 128 143 154
-10.279 -18.628 106.363 158 174 185
-11.385 -22.267 106.448 138 152 165
-11.845 -23.780 106.532 162 168 182
-8.561 -12.968 106.468 151 156 171
-6.190 -5.159 106.454 174 179 194
-4.375 0.817 106.470 179 188 202
-3.793 2.736 106.522 174 187 200
-7.092 -8.124 106.631 117 128 142
-11.685 -23.042 112.985 95 109 122
-6.589 -6.135 116.912 140 155 167
-7.529 -9.252 116.258 131 146 156
-9.817 -16.838 114.575 100 117 123
-6.501 -5.836 117.146 139 159 161
-3.893 2.818 119.201 179 203 206
-3.580 3.859 119.509 196 220 226
-6.469 -5.726 117.338 148 169 176
-2.250 8.275 120.681 134 151 158
-1.493 10.790 121.348 155 172 179
-6.015 -4.213 117.864 148 163 171
-4.625 0.400 119.022 147 159 171
-3.996 2.490 119.586 156 163 180
-4.219 1.752 119.474 143 149 168
-9.407 -15.462 115.413 116 122 140
-7.449 -8.962 117.047 133 140 155
-5.321 -1.895 118.957 129 145 148
-6.719 -6.534 117.860 93 111 111
-8.192 -11.422 116.688 111 125 126
-8.808 -13.465 116.222 144 153 156
-4.562 -0.040 105.682 185 199 196
-6.581 -6.653 105.882 162 180 175
-12.354 -25.568 106.307 108 129 125
-12.081 -24.670 106.384 94 113 115
-11.028 -21.218 106.364 98 114 115
-8.962 -14.446 106.307 152 167 168
-12.095 -24.714 106.479 105 121 122
-11.863 -23.951 106.534 145 159 172
-8.220 -12.006 106.461 147 162 175
-5.955 -4.579 106.450 164 179 192
-3.899 2.164 106.463 189 204 216
-3.441 3.667 106.519 201 215 228
-4.263 0.974 106.595 178 192 202
-12.334 -25.488 106.733 131 144 153
-13.220 -28.229 111.833 88 96 110
-9.024 -14.369 114.963 103 114 129
-7.230 -8.439 116.447 109 126 136
-7.966 -10.867 115.944 113 130 139
-8.848 -13.779 115.323 104 122 131
-9.773 -16.835 114.663 111 130 140
-9.375 -15.517 115.011 117 136 145
-5.996 -4.351 117.663 139 157 165
-4.834 -0.512 118.622 143 159 167
-3.472 3.989 119.747 153 168 176
-2.662 6.668 120.451 160 175 183
-6.058 -4.550 117.845 137 149 157
-10.402 -18.904 114.460 133 141 150
-9.990 -17.542 114.827 127 133 143
-11.967 -24.073 113.319 113 119 129
-7.803 -10.311 116.721 113 121 130
-8.774 -13.518 115.982 82 93 101
-8.733 -13.379 116.108 132 146 149
-5.035 -1.779 106.135 203 217 218
-4.473 0.058 106.171 189 208 208
-10.291 -18.930 106.484 127 143 148
-10.401 -19.289 106.526 116 131 137
-8.629 -13.502 106.520 127 143 148
-6.640 -7.007 106.523 178 194 199
-6.460 -6.416 106.573 147 162 168
-5.602 -3.613 106.615 146 160 165
-5.055 -1.824 106.667 170 181 188
-12.101 -24.832 106.763 116 126 140
-11.464 -22.751 106.794 155 164 187
-5.687 -3.882 106.843 168 177 202
-4.775 -0.903 106.905 171 181 206
-11.217 -21.940 106.898 121 128 154
-11.942 -24.306 106.922 85 90 114
-7.357 -9.034 116.366 109 125 135
-9.715 -16.788 114.634 88 103 113
-11.977 -24.226 112.989 116 131 141
-6.779 -7.126 117.019 136 150 161
-7.927 -10.901 116.185 118 133 143
-8.860 -13.970 115.510 115 134 142
-9.584 -16.350 114.990 122 144 148
-7.762 -10.354 116.464 109 129 127
-7.792 -10.449 116.491 109 125 119
-12.704 -26.612 112.643 89 105 98
-10.866 -20.941 106.146 178 192 189
-8.363 -12.796 106.286 158 176 175
-4.661 -0.762 106.182 197 222 221
-11.440 -22.799 106.490 119 139 142
-11.760 -23.837 106.534 129 142 148
-9.629 -16.907 106.506 132 146 152
-3.638 2.574 106.398 180 195 201
-4.207 0.725 106.474 202 217 221
-3.948 1.567 106.532 196 210 211
-3.957 1.541 106.596 181 193 195
-5.417 -3.206 106.672 154 165 167
-7.048 -8.505 106.738 132 144 149
-8.116 -11.977 106.790 144 157 165
-6.945 -8.169 106.840 146 159 174
-9.193 -15.478 106.877 131 143 165
-13.013 -27.900 106.879 107 118 142
-11.379 -22.584 106.931 105 116 139
-11.259 -21.989 113.405 100 111 121
-7.043 -8.179 116.618 105 120 130
-9.519 -16.288 114.795 113 128 145
-9.087 -14.872 115.167 126 140 164
-10.143 -18.329 114.403 120 135 161
-12.370 -25.623 112.728 112 130 153
-7.809 -10.679 116.290 93 116 129
-8.457 -12.800 115.836 79 106 109
-11.696 -23.413 113.349 90 116 116
-7.076 -8.273 117.069 106 127 124
-13.066 -27.900 112.363 86 104 100
-8.757 -14.239 105.999 185 196 201
-11.839 -24.214 106.250 161 172 178
-9.667 -17.178 106.306 102 113 115
-5.086 -2.346 106.145 161 172 174
-2.094 7.342 106.083 206 218 220
-2.631 5.607 106.172 168 179 182
-6.305 -6.285 106.359 153 164 168
-7.182 -9.123 106.438 157 167 172
-2.403 6.351 106.371 198 206 211
-3.573 2.565 106.464 201 210 214
-2.427 6.278 106.509 210 221 223
-5.027 -2.140 106.612 160 172 174
-6.121 -5.679 106.680 163 176 178
-4.538 -0.552 106.727 153 169 169
-4.934 -1.833 106.788 134 152 152
-7.691 -10.759 106.839 126 144 152
-9.336 -16.086 106.877 136 153 169
-6.682 -7.489 106.947 127 144 163
-9.833 -17.693 106.953 94 110 129
-10.364 -19.189 114.126 85 100 117
-8.643 -13.573 115.472 93 107 131
-12.607 -26.504 112.554 82 105 118
-8.354 -12.626 115.881 86 113 116
-13.201 -28.715 106.265 113 117 123
-8.759 -14.395 106.047 189 192 201
-9.459 -16.650 106.135 177 181 189
-8.819 -14.586 106.138 177 188 195
-10.744 -20.790 106.288 160 178 183
-9.658 -17.288 106.268 136 155 157
-3.743 1.784 106.026 163 181 179
-3.332 3.112 106.072 188 204 203
-2.560 5.603 106.106 206 218 220
-1.845 7.911 106.148 199 208 210
-7.144 -9.174 106.389 144 150 153
-7.204 -9.365 106.441 165 172 177
-2.619 5.420 106.379 212 220 225
-2.479 5.875 106.444 197 207 210
-2.616 5.433 106.515 175 186 188
-8.439 -13.341 106.657 138 150 152
-9.082 -15.413 106.708 134 147 149
-6.900 -8.376 106.740 155 171 171
-8.555 -13.712 106.793 147 166 166
-7.803 -11.286 106.840 145 161 169
-9.025 -15.225 106.879 140 155 169
-6.857 -8.230 106.946 139 153 170
-9.248 -15.941 106.962 106 121 138
-12.876 -27.480 112.238 90 104 119
-10.796 -21.080 106.186 165 172 182
-8.519 -13.771 106.079 164 172 182
-6.763 -8.133 106.020 161 174 183
-9.967 -18.413 106.326 125 143 148
-12.946 -27.977 106.495 124 139 144
-11.084 -21.998 106.483 128 137 139
-11.085 -21.999 106.518 120 127 128
-7.799 -11.445 106.460 167 175 178
-1.190 9.780 106.348 221 230 235
-2.089 6.895 106.439 183 191 195
-3.007 3.948 106.524 165 174 177
-7.840 -11.573 106.651 141 151 153
-7.453 -10.326 106.695 158 169 171
-3.668 1.832 106.726 218 228 230
-3.874 1.172 106.789 221 230 232
-4.329 -0.288 106.851 197 205 211
-5.630 -4.463 106.903 177 185 195
-6.705 -7.916 106.948 135 146 156
-7.617 -10.844 106.986 123 136 147
-10.086 -18.775 106.989 117 130 141
-10.503 -20.268 106.097 135 149 159
-11.114 -22.222 106.176 149 162 170
-8.757 -14.684 106.054 166 179 187
-5.289 -3.595 105.881 173 188 196
-7.717 -11.354 106.080 158 174 183
-7.291 -9.983 106.350 141 161 169
-5.772 -5.126 106.351 183 196 202
-1.758 7.716 106.294 214 227 233
-0.105 13.004 106.325 216 229 235
-0.967 10.251 106.420 206 218 221
-1.499 8.550 106.502 182 193 193
-5.438 -4.049 106.623 167 178 178
-4.353 -0.576 106.670 218 229 229
-1.409 8.844 106.717 220 230 230
-0.724 11.040 106.788 213 222 222
-1.085 9.886 106.862 221 228 233
-1.859 7.412 106.930 201 207 217
-2.830 4.308 106.990 166 173 183
-2.345 5.863 107.064 164 172 182
-5.418 -3.970 107.076 147 158 167
-9.002 -15.436 107.052 117 130 141
-9.770 -17.892 107.075 101 114 127
-12.651 -27.231 106.230 147 167 169
-10.487 -20.340 106.099 156 174 176
-6.449 -7.484 105.853 161 177 180
-6.413 -7.366 105.903 174 189 193
-2.328 5.642 105.701 176 191 197
-7.539 -10.948 106.074 137 155 162
-9.162 -16.117 106.210 128 148 157
-7.973 -12.327 106.192 134 155 165
-5.618 -4.827 106.128 174 196 207
-8.287 -13.324 106.298 167 187 198
-5.036 -2.969 106.216 157 174 184
-3.685 1.335 106.225 186 200 209
-4.894 -2.513 106.326 183 194 201
-3.315 2.517 106.341 196 207 211
-2.078 6.461 106.376 195 206 208
-0.683 10.907 106.417 213 225 225
-2.945 3.703 106.528 173 184 184
-6.516 -7.670 106.638 162 174 173
-4.996 -2.825 106.677 158 169 169
-1.286 8.994 106.718 182 193 193
-1.849 7.204 106.791 176 188 187
-1.891 7.071 106.861 197 207 210
-2.029 6.636 106.930 172 181 188
-3.085 3.271 106.988 166 176 184
-3.977 0.432 107.040 153 166 175
-6.526 -7.691 107.055 141 153 164
-9.596 -17.473 107.039 118 131 144
-6.844 -8.699 107.151 116 133 148
-11.841 -24.624 107.052 100 121 137
-12.909 -28.027 107.075 118 137 153
-10.713 -21.186 105.905 126 146 135
-12.757 -27.662 106.213 141 161 163
-8.101 -12.895 105.973 135 151 154
-2.842 3.782 105.673 174 189 193
-5.317 -4.064 105.892 160 175 179
-7.799 -11.934 106.093 128 143 146
-5.112 -3.411 105.994 134 147 151
-5.326 -4.086 106.061 173 184 186
-2.223 5.758 105.973 218 227 227
-1.111 9.286 105.994 228 237 237
-0.588 10.947 106.046 209 218 219
-0.020 12.751 106.100 225 235 235
-2.749 4.097 106.262 191 200 200
-2.122 6.087 106.311 201 206 206
-0.450 11.394 106.341 221 223 222
-0.801 10.285 106.423 228 233 232
-0.776 10.364 106.496 227 234 233
-3.101 2.991 106.598 186 192 191
-3.228 2.590 106.664 169 176 175
-0.760 10.424 106.718 182 193 193
-0.870 10.075 106.792 194 209 210
-2.274 5.624 106.861 189 206 209
-2.580 4.654 106.927 178 194 199
-3.770 0.880 106.981 165 179 188
-5.503 -4.619 107.019 137 150 161
-5.197 -3.645 107.080 135 147 159
-7.560 -11.145 107.084 114 127 137
-6.990 -9.333 107.147 112 129 137
-6.680 -8.348 107.207 122 142 149
-10.618 -20.849 107.125 122 139 146
-8.440 -13.931 107.244 143 156 162
-4.075 -0.349 105.214 168 187 179
-7.432 -10.947 105.596 143 160 153
-7.448 -10.987 105.932 127 143 146
-5.063 -3.452 105.824 186 198 202
-7.276 -10.438 106.017 133 141 146
-6.799 -8.930 106.038 118 125 128
-2.508 4.624 105.857 185 189 191
-3.138 2.637 105.956 199 202 202
-0.492 10.999 105.897 225 228 227
-0.763 10.145 105.983 240 243 242
-0.273 11.694 106.038 240 243 242
-1.109 9.055 106.143 235 237 236
-3.612 1.150 106.293 198 201 200
-1.513 7.785 106.298 230 232 232
0.745 14.920 106.316 236 238 238
-1.061 9.217 106.431 233 236 235
-1.888 6.605 106.516 239 242 241
-0.633 10.572 106.571 222 224 223
-1.505 7.821 106.652 193 195 194
-0.453 11.147 106.718 210 214 215
-0.048 12.429 106.793 234 241 244
0.930 15.522 106.873 212 222 224
-1.843 6.760 106.933 169 182 184
-3.026 3.023 106.990 145 159 162
-4.998 -3.211 107.026 141 154 160
-3.648 1.059 107.109 153 166 174
-3.097 2.804 107.184 184 197 205
-1.866 6.696 107.282 190 204 211
-4.917 -2.946 107.260 160 173 180
-8.272 -13.552 107.204 129 140 147
-9.916 -18.748 107.187 103 112 119
-11.346 -23.267 107.167 91 97 104
-4.153 -0.795 105.229 161 177 173
-6.424 -7.937 105.505 155 170 166
-12.798 -27.977 106.277 124 134 141
-3.489 1.310 105.664 163 170 171
-1.133 8.722 105.573 214 219 218
-3.729 0.557 105.804 158 160 160
-6.189 -7.179 106.007 144 146 145
-1.176 8.595 105.791 210 212 212
-2.094 5.707 105.908 200 202 201
-2.006 5.985 105.972 189 191 191
-1.182 8.582 106.006 238 240 240
-0.991 9.184 106.070 240 243 242
-1.638 7.150 106.165 229 231 231
-5.052 -3.591 106.341 190 193 192
-2.133 5.596 106.319 223 225 225
-2.882 3.243 106.404 209 211 211
-2.295 5.091 106.458 223 227 227
-0.519 10.683 106.498 227 231 233
0.094 12.616 106.565 227 233 234
-0.407 11.041 106.645 232 239 240
0.010 12.356 106.718 220 227 229
-0.959 9.306 106.795 212 221 223
0.630 14.311 106.873 219 232 234
-0.894 9.517 106.941 184 200 201
-2.672 3.921 106.995 160 177 179
-3.355 1.773 107.051 171 187 190
-4.781 -2.714 107.088 166 179 184
-2.951 3.050 107.188 192 203 210
-3.066 2.688 107.250 184 194 201
-6.189 -7.143 107.221 127 138 145
-7.711 -11.935 107.223 126 141 147
-9.281 -16.877 107.211 104 122 127
-12.753 -27.809 107.108 80 93 96
-4.464 -1.969 105.267 141 157 154
-7.343 -10.986 105.598 142 158 157
-5.994 -6.754 105.682 191 201 201
-3.852 -0.039 105.572 200 206 207
-2.057 5.587 105.504 202 206 206
-2.587 3.928 105.608 236 238 238
0.307 12.996 105.486 241 243 242
-1.747 6.564 105.688 238 240 240
-3.011 2.605 105.830 208 210 210
-2.155 5.289 105.849 193 195 194
-3.607 0.740 105.988 172 174 173
-3.960 -0.365 106.067 154 157 156
0.040 12.175 105.959 232 235 234
-1.010 8.885 106.075 240 243 242
-1.953 5.930 106.180 214 216 215
-4.213 -1.151 106.318 174 176 176
-2.015 5.741 106.319 204 207 207
-3.603 0.767 106.424 191 195 197
-3.596 0.791 106.486 194 200 204
-2.031 5.698 106.524 200 209 214
-2.640 3.791 106.599 189 198 202
-2.249 5.020 106.662 200 209 211
-2.508 4.208 106.731 198 208 210
-1.925 6.039 106.797 201 212 214
-0.443 10.688 106.871 208 220 222
-1.250 8.160 106.940 184 197 199
-1.155 8.458 107.012 169 184 184
-2.623 3.857 107.062 170 186 187
-5.505 -5.178 107.075 164 180 183
-3.947 -0.291 107.165 176 191 197
-6.066 -6.935 107.171 135 148 156
-8.148 -13.463 107.162 94 104 113
-6.921 -9.612 107.249 112 126 131
-4.930 -3.367 107.374 160 178 179
-11.543 -24.105 107.157 109 123 123
-4.129 -1.119 105.181 128 143 144
-5.432 -5.184 105.369 139 159 159
-6.384 -8.152 105.513 129 150 151
-11.106 -22.883 105.993 114 135 137
-3.910 -0.428 105.401 182 199 200
-2.535 3.863 105.347 212 225 224
-6.000 -6.947 105.688 186 195 195
-0.720 9.532 105.341 229 235 236
0.237 12.521 105.345 234 240 240
-0.715 9.553 105.486 234 241 240
-0.370 10.631 105.537 228 234 233
-2.013 5.505 105.710 239 243 242
-2.979 2.491 105.833 199 204 203
-5.030 -3.909 106.006 165 170 169
-4.507 -2.275 106.037 165 170 169
-1.878 5.933 105.976 193 198 197
-0.291 10.889 105.978 225 229 228
-0.084 11.538 106.045 240 243 242
-1.149 8.216 106.156 214 216 215
-1.965 5.671 106.253 184 187 186
-1.188 8.098 106.300 234 238 242
0.026 11.892 106.343 220 227 234
-1.508 7.103 106.449 198 206 214
-0.884 9.054 106.509 187 196 203
-3.199 1.829 106.608 166 175 182
-6.982 -9.982 106.702 154 162 169
-3.936 -0.469 106.739 179 188 194
-2.994 2.472 106.799 180 191 195
-0.176 11.275 106.874 190 204 207
-1.057 8.527 106.942 188 206 207
-1.050 8.549 107.014 174 193 193
-1.210 8.053 107.084 167 185 186
-2.123 5.202 107.138 154 173 173
-2.694 3.421 107.193 158 176 177
-3.294 1.550 107.244 147 161 165
-4.451 -2.062 107.272 123 133 140
-1.815 6.172 107.420 139 153 157
-2.937 2.672 107.448 184 202 202
-10.662 -21.461 107.193 130 145 144
-12.807 -28.161 107.132 97 109 106
-4.678 -3.021 105.244 130 142 144
-4.521 -2.531 105.286 155 175 177
-7.235 -10.964 105.599 125 146 149
-8.090 -13.619 105.724 136 157 159
-2.370 4.159 105.274 212 230 230
-4.585 -2.724 105.524 214 228 227
-9.987 -19.512 106.009 153 163 163
-1.967 5.417 105.442 236 242 243
0.089 11.808 105.363 233 242 242
-1.409 7.155 105.540 212 224 223
-4.197 -1.510 105.788 179 191 191
-1.670 6.349 105.695 233 245 244
0.734 13.823 105.628 211 222 223
-1.666 6.366 105.833 170 182 184
-2.664 3.263 105.951 187 198 201
-1.041 8.312 105.943 233 241 246
-1.264 7.621 106.023 236 242 249
-1.450 7.043 106.101 237 241 249
0.250 12.332 106.113 206 211 216
-2.271 4.496 106.265 183 190 191
-1.279 7.582 106.306 220 227 229
0.962 14.553 106.325 219 226 229
0.438 12.924 106.414 210 217 219
0.755 13.914 106.487 200 206 209
-0.963 8.573 106.585 177 182 188
-6.880 -9.828 106.702 153 159 167
-6.072 -7.315 106.749 147 156 163
-4.378 -2.044 106.801 144 157 161
-0.554 9.852 106.874 174 189 191
0.000 11.579 106.951 184 200 201
-0.350 10.491 107.023 176 192 194
0.401 12.829 107.108 183 199 202
-0.413 10.301 107.170 180 197 199
-2.598 3.505 107.196 182 198 199
-1.721 6.236 107.284 163 175 176
-1.923 5.608 107.348 163 170 173
-1.150 8.015 107.442 174 180 184
-5.698 -6.132 107.343 209 215 218
-11.302 -23.570 107.166 135 143 143
-12.281 -26.615 107.155 78 87 85
-12.423 -27.055 107.207 132 144 141
-6.410 -8.571 105.426 89 102 102
-6.186 -7.876 105.455 138 158 160
-7.115 -10.751 105.594 129 151 154
-5.511 -5.784 105.498 152 172 174
-4.441 -2.469 105.460 210 227 229
-7.020 -10.452 105.730 198 211 213
-4.437 -2.455 105.576 171 183 183
-1.459 6.766 105.411 232 243 243
-0.043 11.154 105.379 230 243 242
-3.084 1.740 105.659 177 190 190
-4.124 -1.479 105.789 175 189 188
-1.334 7.164 105.681 231 245 244
0.202 11.922 105.664 216 228 229
0.048 11.446 105.748 171 183 185
-2.267 4.279 105.936 175 188 190
-0.687 9.174 105.931 187 200 204
-0.413 10.025 105.993 189 200 206
-1.190 7.621 106.095 188 197 204
0.461 12.737 106.110 194 203 208
-0.007 11.288 106.201 201 210 213
-0.092 11.029 106.278 203 211 214
-0.441 9.948 106.361 204 211 214
0.638 13.293 106.414 210 217 218
0.795 13.782 106.489 212 219 220
0.967 14.316 106.565 207 213 215
0.458 12.743 106.648 202 208 211
-2.013 5.089 106.734 166 172 177
-1.125 7.842 106.802 177 184 189
-0.161 10.832 106.877 193 203 208
-1.135 7.814 106.944 176 189 193
-1.152 7.764 107.015 173 186 193
-1.307 7.287 107.084 164 177 185
-1.613 6.340 107.148 169 180 187
-1.606 6.365 107.218 173 182 187
-1.711 6.041 107.285 157 164 169
-2.717 2.925 107.323 158 164 169
-4.893 -3.815 107.315 165 169 175
-11.454 -24.146 107.192 109 115 118
-11.289 -23.634 107.232 112 119 120
-5.684 -6.262 107.559 158 165 163
-6.722 -9.697 105.464 154 168 170
-5.470 -5.838 105.392 161 181 183
-6.657 -9.496 105.557 127 149 151
-4.352 -2.387 105.400 142 163 165
-4.874 -3.994 105.503 192 208 210
-4.869 -3.978 105.559 194 205 207
-1.857 5.312 105.380 181 192 193
-0.914 8.222 105.377 233 245 244
0.621 12.958 105.339 220 232 231
-6.005 -7.473 105.861 144 155 155
-2.833 2.308 105.712 167 178 178
-0.098 10.747 105.613 226 238 237
0.286 11.934 105.666 215 224 226
-0.080 10.807 105.760 212 219 222
-0.146 10.605 105.838 218 225 228
0.264 11.870 105.894 213 220 223
0.551 12.758 105.958 207 214 217
-0.881 8.344 106.088 181 190 193
-0.045 10.925 106.131 196 206 208
0.740 13.348 106.182 219 228 230
0.691 13.199 106.261 204 211 213
-2.153 4.426 106.403 193 198 199
-0.650 9.065 106.441 211 215 215
0.117 11.436 106.502 221 226 225
1.509 15.731 106.562 230 235 234
1.338 15.208 106.644 229 234 233
0.449 12.466 106.727 219 223 224
-0.361 9.970 106.804 200 204 208
-1.132 7.590 106.874 197 202 209
-0.355 9.992 106.951 179 184 195
0.039 11.209 107.029 171 178 190
-1.167 7.489 107.086 159 167 181
-0.898 8.322 107.162 173 181 195
-0.330 10.075 107.247 177 185 197
-1.992 4.949 107.277 171 179 189
-3.028 1.752 107.314 169 177 184
-9.018 -16.736 107.176 126 134 139
-9.341 -17.728 107.286 104 108 111
-10.127 -20.153 107.288 119 125 126
-5.753 -6.650 107.554 148 155 154
-3.278 0.717 105.125 180 191 196
-3.491 0.064 105.208 159 174 182
-5.066 -4.770 105.415 126 143 151
-5.428 -5.881 105.502 109 124 132
-4.793 -3.929 105.502 139 153 159
-5.020 -4.626 105.577 169 180 184
-1.684 5.624 105.373 194 205 207
-0.801 8.337 105.375 225 236 238
-4.928 -4.337 105.738 159 170 173
-6.485 -9.119 105.898 112 123 127
-2.483 3.178 105.695 144 154 158
-0.320 9.824 105.632 195 204 207
-0.375 9.657 105.708 205 212 215
0.236 11.535 105.750 215 220 223
0.061 11.000 105.833 227 231 235
-2.730 2.428 106.032 201 206 209
-0.692 8.689 106.013 197 202 206
0.236 11.543 106.051 202 208 211
-0.396 9.603 106.147 198 205 208
0.587 12.627 106.191 219 226 229
0.937 13.703 106.259 213 219 221
-0.564 9.095 106.370 206 210 212
0.421 12.122 106.424 212 216 216
0.679 12.919 106.497 230 235 234
1.402 15.143 106.566 228 233 232
1.033 14.011 106.648 218 222 223
1.489 15.413 106.725 213 217 219
0.816 13.346 106.805 194 199 202
-0.810 8.352 106.877 200 204 213
0.130 11.243 106.956 200 203 219
0.470 12.291 107.035 182 186 202
-0.880 8.142 107.091 161 167 181
-1.135 7.361 107.158 175 182 197
0.303 11.782 107.261 185 193 207
-1.166 7.269 107.298 164 174 183
-5.295 -5.423 107.246 165 176 180
-3.769 -0.731 107.352 154 165 168
-9.915 -19.626 107.184 126 137 139
-4.894 -4.187 107.428 146 154 156
-3.662 -0.396 107.539 133 137 138
-12.513 -27.613 107.171 111 115 114
-7.385 -11.841 107.467 127 132 128
-11.270 -23.787 107.297 109 114 110
-4.140 -2.123 105.160 183 189 197
-2.582 2.644 105.063 162 173 182
-3.923 -1.455 105.256 134 149 159
-7.961 -13.806 105.688 90 106 116
-8.557 -15.630 105.786 64 80 87
-7.392 -12.065 105.729 82 93 98
-8.388 -15.111 105.857 132 139 142
-2.745 2.156 105.462 187 193 196
-8.178 -14.466 105.927 156 163 166
-10.831 -22.582 106.157 109 117 120
-3.856 -1.236 105.727 127 136 138
-2.021 4.378 105.672 139 149 150
-1.176 6.968 105.689 178 187 187
-0.533 8.937 105.723 222 228 229
-1.326 6.512 105.836 211 215 216
-1.891 4.784 105.932 214 218 221
-5.890 -7.454 106.177 168 172 175
-6.461 -9.200 106.252 153 158 163
-2.507 2.903 106.157 182 188 194
-2.406 3.216 106.218 174 179 185
-0.268 9.761 106.220 215 219 225
1.003 13.655 106.261 215 219 223
2.008 16.733 106.316 225 229 230
0.674 12.652 106.423 222 227 228
1.031 13.746 106.494 222 227 228
1.498 15.178 106.567 229 234 235
0.071 10.812 106.658 221 226 227
-0.119 10.231 106.733 178 182 184
-2.578 2.704 106.807 163 167 171
0.099 10.902 106.882 198 203 210
0.982 13.609 106.963 209 215 225
-0.046 10.463 107.030 169 175 186
0.301 11.527 107.109 161 167 177
0.404 11.847 107.187 185 193 202
1.037 13.785 107.277 194 204 211
-1.304 6.619 107.295 149 162 166
-6.560 -9.476 107.208 127 140 142
-3.485 -0.057 107.361 130 144 143
-5.432 -6.018 107.350 150 164 161
-2.389 3.302 107.529 182 192 190
-5.264 -5.501 107.467 143 148 147
-4.253 -2.403 107.629 153 155 155
-7.912 -13.609 107.484 140 141 138
-11.440 -24.413 107.319 79 80 73
-2.992 1.185 105.049 181 187 197
-6.118 -8.339 105.422 141 152 164
-12.713 -28.432 106.130 99 114 125
-7.798 -13.452 105.723 85 100 108
-8.066 -14.270 105.791 94 107 114
-5.977 -7.900 105.666 170 181 188
-5.144 -5.361 105.654 180 188 193
-9.033 -17.213 105.994 148 155 158
-5.864 -7.554 105.814 175 183 185
0.025 10.398 105.476 218 229 229
-2.387 3.049 105.701 167 183 181
-0.939 7.464 105.680 170 188 186
0.186 10.896 105.689 219 232 232
-2.006 4.214 105.876 186 192 195
-1.653 5.293 105.926 196 201 205
-2.834 1.695 106.045 182 186 191
-1.743 5.023 106.065 188 192 202
-2.018 4.184 106.142 196 202 214
-3.242 0.455 106.249 182 187 195
-0.526 8.738 106.232 201 206 209
0.178 10.888 106.286 214 220 222
1.545 15.057 106.330 220 227 228
1.508 14.948 106.411 228 234 234
0.083 10.604 106.511 213 218 217
0.073 10.573 106.586 222 227 227
0.069 10.564 106.660 218 222 223
0.170 10.876 106.734 184 188 190
-2.259 3.468 106.808 166 171 174
-1.707 5.153 106.876 182 187 193
-1.043 7.181 106.949 190 196 204
-4.661 -3.852 106.979 153 159 167
-4.771 -4.186 107.034 137 143 150
-0.765 8.034 107.166 193 202 208
-0.382 9.205 107.246 203 214 218
-5.372 -6.014 107.188 137 149 150
-2.895 1.542 107.317 146 160 157
-0.495 8.866 107.461 166 186 179
-2.622 2.379 107.454 161 185 175
-3.160 0.739 107.497 169 187 180
-3.613 -0.642 107.539 142 151 149
-10.152 -20.592 107.284 116 121 120
-4.876 -4.491 107.595 158 160 160
-7.299 -11.882 107.517 146 147 147
-8.429 -15.517 105.614 139 145 151
-10.572 -22.021 105.868 109 119 127
-7.332 -12.182 105.688 105 120 126
-8.059 -14.390 105.795 96 110 112
-4.768 -4.397 105.574 162 174 173
-2.487 2.530 105.455 176 185 185
-0.286 9.213 105.358 200 206 207
-2.778 1.649 105.604 212 221 221
-0.936 7.242 105.546 210 221 221
-2.509 2.470 105.714 191 204 203
-1.794 4.640 105.736 162 175 174
-1.272 6.229 105.775 152 166 167
-2.326 3.030 105.897 141 154 158
-1.988 4.059 105.946 171 181 187
-1.163 6.566 105.976 193 199 206
-0.834 7.566 106.033 197 202 209
-2.252 3.263 106.155 234 238 244
-1.584 5.292 106.198 204 208 211
0.222 10.779 106.214 223 228 229
-0.031 10.012 106.295 208 214 214
0.253 10.878 106.362 216 223 221
0.262 10.907 106.437 222 228 227
-0.192 9.529 106.518 211 215 214
-0.863 7.492 106.598 219 223 222
-0.512 8.562 106.666 234 239 238
-0.266 9.311 106.738 235 238 238
-0.057 9.948 106.810 183 185 187
-3.147 0.562 106.872 176 177 180
-0.925 7.312 106.951 205 207 211
-3.766 -1.315 106.990 172 176 180
-3.770 -1.326 107.050 142 149 152
0.166 10.635 107.183 216 224 226
0.190 10.709 107.259 220 229 229
-4.199 -2.626 107.219 174 184 183
0.383 11.300 107.414 194 205 203
-0.952 7.246 107.445 183 201 196
-1.499 5.585 107.495 158 181 176
-2.655 2.073 107.516 136 154 151
-9.144 -17.646 107.291 87 98 98
-8.442 -15.512 107.366 106 115 114
-5.663 -7.063 107.553 153 160 158
-4.480 -3.467 107.672 155 159 158
-9.736 -19.604 105.790 128 136 136
-7.810 -13.778 105.690 159 170 173
-4.006 -2.275 105.402 151 162 166
-5.317 -6.237 105.570 116 127 129
-2.096 3.503 105.366 153 164 164
-0.820 7.363 105.334 187 198 197
-0.577 8.101 105.386 189 200 200
-4.936 -5.079 105.759 182 193 193
-4.003 -2.257 105.753 177 189 188
-3.126 0.398 105.757 170 185 185
-1.689 4.745 105.736 163 181 181
-3.381 -0.371 105.895 156 174 176
-0.613 8.003 105.815 162 178 183
-0.693 7.764 105.890 192 203 210
-3.981 -2.183 106.104 167 173 181
-2.641 1.873 106.109 194 198 205
-1.333 5.833 106.126 228 232 236
0.040 9.987 106.149 202 206 207
1.420 14.165 106.183 228 233 232
0.661 11.870 106.281 213 219 217
0.105 10.190 106.369 210 217 215
1.104 13.214 106.425 220 228 226
1.588 14.682 106.495 224 231 229
0.667 11.897 106.584 235 240 239
0.430 11.183 106.662 237 239 239
-1.373 5.728 106.743 237 239 239
-2.642 1.889 106.811 174 176 176
-3.981 -2.162 106.870 180 182 183
-0.467 8.474 106.956 180 182 184
-1.606 5.030 107.015 159 162 165
-1.262 6.072 107.088 158 162 166
0.049 10.042 107.182 200 208 209
-0.960 6.989 107.233 205 217 216
-0.514 8.343 107.315 201 212 212
-0.042 9.772 107.401 196 207 207
-1.902 4.144 107.412 173 188 187
-1.029 6.790 107.511 168 187 185
-2.792 1.454 107.510 164 179 178
-10.527 -21.962 107.229 84 96 95
-7.460 -12.675 107.412 97 107 106
-5.794 -7.630 107.545 144 153 151
-2.273 3.031 107.793 176 183 181
-12.583 -28.299 106.100 134 141 140
-12.003 -26.551 106.075 171 180 180
-8.037 -14.605 105.759 151 162 164
-4.176 -2.973 105.481 116 127 129
0.212 10.246 105.189 183 194 196
-1.190 6.025 105.369 203 217 217
-4.830 -4.938 105.701 182 198 197
-6.815 -10.916 105.941 125 141 140
-2.773 1.262 105.741 146 162 160
-6.230 -9.150 106.004 148 164 163
-3.012 0.547 105.880 181 196 199
0.756 11.902 105.751 219 232 238
-0.114 9.282 105.868 211 221 225
-7.248 -12.215 106.249 159 166 166
-2.271 2.785 106.099 195 202 202
-1.592 4.834 106.139 213 220 221
0.370 10.747 106.143 210 217 216
0.910 12.376 106.202 237 244 242
1.380 13.795 106.266 222 230 228
-0.366 8.536 106.382 187 197 194
0.786 12.009 106.433 207 216 214
1.561 14.347 106.499 212 221 219
1.647 14.608 106.577 215 224 223
-1.216 5.980 106.676 231 241 241
-1.388 5.465 106.745 209 214 215
-5.581 -7.172 106.811 147 149 151
-3.043 0.478 106.875 169 171 174
0.275 10.482 106.963 184 188 192
-0.106 9.335 107.033 169 176 179
-0.479 8.214 107.100 167 176 179
-1.575 4.909 107.151 171 183 185
-0.005 9.646 107.254 193 207 208
0.655 11.638 107.345 184 198 200
-1.057 6.479 107.370 166 180 181
-2.005 3.620 107.408 164 176 178
-2.217 2.983 107.466 169 180 182
-3.173 0.102 107.493 161 172 174
-5.097 -5.698 107.469 102 113 115
-5.100 -5.706 107.524 106 118 118
-2.189 3.074 107.730 142 154 153
-1.229 5.970 107.849 184 193 193
-8.851 -17.014 107.467 137 143 144
-9.585 -19.391 105.784 106 111 107
-10.602 -22.442 105.918 99 108 106
-8.187 -15.193 105.820 89 100 102
-4.975 -5.553 105.608 120 131 133
-4.894 -5.310 105.656 181 192 194
-6.523 -10.195 105.829 170 182 184
-10.800 -23.029 106.171 147 161 162
-5.194 -6.204 105.841 160 176 177
-3.433 -0.918 105.787 165 180 182
-3.196 -0.206 105.833 177 190 194
-1.078 6.154 105.780 182 196 200
0.704 11.504 105.759 215 228 232
0.191 9.968 105.858 210 219 224
-2.865 0.796 106.064 196 202 208
-0.510 7.866 106.033 221 227 230
-0.814 6.956 106.115 216 223 223
1.431 13.697 106.113 201 208 207
1.918 15.162 106.177 237 244 242
0.839 11.923 106.284 237 242 241
0.809 11.835 106.360 222 227 226
0.422 10.674 106.443 201 208 206
1.569 14.119 106.501 183 192 190
-0.581 7.666 106.602 164 178 177
-3.117 0.053 106.691 153 169 170
-3.933 -2.396 106.755 143 155 157
-3.713 -1.731 106.814 142 151 153
-1.235 5.710 106.884 167 178 181
2.277 16.260 106.980 216 230 233
0.585 11.180 107.042 187 200 205
0.039 9.543 107.109 169 182 188
-1.012 6.388 107.162 182 197 203
-0.872 6.810 107.235 177 194 199
-0.298 8.535 107.320 170 186 189
0.229 10.120 107.408 165 179 180
-1.084 6.178 107.438 153 165 167
-2.377 2.296 107.460 155 166 168
-0.411 8.202 107.604 152 163 165
-4.597 -4.370 107.490 116 127 129
-7.130 -11.979 107.425 119 130 131
-1.806 4.017 107.748 114 126 126
-0.622 7.576 107.880 178 187 187
-4.184 -3.125 107.741 144 150 151
-8.991 -17.736 105.731 104 110 102
-8.202 -15.377 105.697 96 108 101
-11.648 -25.675 106.110 89 100 103
-5.702 -7.900 105.671 134 145 147
-4.774 -5.122 105.653 175 186 188
-4.990 -5.767 105.723 166 177 179
-6.194 -9.367 105.860 163 176 178
-3.706 -1.925 105.749 174 190 191
-2.059 2.999 105.708 177 192 194
-0.159 8.682 105.664 179 192 196
-1.924 3.407 105.831 177 188 193
-1.184 5.620 105.859 180 189 194
0.145 9.595 105.866 197 204 209
-0.860 6.593 105.982 208 214 219
0.259 9.939 106.007 216 222 227
0.097 9.458 106.087 205 212 215
1.461 13.538 106.116 196 201 202
1.243 12.889 106.200 239 243 242
1.031 12.256 106.283 239 243 242
0.872 11.782 106.362 237 242 241
1.363 13.252 106.430 230 237 235
0.372 10.292 106.521 166 176 173
-5.998 -8.760 106.660 152 163 163
-8.558 -16.415 106.728 146 157 159
-3.241 -0.511 106.754 166 177 179
-1.871 3.589 106.816 192 204 206
-0.879 6.558 106.886 183 194 197
0.957 12.053 106.971 204 215 219
0.558 10.859 107.042 193 205 210
0.150 9.643 107.111 187 200 206
0.246 9.930 107.186 191 207 213
-4.057 -2.942 107.164 141 158 163
-1.501 4.707 107.288 171 187 190
-0.418 7.948 107.388 176 189 191
0.424 10.472 107.488 193 205 207
-1.551 4.563 107.489 184 196 197
-0.910 6.484 107.583 126 137 139
-5.800 -8.148 107.436 123 134 136
-6.886 -11.397 107.436 128 140 141
-1.566 4.525 107.758 123 134 134
-3.386 -0.922 107.725 165 174 172
-2.161 2.748 107.858 174 181 177
-6.652 -10.896 105.510 126 133 129
-8.454 -16.263 105.726 101 111 106
-6.950 -11.778 105.774 125 132 130
-3.888 -2.660 105.592 159 166 166
-1.839 3.446 105.504 172 178 181
-1.850 3.414 105.570 171 180 185
-1.074 5.725 105.585 159 169 176
-3.055 -0.174 105.774 155 166 173
-3.477 -1.427 105.859 152 162 169
-0.411 7.706 105.755 195 204 210
0.824 11.386 105.764 227 234 239
0.358 9.999 105.861 213 218 223
-2.316 2.036 106.049 201 206 209
-0.225 8.267 106.031 206 210 214
-0.193 8.365 106.101 208 213 216
1.203 12.524 106.129 207 211 215
0.918 11.678 106.213 239 243 246
1.312 12.854 106.279 239 243 244
0.727 11.111 106.369 239 243 242
1.437 13.229 106.431 214 219 217
-0.179 8.417 106.531 161 165 164
-3.855 -2.535 106.640 173 178 177
-4.605 -4.768 106.704 172 179 177
-0.447 7.622 106.748 202 212 212
-0.338 7.949 106.819 196 207 209
0.565 10.642 106.894 185 197 200
0.480 10.392 106.968 182 193 197
0.765 11.243 107.046 187 199 206
0.823 11.417 107.122 202 215 224
0.544 10.586 107.192 180 193 200
-7.236 -12.599 107.092 115 128 132
-0.823 6.515 107.306 177 190 192
0.806 11.373 107.424 196 210 211
1.945 14.769 107.538 219 232 234
-1.149 5.550 107.503 188 199 201
-2.607 1.204 107.513 112 124 123
-3.982 -2.892 107.515 121 133 130
-11.144 -24.242 107.231 135 147 143
-6.123 -9.273 107.522 132 144 139
-10.375 -21.947 107.338 110 120 115
-9.832 -20.328 107.405 106 114 110
-7.962 -14.934 105.685 96 106 102
-8.391 -16.202 105.892 131 138 138
-8.194 -15.616 105.919 143 149 151
-3.811 -2.614 105.650 141 148 151
-3.040 -0.324 105.656 155 163 168
-1.728 3.572 105.633 168 179 185
-2.206 2.154 105.728 157 168 176
-4.082 -3.410 105.898 140 151 157
-7.783 -14.391 106.152 164 171 174
-0.243 7.984 105.823 221 226 225
1.426 12.937 105.817 228 233 231
-1.377 4.621 106.013 194 199 198
-0.675 6.707 106.053 196 200 201
-0.880 6.100 106.130 187 192 195
1.030 11.769 106.138 193 197 201
0.968 11.588 106.216 220 224 228
1.273 12.496 106.284 219 223 226
0.198 9.306 106.383 197 201 204
-4.966 -6.019 106.545 158 165 170
-0.622 6.875 106.540 152 163 167
-1.533 4.172 106.619 176 188 188
-2.760 0.533 106.694 169 181 178
0.307 9.637 106.747 196 207 208
1.031 11.788 106.821 199 210 215
1.067 11.899 106.898 189 200 204
0.878 11.338 106.972 185 196 201
1.131 12.093 107.051 183 195 202
1.143 12.129 107.127 208 221 229
-1.670 3.778 107.151 163 174 181
-4.712 -5.251 107.149 103 114 118
0.555 10.389 107.342 175 189 195
1.466 13.094 107.443 202 217 225
-5.123 -6.467 107.302 160 171 176
-5.802 -8.482 107.331 151 157 160
-1.677 3.768 107.549 138 146 149
-1.631 3.906 107.618 166 177 179
-7.600 -13.818 107.400 165 177 176
-6.253 -9.816 107.514 152 164 159
-9.759 -20.228 107.371 98 107 101
-11.659 -25.870 107.297 81 88 82
-8.081 -15.418 105.829 160 180 184
-8.150 -15.623 105.877 157 173 174
-10.015 -21.132 106.058 138 149 151
-7.504 -13.711 105.917 141 148 151
-4.884 -5.966 105.785 152 160 163
-0.631 6.608 105.569 194 205 207
-1.374 4.411 105.683 175 186 187
-3.962 -3.234 105.896 167 177 177
-5.861 -8.847 106.054 178 184 184
-1.186 4.973 105.874 233 237 236
1.261 12.209 105.830 220 225 223
-0.431 7.209 105.977 190 194 193
-1.405 4.331 106.085 200 206 207
-0.362 7.416 106.116 188 197 200
-2.467 1.194 106.252 164 173 177
-0.472 7.094 106.260 195 204 209
1.238 12.151 106.288 210 219 224
1.112 11.781 106.367 181 192 196
-2.111 2.251 106.498 177 188 193
-2.973 -0.296 106.574 153 164 168
-4.230 -4.009 106.648 158 167 169
-0.481 7.076 106.681 205 212 213
1.092 11.730 106.747 232 239 241
1.434 12.743 106.824 208 217 222
0.816 10.916 106.898 196 206 210
-0.355 7.457 106.964 168 179 183
1.339 12.469 107.054 180 192 202
0.147 8.944 107.113 192 204 219
-2.063 2.410 107.144 163 175 185
-2.099 2.303 107.208 118 132 136
-0.188 7.959 107.322 174 189 196
1.383 12.607 107.440 214 229 240
-5.139 -6.682 107.301 147 158 165
-2.800 0.237 107.441 141 148 151
-0.625 6.672 107.591 170 177 180
-1.322 4.612 107.630 178 187 189
-4.907 -5.992 107.527 157 166 167
-9.409 -19.310 107.351 140 149 147
-11.196 -24.723 106.118 150 166 174
-12.333 -28.069 106.233 138 150 158
-10.014 -21.241 106.098 140 148 155
-6.383 -10.547 105.891 144 155 158
-0.336 7.259 105.557 208 222 221
-2.686 0.341 105.767 184 196 194
-7.587 -14.092 106.104 184 193 191
-4.870 -6.087 106.006 199 211 208
-1.281 4.484 105.884 217 231 228
0.372 9.351 105.876 194 205 203
-0.827 5.823 105.999 200 209 209
-0.651 6.343 106.061 208 217 219
0.529 9.820 106.089 187 198 202
-4.726 -5.658 106.326 145 156 162
-3.228 -1.242 106.340 167 177 186
1.611 13.011 106.283 195 205 216
0.890 10.890 106.375 201 211 222
0.740 10.450 106.453 203 214 222
-2.894 -0.253 106.576 153 164 168
-0.699 6.214 106.616 194 203 204
2.181 14.701 106.667 233 240 239
2.800 16.524 106.745 229 236 232
1.508 12.722 106.825 219 226 225
0.564 9.941 106.898 215 224 232
-2.663 0.435 106.946 149 159 177
-3.581 -2.268 106.998 134 145 166
-2.700 0.331 107.070 146 158 178
-1.877 2.755 107.148 134 147 160
-1.291 4.485 107.226 125 139 145
0.327 9.255 107.336 196 206 217
-0.087 8.036 107.396 228 236 250
-1.821 2.926 107.410 174 181 189
-1.693 3.305 107.481 131 138 138
0.330 9.270 107.628 183 190 190
-0.948 5.505 107.645 165 171 172
-2.168 1.911 107.656 111 118 117
-9.056 -18.388 107.368 118 125 121
-10.626 -23.147 106.110 148 165 170
-8.473 -16.832 105.993 155 171 174
-8.277 -16.257 106.021 139 155 155
-0.642 6.143 105.582 206 222 221
-7.320 -13.447 106.048 146 162 159
-7.887 -15.107 106.168 175 191 188
-6.245 -10.289 106.131 162 178 177
-3.074 -0.985 106.036 181 195 196
-0.624 6.204 105.995 183 194 198
-0.304 7.144 106.052 171 181 186
-1.283 4.275 106.156 174 185 189
-3.476 -2.159 106.290 183 194 201
-0.403 6.860 106.265 202 212 221
-0.167 7.552 106.329 198 209 216
0.705 10.115 106.382 188 199 203
-0.916 5.360 106.484 184 194 198
-1.684 3.107 106.562 185 194 198
1.463 12.343 106.597 222 230 232
1.797 13.326 106.672 222 228 229
1.982 13.870 106.749 220 227 228
0.304 8.948 106.826 214 223 225
-0.788 5.743 106.894 183 192 200
-2.713 0.095 106.947 159 169 182
-2.548 0.581 107.010 126 137 154
-1.663 3.181 107.086 118 131 148
-2.530 0.637 107.136 96 106 119
-0.907 5.403 107.235 169 177 184
0.864 10.602 107.349 216 223 231
1.081 11.243 107.431 226 232 240
-0.488 6.638 107.454 175 181 186
-1.978 2.264 107.469 133 140 141
0.908 10.738 107.650 187 194 194
-0.397 6.910 107.668 155 162 163
-1.460 3.791 107.688 132 139 139
-8.093 -15.848 105.928 133 152 153
-7.139 -13.062 105.904 135 156 156
-6.784 -12.022 105.926 132 154 152
-5.171 -7.308 105.872 171 194 191
-7.450 -13.963 106.193 165 186 182
-2.070 1.764 105.995 202 218 217
1.686 12.744 105.903 195 206 210
-0.466 6.453 106.062 174 184 192
-4.470 -5.249 106.269 171 182 191
-3.666 -2.897 106.300 196 206 216
-1.078 4.670 106.287 190 201 210
-4.755 -6.077 106.442 177 188 196
-7.107 -12.952 106.543 165 175 182
-2.428 0.728 106.511 191 202 209
1.153 11.197 106.527 210 221 227
0.997 10.745 106.604 196 207 213
-0.164 7.351 106.686 174 185 191
0.709 9.905 106.754 176 187 194
-1.917 2.229 106.825 160 170 179
-1.455 3.580 106.892 156 167 177
1.521 12.286 106.982 190 200 212
0.778 10.114 107.050 167 177 187
-2.775 -0.276 107.070 138 149 155
-12.418 -28.473 106.949 73 83 89
-5.723 -8.892 107.127 141 149 154
1.479 12.170 107.365 217 223 228
0.844 10.316 107.423 222 227 230
-0.277 7.038 107.461 197 201 202
-1.348 3.907 107.492 155 159 158
-0.741 5.686 107.583 180 185 184
-7.237 -13.314 107.367 148 152 151
-9.229 -19.139 107.318 135 138 138
-10.685 -23.526 106.121 128 149 149
-7.441 -14.080 105.929 125 148 147
-8.409 -16.898 106.037 129 155 152
-11.849 -26.914 106.293 129 156 152
-5.945 -9.720 106.074 154 181 176
-3.800 -3.473 106.020 158 181 176
-3.310 -2.044 106.055 202 219 216
1.382 11.619 105.921 213 225 224
1.942 13.253 105.976 206 216 217
-1.369 3.612 106.166 188 199 201
-8.203 -16.288 106.442 148 159 166
-4.444 -5.341 106.382 148 159 170
-3.755 -3.333 106.421 160 170 180
-6.106 -10.179 106.525 151 161 168
-1.554 3.079 106.500 200 210 217
0.198 8.185 106.542 204 215 224
0.201 8.194 106.614 205 219 229
0.125 7.975 106.686 192 209 221
0.598 9.355 106.756 178 196 208
0.181 8.142 106.829 153 170 182
0.550 9.217 106.903 178 192 205
0.466 8.975 106.975 194 204 217
0.290 8.462 107.046 193 201 211
-4.595 -5.766 107.043 137 146 151
-9.400 -19.763 107.044 135 144 146
-1.510 3.227 107.287 209 215 218
-1.353 3.684 107.358 211 215 218
-2.407 0.616 107.389 207 211 215
-1.617 2.918 107.481 171 175 179
-2.610 0.025 107.507 170 174 178
-7.395 -13.916 107.359 133 137 140
-9.981 -21.451 107.282 116 119 123
-10.129 -22.015 106.119 143 165 169
-11.540 -26.108 106.246 126 151 151
-10.992 -24.514 106.306 167 195 191
-3.271 -2.116 105.940 179 205 201
-3.114 -1.660 105.991 167 190 187
-9.511 -20.218 106.335 139 156 155
-2.755 -0.616 106.096 180 191 191
1.272 11.070 106.005 216 227 225
0.904 10.005 106.093 225 237 234
-2.491 0.153 106.270 190 201 203
-1.401 3.319 106.303 176 187 194
-2.356 0.550 106.391 181 192 199
-4.119 -4.565 106.488 168 179 185
-2.157 1.128 106.512 182 193 199
-0.813 5.029 106.558 194 204 211
0.060 7.566 106.618 190 204 211
0.242 8.096 106.688 173 191 198
-0.474 6.018 106.761 170 188 198
0.601 9.140 106.831 174 191 203
-1.056 4.332 106.896 168 183 196
-1.093 4.227 106.963 171 183 196
-0.971 4.582 107.031 188 200 210
-5.639 -8.965 107.027 103 114 120
-9.891 -21.306 106.997 97 107 111
-6.450 -11.315 107.111 127 136 138
-3.024 -1.372 107.248 140 148 149
-5.425 -8.340 107.237 138 145 143
-4.929 -6.898 107.305 137 142 140
-0.887 4.837 107.507 179 184 183
-1.934 1.800 107.533 189 193 193
-5.435 -8.363 107.444 124 129 130
-10.561 -23.245 107.254 80 83 85
-9.182 -19.383 106.209 179 200 198
-3.510 -2.988 105.956 185 203 201
-4.047 -4.538 106.040 167 183 181
-11.535 -26.182 106.427 150 162 162
-6.557 -11.792 106.254 167 177 177
-1.319 3.351 106.107 216 223 222
-0.395 6.022 106.141 236 241 240
0.640 9.017 106.179 229 234 233
-0.276 6.370 106.276 232 236 235
-0.474 5.799 106.350 234 238 237
1.701 12.086 106.376 235 240 239
1.823 12.441 106.450 224 232 232
-0.989 4.314 106.563 195 209 210
-0.183 6.645 106.622 162 178 182
-1.099 4.000 106.697 152 170 177
-1.705 2.247 106.765 151 170 180
-0.030 7.093 106.832 179 199 210
-1.014 4.249 106.898 159 176 189
-3.795 -3.791 106.941 154 169 181
-2.172 0.903 107.018 169 182 196
-6.346 -11.165 107.017 105 117 130
-6.719 -12.242 107.058 122 135 142
-2.296 0.550 107.204 127 140 142
-1.058 4.131 107.299 139 150 151
-3.336 -2.456 107.299 137 146 146
-5.846 -9.715 107.275 135 144 143
0.376 8.281 107.552 201 211 208
-1.582 2.622 107.546 195 202 200
-4.833 -6.780 107.469 154 158 157
-8.467 -17.635 97.677 150 160 166
-0.275 5.816 91.292 186 195 200
-9.536 -20.677 98.926 192 200 213
-9.426 -20.201 106.225 165 183 188
-9.365 -20.023 106.259 154 171 176
-6.932 -13.017 106.181 162 178 183
-7.791 -15.492 106.265 181 193 200
-5.244 -8.154 106.204 192 200 208
-1.396 2.926 106.113 196 202 207
-1.148 3.644 106.170 221 226 227
0.296 7.803 106.193 226 230 230
0.737 9.074 106.252 226 230 229
1.413 11.023 106.310 232 236 235
0.887 9.509 106.395 233 237 236
0.265 7.720 106.478 233 237 236
1.117 10.174 106.539 227 234 233
1.031 9.928 106.614 173 190 191
-0.883 4.418 106.698 119 146 151
-3.208 -2.279 106.770 128 157 165
-0.513 5.487 106.833 173 199 209
-0.051 6.817 106.904 177 198 210
-1.907 1.473 106.958 123 137 150
-1.567 2.454 107.026 147 160 172
-6.508 -11.779 107.014 122 135 145
-6.564 -11.938 107.061 118 131 142
-2.943 -1.506 107.190 139 154 164
-1.996 1.224 107.274 143 159 164
-7.916 -15.831 107.163 121 137 136
-11.013 -24.752 107.135 175 187 184
-8.888 -18.629 107.252 168 178 176
-6.763 -12.902 96.243 173 185 201
-6.001 -10.727 95.683 165 178 188
-6.423 -11.928 96.061 170 183 189
-4.730 -7.097 94.776 181 193 198
-1.598 1.839 92.379 182 193 197
-2.258 -0.041 92.952 189 202 203
-1.813 1.233 92.663 201 217 215
-9.231 -19.927 98.447 170 189 187
-4.386 -6.102 94.758 198 219 216
-5.482 -9.227 95.647 194 214 211
-11.182 -25.490 100.038 117 136 134
-5.338 -8.585 106.007 158 175 187
-4.928 -7.408 106.037 161 177 189
-6.011 -10.514 106.141 156 171 181
-6.934 -13.161 106.230 174 186 195
-2.138 0.599 106.082 191 199 206
-0.808 4.417 106.096 185 191 195
-0.542 5.179 106.154 209 214 215
0.067 6.930 106.204 232 236 236
0.748 8.884 106.256 220 225 224
1.513 11.082 106.311 233 237 236
2.503 13.923 106.367 227 232 231
1.584 11.288 106.460 225 232 232
1.759 11.792 106.533 206 215 217
0.416 7.940 106.622 179 191 195
0.011 6.780 106.695 180 195 201
-1.256 3.145 106.768 168 186 195
-1.269 3.108 106.833 165 185 196
-1.407 2.714 106.898 166 183 196
-4.049 -4.868 106.941 131 145 158
-4.516 -6.208 106.991 129 143 155
-6.920 -13.105 107.008 117 132 142
-5.214 -8.207 107.087 125 141 149
-4.411 -5.903 107.157 143 161 166
-6.249 -11.178 107.164 130 148 150
-6.798 -13.137 96.307 169 181 196
-7.434 -14.942 96.851 150 163 173
-10.610 -23.965 99.384 143 156 162
-11.774 -27.271 100.325 151 164 170
-6.697 -12.842 96.398 160 173 180
-3.642 -4.156 94.072 163 176 179
-2.581 -1.136 93.305 173 187 186
-12.024 -27.978 100.624 149 165 164
-12.102 -28.198 100.709 143 161 159
-8.995 -19.364 98.365 195 212 211
-5.519 -9.260 106.020 149 166 180
-3.207 -2.651 105.954 174 191 205
-3.378 -3.138 106.021 180 197 209
-6.357 -11.651 106.208 180 192 202
-4.797 -7.192 106.193 166 172 180
-2.383 -0.290 106.158 192 196 201
-2.057 0.645 106.208 237 242 243
-0.025 6.455 106.210 235 240 239
0.807 8.833 106.258 220 225 224
1.184 9.913 106.322 223 228 228
1.379 10.471 106.392 205 212 213
0.785 8.775 106.476 204 214 215
1.149 9.816 106.544 194 208 209
0.688 8.501 106.622 187 202 206
1.189 9.934 106.691 195 210 218
0.340 7.509 106.767 186 201 213
-1.145 3.264 106.835 154 169 183
-3.593 -3.733 106.889 136 150 164
-4.793 -7.165 106.936 121 133 146
-5.039 -7.867 106.986 132 144 156
-6.344 -11.597 107.018 142 154 165
-4.188 -5.431 107.107 140 157 165
-5.027 -7.830 107.143 149 169 174
-6.472 -11.960 107.158 117 138 139
-9.378 -20.585 98.207 175 185 204
-5.581 -9.837 95.198 180 197 213
-9.537 -21.029 98.470 160 175 183
-6.597 -12.702 96.184 154 169 177
-6.374 -12.070 96.052 150 164 170
-9.699 -21.481 98.697 171 184 188
-7.429 -15.052 96.961 179 193 203
-5.077 -8.388 95.176 162 177 192
-5.401 -9.303 95.474 168 183 193
-3.705 -4.497 94.216 226 242 245
-3.020 -2.555 93.743 214 229 228
-4.435 -6.560 94.878 212 226 222
-5.726 -10.216 95.909 211 226 223
-11.842 -27.418 106.364 119 141 154
-7.609 -15.362 106.179 147 168 180
-6.544 -12.327 106.173 179 196 206
-8.069 -16.670 106.285 192 203 213
-9.845 -21.729 106.398 158 164 174
-5.125 -8.284 106.261 215 219 225
-6.268 -11.539 106.350 232 236 237
-4.929 -7.724 106.359 198 202 203
-2.675 -1.304 106.352 207 212 213
1.669 11.071 106.314 226 233 235
2.673 13.932 106.370 209 220 222
1.586 10.839 106.466 208 220 221
1.221 9.799 106.546 199 212 214
-0.596 4.626 106.635 149 163 170
0.536 7.851 106.697 159 173 186
-0.541 4.784 106.770 141 155 174
-2.591 -1.054 106.834 140 154 176
-4.242 -5.757 106.886 138 152 171
-5.052 -8.064 106.934 112 127 141
-8.352 -17.464 106.946 113 130 143
-6.455 -12.059 107.017 120 140 151
-6.811 -13.071 107.057 115 135 145
-5.823 -10.255 107.125 119 139 146
-8.285 -17.271 107.111 96 116 118
-8.587 -18.464 97.602 199 201 217
-5.843 -10.719 95.446 234 238 248
-6.443 -12.412 95.969 162 167 172
-8.478 -18.148 97.625 109 115 116
-6.481 -12.514 96.086 138 145 145
-8.269 -17.554 97.534 158 164 165
-6.456 -12.438 96.153 172 180 182
-10.881 -24.921 99.646 162 170 175
-5.396 -9.442 95.416 187 196 202
-10.090 -22.686 99.093 144 153 160
-6.764 -13.299 96.563 182 193 199
-2.795 -2.093 93.560 231 245 248
-2.044 0.029 93.042 232 243 244
-0.921 3.200 92.245 231 241 239
-5.963 -11.028 96.125 230 241 239
-5.601 -10.004 95.897 221 235 234
-9.492 -20.834 106.350 158 174 185
-6.674 -12.836 106.274 169 184 192
-3.530 -3.915 106.207 212 228 232
-4.623 -7.014 106.299 199 215 216
-10.498 -23.684 106.558 154 161 164
1.306 9.814 106.326 216 224 227
0.815 8.423 106.409 213 225 227
1.529 10.450 106.470 212 224 224
0.400 7.249 106.558 213 225 227
-1.434 2.044 106.645 168 181 193
1.698 10.935 106.693 130 146 168
0.634 7.917 106.770 122 138 164
-3.184 -2.919 106.835 139 155 183
-7.730 -15.822 106.869 144 161 187
-10.236 -22.935 106.890 111 129 150
-6.958 -13.626 107.100 94 114 123
-8.880 -19.402 97.867 167 173 193
-10.198 -23.103 98.952 173 177 188
-4.612 -7.401 94.553 199 203 207
-0.406 4.425 91.280 230 235 234
-0.587 3.919 91.485 228 233 232
-0.952 2.896 91.833 211 218 219
-1.701 0.794 92.478 201 212 212
-7.840 -16.464 97.307 152 166 167
-4.268 -6.418 94.581 175 188 202
-8.865 -19.342 98.175 173 185 209
-3.937 -5.482 94.427 209 220 240
-3.232 -3.495 93.939 199 210 221
-3.708 -4.831 94.355 191 198 202
-3.063 -3.014 93.918 208 210 210
-4.543 -7.177 95.090 223 224 225
-3.660 -4.689 94.475 228 229 234
-3.843 -5.202 94.664 203 210 212
-11.814 -27.624 100.657 163 175 174
-10.140 -22.912 99.473 180 196 194
-8.382 -17.803 106.344 162 174 183
-4.060 -5.583 106.229 189 199 209
-6.372 -12.118 106.359 121 129 139
-9.209 -20.139 106.489 108 116 124
-8.861 -19.154 106.517 151 160 165
0.527 7.392 106.347 200 209 212
0.287 6.714 106.422 212 221 223
-0.811 3.612 106.509 206 216 218
-1.853 0.666 106.588 204 215 219
-4.405 -6.550 106.672 148 162 173
-1.253 2.364 106.710 85 101 120
-0.025 5.838 106.773 117 133 159
-3.109 -2.883 106.836 132 148 176
-8.688 -18.660 106.865 139 153 176
-6.630 -12.837 106.922 145 157 175
-9.483 -21.204 98.310 148 156 181
-8.328 -17.968 97.420 184 191 216
-9.959 -22.534 98.757 171 176 190
-6.358 -12.446 95.931 140 144 145
-0.743 3.283 91.537 200 205 203
-0.680 3.463 91.548 222 227 226
-1.316 1.685 92.108 224 228 227
-2.241 -0.904 92.890 207 212 213
-5.059 -8.794 95.137 185 192 198
-10.786 -24.838 99.621 138 148 159
-9.256 -20.546 98.538 139 151 162
-7.121 -14.563 96.946 137 147 158
-9.003 -19.833 98.450 179 185 192
-4.455 -7.083 95.063 229 235 242
-8.464 -18.318 98.116 160 166 174
-7.422 -15.394 97.375 183 193 199
-8.287 -17.819 98.058 207 220 224
-11.453 -26.693 100.437 159 174 175
-7.491 -15.583 97.546 191 207 206
-6.511 -12.652 106.320 139 145 155
-5.824 -10.715 106.393 125 130 146
-4.473 -6.909 106.407 193 201 215
0.084 5.933 106.360 190 199 210
-0.977 2.944 106.449 191 202 209
-5.725 -10.433 106.586 197 208 213
-10.734 -24.546 106.695 160 171 177
-4.876 -8.037 106.730 88 100 118
-0.696 3.742 106.776 109 121 140
-1.241 2.206 106.841 116 128 146
-7.548 -15.564 106.872 115 126 142
-6.935 -13.837 106.920 126 136 150
-11.715 -27.304 106.907 85 94 107
-6.573 -13.190 96.010 181 187 193
-4.208 -6.588 94.167 211 214 223
-2.555 -1.971 92.904 215 218 222
-2.242 -1.096 92.712 214 219 218
-0.464 3.871 91.368 218 225 225
-1.799 0.149 92.477 213 222 224
-5.860 -11.183 95.707 186 195 197
-8.874 -19.594 98.098 157 166 168
-4.093 -6.246 94.428 205 215 222
-2.534 -1.892 93.275 208 218 229
-4.304 -6.832 94.691 198 209 217
-8.579 -18.762 98.050 151 157 163
-4.842 -8.325 95.248 168 170 178
-8.491 -18.512 98.055 158 159 168
-10.955 -25.393 99.977 175 178 187
-9.479 -21.267 98.903 159 165 173
-3.949 -5.819 94.824 202 212 219
-9.168 -20.394 98.774 166 180 184
-7.127 -14.691 97.310 187 200 204
-8.611 -18.833 98.471 178 191 195
-10.267 -23.327 106.757 113 126 128
-2.510 -1.550 106.780 127 137 136
-2.725 -2.152 106.839 115 122 120
-3.510 -4.804 93.655 208 213 214
-3.253 -4.086 93.504 182 186 186
-0.596 3.306 91.462 230 235 234
-1.717 0.194 92.403 213 222 223
-1.560 0.632 92.338 211 222 226
-1.512 0.769 92.359 172 180 184
-5.293 -9.741 95.396 205 209 213
-0.578 3.377 91.815 229 233 237
-3.716 -5.349 94.281 212 215 216
-8.286 -18.063 97.820 178 180 179
-2.108 -0.869 93.161 187 189 189
-2.666 -2.421 93.641 168 170 172
-11.571 -27.196 100.460 162 165 174
-7.813 -16.735 97.690 186 191 201
-1.493 0.858 93.045 209 222 234
-11.288 -26.404 100.331 139 158 172
-10.074 -23.024 99.467 154 174 188
-8.661 -19.238 97.741 196 200 200
-1.084 1.759 91.777 196 200 199
-2.493 -2.142 92.948 182 186 185
-1.341 1.054 92.098 204 208 207
-0.822 2.493 91.751 226 235 233
0.846 7.122 90.511 208 222 219
-0.442 3.556 91.576 199 213 209
-4.745 -8.370 94.964 167 178 176
-7.263 -15.348 96.951 197 205 206
-5.834 -11.383 95.895 158 162 166
-0.810 2.555 92.224 215 217 217
-1.775 -0.118 93.012 193 195 197
-0.721 2.811 92.400 226 227 232
-0.735 2.777 92.470 214 215 224
-2.723 -2.736 94.000 189 193 206
-10.721 -24.917 99.936 169 176 193
-11.155 -26.235 99.748 179 184 182
-1.706 -0.144 92.318 219 223 222
-1.771 -0.320 92.426 236 241 240
-1.965 -0.853 92.636 234 239 238
-1.569 0.247 92.383 233 237 236
-2.729 -2.954 93.342 213 218 217
-2.467 -2.228 93.193 188 196 196
-3.337 -4.629 93.919 162 173 175
-8.122 -17.842 97.642 175 183 187
-6.910 -14.488 96.878 180 181 192
-1.969 -0.832 93.204 214 214 230
-8.816 -19.749 98.386 131 132 143
-8.473 -18.801 98.166 172 174 178
-2.047 -1.040 93.432 223 224 232
-4.213 -7.022 95.089 235 236 247
-0.138 4.241 92.139 231 231 236
-4.473 -7.739 95.379 233 236 235
-9.590 -22.016 98.535 178 183 182
-1.423 0.463 92.201 234 239 237
-0.833 2.090 91.798 237 242 241
-6.108 -12.423 95.959 189 193 192
-6.673 -13.977 96.440 175 179 178
-5.693 -11.277 95.726 174 182 181
-5.019 -9.418 95.253 178 190 190
-7.606 -16.539 97.279 171 183 185
-10.303 -23.959 99.402 178 185 191
-4.119 -6.932 94.761 196 199 208
-7.292 -15.666 97.198 200 202 216
-8.007 -17.632 97.773 196 197 215
-8.144 -18.008 97.913 180 182 195
-8.997 -20.356 98.584 144 148 154
-10.610 -24.796 99.812 150 153 155
-5.531 -10.807 96.100 153 155 155
-3.010 -3.861 94.295 191 192 192
-3.865 -6.214 94.973 236 236 236
-5.680 -11.210 96.344 162 161 160
-9.576 -21.939 99.243 88 95 103
-10.479 -24.423 99.954 129 146 161
-7.711 -16.963 97.083 161 167 165
-1.588 -0.168 92.378 191 201 201
-2.031 -1.379 92.780 186 200 201
-6.358 -13.242 96.188 196 210 210
-3.522 -5.463 94.043 187 201 200
-6.190 -12.777 96.144 175 189 191
-7.463 -16.266 97.162 158 171 177
-3.727 -6.016 94.353 177 190 196
-10.400 -24.319 99.470 118 129 135
-2.432 -2.454 93.530 218 225 239
-3.335 -4.924 94.418 179 185 190
-1.017 1.441 92.761 197 202 205
-1.412 0.361 93.110 201 206 205
-3.439 -5.200 94.650 193 196 195
-7.617 -16.666 97.744 240 243 242
-3.416 -5.135 94.737 193 195 194
-9.867 -22.839 99.445 104 106 106
-6.154 -12.647 96.809 142 150 156
-11.817 -28.191 100.904 166 180 193
-11.415 -27.086 100.644 115 132 145
-10.184 -23.705 99.797 132 147 159
-8.285 -18.650 97.566 190 201 202
-3.600 -5.844 93.940 218 229 229
-6.984 -15.089 96.625 164 179 178
-7.766 -17.224 97.272 146 165 165
-9.183 -21.092 98.438 174 187 196
-9.782 -22.729 98.931 185 196 205
-5.845 -11.962 96.003 162 173 177
-6.869 -14.758 96.822 153 164 166
-11.405 -27.158 100.281 116 126 131
-3.653 -5.958 94.541 164 171 177
-11.969 -28.695 100.781 170 177 180
-0.384 2.990 92.342 211 217 217
-1.764 -0.780 93.413 194 199 198
-10.109 -23.601 99.613 166 174 173
-10.573 -24.868 99.978 142 154 153
-10.379 -24.335 99.898 127 147 154
-11.302 -26.974 99.954 173 184 184
-9.348 -21.652 98.460 147 158 158
-8.916 -20.474 98.158 154 168 177
-2.706 -3.559 93.393 206 222 241
-7.957 -17.858 97.488 154 169 190
-6.322 -13.404 96.273 159 173 192
-11.015 -26.184 99.898 174 188 207
-4.100 -7.342 94.717 192 206 218
-1.935 -1.443 93.134 208 221 229
-3.461 -5.598 94.336 208 218 227
-7.708 -17.165 97.564 108 116 126
-4.031 -7.146 94.863 159 166 174
-9.011 -20.713 98.607 202 208 214
-10.763 -25.482 99.993 125 132 131
-5.883 -12.175 96.593 127 146 147
-7.294 -16.016 97.768 143 160 167
-4.348 -7.981 95.731 163 174 181
-6.184 -13.169 96.031 170 182 181
-0.249 2.941 91.484 213 227 225
-0.082 3.398 91.416 167 183 181
-1.588 -0.686 92.633 169 185 186
-4.455 -8.463 94.880 154 169 175
-6.918 -15.145 96.843 173 187 204
-8.814 -20.290 98.315 147 162 174
-5.913 -12.412 96.169 168 183 189
-4.347 -8.158 95.040 195 207 213
-10.638 -25.236 99.778 116 125 132
-9.487 -22.100 99.148 141 157 161
-3.720 -6.434 95.024 172 194 200
-4.200 -7.735 95.418 140 163 170
-9.230 -21.396 99.130 118 140 149
-7.203 -15.887 97.733 113 130 136
-5.627 -11.602 96.665 111 122 126
-10.134 -23.981 99.092 154 161 190
-0.490 2.100 91.659 229 238 255
1.880 8.513 89.892 214 225 235
-2.840 -4.247 93.583 152 166 167
-8.663 -19.994 98.089 172 187 188
-11.260 -27.015 100.156 175 193 198
-10.912 -26.070 99.921 133 154 160
-8.457 -19.428 98.110 104 128 134
-11.212 -26.881 100.201 130 151 156
-8.425 -19.337 98.157 161 176 182
-10.281 -24.358 99.566 161 172 179
-5.211 -10.631 95.951 178 187 189
-3.393 -5.704 94.776 134 150 154
0.532 4.924 92.007 210 230 236
-4.265 -8.060 95.502 158 171 180
-4.267 -8.064 95.553 158 163 176
-9.170 -21.336 99.079 157 170 187
-2.113 -2.226 94.128 171 192 210
-10.820 -25.919 99.676 164 175 198
-6.923 -15.415 96.711 168 181 194
-10.819 -25.912 99.732 125 139 143
-8.523 -19.723 98.010 175 189 191
-7.488 -16.931 97.260 192 208 211
-7.868 -17.953 97.586 185 201 205
-7.005 -15.625 96.974 165 183 188
-9.146 -21.393 98.652 157 196 196
-6.428 -14.062 96.664 166 208 208
-5.089 -10.447 95.760 173 197 199
-5.359 -11.172 96.004 199 208 212
-4.494 -8.839 95.417 199 206 211
-1.007 0.571 92.924 184 192 197
-6.643 -14.629 97.071 187 195 199
-3.434 -5.971 94.794 202 211 216
-4.348 -8.435 95.502 188 203 210
-4.381 -8.522 95.574 214 234 243
-5.831 -12.432 96.656 168 180 191
-5.969 -12.802 96.798 150 153 166
-10.341 -24.717 99.361 102 124 145
-9.113 -21.414 98.487 158 176 191
-5.831 -12.596 96.038 171 187 195
-3.447 -6.187 94.284 189 203 207
-2.678 -4.119 93.758 185 201 202
-9.191 -21.617 98.679 153 174 176
-6.580 -14.598 96.768 214 241 244
-8.585 -19.985 98.296 153 182 184
-4.461 -8.897 95.334 161 184 189
-2.729 -4.241 94.114 205 222 229
-6.301 -13.838 96.771 195 210 219
-1.612 -1.231 93.408 210 223 234
-7.851 -18.001 97.976 199 212 219
-6.494 -14.349 97.078 167 184 190
-2.511 -3.638 94.276 213 233 242
-5.938 -12.850 96.765 180 196 206
-3.920 -7.422 95.380 192 203 214
-9.780 -23.177 99.559 171 180 194
-5.550 -11.798 96.711 180 190 199
-8.584 -19.957 98.857 82 90 91
-8.636 -20.245 98.013 191 193 201
-11.433 -27.731 100.192 145 149 164
-10.046 -24.013 99.190 171 190 211
-6.535 -14.613 96.562 165 183 200
-7.199 -16.387 97.103 148 163 175
-7.108 -16.142 97.074 163 178 187
-6.480 -14.460 96.644 187 202 208
-5.361 -11.461 95.852 203 218 223
-5.278 -11.235 95.835 199 215 220
-8.866 -20.838 98.599 131 153 160
-11.674 -28.357 100.683 131 146 154
-2.318 -3.293 93.963 212 227 237
-7.353 -16.774 97.723 121 134 140
-2.476 -3.705 94.291 164 177 185
-2.794 -4.555 94.570 198 209 215
-0.271 2.209 92.843 205 214 216
-10.363 -24.834 99.992 165 173 175
-8.382 -19.523 98.672 149 156 157
-3.168 -5.547 95.093 189 196 194
-3.904 -7.517 95.652 156 161 157
-4.458 -9.207 94.837 219 220 220
-3.563 -6.816 94.201 221 223 224
-5.306 -11.462 95.577 207 215 228
-1.556 -1.456 92.780 190 204 226
-8.301 -19.447 97.927 174 189 208
-10.480 -25.261 99.602 180 194 207
-6.632 -14.990 96.749 182 197 207
-3.385 -6.323 94.369 212 227 235
-9.559 -22.796 99.005 117 132 139
-10.800 -26.108 99.955 95 110 118
-11.831 -28.855 100.767 104 126 139
-5.274 -11.341 96.227 143 158 169
-3.324 -6.134 94.883 178 192 203
-1.614 -1.565 93.721 194 207 218
0.498 4.080 92.285 214 226 232
0.552 4.224 92.310 211 222 224
-9.063 -21.447 99.171 156 159 157
-3.344 -6.171 95.253 190 190 188
-5.498 -11.923 96.785 177 177 173
-9.116 -21.587 99.308 75 75 68
-0.472 1.247 91.828 226 229 229
-4.949 -10.651 95.297 189 191 193
-9.442 -22.592 98.750 177 178 186
-4.158 -8.542 94.791 190 191 205
-4.270 -8.836 94.923 178 181 195
-5.959 -13.324 96.236 166 171 184
-5.493 -12.083 95.932 160 170 180
-6.284 -14.183 96.563 125 140 148
-7.907 -18.498 97.807 162 176 183
-4.227 -8.707 95.130 178 191 199
-4.448 -9.293 95.341 181 197 209
-1.270 -0.837 93.064 198 217 233
-8.549 -20.200 98.422 157 173 195
-10.273 -24.780 99.766 164 178 204
-6.820 -15.592 97.323 156 170 190
-7.822 -18.255 98.077 141 156 168
-0.310 1.499 91.753 230 233 234
-6.763 -15.591 96.710 159 164 167
-7.976 -18.801 97.704 163 169 181
-3.903 -8.006 94.686 204 211 225
-3.559 -7.091 94.478 184 195 206
-8.210 -19.416 97.988 153 165 169
-4.133 -8.607 95.003 143 157 154
-0.480 1.080 92.355 216 230 228
-4.883 -10.589 95.650 229 243 244
-0.446 1.176 92.448 215 225 233
-4.127 -8.579 95.190 148 155 172
-10.666 -25.916 99.985 167 174 205
-10.865 -26.440 100.185 112 120 156
-7.371 -17.173 97.708 162 171 199
-9.162 -21.920 99.025 149 160 187
-6.072 -13.890 96.178 217 221 222
-3.804 -7.897 94.503 222 227 230
-4.810 -10.552 95.311 205 209 211
-6.461 -14.904 96.678 129 136 132
-5.493 -12.340 96.089 237 239 237
-4.418 -9.496 95.345 212 215 214
-9.795 -23.698 99.377 195 203 218
-10.872 -26.540 100.211 117 133 158
-7.795 -18.407 98.040 152 168 192
-8.877 -21.266 98.848 134 152 176
-3.030 -5.810 94.739 167 188 210
-9.095 -21.839 99.069 157 177 199
-10.153 -24.752 99.301 218 223 225
-7.368 -17.421 97.230 218 225 226
-3.419 -7.026 94.302 225 232 232
-8.943 -21.563 98.486 216 223 221
-4.712 -10.424 95.366 216 223 220
-3.418 -7.015 94.452 194 201 197
-9.707 -23.564 99.181 227 232 231
-6.101 -14.071 96.569 236 239 239
-3.585 -7.443 94.773 230 232 232
-9.450 -22.884 99.088 210 211 212
-1.614 -2.247 93.445 231 233 237
-9.481 -22.957 99.269 146 176 196
-3.350 -6.805 95.003 169 192 214
-7.711 -18.290 98.120 152 173 194
-7.183 -16.897 97.826 156 174 184
-9.572 -23.189 99.523 173 191 192
-5.427 -12.438 95.890 202 209 207
-5.056 -11.462 95.658 210 216 214
-7.717 -18.440 97.671 176 180 179
-11.275 -27.771 100.383 182 185 183
-7.788 -18.618 97.871 181 183 183
-11.227 -27.640 100.400 176 177 181
-7.896 -18.898 98.022 203 205 213
-10.018 -24.463 99.584 185 196 205
-9.914 -24.191 99.540 156 178 186
-10.483 -25.682 99.976 158 187 201
-3.651 -7.741 95.252 166 196 216
-6.612 -15.513 97.377 159 183 203
-11.353 -27.958 100.752 115 132 145
-5.503 -12.764 95.980 189 196 194
-5.301 -12.235 95.874 198 205 204
-8.609 -20.881 98.358 195 202 200
-8.413 -20.356 98.457 172 180 211
-9.540 -23.301 99.296 181 194 219
-8.611 -20.865 98.735 135 158 166
-4.914 -11.190 96.175 178 200 208
-10.689 -26.299 100.256 158 178 188
-3.212 -6.933 94.166 224 236 241
-3.918 -8.768 94.743 223 232 237
-6.414 -15.268 96.649 222 231 236
-6.300 -14.968 96.605 199 208 212
-5.733 -13.489 96.227 204 212 217
-9.614 -23.599 99.123 177 184 189
-9.919 -24.393 99.378 190 197 202
-6.395 -15.207 96.838 211 218 223
-10.649 -26.288 100.024 158 166 182
-8.517 -20.725 98.626 181 198 215
-7.186 -17.252 97.722 191 211 220
-6.148 -14.701 96.400 187 194 193
-10.337 -25.571 99.619 197 205 210
-8.382 -20.493 98.210 190 198 203
-4.381 -10.093 95.405 220 229 233
-5.991 -14.273 96.618 202 211 216
-5.780 -13.722 96.507 201 212 216
-9.161 -22.504 98.977 166 178 184
-9.510 -23.409 99.259 159 172 181
-7.087 -17.252 97.133 216 231 233
-10.426 -25.891 99.651 183 198 204
-6.722 -16.296 97.019 186 200 211
-5.967 -14.341 96.507 180 195 205
-4.901 -11.578 95.773 191 211 219
-5.333 -12.695 96.131 200 225 231
-7.349 -17.911 97.630 173 192 198
-7.503 -18.307 97.778 159 172 178
-7.374 -17.971 97.723 153 165 172
-6.981 -16.952 97.480 178 191 199
-6.802 -16.487 97.392 183 198 206
-9.908 -24.527 99.627 158 175 185
-8.317 -20.534 98.077 217 237 243
-6.837 -16.716 97.016 221 236 247
-8.752 -21.652 98.467 204 217 228
-2.984 -6.768 94.316 181 194 205
-2.800 -6.290 94.232 149 164 175
-5.722 -13.827 96.403 133 153 161
-9.979 -24.805 99.550 137 162 171
-7.385 -18.111 97.722 128 152 165
-7.974 -19.627 98.179 135 164 185
-8.609 -21.380 98.422 168 187 203
-1.616 -3.395 93.357 184 202 215
-5.127 -12.421 95.961 135 152 162
-8.079 -20.009 98.140 154 172 183
-10.773 -26.935 100.143 157 178 191
-10.688 -26.795 100.102 173 192 204
-9.968 -27.931 110.104 131 141 150
-9.770 -27.483 110.198 120 131 140
-7.422 -22.156 111.008 111 122 130
-5.425 -17.627 111.714 102 115 124
-9.526 -26.927 110.369 89 105 113
-8.356 -24.357 110.454 145 166 182
-6.539 -20.248 111.059 143 168 184
-5.564 -18.045 111.407 140 168 184
-5.215 -17.254 111.560 145 171 188
-3.676 -13.775 112.099 150 171 189
-2.250 -10.549 112.611 169 184 200
-1.137 -8.032 113.028 181 191 205
-0.297 -6.131 113.361 172 182 193
-1.937 -9.840 112.868 125 138 147
-5.850 -18.688 111.600 92 112 120
-5.035 -16.952 111.477 167 189 204
-2.705 -11.698 112.251 168 190 207
-2.497 -11.228 112.366 167 188 206
-2.484 -11.199 112.420 166 187 205
-1.607 -9.222 112.753 174 192 211
-0.979 -7.804 113.010 171 184 204
-0.227 -6.109 113.311 166 175 196
0.242 -5.052 113.522 179 193 208
-0.921 -7.672 113.192 157 177 186
-3.607 -13.728 112.342 122 145 153
-6.730 -20.768 111.329 141 168 176
-9.991 -28.191 109.900 127 149 165
-5.302 -17.653 111.382 163 184 199
-1.195 -8.423 112.709 174 194 211
1.268 -2.886 113.541 184 203 221
1.221 -2.991 113.586 176 195 213
1.680 -1.960 113.794 175 194 212
1.240 -2.947 113.713 177 196 215
0.095 -5.519 113.399 163 182 200
-0.371 -6.566 113.303 161 181 197
-1.883 -9.965 112.855 152 174 187
-3.771 -14.209 112.273 146 167 178
-2.657 -11.704 112.697 179 199 208
-4.852 -16.638 111.997 171 191 199
-8.941 -25.908 110.119 133 158 161
-9.564 -27.304 109.963 130 158 163
-9.607 -27.401 109.980 127 159 165
-8.258 -24.376 110.423 123 155 166
-5.927 -19.153 111.177 138 168 184
-2.841 -12.237 112.181 160 184 202
-0.778 -7.614 112.879 172 191 210
-0.013 -5.899 113.177 180 198 217
0.583 -4.563 113.425 178 197 216
0.404 -4.964 113.425 174 193 209
-1.474 -9.173 112.870 161 180 194
-1.726 -9.737 112.840 160 180 193
-1.878 -10.076 112.842 175 197 208
-2.419 -11.288 112.712 183 204 214
-2.747 -12.023 112.651 184 204 213
-2.884 -12.329 112.654 183 206 213
-5.187 -17.489 111.912 164 189 195
-8.531 -25.067 110.233 137 159 163
-9.010 -26.136 110.122 133 161 164
-8.221 -24.373 110.392 127 160 166
-8.249 -24.435 110.417 125 160 174
-6.634 -20.827 110.948 127 162 183
-5.039 -17.264 111.483 133 166 189
-5.898 -19.182 111.255 136 168 190
-5.915 -19.220 111.290 145 175 198
-2.011 -10.498 112.578 163 190 214
-0.682 -7.529 113.058 151 174 198
-0.673 -7.507 113.116 153 174 196
-4.453 -15.953 111.929 158 179 197
-2.438 -11.450 112.641 171 192 206
-2.411 -11.389 112.700 167 187 199
-1.375 -9.075 113.098 163 183 194
-5.066 -17.321 111.898 153 175 185
-8.522 -25.042 110.756 140 164 172
-8.902 -25.891 110.658 126 152 160
-9.991 -28.396 109.678 128 147 161
-8.807 -25.759 110.142 141 158 170
-8.384 -24.815 110.301 141 164 173
-7.756 -23.416 110.523 136 165 174
-7.632 -23.141 110.595 136 167 183
-6.690 -21.041 110.921 127 159 181
-5.154 -17.621 111.435 128 160 183
-7.322 -22.448 110.869 130 159 184
-4.502 -16.166 111.813 131 159 185
-3.818 -14.642 112.079 146 173 198
-8.073 -24.120 110.731 140 165 190
-6.063 -19.642 111.429 161 184 206
-4.083 -15.231 112.128 161 184 201
-0.575 -7.418 113.351 151 175 188
-3.533 -14.005 112.404 139 163 175
-9.331 -26.921 110.470 126 150 162
-9.670 -27.747 103.896 134 151 158
-10.323 -29.197 104.105 124 141 143
-8.701 -25.598 110.038 132 151 169
-9.543 -27.468 109.828 133 150 171
-9.571 -27.530 109.849 129 145 166
-9.880 -28.216 109.788 131 149 170
-9.460 -27.282 109.941 136 157 177
-8.384 -24.893 110.292 144 168 187
-7.033 -21.893 110.732 144 169 189
-6.506 -20.723 110.929 139 168 187
-4.948 -17.262 111.445 132 162 183
-4.294 -15.810 111.690 140 170 192
-9.256 -26.829 110.274 118 148 171
-9.924 -28.310 110.088 109 138 163
-10.125 -28.756 110.079 143 171 192
-5.419 -18.305 111.670 147 176 196
-0.850 -8.157 113.242 132 162 183
-3.477 -13.992 112.409 123 150 169
-6.757 -21.276 111.338 121 145 162
-10.200 -28.989 103.948 121 133 146
-7.357 -22.693 103.158 133 146 158
-5.929 -19.531 102.785 141 156 166
-6.337 -20.435 102.938 146 162 171
-3.360 -13.843 102.144 158 176 183
-5.193 -17.903 102.695 138 156 162
-8.147 -24.442 103.543 120 137 142
-10.261 -29.129 109.450 165 180 179
-10.327 -29.273 109.514 132 150 157
-8.117 -24.381 110.162 141 159 171
-9.226 -26.835 109.881 126 145 161
-8.696 -25.661 110.063 137 155 174
-6.145 -20.014 110.833 130 146 168
-9.501 -27.443 109.892 135 152 174
-8.342 -24.878 110.263 137 158 178
-7.858 -23.806 110.440 148 173 192
-5.520 -18.628 111.177 159 187 206
-5.768 -19.178 111.142 155 184 202
-4.594 -16.578 111.542 143 173 191
-3.094 -13.256 112.049 147 177 197
-9.054 -26.452 110.238 125 155 176
-7.881 -23.854 110.672 146 177 190
-6.973 -21.844 110.996 145 174 190
-7.570 -23.166 110.840 135 163 182
-6.484 -20.760 111.305 137 165 184
-1.513 -9.751 113.005 123 151 170
-3.552 -14.266 112.370 114 141 157
-8.668 -25.595 110.677 110 133 148
-7.496 -22.999 111.216 114 131 143
-6.051 -19.797 111.763 103 122 134
-6.947 -21.781 111.483 95 117 128
-9.939 -28.476 103.854 129 144 158
-4.664 -16.829 102.357 133 148 162
-4.277 -15.975 102.287 138 152 168
-3.533 -14.332 102.118 152 166 181
-3.060 -13.288 102.029 154 170 182
-3.379 -13.994 102.163 157 174 182
-3.176 -13.545 102.151 145 166 171
-6.297 -20.435 103.048 135 157 161
-9.642 -27.820 104.016 137 155 160
-8.786 -25.932 103.907 127 151 166
-9.900 -28.396 109.484 157 169 167
-10.103 -28.843 109.459 157 174 170
-8.385 -25.051 109.949 156 174 171
-9.022 -26.456 109.808 147 166 164
-9.109 -26.649 109.815 142 160 160
-9.460 -27.424 109.748 136 154 157
-8.966 -26.333 109.916 138 157 165
-9.315 -27.102 109.848 131 150 164
-8.320 -24.906 110.163 136 154 174
-9.774 -28.117 109.775 120 135 161
-9.151 -26.741 110.046 147 170 192
-7.836 -23.837 110.471 144 169 189
-6.659 -21.239 110.862 151 178 195
-3.935 -15.224 111.731 152 181 195
-1.909 -10.752 112.401 160 189 201
-5.159 -17.927 111.441 139 167 177
-4.921 -17.401 111.557 169 195 202
-0.235 -7.054 113.083 199 221 227
1.501 -3.223 113.693 209 228 234
1.807 -2.547 113.852 208 226 231
-1.704 -10.297 112.771 188 206 211
-3.996 -15.355 112.072 178 198 205
-2.390 -11.810 112.647 171 195 206
-0.479 -7.590 113.334 157 185 199
-3.021 -13.203 112.534 135 159 173
-6.080 -19.957 111.544 126 145 159
-9.001 -26.404 110.585 121 139 153
-10.363 -29.411 110.174 112 128 142
-6.579 -21.056 111.526 116 133 145
-7.381 -22.827 111.281 110 129 138
-7.696 -23.522 111.204 105 128 132
-9.904 -28.463 103.772 147 166 180
-7.810 -23.853 103.179 134 153 167
-7.660 -23.523 103.168 131 150 164
-4.966 -17.592 102.457 142 161 175
-3.740 -14.895 102.147 141 162 176
-0.213 -7.130 101.193 153 175 188
-0.530 -7.829 101.335 155 177 188
-1.766 -10.550 101.729 144 166 175
-1.145 -9.182 101.607 158 180 187
-5.044 -17.765 102.718 158 180 186
-8.048 -24.378 103.567 137 159 164
-8.121 -24.541 103.619 140 163 167
-9.910 -28.478 104.123 126 149 156
-8.008 -24.291 103.684 133 155 169
-6.673 -21.354 103.374 129 150 166
-6.614 -21.225 103.573 157 179 185
-9.421 -27.404 104.276 132 153 156
-6.107 -20.115 110.437 157 174 168
-4.757 -17.143 110.831 166 182 176
-6.568 -21.130 110.392 161 177 171
-7.963 -24.199 110.055 155 173 168
-10.060 -28.813 109.519 143 161 157
-9.449 -27.470 109.714 138 157 154
-9.644 -27.897 109.690 132 151 151
-7.394 -22.945 110.383 151 168 180
-8.129 -24.563 110.209 144 159 179
-9.021 -26.524 110.077 142 164 188
-3.973 -15.415 111.618 166 191 213
-5.674 -19.159 111.149 154 182 197
-5.128 -17.955 111.356 143 172 181
-1.395 -9.739 112.545 155 181 188
-3.354 -14.051 111.989 143 165 171
-3.206 -13.724 112.082 182 202 207
1.207 -4.011 113.523 220 237 242
1.214 -3.995 113.584 226 240 244
2.122 -1.995 113.935 230 241 243
1.605 -3.132 113.830 229 240 241
3.154 0.277 114.396 213 225 227
2.273 -1.662 114.170 207 222 226
0.357 -5.879 113.595 180 198 205
-0.865 -8.568 113.243 160 178 188
-3.443 -14.243 112.424 145 162 174
-6.409 -20.772 111.459 128 145 158
-9.438 -27.438 110.457 102 119 133
-10.266 -29.261 110.199 114 131 144
-9.800 -28.235 110.389 108 125 137
-9.285 -27.101 110.599 112 132 140
-9.859 -28.365 110.425 104 127 131
-9.121 -26.809 103.519 140 159 175
-6.379 -20.791 102.732 149 168 184
-5.400 -18.641 102.479 141 161 177
-5.691 -19.280 102.603 137 158 174
-8.687 -25.856 103.509 126 148 162
-6.514 -21.087 102.915 138 160 173
-4.686 -17.076 102.430 139 161 174
-1.114 -9.235 101.464 153 175 188
-0.829 -8.610 101.434 161 180 193
-1.096 -9.196 101.559 171 188 200
-1.370 -9.797 101.684 181 197 208
-3.659 -14.822 102.354 171 186 197
-5.252 -18.319 102.826 164 181 191
-6.053 -20.076 103.078 149 169 178
-6.531 -21.125 103.241 147 166 177
-5.855 -19.643 103.100 146 165 177
-6.041 -20.050 103.186 147 166 178
-6.053 -20.077 103.226 145 164 175
-9.675 -28.028 104.179 140 159 172
-7.297 -22.810 103.746 152 174 183
-8.227 -24.851 104.001 152 173 176
-6.600 -21.288 110.300 171 188 182
-3.506 -14.498 111.149 178 195 189
-4.339 -16.326 110.974 161 177 171
-6.681 -21.464 110.390 155 173 166
-9.247 -27.094 109.852 149 166 176
-7.626 -23.535 110.344 151 164 177
-5.101 -17.996 111.104 152 160 176
-5.196 -18.203 111.118 154 161 181
-6.667 -21.431 110.728 140 146 170
-7.218 -22.641 110.602 144 150 171
-4.587 -16.866 111.423 172 180 196
-0.409 -7.696 112.724 203 216 226
1.857 -2.724 113.468 202 222 226
1.319 -3.904 113.363 177 199 202
-0.229 -7.301 112.944 155 175 180
-2.926 -13.219 112.156 163 180 186
-1.118 -9.252 112.773 207 220 226
3.260 0.358 114.218 227 237 239
1.501 -3.501 113.719 230 237 235
2.980 -0.255 114.257 229 236 233
3.214 0.258 114.397 222 229 227
3.566 1.031 114.577 220 229 231
2.500 -1.307 114.290 197 208 215
0.888 -4.846 113.813 185 196 207
-2.153 -11.520 112.845 159 169 185
-4.831 -17.397 111.984 140 151 169
-6.559 -21.189 111.434 123 137 154
-10.317 -29.437 110.173 105 122 139
-10.050 -28.851 110.293 108 128 141
-10.288 -29.372 110.265 110 133 137
-9.622 -27.974 103.651 138 157 173
-5.562 -19.088 102.463 147 166 182
-3.822 -15.281 101.985 155 174 190
-4.010 -15.693 102.083 148 170 187
-5.199 -18.295 102.472 142 166 183
-5.899 -19.828 102.713 139 162 179
-4.791 -17.402 102.433 136 157 173
-5.296 -18.508 102.616 132 154 167
-2.614 -12.639 101.901 152 174 185
-0.469 -7.944 101.350 176 194 202
-0.397 -7.786 101.382 185 201 206
-0.039 -7.004 101.336 196 210 215
-3.594 -14.783 102.350 170 183 189
-3.977 -15.623 102.496 164 178 184
-2.555 -12.511 102.161 167 182 188
-3.733 -15.089 102.517 162 179 185
-3.789 -15.211 102.574 168 186 193
-2.941 -13.357 102.399 174 192 198
-3.275 -14.087 102.529 172 190 195
-4.587 -16.959 102.904 169 186 191
-4.959 -17.774 103.038 170 187 192
-5.470 -18.893 103.204 171 190 197
-7.979 -24.383 103.855 156 176 185
-8.613 -25.770 104.040 153 174 181
-7.055 -22.361 103.698 156 178 182
-7.400 -23.116 103.814 154 176 176
-9.443 -27.588 104.324 126 147 144
-6.657 -21.499 110.277 174 195 190
-2.951 -13.391 111.284 191 207 204
-3.127 -13.775 111.285 175 187 184
-4.491 -16.759 110.967 162 172 170
-8.444 -25.407 109.942 138 149 147
-9.099 -26.839 109.887 146 164 171
-7.695 -23.767 110.315 160 173 183
-3.304 -14.161 111.608 166 174 186
-2.075 -11.471 112.010 170 176 190
-1.874 -11.029 112.119 179 184 199
-1.677 -10.600 112.227 190 196 205
1.433 -3.794 113.204 219 226 229
2.495 -1.470 113.582 222 230 231
4.314 2.511 114.196 227 236 238
3.933 1.677 114.147 212 225 229
2.317 -1.857 113.715 171 187 192
0.446 -5.951 113.194 168 185 191
0.667 -5.468 113.320 207 223 228
2.996 -0.370 114.116 219 232 235
3.528 0.795 114.350 227 236 236
3.180 0.032 114.303 219 228 227
2.707 -1.001 114.213 211 220 220
2.522 -1.406 114.216 205 215 218
2.487 -1.482 114.267 194 204 211
-0.998 -9.109 113.166 164 175 186
-1.052 -9.226 113.201 164 176 192
-1.662 -10.561 113.046 167 183 200
-2.294 -11.942 112.881 155 174 192
-5.196 -18.293 111.930 139 157 177
-8.088 -24.623 110.966 119 138 156
-9.117 -26.873 110.639 116 138 149
-9.678 -28.101 110.471 112 137 140
-7.524 -23.462 102.996 156 175 182
-5.101 -18.174 102.299 163 183 192
-3.877 -15.504 101.973 167 186 199
-3.744 -15.214 101.976 157 176 192
-5.337 -18.689 102.486 148 168 186
-4.822 -17.566 102.375 147 169 186
-4.968 -17.885 102.457 144 165 184
-3.552 -14.794 102.092 138 159 177
-1.602 -10.539 101.584 146 168 181
-0.961 -9.141 101.453 166 188 197
0.738 -5.433 101.031 187 205 211
-0.672 -8.511 101.473 179 192 198
0.636 -5.656 101.168 200 210 217
-1.283 -9.846 101.740 187 196 203
-2.664 -12.858 102.158 182 190 197
-1.660 -10.669 101.938 185 193 201
-2.611 -12.744 102.236 177 188 195
-3.118 -13.851 102.413 173 186 192
-4.025 -15.830 102.690 169 183 189
-1.658 -10.664 102.131 184 200 205
-2.237 -11.928 102.325 178 194 199
-2.524 -12.554 102.443 190 205 211
-3.553 -14.800 102.743 193 209 216
-3.845 -15.439 102.857 196 214 221
-5.238 -18.479 103.235 174 193 201
-4.920 -17.785 103.199 165 185 192
-4.349 -16.539 103.104 156 176 180
-5.883 -19.886 103.503 143 164 164
-9.084 -26.871 104.277 127 148 146
-6.286 -20.774 110.402 180 196 193
-4.089 -15.981 111.020 181 192 190
-3.132 -13.893 111.319 172 183 180
-2.094 -11.629 111.645 159 170 168
-2.618 -12.773 111.552 149 163 160
-4.272 -16.381 111.146 149 165 164
-6.914 -22.144 110.456 145 162 164
-7.793 -24.061 110.245 142 158 163
-7.466 -23.348 110.372 153 165 172
-3.950 -15.676 111.412 172 181 188
-0.397 -7.924 112.482 205 210 217
0.899 -5.098 112.914 212 216 222
2.723 -1.118 113.508 225 229 232
3.388 0.334 113.769 229 234 235
3.401 0.361 113.837 229 232 233
2.781 -0.989 113.714 233 237 238
3.328 0.203 113.944 198 207 210
0.265 -6.479 113.065 157 170 176
-0.215 -7.526 112.972 170 184 191
0.828 -5.250 113.354 199 212 218
2.602 -1.378 113.973 204 215 220
3.519 0.624 114.328 222 231 236
3.163 -0.155 114.279 209 218 224
1.800 -3.127 113.900 195 206 212
1.171 -4.498 113.755 186 198 205
0.302 -6.395 113.527 174 187 196
-0.540 -8.232 113.303 162 174 186
1.183 -4.471 113.935 191 203 218
0.493 -5.976 113.760 196 212 229
-1.347 -9.990 113.189 172 191 210
-3.301 -14.254 112.569 147 166 185
-5.551 -19.164 111.835 124 142 161
-6.572 -21.390 111.519 126 147 157
-7.213 -22.790 111.330 116 139 140
-9.562 -27.916 110.532 104 126 126
-9.173 -27.129 103.450 166 181 183
-6.935 -22.259 102.795 167 185 188
-5.657 -19.479 102.442 168 186 191
-3.837 -15.517 101.933 166 184 191
-2.452 -12.504 101.563 169 186 194
-2.442 -12.482 101.606 170 187 197
-4.901 -17.833 102.371 163 181 194
-4.663 -17.316 102.342 150 169 186
-6.687 -21.721 102.963 144 164 181
-2.545 -12.707 101.819 133 155 170
0.508 -6.063 101.004 162 185 195
1.038 -4.911 100.910 177 199 205
1.770 -3.317 100.762 200 216 222
1.315 -4.309 100.944 198 206 213
1.399 -4.127 100.977 204 210 218
0.730 -5.582 101.213 197 203 211
0.194 -6.748 101.411 193 199 205
0.998 -4.999 101.252 202 208 214
0.279 -6.564 101.494 198 205 210
0.156 -6.832 101.579 204 212 217
-0.222 -7.655 101.729 196 206 210
-0.388 -8.016 101.823 192 203 208
-1.522 -10.484 102.159 193 203 208
-1.996 -11.515 102.325 192 203 208
-2.999 -13.699 102.619 193 206 211
-1.766 -11.016 102.364 198 214 219
-2.761 -13.181 102.651 179 196 205
-1.761 -11.006 102.459 172 192 203
-3.669 -15.158 102.955 161 180 192
-5.832 -19.865 103.501 147 166 178
-7.768 -24.077 103.983 129 151 159
-7.744 -24.034 110.014 157 173 173
-0.769 -8.862 111.884 171 183 183
-0.815 -8.962 111.925 178 189 187
-4.049 -15.997 111.108 168 180 177
-2.761 -13.195 111.502 170 182 179
-3.206 -14.163 111.427 160 174 171
-5.267 -18.644 110.903 152 168 166
-4.665 -17.336 111.112 141 157 158
-6.501 -21.328 110.636 139 154 158
-4.282 -16.501 111.306 167 180 187
-3.018 -13.752 111.713 185 193 200
-1.409 -10.252 112.228 199 203 209
1.068 -4.864 113.006 215 218 222
2.661 -1.398 113.536 223 228 229
2.326 -2.126 113.499 232 236 237
4.297 2.162 114.155 219 223 224
3.195 -0.235 113.886 194 200 203
-0.209 -7.639 112.905 167 176 181
0.577 -5.929 113.203 184 192 198
2.930 -0.810 113.995 214 223 228
3.227 -0.163 114.153 213 222 225
3.623 0.698 114.343 215 224 227
3.954 1.419 114.514 207 217 221
2.068 -2.685 113.970 194 204 211
-0.313 -7.862 113.253 172 184 192
-2.227 -12.027 112.677 157 170 180
-1.033 -9.429 113.123 172 184 198
0.511 -6.069 113.692 203 216 231
0.449 -6.205 113.728 200 215 231
0.455 -6.191 113.787 205 221 236
-1.564 -10.583 113.151 161 178 185
-2.295 -12.172 112.949 139 155 156
-4.274 -16.477 112.308 134 151 152
-4.935 -17.915 112.120 132 150 153
-8.081 -24.760 111.047 119 136 138
-8.832 -26.458 103.326 168 179 183
-6.184 -20.711 102.541 185 197 201
-5.014 -18.172 102.221 184 197 201
-3.969 -15.905 101.944 181 196 201
-2.343 -12.377 101.500 177 194 199
-0.506 -8.391 101.000 176 194 200
-1.129 -9.744 101.235 177 194 201
-1.033 -9.535 101.256 174 192 200
0.245 -6.763 100.936 173 190 200
-0.684 -8.779 101.255 159 176 186
-0.093 -7.497 101.138 139 157 166
0.851 -5.448 100.925 173 191 199
1.190 -4.714 100.885 192 209 217
2.034 -2.882 100.707 202 214 221
2.395 -2.098 100.666 205 211 219
2.735 -1.362 100.633 214 220 226
1.962 -3.039 100.899 204 211 216
1.771 -3.454 101.008 195 201 205
1.336 -4.398 101.179 188 194 197
0.514 -6.181 101.449 193 201 203
0.694 -5.791 101.456 201 210 213
0.556 -6.092 101.546 199 208 210
0.960 -5.216 101.498 201 210 213
0.747 -5.677 101.606 205 213 217
0.800 -5.564 101.647 206 215 219
-0.041 -7.387 101.908 205 215 220
1.791 -3.413 101.517 206 217 224
-0.643 -8.695 102.157 177 192 203
-1.734 -11.061 102.466 171 191 204
-3.191 -14.223 102.855 162 184 198
-9.259 -27.388 104.304 128 152 165
-9.410 -27.717 104.367 122 149 161
-7.595 -23.778 103.984 111 142 153
-7.143 -22.798 103.916 120 149 159
-8.377 -25.475 104.222 110 136 146
-7.340 -23.236 110.007 135 155 164
-8.849 -26.509 109.658 140 161 166
-8.869 -26.553 109.683 148 169 168
-1.588 -10.761 111.606 156 172 173
-3.134 -14.113 111.251 176 187 189
4.733 2.947 113.385 177 187 188
0.122 -7.051 112.216 192 204 204
1.533 -3.993 112.654 200 212 211
1.521 -4.017 112.710 195 209 208
-2.276 -12.253 111.719 165 180 182
-5.931 -20.179 110.748 134 150 155
-6.603 -21.636 110.598 129 146 153
-5.747 -19.780 110.878 154 172 179
-4.619 -17.331 111.242 171 185 194
-1.802 -11.222 112.101 190 201 210
-0.884 -9.232 112.420 195 203 208
0.460 -6.317 112.869 205 212 213
1.117 -4.890 113.122 196 203 203
2.071 -2.821 113.467 196 203 204
1.719 -3.583 113.421 188 196 196
0.181 -6.919 113.009 183 192 192
1.677 -3.674 113.527 206 215 216
2.889 -1.044 113.965 211 219 222
3.347 -0.051 114.172 208 217 219
4.213 1.827 114.511 218 226 229
3.310 -0.131 114.289 196 205 209
2.456 -1.983 114.077 187 197 204
-1.842 -11.306 112.739 161 174 186
-4.682 -17.465 111.857 132 149 166
-6.270 -20.910 111.373 131 148 169
-1.276 -10.076 113.079 192 208 231
-0.309 -7.978 113.456 203 220 241
-1.061 -9.611 113.255 186 203 219
-4.579 -17.240 112.103 138 154 163
-3.736 -15.412 112.436 139 154 158
-4.290 -16.614 112.289 124 139 144
-3.396 -14.674 112.645 129 145 153
-6.006 -20.334 111.770 115 131 137
-8.807 -26.411 110.811 112 128 131
-8.569 -25.959 103.225 171 184 193
-3.078 -14.076 101.558 198 209 218
-3.794 -15.626 101.821 186 198 205
-3.302 -14.561 101.714 179 192 198
-2.119 -12.003 101.402 181 194 200
-0.944 -9.461 101.097 185 198 204
0.998 -5.259 100.572 184 198 205
1.984 -3.126 100.338 195 210 218
1.422 -4.342 100.558 183 198 206
1.991 -3.111 100.450 181 196 204
1.731 -3.673 100.582 180 195 203
3.473 0.095 100.145 183 198 206
0.769 -5.756 100.965 179 195 203
1.042 -5.166 100.943 185 201 208
2.600 -1.795 100.569 196 208 216
2.941 -1.058 100.535 209 218 225
1.778 -3.574 100.909 207 216 222
1.818 -3.487 100.955 197 205 210
1.526 -4.119 101.090 195 204 208
0.707 -5.892 101.361 183 191 194
0.082 -7.245 101.577 188 197 200
0.169 -7.057 101.607 195 204 207
-0.022 -7.471 101.709 197 205 208
1.565 -4.037 101.361 204 212 215
1.771 -3.593 101.366 211 219 222
1.455 -4.276 101.501 212 221 223
2.281 -2.490 101.356 211 219 222
3.898 1.009 101.024 211 219 224
-0.876 -9.319 102.226 174 189 199
-1.145 -9.901 102.340 171 192 208
-2.028 -11.813 102.595 157 182 198
-5.901 -20.191 103.536 127 155 169
-6.012 -20.432 103.599 123 153 167
-6.109 -20.643 103.657 120 151 165
-6.562 -21.623 103.795 120 149 160
-7.233 -23.075 103.978 126 153 163
-7.174 -22.946 103.999 135 159 167
-7.563 -23.788 104.116 129 151 157
-9.611 -28.227 109.400 127 140 154
-4.685 -17.575 110.666 132 151 165
-6.027 -20.478 110.367 134 155 166
-7.300 -23.231 110.079 139 159 165
2.781 -1.431 112.727 153 168 174
-0.374 -8.254 111.963 178 189 194
-0.920 -9.434 111.872 172 183 184
1.930 -3.271 112.687 191 203 202
1.184 -4.883 112.545 193 207 206
0.997 -5.287 112.552 190 206 207
-2.438 -12.714 111.663 169 186 192
-3.851 -15.769 111.318 149 166 178
-6.407 -21.297 110.644 130 147 160
-7.797 -24.303 110.286 156 173 185
-3.178 -14.313 111.644 185 202 212
-1.917 -11.587 112.055 188 203 211
-2.264 -12.337 112.003 187 200 206
-2.719 -13.321 111.917 180 191 195
0.105 -7.213 112.805 195 206 208
2.520 -1.991 113.585 201 212 212
1.628 -3.919 113.377 182 192 192
0.378 -6.622 113.054 177 186 186
1.642 -3.887 113.500 210 218 219
1.857 -3.423 113.626 202 209 209
2.849 -1.276 113.998 204 210 211
4.880 3.115 114.704 223 229 232
2.288 -2.490 113.944 170 181 186
0.153 -7.105 113.318 156 171 179
-3.293 -14.558 112.253 146 162 177
-6.502 -21.500 111.248 137 153 175
-9.566 -28.126 110.272 120 137 160
-6.562 -21.628 111.339 135 154 178
-4.989 -18.225 111.909 113 131 155
-1.967 -11.689 112.982 137 155 172
-3.230 -14.421 112.597 132 150 159
-4.856 -17.937 112.079 116 132 142
-5.204 -18.689 111.999 118 133 143
-5.126 -18.521 112.067 123 138 145
-8.720 -26.295 110.832 100 116 119
-8.210 -25.256 103.124 169 183 192
-5.683 -19.802 102.376 181 194 203
-4.180 -16.561 101.954 183 195 204
-1.614 -11.025 101.218 186 199 207
-1.329 -10.411 101.180 180 193 200
1.126 -5.113 100.498 202 215 222
2.768 -1.571 100.068 207 220 226
2.232 -2.727 100.284 195 208 215
1.631 -4.024 100.516 186 199 205
2.947 -1.185 100.194 186 199 205
2.655 -1.816 100.337 184 198 205
5.296 3.882 99.650 185 201 208
3.460 -0.079 100.229 180 196 204
2.882 -1.326 100.450 184 199 207
2.888 -1.315 100.509 186 199 206
0.851 -5.710 101.122 188 199 205
0.248 -7.010 101.338 191 201 206
0.526 -6.410 101.317 190 198 203
1.225 -4.902 101.186 196 206 209
-0.065 -7.687 101.578 184 196 197
0.046 -7.446 101.602 190 200 202
-0.424 -8.461 101.774 190 198 201
0.149 -7.226 101.680 199 208 210
1.760 -3.752 101.328 207 216 218
1.513 -4.283 101.446 209 218 221
2.128 -2.957 101.351 209 218 221
2.356 -2.465 101.354 208 216 219
3.478 -0.045 101.142 211 219 224
-1.131 -9.988 102.300 183 197 205
-1.697 -11.211 102.483 172 192 203
-0.987 -9.679 102.366 161 183 197
-2.293 -12.496 102.716 148 172 187
-4.357 -16.949 103.232 128 154 166
-6.702 -22.008 103.800 126 153 163
-7.160 -22.995 103.937 124 149 157
-6.826 -22.275 103.897 126 149 155
-8.026 -24.865 104.192 125 146 152
-9.020 -27.009 104.437 122 142 149
-8.697 -26.322 109.621 116 133 148
-4.869 -18.070 110.610 126 148 161
-6.247 -21.039 110.303 123 146 158
-6.871 -22.386 110.181 135 159 170
0.525 -6.437 112.130 146 171 179
4.029 1.118 113.102 157 182 188
4.263 1.622 113.229 160 180 184
1.620 -4.077 112.590 183 199 202
-0.188 -7.975 112.162 181 196 199
0.461 -6.574 112.393 185 201 204
-1.410 -10.608 111.934 174 189 195
-3.839 -15.846 111.310 168 183 191
-6.668 -21.945 110.561 159 174 181
-4.892 -18.117 111.100 185 198 204
-1.889 -11.641 112.000 189 201 208
-1.947 -11.765 112.033 187 197 204
-0.713 -9.105 112.442 181 192 197
0.430 -6.640 112.831 180 191 195
0.830 -5.777 113.006 179 191 195
1.132 -5.124 113.153 178 191 195
0.746 -5.957 113.094 180 194 195
-1.576 -10.964 112.443 176 189 188
-1.338 -10.450 112.567 197 210 209
0.567 -6.341 113.209 198 210 209
2.513 -2.145 113.875 197 208 211
3.785 0.598 114.339 206 217 224
1.133 -5.121 113.559 172 185 192
-0.862 -9.422 112.975 168 183 191
-2.499 -12.951 112.497 157 172 187
-3.340 -14.764 112.271 141 157 178
-4.554 -17.383 111.916 135 154 176
-7.605 -23.963 110.944 105 126 149
-4.687 -17.669 111.956 107 130 153
-2.208 -12.322 112.836 129 154 176
-1.573 -10.953 113.101 131 155 170
-2.910 -13.838 112.692 135 157 165
-5.394 -19.194 111.880 117 138 146
-6.028 -20.560 111.699 98 118 127
-4.615 -17.512 112.234 104 123 132
-10.112 -29.367 110.329 85 105 112
-9.913 -28.991 103.609 157 176 185
-9.347 -27.774 103.459 165 182 192
-8.192 -25.289 103.128 164 180 190
-5.498 -19.493 102.332 176 191 201
-2.554 -13.160 101.472 185 199 209
0.457 -6.682 100.608 196 209 218
0.030 -7.601 100.789 193 205 211
1.951 -3.468 100.271 208 219 223
3.367 -0.423 99.911 209 220 223
3.062 -1.079 100.061 201 212 214
3.338 -0.486 100.041 204 215 218
3.318 -0.529 100.107 191 202 207
3.864 0.645 100.012 190 202 209
5.540 4.251 99.603 179 192 200
5.324 3.786 99.729 186 199 209
3.277 -0.617 100.360 183 195 206
3.131 -0.932 100.460 190 202 213
1.016 -5.483 101.094 194 204 215
0.600 -6.378 101.260 188 198 207
1.058 -5.394 101.192 190 201 208
1.368 -4.728 101.165 195 206 211
1.256 -4.967 101.249 199 210 215
0.660 -6.251 101.459 192 204 207
1.058 -5.394 101.411 202 213 215
1.535 -4.368 101.345 210 220 221
2.102 -3.149 101.259 212 221 221
2.028 -3.309 101.335 211 220 219
1.285 -4.907 101.574 206 215 215
1.416 -4.626 101.598 196 207 210
1.946 -3.486 101.527 198 211 217
-0.131 -7.955 102.077 185 199 209
-1.016 -9.859 102.336 178 193 206
-0.700 -9.178 102.312 168 185 198
-2.072 -12.130 102.677 155 174 186
-4.098 -16.488 103.184 143 165 173
-5.417 -19.327 103.521 133 156 162
-7.077 -22.897 103.927 132 153 158
-7.209 -23.181 103.990 129 149 154
-8.350 -25.635 104.270 131 150 155
-6.548 -21.774 110.182 117 138 154
-6.434 -21.529 110.247 120 142 156
-7.192 -23.157 110.091 126 150 160
-2.336 -12.717 111.379 143 166 174
-2.277 -12.591 111.442 136 158 164
-2.221 -12.471 111.505 145 166 171
-1.767 -11.494 111.675 164 184 189
-0.108 -7.926 112.171 185 202 207
-0.739 -9.283 112.053 176 191 197
0.536 -6.541 112.456 185 201 207
-1.812 -11.590 111.861 189 204 210
-3.542 -15.308 111.427 193 206 211
-0.643 -9.075 112.291 219 230 235
1.522 -4.420 112.961 225 235 238
3.366 -0.455 113.551 212 221 223
4.030 0.972 113.807 204 214 217
4.349 1.658 113.966 196 207 211
4.116 1.158 113.964 195 207 211
2.451 -2.422 113.532 177 190 194
-0.197 -8.116 112.795 178 193 196
-3.710 -15.668 111.780 162 178 181
-5.854 -20.276 111.167 155 169 174
-1.263 -10.407 112.627 198 211 217
1.165 -5.184 113.437 197 209 217
2.859 -1.543 114.028 192 205 213
1.552 -4.352 113.675 178 192 200
-0.580 -8.936 113.051 169 184 192
-0.204 -8.127 113.226 168 183 191
2.508 -2.295 114.164 167 182 192
-0.319 -8.373 113.296 148 166 182
0.069 -7.538 113.479 131 152 174
-2.331 -12.700 112.731 122 145 169
-1.235 -10.343 113.149 125 151 172
-0.534 -8.835 113.438 123 150 165
-2.981 -14.096 112.654 125 154 161
-7.716 -24.279 111.066 101 130 137
-8.559 -26.091 110.806 84 113 120
-6.015 -20.619 111.730 84 111 118
-9.076 -27.259 103.356 162 180 190
-8.264 -25.517 103.131 166 183 193
-5.592 -19.784 102.336 175 190 198
-3.952 -16.267 101.871 181 194 201
-1.990 -12.058 101.317 188 202 206
1.523 -4.522 100.305 202 216 219
1.300 -5.000 100.427 199 211 214
2.525 -2.372 100.120 204 215 217
3.542 -0.190 99.880 210 221 223
4.114 1.036 99.774 205 216 218
4.964 2.860 99.591 216 227 229
4.722 2.339 99.725 210 221 223
4.163 1.139 99.947 197 209 214
5.095 3.138 99.748 178 191 199
4.989 2.912 99.843 182 195 205
4.186 1.189 100.128 184 196 207
3.489 -0.307 100.381 192 203 214
2.720 -1.957 100.650 192 203 214
3.146 -1.043 100.595 201 211 220
2.605 -2.203 100.798 196 207 213
1.377 -4.838 101.179 194 205 209
1.536 -4.498 101.193 198 209 211
1.550 -4.468 101.245 201 212 212
1.416 -4.757 101.335 216 225 226
1.244 -5.124 101.434 213 222 222
1.942 -3.629 101.315 212 221 221
2.103 -3.284 101.332 215 224 224
2.087 -3.319 101.394 214 223 223
1.349 -4.902 101.630 197 208 211
-0.265 -8.365 102.071 193 206 212
0.858 -5.955 101.857 191 205 215
0.761 -6.164 101.934 178 193 206
-1.501 -11.016 102.511 161 179 191
-2.823 -13.852 102.861 148 167 179
-4.652 -17.774 103.320 141 161 172
-5.026 -18.576 103.443 140 159 171
-6.196 -21.086 103.741 136 156 164
-7.149 -23.131 103.985 135 155 160
-9.705 -28.614 104.570 131 149 155
-7.726 -24.383 109.914 127 149 161
-3.752 -15.863 110.959 138 160 171
-4.970 -18.473 110.690 154 175 184
-2.681 -13.566 111.326 165 185 192
-0.383 -8.641 111.977 178 198 205
-1.055 -10.082 111.852 170 190 197
0.047 -7.718 112.199 181 199 206
-0.426 -8.732 112.126 176 191 199
0.554 -6.631 112.447 184 200 207
-0.048 -7.922 112.336 189 204 210
-2.151 -12.429 111.804 202 214 218
-1.066 -10.102 112.158 211 219 222
1.644 -4.293 112.981 217 224 226
3.188 -0.983 113.483 217 224 227
3.931 0.611 113.762 215 223 225
4.395 1.606 113.963 214 223 225
4.445 1.714 114.044 204 215 217
3.324 -0.690 113.776 179 193 194
0.334 -7.099 112.940 172 187 189
-4.761 -18.023 111.449 156 172 175
-4.765 -18.031 111.489 161 177 181
-2.999 -14.244 112.077 178 194 199
1.113 -5.429 113.404 191 205 211
2.817 -1.775 113.998 184 197 203
2.338 -2.803 113.908 186 199 206
0.808 -6.082 113.479 173 186 195
0.757 -6.191 113.520 167 180 189
1.628 -4.323 113.860 162 177 187
2.336 -2.804 114.151 162 181 196
1.638 -4.302 113.981 154 177 197
-1.621 -11.289 112.953 123 148 170
-2.547 -13.274 112.692 108 136 157
-3.832 -16.028 112.304 111 140 157
-7.534 -23.965 111.084 116 147 158
-9.362 -27.884 110.518 84 113 120
-8.830 -26.743 110.733 82 109 114
-7.398 -23.736 102.808 154 177 183
-5.381 -19.421 102.208 170 190 197
-3.729 -15.887 101.733 182 200 207
-3.153 -14.655 101.598 183 198 205
-1.862 -11.893 101.247 188 201 208
-1.516 -11.154 101.189 188 200 204
1.979 -3.679 100.187 203 214 216
2.619 -2.308 100.053 209 220 222
2.699 -2.139 100.088 206 218 220
4.184 1.037 99.712 213 223 224
4.184 1.038 99.774 223 232 233
3.884 0.397 99.922 213 222 223
3.952 0.541 99.965 207 216 218
4.109 0.876 99.982 192 203 210
5.444 3.731 99.671 188 201 212
4.608 1.943 99.969 186 199 210
4.239 1.154 100.133 187 200 211
4.331 1.350 100.171 194 207 218
5.788 4.467 99.841 205 217 228
4.569 1.859 100.233 205 217 226
4.033 0.712 100.438 212 223 230
2.984 -1.532 100.775 220 230 234
3.054 -1.382 100.816 220 229 231
2.311 -2.973 101.066 213 220 222
1.599 -4.496 101.305 212 219 220
0.716 -6.384 101.583 213 220 221
2.213 -3.184 101.264 219 226 227
1.664 -4.358 101.457 218 223 224
1.956 -3.733 101.442 221 226 227
1.894 -3.866 101.513 214 219 220
1.499 -4.711 101.664 211 218 221
1.402 -4.920 101.743 191 202 210
-0.139 -8.215 102.158 173 187 200
-3.221 -14.808 102.920 155 173 185
-3.748 -15.934 103.084 154 173 185
-5.791 -20.305 103.587 145 165 178
-4.803 -18.192 103.404 147 166 180
-5.033 -18.685 103.494 144 162 178
-7.201 -23.320 104.005 137 154 170
-8.295 -25.661 104.274 137 152 167
-3.925 -16.334 110.906 141 157 160
-0.733 -9.511 111.769 158 176 180
-2.239 -12.729 111.430 171 191 196
0.760 -6.319 112.265 193 214 218
-0.856 -9.773 111.893 175 195 199
0.373 -7.145 112.274 172 193 198
-1.027 -10.138 111.951 178 198 205
-1.950 -12.110 111.750 174 192 200
1.737 -4.229 112.816 201 216 224
0.898 -6.022 112.641 213 224 230
0.220 -7.471 112.507 213 222 224
0.781 -6.273 112.721 212 221 223
2.409 -2.791 113.244 213 222 224
3.670 -0.097 113.669 213 222 223
3.882 0.357 113.796 219 228 228
5.198 3.172 114.248 210 220 220
4.556 1.798 114.126 206 218 217
3.702 -0.026 113.936 199 212 213
-0.490 -8.987 112.731 182 198 199
-2.122 -12.476 112.286 175 191 193
-1.119 -10.331 112.643 174 189 193
1.164 -5.450 113.404 179 194 198
3.747 0.071 114.272 188 201 208
4.005 0.623 114.418 188 200 207
4.471 1.620 114.632 192 205 213
3.026 -1.469 114.234 174 190 199
2.364 -2.883 114.082 164 184 193
2.132 -3.379 114.066 152 174 187
0.733 -6.370 113.665 151 175 192
-1.050 -10.182 113.128 128 154 174
-6.091 -20.959 111.489 84 112 132
-8.963 -27.151 103.283 162 185 194
-7.949 -24.989 102.992 159 181 190
-5.420 -19.593 102.234 169 187 194
-3.370 -15.221 101.636 177 190 196
-2.381 -13.112 101.376 189 200 206
-1.176 -10.542 101.054 195 206 212
-0.614 -9.343 100.933 196 207 212
1.455 -4.929 100.363 202 213 217
2.447 -2.814 100.124 205 215 218
3.283 -1.030 99.935 213 222 224
3.341 -0.908 99.978 213 220 223
3.344 -0.900 100.037 219 226 229
3.177 -1.257 100.145 212 218 221
3.239 -1.125 100.187 207 213 216
4.407 1.367 99.918 198 207 210
4.693 1.976 99.901 197 208 212
3.574 -0.412 100.274 191 204 210
3.980 0.454 100.223 185 198 206
5.060 2.758 99.992 202 214 221
5.103 2.850 100.045 208 219 223
4.104 0.717 100.376 211 219 222
3.867 0.212 100.500 225 232 233
4.005 0.506 100.526 228 234 235
3.732 -0.077 100.658 226 233 234
3.152 -1.314 100.868 223 228 229
2.434 -2.846 101.109 223 228 229
2.066 -3.631 101.259 224 228 229
2.189 -3.370 101.286 219 223 224
1.840 -4.114 101.429 214 219 220
1.601 -4.624 101.543 218 222 223
2.182 -3.385 101.460 217 222 224
2.087 -3.589 101.540 211 218 221
0.992 -5.924 101.854 195 204 211
0.014 -8.010 102.136 180 193 204
0.419 -7.146 102.095 174 190 201
-1.008 -10.191 102.472 164 184 195
-2.168 -12.665 102.782 149 170 183
-3.751 -16.040 103.180 144 165 181
-5.330 -19.409 103.569 139 161 178
-7.521 -24.082 104.083 126 148 165
-9.262 -27.794 104.488 129 149 166
-4.739 -18.169 110.689 152 163 165
-0.651 -9.456 111.778 173 185 187
0.389 -7.238 112.100 195 209 210
0.738 -6.494 112.246 197 212 212
1.360 -5.168 112.467 187 202 203
1.238 -5.427 112.492 181 196 202
-1.617 -11.512 111.779 183 198 208
-2.586 -13.577 111.565 168 183 194
1.521 -4.823 112.742 194 209 219
2.438 -2.869 113.055 215 227 233
0.701 -6.572 112.628 218 226 229
0.615 -6.755 112.660 214 221 224
1.809 -4.208 113.057 219 226 229
2.895 -1.894 113.430 216 222 224
4.045 0.558 113.826 216 223 223
5.273 3.175 114.252 216 223 223
4.710 1.975 114.154 210 217 217
3.968 0.393 113.998 197 206 206
3.305 -1.018 113.863 199 211 211
2.796 -2.104 113.771 195 208 208
1.850 -4.120 113.542 185 198 200
2.488 -2.760 113.799 178 190 192
3.899 0.249 114.302 175 186 188
4.080 0.634 114.423 184 195 199
3.907 0.266 114.434 186 199 205
2.339 -3.075 113.995 175 192 199
0.213 -7.607 113.368 150 170 179
0.358 -7.297 113.470 144 166 179
0.798 -6.360 113.670 153 176 193
-2.871 -14.180 112.509 114 140 161
-5.986 -20.822 111.513 87 115 138
-7.427 -23.893 111.065 82 110 135
-9.732 -28.805 110.344 81 108 124
-9.264 -27.808 110.534 84 111 119
-7.908 -24.973 102.959 162 185 194
-6.717 -22.441 102.617 160 182 191
-5.544 -19.945 102.285 162 180 190
-3.056 -14.653 101.554 176 191 201
-2.736 -13.973 101.500 190 202 211
-2.535 -13.546 101.483 185 196 203
0.193 -7.744 100.706 201 211 217
1.817 -4.290 100.273 199 210 215
2.301 -3.260 100.186 211 221 224
2.455 -2.933 100.198 212 221 223
2.615 -2.593 100.209 215 223 225
2.787 -2.228 100.217 216 222 225
2.933 -1.917 100.234 215 221 224
3.744 -0.192 100.063 217 224 227
4.686 1.811 99.860 211 219 222
6.139 4.901 99.519 210 221 223
5.202 2.909 99.844 207 219 222
4.622 1.674 100.067 188 199 203
6.700 6.093 99.569 222 231 235
5.209 2.922 100.037 234 241 244
5.206 2.915 100.102 233 239 239
4.842 2.141 100.262 233 237 236
5.423 3.376 100.175 227 232 230
4.678 1.791 100.433 229 234 233
3.817 -0.041 100.716 233 237 236
3.806 -0.065 100.780 227 232 231
3.459 -0.803 100.928 226 230 230
3.501 -0.714 100.978 223 228 229
1.620 -4.715 101.499 211 215 216
1.669 -4.610 101.542 215 220 221
1.424 -5.131 101.657 203 210 211
2.323 -3.221 101.499 206 215 217
1.853 -4.221 101.667 204 214 218
2.247 -3.382 101.632 196 207 213
1.910 -4.099 101.767 192 208 217
0.177 -7.784 102.216 175 194 206
-2.181 -12.800 102.797 151 171 185
-2.997 -14.535 103.024 156 175 191
-5.628 -20.132 103.644 143 162 180
-7.552 -24.224 104.098 122 143 161
-9.144 -27.608 104.470 132 155 173
-9.043 -27.393 104.477 130 154 171
-0.632 -9.533 112.032 182 197 209
-1.242 -10.828 111.919 159 173 187
-3.153 -14.890 111.445 184 196 209
3.251 -1.278 113.265 213 224 232
0.929 -6.213 112.678 225 233 236
0.710 -6.679 112.673 219 226 227
1.501 -4.998 112.954 218 225 226
2.071 -3.785 113.177 217 224 224
4.184 0.705 113.850 222 228 229
5.666 3.855 114.350 223 230 230
4.832 2.083 114.172 213 220 221
4.815 2.048 114.234 215 221 222
4.459 1.292 114.194 213 220 221
4.085 0.497 114.147 221 229 230
4.024 0.368 114.193 216 225 228
5.248 2.969 114.637 214 224 225
4.742 1.893 114.547 203 214 214
4.162 0.661 114.431 193 205 206
3.452 -0.847 114.271 183 196 200
2.255 -3.393 113.951 178 191 198
1.397 -5.216 113.734 173 186 197
-0.421 -9.079 113.200 151 168 182
-1.114 -10.551 113.025 144 165 183
-3.649 -15.939 112.238 92 116 140
-5.522 -19.921 111.657 86 113 141
-6.390 -21.766 111.404 87 115 142
-7.192 -23.471 111.169 84 111 135
-9.248 -27.841 110.501 85 112 127
-9.120 -27.618 103.325 164 181 193
-7.621 -24.437 102.879 157 174 185
-4.369 -17.541 101.893 170 187 197
-4.059 -16.884 101.837 171 187 197
-3.057 -14.758 101.569 180 195 205
-2.202 -12.944 101.351 189 204 213
-1.861 -12.222 101.294 184 199 207
-0.216 -8.734 100.846 193 206 212
1.321 -5.472 100.439 199 210 215
0.508 -7.197 100.734 204 214 218
0.991 -6.173 100.645 206 215 219
1.317 -5.481 100.604 207 214 218
0.896 -6.376 100.780 213 220 223
1.848 -4.356 100.562 215 223 225
2.496 -2.983 100.435 218 226 229
3.712 -0.403 100.152 214 223 225
4.887 2.089 99.887 212 221 223
5.363 3.098 99.820 212 220 223
5.929 4.297 99.731 220 227 230
6.433 5.367 99.661 229 234 235
5.243 2.842 100.047 233 236 235
5.906 4.248 99.936 234 236 235
6.210 4.893 99.923 232 235 234
5.668 3.743 100.131 234 237 236
4.733 1.759 100.437 232 236 235
3.500 -0.855 100.814 225 229 228
3.690 -0.453 100.826 223 228 227
3.458 -0.946 100.945 224 229 229
2.962 -1.999 101.128 210 217 217
1.892 -4.268 101.448 208 214 216
1.695 -4.685 101.551 205 212 215
1.987 -4.066 101.538 202 210 213
2.860 -2.217 101.388 207 216 218
2.562 -2.848 101.516 209 217 220
1.871 -4.314 101.734 199 208 212
1.721 -4.633 101.825 186 200 207
0.653 -6.898 102.122 176 196 205
-2.393 -13.357 102.856 160 180 194
-4.866 -18.602 103.448 152 170 189
-5.244 -19.403 103.569 146 167 186
-6.488 -22.042 103.876 139 162 179
-8.628 -26.579 104.367 132 156 174
-9.205 -27.804 104.518 129 153 170
1.505 -5.122 112.767 213 223 231
2.199 -3.651 113.019 230 236 239
0.909 -6.384 112.715 219 225 225
0.861 -6.485 112.758 220 225 224
2.147 -3.760 113.183 222 227 227
3.605 -0.670 113.665 220 224 226
5.618 3.597 114.318 221 226 227
5.264 2.846 114.282 215 220 221
4.592 1.423 114.150 214 219 220
4.686 1.622 114.245 215 220 221
4.516 1.263 114.260 220 226 228
4.905 2.088 114.445 223 229 232
5.443 3.229 114.678 218 226 228
4.775 1.813 114.539 208 217 217
3.745 -0.370 114.282 196 206 208
3.951 0.066 114.411 196 207 211
3.394 -1.114 114.298 198 209 215
2.096 -3.865 113.942 180 193 201
0.270 -7.734 113.409 148 163 180
-1.783 -12.086 112.791 117 135 160
-5.549 -20.068 111.597 70 93 118
-6.225 -21.500 111.411 76 103 126
-5.136 -19.191 111.814 81 109 132
-6.311 -21.681 111.456 80 108 129
-9.720 -28.906 110.331 83 111 125
-9.828 -29.136 110.404 86 103 113
-8.674 -26.690 110.841 79 94 105
-7.779 -24.792 111.191 73 87 95
-9.778 -29.029 110.505 71 84 88
-8.429 -26.222 103.115 167 182 194
-6.841 -22.863 102.645 153 169 180
-4.472 -17.852 101.939 173 190 200
-4.074 -17.011 101.856 176 194 205
-2.800 -14.315 101.505 186 203 215
-2.957 -14.648 101.597 181 197 207
-2.325 -13.311 101.449 185 201 208
-1.031 -10.576 101.107 189 203 208
-0.409 -9.260 100.971 186 199 203
0.330 -7.698 100.804 200 212 216
0.816 -6.669 100.713 203 214 218
0.491 -7.358 100.861 197 207 211
0.647 -7.028 100.868 209 218 223
1.153 -5.957 100.777 212 220 224
0.469 -7.405 101.024 205 214 216
2.504 -3.101 100.508 214 222 223
4.785 1.723 99.935 217 224 224
4.274 0.644 100.138 218 225 226
4.382 0.870 100.171 225 232 233
5.561 3.363 99.916 230 235 235
6.383 5.102 99.763 233 236 235
6.285 4.895 99.856 234 236 235
5.228 2.659 100.199 235 237 236
5.158 2.511 100.282 235 238 238
4.198 0.480 100.592 234 239 238
3.567 -0.856 100.814 227 232 230
2.990 -2.076 101.019 222 227 226
2.945 -2.172 101.090 219 225 224
2.928 -2.207 101.152 212 219 220
3.334 -1.349 101.112 216 223 225
3.249 -1.530 101.193 215 221 224
3.899 -0.156 101.098 217 224 227
4.781 1.708 100.951 219 226 229
4.902 1.965 100.986 225 232 236
2.914 -2.240 101.509 199 208 212
1.324 -5.602 101.930 182 194 200
-0.834 -10.166 102.471 176 191 199
-1.059 -10.643 102.571 166 183 194
-3.068 -14.890 103.062 147 166 180
-5.348 -19.711 103.602 143 164 181
-6.286 -21.696 103.841 143 167 186
-7.616 -24.508 104.159 130 154 174
3.664 -0.690 113.412 229 235 238
1.408 -5.455 112.842 227 231 233
0.283 -7.834 112.579 227 231 233
3.393 -1.261 113.525 231 235 236
4.166 0.373 113.812 230 235 236
4.846 1.809 114.075 227 231 232
4.301 0.657 113.981 219 223 224
5.379 2.938 114.367 220 224 227
5.625 3.456 114.509 219 223 227
4.576 1.240 114.260 216 221 224
4.494 1.068 114.301 208 214 217
5.422 3.028 114.653 213 220 223
5.691 3.597 114.804 212 221 223
4.666 1.431 114.552 200 210 213
4.140 0.319 114.452 198 209 214
3.784 -0.432 114.404 200 213 219
4.261 0.577 114.621 195 210 220
2.529 -3.084 114.125 157 175 193
0.079 -8.261 113.385 130 150 175
-4.405 -17.738 111.962 68 93 119
-9.446 -28.391 110.330 68 95 118
-5.721 -20.518 111.606 84 110 130
-7.763 -24.833 110.955 76 99 114
-7.583 -24.453 111.150 90 108 115
-6.994 -23.208 111.390 80 97 105
-6.946 -23.106 111.442 78 95 103
-8.951 -27.391 103.291 166 183 197
-8.598 -26.648 103.208 160 177 193
-6.112 -21.405 102.464 168 185 202
-6.617 -22.469 102.655 169 186 203
-6.530 -22.285 102.662 172 189 205
-3.714 -16.346 101.841 177 193 208
-4.349 -17.685 102.074 180 194 207
-4.595 -18.204 102.187 181 196 206
-2.174 -13.098 101.510 187 202 210
-0.989 -10.600 101.207 184 198 205
0.399 -7.672 100.852 196 210 216
-0.198 -8.931 101.076 199 211 216
-0.730 -10.055 101.279 199 210 215
-0.039 -8.597 101.132 206 216 219
0.951 -6.509 100.905 209 218 221
2.212 -3.850 100.607 213 222 223
3.043 -2.098 100.435 216 225 226
4.419 0.804 100.118 225 232 231
5.448 2.973 99.902 228 233 232
5.612 3.319 99.922 233 236 235
5.837 3.792 99.928 233 236 235
5.407 2.885 100.107 233 236 235
4.720 1.438 100.351 235 237 236
4.147 0.227 100.562 235 237 236
3.260 -1.643 100.850 233 236 235
3.418 -1.311 100.869 230 234 233
3.153 -1.868 100.995 230 235 234
2.194 -3.892 101.292 217 222 223
2.913 -2.375 101.172 211 218 221
3.061 -2.064 101.195 213 220 223
3.875 -0.349 101.059 217 224 227
3.923 -0.247 101.108 217 224 225
4.194 0.323 101.106 224 231 231
5.057 2.144 100.967 228 235 237
4.035 -0.012 101.266 208 217 220
1.260 -5.865 101.959 178 192 198
-0.357 -9.274 102.377 178 198 207
-2.112 -12.976 102.817 162 183 194
-4.339 -17.673 103.352 145 167 180
-7.726 -24.813 104.127 139 162 179
-9.224 -27.973 104.480 134 157 177
-8.352 -26.135 104.323 122 146 167
-9.517 -28.592 104.597 111 134 156
-5.882 -20.946 110.896 181 187 191
3.207 -1.794 113.705 222 228 232
5.684 3.426 114.508 225 232 235
5.745 3.555 114.595 220 227 230
5.319 2.657 114.534 218 225 228
4.638 1.223 114.393 220 226 229
5.168 2.341 114.624 222 228 231
4.001 -0.118 114.326 213 222 225
3.334 -1.525 114.180 201 212 216
2.905 -2.428 114.106 187 202 208
3.045 -2.134 114.213 175 193 200
2.931 -2.372 114.238 162 182 190
1.873 -4.603 113.954 147 169 178
-3.569 -16.071 112.225 78 100 113
-9.366 -28.286 110.348 67 88 104
-6.140 -21.489 111.454 81 103 116
-8.156 -25.736 110.813 80 102 113
-9.216 -27.969 110.485 81 102 111
-9.485 -28.537 110.450 89 107 115
-9.700 -28.989 110.404 85 100 108
-8.180 -25.787 110.964 81 96 102
-7.753 -24.888 111.146 72 88 91
-9.042 -27.602 110.721 70 86 88
-9.595 -28.769 110.553 68 84 85
-9.643 -28.913 103.493 156 177 190
-9.735 -29.107 103.548 158 179 193
-9.401 -28.405 103.550 161 175 192
-6.377 -22.045 102.662 177 192 208
-7.246 -23.873 102.957 173 187 202
-7.538 -24.486 103.077 173 187 201
-5.995 -21.241 102.653 177 192 205
-3.510 -16.015 101.961 181 196 207
-3.985 -17.015 102.141 180 195 205
-3.295 -15.563 101.983 188 203 211
-2.147 -13.149 101.698 191 204 210
-0.739 -10.188 101.346 204 215 219
0.196 -8.222 101.133 209 218 221
1.533 -5.411 100.814 212 221 222
2.714 -2.928 100.544 216 225 226
3.980 -0.265 100.256 224 231 230
4.638 1.119 100.140 230 235 234
4.648 1.139 100.200 231 235 234
5.283 2.475 100.094 230 235 234
5.201 2.303 100.180 231 235 234
4.325 0.460 100.472 236 238 238
3.497 -1.283 100.747 234 236 235
2.855 -2.632 100.970 233 236 235
3.958 -0.314 100.750 230 234 233
2.692 -2.975 101.127 232 236 235
3.090 -2.138 101.087 213 219 220
2.764 -2.826 101.225 202 208 211
3.174 -1.964 101.184 210 217 220
4.236 0.269 100.989 216 222 225
3.530 -1.215 101.218 214 220 222
3.631 -1.003 101.254 223 230 230
3.420 -1.448 101.364 218 225 226
1.966 -4.505 101.757 202 211 214
-0.402 -9.485 102.349 182 196 201
-3.060 -15.074 102.995 168 188 195
-5.062 -19.286 103.482 148 171 179
-6.511 -22.332 103.838 143 167 178
-8.787 -27.118 104.393 139 165 184
-9.118 -27.814 104.492 124 150 170
2.183 -4.085 113.623 221 230 232
1.808 -4.873 113.566 219 230 232
0.942 -6.691 113.354 205 218 219
-0.470 -9.658 112.966 185 201 202
-3.363 -15.736 112.101 151 169 173
-0.188 -9.065 113.161 155 175 182
2.337 -3.760 114.028 164 189 196
1.867 -4.747 113.935 140 169 176
-7.667 -24.780 110.868 80 106 115
-8.257 -26.020 110.769 89 111 120
-9.266 -28.141 110.459 84 105 113
-9.707 -29.066 110.338 86 106 113
-9.804 -29.270 110.414 70 86 83
-8.193 -25.934 103.341 155 180 193
-8.129 -25.800 103.353 148 172 182
-6.645 -22.688 102.957 164 182 193
-3.873 -16.875 102.203 183 195 206
-2.928 -14.893 101.978 192 203 212
-2.320 -13.618 101.852 191 202 209
0.729 -7.223 101.053 208 218 223
3.936 -0.498 100.226 218 226 229
4.023 -0.316 100.263 221 229 230
4.372 0.416 100.230 226 233 234
2.799 -2.884 100.712 232 238 237
2.734 -3.020 100.786 234 239 238
2.685 -3.123 100.857 233 237 236
4.032 -0.298 100.566 230 235 234
2.698 -3.096 100.969 231 235 234
1.061 -6.529 101.442 232 235 234
0.416 -7.883 101.658 233 236 237
2.270 -3.995 101.248 226 230 234
2.531 -3.447 101.241 220 226 229
1.732 -5.123 101.493 207 213 216
2.844 -2.793 101.280 212 220 223
4.316 0.295 100.987 220 229 231
3.786 -0.818 101.174 217 225 228
2.499 -3.516 101.535 215 221 224
2.371 -3.786 101.622 208 214 217
1.291 -6.051 101.926 204 212 215
-1.156 -11.183 102.533 182 197 203
-5.221 -19.707 103.489 152 174 183
-8.347 -26.262 104.217 144 167 178
-9.232 -28.117 104.440 143 167 180
-8.996 -27.640 110.247 176 192 190
-4.727 -18.694 111.779 104 128 134
-8.544 -26.738 103.482 158 183 203
-7.964 -25.525 103.346 150 176 190
-7.853 -25.292 103.344 142 166 177
-5.197 -19.737 102.629 180 197 207
-5.967 -21.348 102.881 181 191 200
-0.800 -10.544 101.491 207 215 224
1.687 -5.342 100.860 212 220 227
2.309 -4.042 100.746 217 225 230
2.005 -4.678 100.884 218 225 228
1.584 -5.559 101.052 211 218 220
1.741 -5.230 101.065 213 220 223
-0.420 -9.749 101.684 211 218 222
-1.742 -12.515 102.075 193 199 204
-2.478 -14.053 102.309 197 203 209
-2.740 -14.601 102.420 208 214 219
-1.037 -11.041 102.037 209 218 223
-0.586 -10.099 101.973 205 216 221
0.421 -7.993 101.775 206 217 222
0.489 -7.851 101.810 204 215 219
0.385 -8.069 101.887 206 217 222
0.352 -8.138 101.947 199 210 215
3.003 -2.594 101.374 208 217 221
0.937 -6.916 101.914 206 215 219
0.278 -8.293 102.119 210 220 229
-1.861 -12.767 102.658 192 204 217
-2.694 -14.508 102.892 174 191 206
-9.213 -28.140 104.388 138 159 175
-2.437 -14.070 101.957 204 218 237
-0.974 -11.017 101.602 202 212 221
-0.762 -10.576 101.593 209 218 225
-1.015 -11.105 101.709 199 207 215
-0.809 -10.676 101.702 193 203 209
-4.074 -17.484 102.608 187 198 202
-4.944 -19.299 102.874 183 194 198
-7.242 -24.091 103.504 167 178 182
-8.638 -27.003 103.892 171 182 188
-9.617 -29.044 104.195 168 179 187
-7.968 -25.606 103.813 174 184 195
-6.130 -21.772 103.393 178 189 202
-5.712 -20.902 103.327 167 180 195
-8.164 -26.014 103.952 160 177 192
-8.537 -26.792 104.070 157 178 192
-4.280 -17.917 103.100 160 180 194
-5.376 -20.202 103.394 160 177 192
-7.140 -23.881 103.837 154 170 187
-7.188 -24.052 103.306 164 185 201
-7.406 -24.507 103.397 171 191 203
-6.904 -23.461 103.294 168 187 197
-4.036 -17.497 102.570 171 193 199
-9.398 -28.649 104.014 145 167 171
