ply
format ascii 1.0
element vertex 16644
property float x
property float y
property float z
property uchar red
property uchar green
property uchar blue
end_header
-54.0000 77.5000 -57.7217 14 21 13
-53.0000 77.5000 -52.8174 18 26 13
-52.0000 77.5000 -49.3771 21 28 10
-51.0000 77.5000 -47.1293 20 28 5
-50.0000 77.5000 -45.7341 22 25 4
-49.0000 77.5000 -44.8648 23 25 4
-48.0000 77.5000 -44.2557 26 25 5
-47.0000 77.5000 -43.7170 30 25 6
-46.0000 77.5000 -43.1302 32 25 7
-45.0000 77.5000 -42.4336 34 25 8
-44.0000 77.5000 -41.6085 34 22 6
-43.0000 77.5000 -40.6679 38 26 10
-42.0000 77.5000 -39.6469 40 31 14
-41.0000 77.5000 -38.5914 40 33 15
-40.0000 77.5000 -37.5470 39 32 14
-39.0000 77.5000 -36.5481 38 35 16
-38.0000 77.5000 -35.6125 41 38 19
-37.0000 77.5000 -34.7419 45 42 23
-36.0000 77.5000 -33.9292 44 33 15
-35.0000 77.5000 -33.1695 48 35 18
-34.0000 77.5000 -32.4676 52 39 22
-33.0000 77.5000 -31.8383 56 43 26
-32.0000 77.5000 -31.2974 58 45 28
-31.0000 77.5000 -30.8501 58 45 28
-30.0000 77.5000 -30.4853 56 43 26
-29.0000 77.5000 -30.1788 55 42 25
-28.0000 77.5000 -29.9044 56 43 26
-27.0000 77.5000 -29.6458 57 44 27
-26.0000 77.5000 -29.4021 58 45 28
-25.0000 77.5000 -29.1837 60 47 30
-24.0000 77.5000 -29.0037 60 47 30
-23.0000 77.5000 -28.8687 60 47 30
-22.0000 77.5000 -28.7744 59 46 29
-21.0000 77.5000 -28.7087 58 47 29
-20.0000 77.5000 -28.6583 56 44 28
-19.0000 77.5000 -28.6163 55 46 29
-18.0000 77.5000 -28.5862 56 49 31
-17.0000 77.5000 -28.5808 57 52 33
-16.0000 77.5000 -28.6178 58 53 34
-15.0000 77.5000 -28.7145 55 52 33
-14.0000 77.5000 -28.8832 53 50 31
-13.0000 77.5000 -29.1311 52 49 30
-12.0000 77.5000 -29.4610 55 52 33
-11.0000 77.5000 -29.8757 50 47 28
-10.0000 77.5000 -30.3802 49 42 24
-9.0000 77.5000 -30.9814 51 44 26
-8.0000 77.5000 -31.6839 57 45 29
-7.0000 77.5000 -32.4834 57 45 29
-6.0000 77.5000 -33.3642 52 39 23
-5.0000 77.5000 -34.3023 45 33 19
-4.0000 77.5000 -35.2758 42 36 24
-3.0000 77.5000 -36.2744 38 34 23
-2.0000 77.5000 -37.3026 36 32 21
-1.0000 77.5000 -38.3731 37 33 22
0.0000 77.5000 -39.4962 37 33 24
1.0000 77.5000 -40.6727 34 30 21
2.0000 77.5000 -41.8977 29 25 16
3.0000 77.5000 -43.1736 25 21 12
4.0000 77.5000 -44.5232 28 23 17
5.0000 77.5000 -45.9914 30 25 19
6.0000 77.5000 -47.6319 30 25 21
7.0000 77.5000 -49.4848 27 22 18
8.0000 77.5000 -51.5573 22 17 13
9.0000 77.5000 -53.8192 19 14 10
10.0000 77.5000 -56.2175 19 14 11
11.0000 77.5000 -58.6978 20 16 13
12.0000 77.5000 -61.2169 17 16 11
13.0000 77.5000 -63.7334 14 15 9
-56.0000 76.5000 -69.3448 9 16 8
-55.0000 76.5000 -61.8792 14 21 13
-54.0000 76.5000 -55.7931 18 25 17
-53.0000 76.5000 -51.1974 20 28 15
-52.0000 76.5000 -47.9800 22 29 11
-51.0000 76.5000 -45.8787 24 29 7
-50.0000 76.5000 -44.5716 24 27 6
-49.0000 76.5000 -43.7516 25 27 6
-48.0000 76.5000 -43.1701 27 26 6
-47.0000 76.5000 -42.6504 31 26 7
-46.0000 76.5000 -42.0829 34 27 9
-45.0000 76.5000 -41.4114 36 27 10
-44.0000 76.5000 -40.6199 36 24 8
-43.0000 76.5000 -39.7216 38 29 12
-42.0000 76.5000 -38.7498 41 32 15
-41.0000 76.5000 -37.7472 41 34 16
-40.0000 76.5000 -36.7562 40 35 16
-39.0000 76.5000 -35.8086 39 36 17
-38.0000 76.5000 -34.9210 43 40 21
-37.0000 76.5000 -34.0950 46 43 24
-36.0000 76.5000 -33.3242 50 39 21
-35.0000 76.5000 -32.6042 53 40 23
-34.0000 76.5000 -31.9397 56 43 26
-33.0000 76.5000 -31.3439 59 46 29
-32.0000 76.5000 -30.8312 60 47 30
-31.0000 76.5000 -30.4062 59 46 29
-30.0000 76.5000 -30.0583 57 44 27
-29.0000 76.5000 -29.7651 55 42 25
-28.0000 76.5000 -29.5022 57 44 27
-27.0000 76.5000 -29.2549 58 45 28
-26.0000 76.5000 -29.0224 59 46 29
-25.0000 76.5000 -28.8146 61 48 31
-24.0000 76.5000 -28.6439 61 48 31
-23.0000 76.5000 -28.5168 61 48 31
-22.0000 76.5000 -28.4297 60 47 30
-21.0000 76.5000 -28.3717 60 47 30
-20.0000 76.5000 -28.3306 58 46 30
-19.0000 76.5000 -28.2999 56 47 30
-18.0000 76.5000 -28.2820 56 47 30
-17.0000 76.5000 -28.2879 54 47 29
-16.0000 76.5000 -28.3326 53 48 29
-15.0000 76.5000 -28.4310 52 49 30
-14.0000 76.5000 -28.5941 52 49 30
-13.0000 76.5000 -28.8285 52 49 30
-12.0000 76.5000 -29.1381 55 52 33
-11.0000 76.5000 -29.5268 50 47 28
-10.0000 76.5000 -30.0005 49 44 25
-9.0000 76.5000 -30.5670 51 44 26
-8.0000 76.5000 -31.2310 55 46 29
-7.0000 76.5000 -31.9889 57 45 29
-6.0000 76.5000 -32.8259 51 39 23
-5.0000 76.5000 -33.7199 43 34 19
-4.0000 76.5000 -34.6501 45 39 27
-3.0000 76.5000 -35.6068 41 37 26
-2.0000 76.5000 -36.5937 39 35 24
-1.0000 76.5000 -37.6223 39 35 24
0.0000 76.5000 -38.7023 39 35 24
1.0000 76.5000 -39.8346 37 33 24
2.0000 76.5000 -41.0156 32 28 19
3.0000 76.5000 -42.2484 28 24 15
4.0000 76.5000 -43.5548 29 24 18
5.0000 76.5000 -44.9767 30 25 19
6.0000 76.5000 -46.5641 30 25 19
7.0000 76.5000 -48.3540 27 22 18
8.0000 76.5000 -50.3533 23 18 14
9.0000 76.5000 -52.5351 20 15 11
10.0000 76.5000 -54.8522 20 15 11
11.0000 76.5000 -57.2564 20 17 12
12.0000 76.5000 -59.7100 17 16 11
13.0000 76.5000 -62.1765 14 15 9
-57.0000 75.5000 -72.1199 15 20 13
-56.0000 75.5000 -64.4294 20 25 18
-55.0000 75.5000 -57.7672 23 28 21
-54.0000 75.5000 -52.3861 23 31 20
-53.0000 75.5000 -48.3474 23 31 18
-52.0000 75.5000 -45.5295 25 32 14
-51.0000 75.5000 -43.6890 26 31 9
-50.0000 75.5000 -42.5375 27 30 9
-49.0000 75.5000 -41.8038 27 29 8
-48.0000 75.5000 -41.2701 30 29 9
-47.0000 75.5000 -40.7830 34 29 10
-46.0000 75.5000 -40.2490 37 30 12
-45.0000 75.5000 -39.6215 39 30 13
-44.0000 75.5000 -38.8891 38 29 12
-43.0000 75.5000 -38.0653 41 32 15
-42.0000 75.5000 -37.1798 43 34 17
-41.0000 75.5000 -36.2700 44 37 19
-40.0000 75.5000 -35.3723 43 38 19
-39.0000 75.5000 -34.5142 42 39 20
-38.0000 75.5000 -33.7098 45 42 23
-37.0000 75.5000 -32.9608 48 45 26
-36.0000 75.5000 -32.2623 55 44 26
-35.0000 75.5000 -31.6106 58 45 28
-34.0000 75.5000 -31.0099 60 47 30
-33.0000 75.5000 -30.4715 61 48 31
-32.0000 75.5000 -30.0071 61 48 31
-31.0000 75.5000 -29.6202 60 47 30
-30.0000 75.5000 -29.3013 58 45 28
-29.0000 75.5000 -29.0310 56 43 26
-28.0000 75.5000 -28.7884 59 46 29
-27.0000 75.5000 -28.5610 60 47 30
-26.0000 75.5000 -28.3482 61 48 31
-25.0000 75.5000 -28.1593 63 50 33
-24.0000 75.5000 -28.0052 63 50 33
-23.0000 75.5000 -27.8922 63 50 33
-22.0000 75.5000 -27.8180 62 49 32
-21.0000 75.5000 -27.7736 62 49 32
-20.0000 75.5000 -27.7488 64 51 35
-19.0000 75.5000 -27.7375 61 49 33
-18.0000 75.5000 -27.7407 56 47 30
-17.0000 75.5000 -27.7659 53 46 28
-16.0000 75.5000 -27.8237 51 46 27
-15.0000 75.5000 -27.9248 51 46 27
-14.0000 75.5000 -28.0778 51 48 29
-13.0000 75.5000 -28.2887 52 49 30
-12.0000 75.5000 -28.5628 55 52 33
-11.0000 75.5000 -28.9059 51 48 29
-10.0000 75.5000 -29.3262 50 45 26
-9.0000 75.5000 -29.8322 52 45 27
-8.0000 75.5000 -30.4294 54 47 29
-7.0000 75.5000 -31.1153 55 46 29
-6.0000 75.5000 -31.8768 49 40 23
-5.0000 75.5000 -32.6946 44 35 20
-4.0000 75.5000 -33.5504 48 42 28
-3.0000 75.5000 -34.4350 44 40 28
-2.0000 75.5000 -35.3507 42 38 26
-1.0000 75.5000 -36.3071 41 37 25
0.0000 75.5000 -37.3121 41 37 25
1.0000 75.5000 -38.3675 40 36 25
2.0000 75.5000 -39.4716 35 31 20
3.0000 75.5000 -40.6288 32 28 17
4.0000 75.5000 -41.8593 30 26 17
5.0000 75.5000 -43.1998 31 27 18
6.0000 75.5000 -44.6934 31 27 18
7.0000 75.5000 -46.3718 28 23 17
8.0000 75.5000 -48.2415 24 19 13
9.0000 75.5000 -50.2812 21 16 10
10.0000 75.5000 -52.4535 21 16 10
11.0000 75.5000 -54.7211 21 18 13
12.0000 75.5000 -57.0559 17 16 11
13.0000 75.5000 -59.4301 16 15 10
-59.0000 74.5000 -80.1993 12 14 9
-58.0000 74.5000 -72.2963 18 21 14
-57.0000 74.5000 -64.9289 22 27 20
-56.0000 74.5000 -58.3202 26 31 24
-55.0000 74.5000 -52.7034 27 32 25
-54.0000 74.5000 -48.2247 26 34 23
-53.0000 74.5000 -44.8899 26 32 18
-52.0000 74.5000 -42.5708 30 34 17
-51.0000 74.5000 -41.0522 30 33 12
-50.0000 74.5000 -40.0900 30 32 11
-49.0000 74.5000 -39.4593 30 32 11
-48.0000 74.5000 -38.9815 34 31 12
-47.0000 74.5000 -38.5326 37 32 13
-46.0000 74.5000 -38.0384 39 32 14
-45.0000 74.5000 -37.4641 41 32 15
-44.0000 74.5000 -36.8035 43 34 17
-43.0000 74.5000 -36.0700 44 35 18
-42.0000 74.5000 -35.2890 45 38 20
-41.0000 74.5000 -34.4911 46 39 21
-40.0000 74.5000 -33.7055 46 41 22
-39.0000 74.5000 -32.9540 48 43 24
-38.0000 74.5000 -32.2482 47 44 25
-37.0000 74.5000 -31.5898 51 46 27
-36.0000 74.5000 -30.9756 56 45 27
-35.0000 74.5000 -30.4034 58 45 28
-34.0000 74.5000 -29.8767 59 46 29
-33.0000 74.5000 -29.4044 61 48 31
-32.0000 74.5000 -28.9957 61 48 31
-31.0000 74.5000 -28.6528 61 48 31
-30.0000 74.5000 -28.3677 60 47 30
-29.0000 74.5000 -28.1245 59 46 29
-28.0000 74.5000 -27.9063 61 48 31
-27.0000 74.5000 -27.7032 62 49 32
-26.0000 74.5000 -27.5149 64 51 34
-25.0000 74.5000 -27.3494 65 52 35
-24.0000 74.5000 -27.2161 66 53 36
-23.0000 74.5000 -27.1209 65 52 35
-22.0000 74.5000 -27.0626 65 52 35
-21.0000 74.5000 -27.0348 64 51 34
-20.0000 74.5000 -27.0294 68 55 39
-19.0000 74.5000 -27.0411 66 53 37
-18.0000 74.5000 -27.0690 63 51 35
-17.0000 74.5000 -27.1164 58 49 32
-16.0000 74.5000 -27.1889 55 48 30
-15.0000 74.5000 -27.2925 54 49 30
-14.0000 74.5000 -27.4329 52 49 30
-13.0000 74.5000 -27.6154 52 49 30
-12.0000 74.5000 -27.8468 55 52 33
-11.0000 74.5000 -28.1354 53 50 31
-10.0000 74.5000 -28.4917 50 47 28
-9.0000 74.5000 -28.9258 53 48 29
-8.0000 74.5000 -29.4438 54 49 30
-7.0000 74.5000 -30.0444 54 47 29
-6.0000 74.5000 -30.7171 50 43 25
-5.0000 74.5000 -31.4457 45 38 20
-4.0000 74.5000 -32.2143 50 44 28
-3.0000 74.5000 -33.0145 45 42 27
-2.0000 74.5000 -33.8468 42 39 24
-1.0000 74.5000 -34.7178 41 37 25
0.0000 74.5000 -35.6339 41 37 25
1.0000 74.5000 -36.5975 40 36 24
2.0000 74.5000 -37.6095 36 32 20
3.0000 74.5000 -38.6758 33 29 18
4.0000 74.5000 -39.8146 33 29 18
5.0000 74.5000 -41.0562 32 28 19
6.0000 74.5000 -42.4351 31 27 18
7.0000 74.5000 -43.9766 29 25 16
8.0000 74.5000 -45.6866 26 22 13
9.0000 74.5000 -47.5504 24 19 13
10.0000 74.5000 -49.5421 23 18 12
11.0000 74.5000 -51.6374 23 18 12
12.0000 74.5000 -53.8199 20 17 12
13.0000 74.5000 -56.0725 17 16 11
14.0000 74.5000 -58.3578 17 14 9
-60.0000 73.5000 -78.2421 23 24 19
-59.0000 73.5000 -70.5864 23 26 19
-58.0000 73.5000 -63.6447 25 28 21
-57.0000 73.5000 -57.4362 26 29 22
-56.0000 73.5000 -52.0442 26 32 22
-55.0000 73.5000 -47.5662 27 33 23
-54.0000 73.5000 -44.0491 28 34 24
-53.0000 73.5000 -41.4514 28 34 20
-52.0000 73.5000 -39.6462 32 36 19
-51.0000 73.5000 -38.4532 32 35 14
-50.0000 73.5000 -37.6784 33 35 14
-49.0000 73.5000 -37.1468 32 34 13
-48.0000 73.5000 -36.7214 36 33 14
-47.0000 73.5000 -36.3081 39 34 15
-46.0000 73.5000 -35.8525 42 35 17
-45.0000 73.5000 -35.3311 43 36 18
-44.0000 73.5000 -34.7424 46 39 21
-43.0000 73.5000 -34.0990 46 39 21
-42.0000 73.5000 -33.4218 46 39 21
-41.0000 73.5000 -32.7343 48 41 23
-40.0000 73.5000 -32.0582 49 44 25
-39.0000 73.5000 -31.4100 51 46 27
-38.0000 73.5000 -30.7986 49 46 27
-37.0000 73.5000 -30.2261 51 46 27
-36.0000 73.5000 -29.6909 54 43 25
-35.0000 73.5000 -29.1925 56 43 26
-34.0000 73.5000 -28.7344 58 45 28
-33.0000 73.5000 -28.3234 60 47 30
-32.0000 73.5000 -27.9662 62 49 32
-31.0000 73.5000 -27.6642 63 50 33
-30.0000 73.5000 -27.4109 63 50 33
-29.0000 73.5000 -27.1937 63 50 33
-28.0000 73.5000 -26.9999 64 51 34
-27.0000 73.5000 -26.8214 65 52 35
-26.0000 73.5000 -26.6584 67 54 37
-25.0000 73.5000 -26.5171 68 55 38
-24.0000 73.5000 -26.4054 68 55 38
-23.0000 73.5000 -26.3286 68 55 38
-22.0000 73.5000 -26.2868 68 55 38
-21.0000 73.5000 -26.2757 67 54 37
-20.0000 73.5000 -26.2893 72 56 41
-19.0000 73.5000 -26.3227 72 56 41
-18.0000 73.5000 -26.3735 70 57 41
-17.0000 73.5000 -26.4412 68 56 40
-16.0000 73.5000 -26.5267 64 55 38
-15.0000 73.5000 -26.6314 60 53 35
-14.0000 73.5000 -26.7584 56 51 32
-13.0000 73.5000 -26.9125 52 49 30
-12.0000 73.5000 -27.1018 55 54 34
-11.0000 73.5000 -27.3372 54 53 33
-10.0000 73.5000 -27.6312 53 52 32
-9.0000 73.5000 -27.9954 54 51 32
-8.0000 73.5000 -28.4369 54 51 32
-7.0000 73.5000 -28.9556 54 49 30
-6.0000 73.5000 -29.5435 51 46 27
-5.0000 73.5000 -30.1871 48 43 24
-4.0000 73.5000 -30.8731 48 45 28
-3.0000 73.5000 -31.5932 45 42 25
-2.0000 73.5000 -32.3459 41 38 21
-1.0000 73.5000 -33.1351 40 37 22
0.0000 73.5000 -33.9653 40 37 22
1.0000 73.5000 -34.8399 39 36 21
2.0000 73.5000 -35.7622 36 33 18
3.0000 73.5000 -36.7395 33 29 17
4.0000 73.5000 -37.7876 35 31 19
5.0000 73.5000 -38.9304 34 30 19
6.0000 73.5000 -40.1936 32 28 17
7.0000 73.5000 -41.5957 30 26 15
8.0000 73.5000 -43.1419 29 25 14
9.0000 73.5000 -44.8238 27 23 14
10.0000 73.5000 -46.6268 25 21 12
11.0000 73.5000 -48.5394 23 18 12
12.0000 73.5000 -50.5568 21 16 12
13.0000 73.5000 -52.6731 19 16 11
14.0000 73.5000 -54.8655 20 15 11
15.0000 73.5000 -57.0798 17 14 9
-62.0000 72.5000 -84.4829 15 16 11
-61.0000 72.5000 -75.8004 19 20 15
-60.0000 72.5000 -68.1011 31 32 26
-59.0000 72.5000 -61.3836 30 31 25
-58.0000 72.5000 -55.5682 27 30 23
-57.0000 72.5000 -50.5855 26 29 22
-56.0000 72.5000 -46.4064 27 30 21
-55.0000 72.5000 -43.0216 26 32 22
-54.0000 72.5000 -40.4031 28 34 24
-53.0000 72.5000 -38.4791 31 35 21
-52.0000 72.5000 -37.1337 34 37 18
-51.0000 72.5000 -36.2251 34 37 16
-50.0000 72.5000 -35.6088 34 36 15
-49.0000 72.5000 -35.1574 34 36 15
-48.0000 72.5000 -34.7724 36 35 15
-47.0000 72.5000 -34.3869 38 35 16
-46.0000 72.5000 -33.9637 42 37 18
-45.0000 72.5000 -33.4884 44 37 19
-44.0000 72.5000 -32.9629 49 42 24
-43.0000 72.5000 -32.3985 47 40 22
-42.0000 72.5000 -31.8111 47 40 22
-41.0000 72.5000 -31.2180 49 42 24
-40.0000 72.5000 -30.6345 51 46 27
-39.0000 72.5000 -30.0722 52 47 28
-38.0000 72.5000 -29.5382 52 47 28
-37.0000 72.5000 -29.0347 52 45 27
-36.0000 72.5000 -28.5623 56 45 27
-35.0000 72.5000 -28.1219 58 45 28
-34.0000 72.5000 -27.7173 59 46 29
-33.0000 72.5000 -27.3542 61 48 31
-32.0000 72.5000 -27.0374 64 51 34
-31.0000 72.5000 -26.7678 65 52 35
-30.0000 72.5000 -26.5402 67 54 37
-29.0000 72.5000 -26.3452 68 55 38
-28.0000 72.5000 -26.1727 67 54 37
-27.0000 72.5000 -26.0165 68 55 38
-26.0000 72.5000 -25.8764 69 56 39
-25.0000 72.5000 -25.7572 70 57 40
-24.0000 72.5000 -25.6653 71 58 41
-23.0000 72.5000 -25.6055 71 58 41
-22.0000 72.5000 -25.5785 70 57 40
-21.0000 72.5000 -25.5819 70 57 40
-20.0000 72.5000 -25.6112 74 56 42
-19.0000 72.5000 -25.6620 75 57 43
-18.0000 72.5000 -25.7305 75 59 44
-17.0000 72.5000 -25.8133 73 60 44
-16.0000 72.5000 -25.9075 70 58 42
-15.0000 72.5000 -26.0113 64 57 39
-14.0000 72.5000 -26.1255 59 54 35
-13.0000 72.5000 -26.2547 55 52 33
-12.0000 72.5000 -26.4081 57 56 36
-11.0000 72.5000 -26.5984 57 56 36
-10.0000 72.5000 -26.8398 56 55 35
-9.0000 72.5000 -27.1453 56 55 35
-8.0000 72.5000 -27.5228 55 54 34
-7.0000 72.5000 -27.9735 54 51 32
-6.0000 72.5000 -28.4912 51 48 29
-5.0000 72.5000 -29.0651 49 46 27
-4.0000 72.5000 -29.6833 49 46 27
-3.0000 72.5000 -30.3376 46 43 26
-2.0000 72.5000 -31.0245 41 38 21
-1.0000 72.5000 -31.7455 40 37 20
0.0000 72.5000 -32.5040 40 37 20
1.0000 72.5000 -33.3041 39 36 21
2.0000 72.5000 -34.1508 37 34 19
3.0000 72.5000 -35.0528 35 32 17
4.0000 72.5000 -36.0233 38 34 22
5.0000 72.5000 -37.0798 35 31 19
6.0000 72.5000 -38.2399 32 28 16
7.0000 72.5000 -39.5160 31 27 16
8.0000 72.5000 -40.9123 31 27 16
9.0000 72.5000 -42.4260 29 25 14
10.0000 72.5000 -44.0522 26 22 11
11.0000 72.5000 -45.7906 24 20 11
12.0000 72.5000 -47.6468 21 16 10
13.0000 72.5000 -49.6258 21 16 12
14.0000 72.5000 -51.7185 21 16 12
15.0000 72.5000 -53.8892 20 15 11
16.0000 72.5000 -56.0753 18 13 9
-64.0000 71.5000 -91.3652 17 16 12
-63.0000 71.5000 -82.0677 20 21 16
-62.0000 71.5000 -73.3560 24 25 20
-61.0000 71.5000 -65.6027 25 26 21
-60.0000 71.5000 -58.9523 30 31 25
-59.0000 71.5000 -53.3720 29 30 24
-58.0000 71.5000 -48.7425 28 29 21
-57.0000 71.5000 -44.9353 27 30 21
-56.0000 71.5000 -41.8497 27 30 21
-55.0000 71.5000 -39.4097 28 31 22
-54.0000 71.5000 -37.5440 30 33 22
-53.0000 71.5000 -36.1697 31 35 21
-52.0000 71.5000 -35.1897 35 38 19
-51.0000 71.5000 -34.4997 35 37 16
-50.0000 71.5000 -33.9995 34 36 15
-49.0000 71.5000 -33.6029 34 36 15
-48.0000 71.5000 -33.2433 37 36 16
-47.0000 71.5000 -32.8762 39 36 17
-46.0000 71.5000 -32.4774 40 37 18
-45.0000 71.5000 -32.0391 43 38 19
-44.0000 71.5000 -31.5646 49 44 25
-43.0000 71.5000 -31.0629 47 42 23
-42.0000 71.5000 -30.5460 47 40 22
-41.0000 71.5000 -30.0256 49 42 24
-40.0000 71.5000 -29.5120 52 45 27
-39.0000 71.5000 -29.0136 54 47 29
-38.0000 71.5000 -28.5355 53 46 28
-37.0000 71.5000 -28.0810 51 44 26
-36.0000 71.5000 -27.6520 63 52 34
-35.0000 71.5000 -27.2511 63 52 34
-34.0000 71.5000 -26.8827 64 53 35
-33.0000 71.5000 -26.5518 65 54 36
-32.0000 71.5000 -26.2626 66 55 37
-31.0000 71.5000 -26.0157 68 57 39
-30.0000 71.5000 -25.8070 69 58 40
-29.0000 71.5000 -25.6290 70 59 41
-28.0000 71.5000 -25.4738 68 57 39
-27.0000 71.5000 -25.3359 69 58 40
-26.0000 71.5000 -25.2149 70 59 41
-25.0000 71.5000 -25.1140 71 60 42
-24.0000 71.5000 -25.0386 72 61 43
-23.0000 71.5000 -24.9926 72 61 43
-22.0000 71.5000 -24.9775 71 60 42
-21.0000 71.5000 -24.9918 71 58 41
-20.0000 71.5000 -25.0323 75 57 43
-19.0000 71.5000 -25.0947 76 57 43
-18.0000 71.5000 -25.1743 74 56 42
-17.0000 71.5000 -25.2660 72 56 41
-16.0000 71.5000 -25.3643 68 56 40
-15.0000 71.5000 -25.4652 64 55 38
-14.0000 71.5000 -25.5682 62 55 37
-13.0000 71.5000 -25.6777 58 55 36
-12.0000 71.5000 -25.8035 59 58 38
-11.0000 71.5000 -25.9596 60 59 39
-10.0000 71.5000 -26.1615 58 60 39
-9.0000 71.5000 -26.4227 57 59 38
-8.0000 71.5000 -26.7522 55 57 36
-7.0000 71.5000 -27.1521 55 54 34
-6.0000 71.5000 -27.6177 53 52 32
-5.0000 71.5000 -28.1397 52 49 30
-4.0000 71.5000 -28.7075 53 50 31
-3.0000 71.5000 -29.3124 49 46 27
-2.0000 71.5000 -29.9498 44 41 22
-1.0000 71.5000 -30.6192 42 39 20
0.0000 71.5000 -31.3234 42 39 20
1.0000 71.5000 -32.0672 42 39 22
2.0000 71.5000 -32.8570 40 37 20
3.0000 71.5000 -33.7016 38 35 18
4.0000 71.5000 -34.6116 39 36 21
5.0000 71.5000 -35.5989 36 33 18
6.0000 71.5000 -36.6740 33 30 15
7.0000 71.5000 -37.8441 32 28 16
8.0000 71.5000 -39.1126 32 28 16
9.0000 71.5000 -40.4809 31 27 15
10.0000 71.5000 -41.9525 28 24 12
11.0000 71.5000 -43.5364 25 21 10
12.0000 71.5000 -45.2469 23 16 10
13.0000 71.5000 -47.0984 24 16 13
14.0000 71.5000 -49.0937 24 16 13
15.0000 71.5000 -51.2133 23 15 12
16.0000 71.5000 -53.4115 22 14 11
-66.0000 70.5000 -95.9970 14 13 11
-65.0000 70.5000 -87.5937 21 22 17
-64.0000 70.5000 -78.9896 26 27 22
-63.0000 70.5000 -70.7141 29 30 25
-62.0000 70.5000 -63.2011 29 30 25
-61.0000 70.5000 -56.7096 29 30 24
-60.0000 70.5000 -51.3108 26 27 21
-59.0000 70.5000 -46.9326 26 27 19
-58.0000 70.5000 -43.4314 27 28 20
-57.0000 70.5000 -40.6533 28 29 21
-56.0000 70.5000 -38.4673 29 30 22
-55.0000 70.5000 -36.7701 29 32 21
-54.0000 70.5000 -35.4760 31 33 22
-53.0000 70.5000 -34.5066 31 33 20
-52.0000 70.5000 -33.7870 36 37 19
-51.0000 70.5000 -33.2460 35 37 16
-50.0000 70.5000 -32.8194 34 36 15
-49.0000 70.5000 -32.4531 34 36 15
-48.0000 70.5000 -32.1054 37 36 16
-47.0000 70.5000 -31.7483 38 37 17
-46.0000 70.5000 -31.3669 40 37 18
-45.0000 70.5000 -30.9569 41 38 19
-44.0000 70.5000 -30.5214 50 45 26
-43.0000 70.5000 -30.0672 48 43 24
-42.0000 70.5000 -29.6022 47 40 22
-41.0000 70.5000 -29.1342 49 42 24
-40.0000 70.5000 -28.6701 53 46 28
-39.0000 70.5000 -28.2157 55 48 30
-38.0000 70.5000 -27.7753 53 46 28
-37.0000 70.5000 -27.3525 52 43 26
-36.0000 70.5000 -26.9507 68 60 41
-35.0000 70.5000 -26.5737 70 59 41
-34.0000 70.5000 -26.2268 69 58 40
-33.0000 70.5000 -25.9152 69 58 40
-32.0000 70.5000 -25.6429 69 58 40
-31.0000 70.5000 -25.4105 70 59 41
-30.0000 70.5000 -25.2147 71 60 42
-29.0000 70.5000 -25.0492 71 60 42
-28.0000 70.5000 -24.9071 69 58 40
-27.0000 70.5000 -24.7834 70 59 41
-26.0000 70.5000 -24.6769 71 60 42
-25.0000 70.5000 -24.5900 72 61 43
-24.0000 70.5000 -24.5268 73 62 44
-23.0000 70.5000 -24.4910 73 62 44
-22.0000 70.5000 -24.4841 72 61 43
-21.0000 70.5000 -24.5053 73 60 43
-20.0000 70.5000 -24.5519 77 58 44
-19.0000 70.5000 -24.6202 75 56 42
-18.0000 70.5000 -24.7050 72 53 39
-17.0000 70.5000 -24.8000 68 52 37
-16.0000 70.5000 -24.8985 65 52 36
-15.0000 70.5000 -24.9955 62 53 36
-14.0000 70.5000 -25.0895 62 55 37
-13.0000 70.5000 -25.1848 60 57 38
-12.0000 70.5000 -25.2916 62 59 40
-11.0000 70.5000 -25.4243 61 60 40
-10.0000 70.5000 -25.5989 60 62 41
-9.0000 70.5000 -25.8295 59 61 40
-8.0000 70.5000 -26.1255 57 59 38
-7.0000 70.5000 -26.4898 54 56 35
-6.0000 70.5000 -26.9189 54 53 33
-5.0000 70.5000 -27.4044 53 52 32
-4.0000 70.5000 -27.9361 56 54 33
-3.0000 70.5000 -28.5053 52 50 29
-2.0000 70.5000 -29.1064 47 44 25
-1.0000 70.5000 -29.7382 44 41 22
0.0000 70.5000 -30.4032 44 41 22
1.0000 70.5000 -31.1066 45 42 23
2.0000 70.5000 -31.8554 43 40 23
3.0000 70.5000 -32.6579 41 38 21
4.0000 70.5000 -33.5222 40 37 22
5.0000 70.5000 -34.4552 37 34 19
6.0000 70.5000 -35.4617 33 30 15
7.0000 70.5000 -36.5448 32 29 14
8.0000 70.5000 -37.7075 33 29 17
9.0000 70.5000 -38.9551 32 28 16
10.0000 70.5000 -40.2977 28 24 12
11.0000 70.5000 -41.7518 25 21 10
12.0000 70.5000 -43.3392 23 16 10
13.0000 70.5000 -45.0813 24 16 13
14.0000 70.5000 -46.9902 24 16 13
15.0000 70.5000 -49.0585 24 16 13
16.0000 70.5000 -51.2545 22 14 11
-67.0000 69.5000 -90.3188 18 20 15
-66.0000 69.5000 -82.8251 29 30 25
-65.0000 69.5000 -75.1199 30 31 26
-64.0000 69.5000 -67.6069 30 31 26
-63.0000 69.5000 -60.6683 32 33 27
-62.0000 69.5000 -54.5816 30 31 25
-61.0000 69.5000 -49.4791 24 25 19
-60.0000 69.5000 -45.3542 27 28 22
-59.0000 69.5000 -42.1027 30 31 23
-58.0000 69.5000 -39.5753 33 34 26
-57.0000 69.5000 -37.6217 33 35 24
-56.0000 69.5000 -36.1139 31 33 22
-55.0000 69.5000 -34.9505 30 32 21
-54.0000 69.5000 -34.0515 31 31 21
-53.0000 69.5000 -33.3526 33 34 20
-52.0000 69.5000 -32.8000 35 36 18
-51.0000 69.5000 -32.3488 39 38 18
-50.0000 69.5000 -31.9615 40 39 19
-49.0000 69.5000 -31.6071 39 38 18
-48.0000 69.5000 -31.2617 37 36 16
-47.0000 69.5000 -30.9087 38 37 17
-46.0000 69.5000 -30.5393 43 42 22
-45.0000 69.5000 -30.1507 47 46 26
-44.0000 69.5000 -29.7449 48 45 26
-43.0000 69.5000 -29.3260 47 44 25
-42.0000 69.5000 -28.8990 49 44 25
-41.0000 69.5000 -28.4686 49 44 25
-40.0000 69.5000 -28.0394 52 45 27
-39.0000 69.5000 -27.6156 54 47 29
-38.0000 69.5000 -27.2008 58 49 32
-37.0000 69.5000 -26.7987 60 51 34
-36.0000 69.5000 -26.4134 62 54 35
-35.0000 69.5000 -26.0501 63 55 36
-34.0000 69.5000 -25.7149 63 55 36
-33.0000 69.5000 -25.4138 64 56 37
-32.0000 69.5000 -25.1508 66 58 39
-31.0000 69.5000 -24.9272 68 60 41
-30.0000 69.5000 -24.7400 70 62 43
-29.0000 69.5000 -24.5835 71 63 44
-28.0000 69.5000 -24.4510 66 58 39
-27.0000 69.5000 -24.3376 67 59 40
-26.0000 69.5000 -24.2415 69 61 42
-25.0000 69.5000 -24.1642 70 62 43
-24.0000 69.5000 -24.1092 71 63 44
-23.0000 69.5000 -24.0795 70 62 43
-22.0000 69.5000 -24.0769 70 62 43
-21.0000 69.5000 -24.1009 72 59 42
-20.0000 69.5000 -24.1494 73 54 40
-19.0000 69.5000 -24.2187 77 58 44
-18.0000 69.5000 -24.3038 80 61 47
-17.0000 69.5000 -24.3982 78 62 47
-16.0000 69.5000 -24.4947 73 60 44
-15.0000 69.5000 -24.5877 66 57 40
-14.0000 69.5000 -24.6755 63 56 38
-13.0000 69.5000 -24.7620 60 57 38
-12.0000 69.5000 -24.8573 63 60 41
-11.0000 69.5000 -24.9756 59 58 38
-10.0000 69.5000 -25.1328 53 55 34
-9.0000 69.5000 -25.3433 53 55 34
-8.0000 69.5000 -25.6167 54 56 35
-7.0000 69.5000 -25.9567 54 56 35
-6.0000 69.5000 -26.3602 55 54 34
-5.0000 69.5000 -26.8196 53 52 32
-4.0000 69.5000 -27.3249 51 49 28
-3.0000 69.5000 -27.8672 51 49 28
-2.0000 69.5000 -28.4408 51 48 29
-1.0000 69.5000 -29.0442 49 46 27
0.0000 69.5000 -29.6797 45 42 23
1.0000 69.5000 -30.3528 41 38 19
2.0000 69.5000 -31.0705 37 34 17
3.0000 69.5000 -31.8400 35 32 15
4.0000 69.5000 -32.6669 39 36 21
5.0000 69.5000 -33.5542 37 34 19
6.0000 69.5000 -34.5028 33 30 15
7.0000 69.5000 -35.5131 29 26 11
8.0000 69.5000 -36.5886 28 24 12
9.0000 69.5000 -37.7378 28 24 12
10.0000 69.5000 -38.9767 30 26 14
11.0000 69.5000 -40.3279 31 27 16
12.0000 69.5000 -41.8186 27 20 14
13.0000 69.5000 -43.4752 29 21 18
14.0000 69.5000 -45.3155 30 22 19
15.0000 69.5000 -47.3400 28 20 17
16.0000 69.5000 -49.5260 24 16 13
17.0000 69.5000 -51.8283 21 13 10
18.0000 69.5000 -54.1869 23 15 12
19.0000 69.5000 -56.5401 25 17 14
-68.0000 68.5000 -84.5207 14 16 13
-67.0000 68.5000 -77.7029 23 25 20
-66.0000 68.5000 -70.8141 28 30 25
-65.0000 68.5000 -64.1217 26 28 23
-64.0000 68.5000 -57.9114 26 27 21
-63.0000 68.5000 -52.4146 28 29 23
-62.0000 68.5000 -47.7631 28 29 23
-61.0000 68.5000 -43.9789 25 26 18
-60.0000 68.5000 -40.9948 27 28 20
-59.0000 68.5000 -38.6901 30 31 23
-58.0000 68.5000 -36.9274 33 35 24
-57.0000 68.5000 -35.5793 33 35 24
-56.0000 68.5000 -34.5401 32 32 22
-55.0000 68.5000 -33.7269 31 31 21
-54.0000 68.5000 -33.0765 32 32 20
-53.0000 68.5000 -32.5407 34 35 21
-52.0000 68.5000 -32.0840 35 34 16
-51.0000 68.5000 -31.6801 38 37 17
-50.0000 68.5000 -31.3091 41 40 20
-49.0000 68.5000 -30.9554 42 41 21
-48.0000 68.5000 -30.6069 40 39 19
-47.0000 68.5000 -30.2547 40 39 19
-46.0000 68.5000 -29.8934 42 41 21
-45.0000 68.5000 -29.5212 45 44 24
-44.0000 68.5000 -29.1383 45 42 23
-43.0000 68.5000 -28.7467 45 42 23
-42.0000 68.5000 -28.3489 48 43 24
-41.0000 68.5000 -27.9475 50 45 26
-40.0000 68.5000 -27.5453 54 47 29
-39.0000 68.5000 -27.1452 57 50 32
-38.0000 68.5000 -26.7500 60 51 34
-37.0000 68.5000 -26.3631 62 53 36
-36.0000 68.5000 -25.9891 63 55 36
-35.0000 68.5000 -25.6341 63 55 36
-34.0000 68.5000 -25.3052 64 56 37
-33.0000 68.5000 -25.0093 65 57 38
-32.0000 68.5000 -24.7514 67 59 40
-31.0000 68.5000 -24.5331 69 61 42
-30.0000 68.5000 -24.3516 70 62 43
-29.0000 68.5000 -24.2015 71 63 44
-28.0000 68.5000 -24.0761 68 60 41
-27.0000 68.5000 -23.9699 69 61 42
-26.0000 68.5000 -23.8806 70 62 43
-25.0000 68.5000 -23.8093 71 63 44
-24.0000 68.5000 -23.7586 72 64 45
-23.0000 68.5000 -23.7316 72 64 45
-22.0000 68.5000 -23.7297 71 63 44
-21.0000 68.5000 -23.7528 73 62 44
-20.0000 68.5000 -23.7993 81 63 49
-19.0000 68.5000 -23.8659 82 63 49
-18.0000 68.5000 -23.9481 79 61 47
-17.0000 68.5000 -24.0395 74 58 43
-16.0000 68.5000 -24.1332 68 56 40
-15.0000 68.5000 -24.2233 66 57 40
-14.0000 68.5000 -24.3079 68 61 43
-13.0000 68.5000 -24.3906 69 66 47
-12.0000 68.5000 -24.4805 64 63 43
-11.0000 68.5000 -24.5914 62 61 41
-10.0000 68.5000 -24.7387 58 60 39
-9.0000 68.5000 -24.9364 58 60 39
-8.0000 68.5000 -25.1945 59 61 40
-7.0000 68.5000 -25.5169 61 60 40
-6.0000 68.5000 -25.9014 58 57 37
-5.0000 68.5000 -26.3405 56 53 34
-4.0000 68.5000 -26.8246 49 46 27
-3.0000 68.5000 -27.3449 50 47 28
-2.0000 68.5000 -27.8956 50 47 28
-1.0000 68.5000 -28.4752 50 47 28
0.0000 68.5000 -29.0860 49 46 27
1.0000 68.5000 -29.7331 47 44 27
2.0000 68.5000 -30.4229 45 42 25
3.0000 68.5000 -31.1614 43 40 23
4.0000 68.5000 -31.9521 40 37 22
5.0000 68.5000 -32.7958 38 35 20
6.0000 68.5000 -33.6911 34 31 16
7.0000 68.5000 -34.6376 31 27 15
8.0000 68.5000 -35.6401 29 25 13
9.0000 68.5000 -36.7106 29 25 13
10.0000 68.5000 -37.8698 31 27 15
11.0000 68.5000 -39.1452 32 28 17
12.0000 68.5000 -40.5674 27 20 14
13.0000 68.5000 -42.1652 29 21 18
14.0000 68.5000 -43.9587 30 22 19
15.0000 68.5000 -45.9517 27 19 16
16.0000 68.5000 -48.1260 23 15 12
17.0000 68.5000 -50.4402 21 13 10
18.0000 68.5000 -52.8349 22 14 11
19.0000 68.5000 -55.2423 24 16 13
-70.0000 67.5000 -85.9830 14 16 15
-69.0000 67.5000 -79.4071 18 20 17
-68.0000 67.5000 -72.9438 24 26 23
-67.0000 67.5000 -66.6422 26 31 25
-66.0000 67.5000 -60.6409 26 31 24
-65.0000 67.5000 -55.1191 21 26 19
-64.0000 67.5000 -50.2392 21 24 17
-63.0000 67.5000 -46.1008 24 27 20
-62.0000 67.5000 -42.7223 27 28 20
-61.0000 67.5000 -40.0493 26 27 19
-60.0000 67.5000 -37.9801 27 28 20
-59.0000 67.5000 -36.3953 30 32 21
-58.0000 67.5000 -35.1806 35 35 25
-57.0000 67.5000 -34.2396 35 35 25
-56.0000 67.5000 -33.4961 35 33 21
-55.0000 67.5000 -32.8915 34 32 20
-54.0000 67.5000 -32.3813 35 33 21
-53.0000 67.5000 -31.9329 37 35 22
-52.0000 67.5000 -31.5240 36 33 16
-51.0000 67.5000 -31.1403 39 36 17
-50.0000 67.5000 -30.7726 43 42 22
-49.0000 67.5000 -30.4145 45 44 24
-48.0000 67.5000 -30.0609 42 44 23
-47.0000 67.5000 -29.7079 41 43 22
-46.0000 67.5000 -29.3524 41 43 22
-45.0000 67.5000 -28.9928 41 43 22
-44.0000 67.5000 -28.6285 42 41 21
-43.0000 67.5000 -28.2592 44 41 22
-42.0000 67.5000 -27.8858 49 44 25
-41.0000 67.5000 -27.5091 53 48 29
-40.0000 67.5000 -27.1305 57 50 32
-39.0000 67.5000 -26.7515 61 52 35
-38.0000 67.5000 -26.3738 64 52 36
-37.0000 67.5000 -26.0003 63 54 37
-36.0000 67.5000 -25.6357 63 55 36
-35.0000 67.5000 -25.2867 63 56 37
-34.0000 67.5000 -24.9617 64 57 38
-33.0000 67.5000 -24.6688 66 59 40
-32.0000 67.5000 -24.4138 68 61 42
-31.0000 67.5000 -24.1988 69 62 43
-30.0000 67.5000 -24.0215 70 63 44
-29.0000 67.5000 -23.8761 71 64 45
-28.0000 67.5000 -23.7556 69 62 43
-27.0000 67.5000 -23.6543 70 63 44
-26.0000 67.5000 -23.5694 71 64 45
-25.0000 67.5000 -23.5013 73 66 47
-24.0000 67.5000 -23.4523 73 66 47
-23.0000 67.5000 -23.4249 73 66 47
-22.0000 67.5000 -23.4207 72 65 46
-21.0000 67.5000 -23.4399 75 64 46
-20.0000 67.5000 -23.4812 82 66 51
-19.0000 67.5000 -23.5424 83 65 51
-18.0000 67.5000 -23.6195 80 64 49
-17.0000 67.5000 -23.7069 75 62 46
-16.0000 67.5000 -23.7979 70 58 42
-15.0000 67.5000 -23.8869 67 60 42
-14.0000 67.5000 -23.9714 69 64 45
-13.0000 67.5000 -24.0542 71 68 49
-12.0000 67.5000 -24.1438 66 65 45
-11.0000 67.5000 -24.2525 65 64 44
-10.0000 67.5000 -24.3950 64 63 43
-9.0000 67.5000 -24.5847 65 64 44
-8.0000 67.5000 -24.8317 67 66 46
-7.0000 67.5000 -25.1404 66 63 44
-6.0000 67.5000 -25.5088 62 59 40
-5.0000 67.5000 -25.9302 58 55 36
-4.0000 67.5000 -26.3954 53 50 31
-3.0000 67.5000 -26.8958 53 50 33
-2.0000 67.5000 -27.4257 53 50 33
-1.0000 67.5000 -27.9833 52 49 32
0.0000 67.5000 -28.5705 51 48 31
1.0000 67.5000 -29.1917 50 47 32
2.0000 67.5000 -29.8523 48 45 30
3.0000 67.5000 -30.5570 47 44 29
4.0000 67.5000 -31.3081 41 37 25
5.0000 67.5000 -32.1057 39 35 23
6.0000 67.5000 -32.9481 36 32 20
7.0000 67.5000 -33.8362 33 29 18
8.0000 67.5000 -34.7768 31 27 16
9.0000 67.5000 -35.7858 31 27 16
10.0000 67.5000 -36.8875 32 28 17
11.0000 67.5000 -38.1126 33 29 20
12.0000 67.5000 -39.4933 26 21 15
13.0000 67.5000 -41.0586 27 22 18
14.0000 67.5000 -42.8275 27 22 18
15.0000 67.5000 -44.8032 24 19 15
16.0000 67.5000 -46.9675 21 16 12
17.0000 67.5000 -49.2793 19 14 10
18.0000 67.5000 -51.6781 19 14 10
19.0000 67.5000 -54.0930 20 15 11
-71.0000 66.5000 -82.5602 12 14 13
-70.0000 66.5000 -75.6172 20 22 21
-69.0000 66.5000 -69.1513 22 27 23
-68.0000 66.5000 -63.1358 26 31 25
-67.0000 66.5000 -57.5993 26 31 25
-66.0000 66.5000 -52.6122 25 30 23
-65.0000 66.5000 -48.2548 22 27 20
-64.0000 66.5000 -44.5798 23 26 19
-63.0000 66.5000 -41.5883 25 28 21
-62.0000 66.5000 -39.2260 28 29 21
-61.0000 66.5000 -37.3983 28 29 21
-60.0000 66.5000 -35.9942 28 30 19
-59.0000 66.5000 -34.9082 31 33 22
-58.0000 66.5000 -34.0528 35 35 25
-57.0000 66.5000 -33.3620 36 36 26
-56.0000 66.5000 -32.7872 37 35 23
-55.0000 66.5000 -32.2922 36 34 22
-54.0000 66.5000 -31.8498 37 35 23
-53.0000 66.5000 -31.4398 39 37 24
-52.0000 66.5000 -31.0490 39 36 19
-51.0000 66.5000 -30.6702 41 38 19
-50.0000 66.5000 -30.2995 44 41 22
-49.0000 66.5000 -29.9355 44 43 23
-48.0000 66.5000 -29.5768 43 45 24
-47.0000 66.5000 -29.2225 43 45 24
-46.0000 66.5000 -28.8714 43 45 24
-45.0000 66.5000 -28.5220 43 45 24
-44.0000 66.5000 -28.1731 44 43 23
-43.0000 66.5000 -27.8232 46 45 25
-42.0000 66.5000 -27.4715 51 48 29
-41.0000 66.5000 -27.1174 56 51 32
-40.0000 66.5000 -26.7608 60 53 35
-39.0000 66.5000 -26.4015 62 53 36
-38.0000 66.5000 -26.0404 63 51 35
-37.0000 66.5000 -25.6796 63 51 35
-36.0000 66.5000 -25.3238 64 56 37
-35.0000 66.5000 -24.9804 64 57 38
-34.0000 66.5000 -24.6587 66 59 40
-33.0000 66.5000 -24.3680 68 61 42
-32.0000 66.5000 -24.1151 70 63 44
-31.0000 66.5000 -23.9026 71 64 45
-30.0000 66.5000 -23.7284 71 64 45
-29.0000 66.5000 -23.5866 71 64 45
-28.0000 66.5000 -23.4698 71 64 45
-27.0000 66.5000 -23.3720 72 65 46
-26.0000 66.5000 -23.2899 74 67 48
-25.0000 66.5000 -23.2233 75 68 49
-24.0000 66.5000 -23.1740 76 69 50
-23.0000 66.5000 -23.1443 75 68 49
-22.0000 66.5000 -23.1357 75 68 49
-21.0000 66.5000 -23.1485 75 67 48
-20.0000 66.5000 -23.1826 74 61 45
-19.0000 66.5000 -23.2364 80 64 49
-18.0000 66.5000 -23.3071 81 68 52
-17.0000 66.5000 -23.3900 80 68 52
-16.0000 66.5000 -23.4789 75 66 49
-15.0000 66.5000 -23.5682 70 63 45
-14.0000 66.5000 -23.6550 67 62 43
-13.0000 66.5000 -23.7413 65 62 43
-12.0000 66.5000 -23.8340 66 65 45
-11.0000 66.5000 -23.9443 66 65 45
-10.0000 66.5000 -24.0854 66 65 45
-9.0000 66.5000 -24.2701 69 66 47
-8.0000 66.5000 -24.5083 70 67 48
-7.0000 66.5000 -24.8046 70 65 46
-6.0000 66.5000 -25.1580 65 60 41
-5.0000 66.5000 -25.5623 60 55 36
-4.0000 66.5000 -26.0091 59 56 39
-3.0000 66.5000 -26.4902 58 55 38
-2.0000 66.5000 -26.9999 56 53 36
-1.0000 66.5000 -27.5359 53 50 35
0.0000 66.5000 -28.0992 50 47 32
1.0000 66.5000 -28.6929 47 44 29
2.0000 66.5000 -29.3211 44 41 26
3.0000 66.5000 -29.9876 43 39 27
4.0000 66.5000 -30.6945 42 38 26
5.0000 66.5000 -31.4423 41 37 26
6.0000 66.5000 -32.2313 38 34 23
7.0000 66.5000 -33.0648 36 32 21
8.0000 66.5000 -33.9532 34 30 19
9.0000 66.5000 -34.9156 33 29 20
10.0000 66.5000 -35.9792 34 30 21
11.0000 66.5000 -37.1763 34 29 23
12.0000 66.5000 -38.5392 27 22 18
13.0000 66.5000 -40.0945 26 23 18
14.0000 66.5000 -41.8581 26 21 17
15.0000 66.5000 -43.8292 23 20 15
16.0000 66.5000 -45.9861 21 16 12
17.0000 66.5000 -48.2845 18 15 10
18.0000 66.5000 -50.6612 18 13 9
19.0000 66.5000 -53.0434 17 14 9
-72.0000 65.5000 -81.2060 10 14 13
-71.0000 65.5000 -73.6131 15 19 18
-70.0000 65.5000 -66.8016 20 24 23
-69.0000 65.5000 -60.7352 22 27 23
-68.0000 65.5000 -55.3755 23 28 22
-67.0000 65.5000 -50.6999 21 28 20
-66.0000 65.5000 -46.7011 23 28 21
-65.0000 65.5000 -43.3701 25 30 23
-64.0000 65.5000 -40.6782 27 33 23
-63.0000 65.5000 -38.5648 26 32 22
-62.0000 65.5000 -36.9400 28 31 22
-61.0000 65.5000 -35.6979 30 31 23
-60.0000 65.5000 -34.7353 28 30 19
-59.0000 65.5000 -33.9658 32 32 22
-58.0000 65.5000 -33.3264 38 36 24
-57.0000 65.5000 -32.7750 39 37 25
-56.0000 65.5000 -32.2847 38 36 24
-55.0000 65.5000 -31.8370 37 35 23
-54.0000 65.5000 -31.4177 40 36 24
-53.0000 65.5000 -31.0165 42 39 24
-52.0000 65.5000 -30.6264 47 41 25
-51.0000 65.5000 -30.2437 44 41 22
-50.0000 65.5000 -29.8673 43 40 21
-49.0000 65.5000 -29.4973 42 41 21
-48.0000 65.5000 -29.1344 42 44 23
-47.0000 65.5000 -28.7792 44 46 25
-46.0000 65.5000 -28.4316 45 48 27
-45.0000 65.5000 -28.0909 46 49 28
-44.0000 65.5000 -27.7553 47 49 28
-43.0000 65.5000 -27.4225 51 50 30
-42.0000 65.5000 -27.0903 54 51 32
-41.0000 65.5000 -26.7566 58 53 34
-40.0000 65.5000 -26.4196 60 53 35
-39.0000 65.5000 -26.0781 61 52 35
-38.0000 65.5000 -25.7318 62 50 34
-37.0000 65.5000 -25.3826 61 49 33
-36.0000 65.5000 -25.0351 65 57 38
-35.0000 65.5000 -24.6974 66 59 40
-34.0000 65.5000 -24.3796 68 61 42
-33.0000 65.5000 -24.0915 71 64 45
-32.0000 65.5000 -23.8408 72 65 46
-31.0000 65.5000 -23.6305 73 66 47
-30.0000 65.5000 -23.4586 73 66 47
-29.0000 65.5000 -23.3194 72 65 46
-28.0000 65.5000 -23.2053 73 66 47
-27.0000 65.5000 -23.1101 74 67 48
-26.0000 65.5000 -23.0299 75 68 49
-25.0000 65.5000 -22.9641 77 70 51
-24.0000 65.5000 -22.9138 77 70 51
-23.0000 65.5000 -22.8808 77 70 51
-22.0000 65.5000 -22.8665 76 69 50
-21.0000 65.5000 -22.8717 77 69 50
-20.0000 65.5000 -22.8972 74 61 45
-19.0000 65.5000 -22.9426 78 65 49
-18.0000 65.5000 -23.0063 80 68 52
-17.0000 65.5000 -23.0844 78 69 52
-16.0000 65.5000 -23.1715 73 66 48
-15.0000 65.5000 -23.2620 69 64 45
-14.0000 65.5000 -23.3526 65 62 43
-13.0000 65.5000 -23.4441 65 62 43
-12.0000 65.5000 -23.5420 67 64 45
-11.0000 65.5000 -23.6560 66 63 44
-10.0000 65.5000 -23.7977 66 63 44
-9.0000 65.5000 -23.9790 70 65 46
-8.0000 65.5000 -24.2093 72 67 48
-7.0000 65.5000 -24.4935 70 63 45
-6.0000 65.5000 -24.8314 65 58 40
-5.0000 65.5000 -25.2181 61 54 36
-4.0000 65.5000 -25.6461 61 55 39
-3.0000 65.5000 -26.1077 58 55 40
-2.0000 65.5000 -26.5973 55 52 37
-1.0000 65.5000 -27.1118 52 48 36
0.0000 65.5000 -27.6507 49 45 33
1.0000 65.5000 -28.2155 46 42 30
2.0000 65.5000 -28.8092 44 40 28
3.0000 65.5000 -29.4346 43 39 28
4.0000 65.5000 -30.0944 44 40 29
5.0000 65.5000 -30.7909 42 38 29
6.0000 65.5000 -31.5274 41 37 28
7.0000 65.5000 -32.3111 39 35 26
8.0000 65.5000 -33.1561 37 33 24
9.0000 65.5000 -34.0847 36 31 25
10.0000 65.5000 -35.1260 35 30 24
11.0000 65.5000 -36.3128 35 30 24
12.0000 65.5000 -37.6755 28 25 20
13.0000 65.5000 -39.2375 25 24 19
14.0000 65.5000 -41.0097 25 22 17
15.0000 65.5000 -42.9854 21 20 15
16.0000 65.5000 -45.1364 21 18 13
17.0000 65.5000 -47.4125 17 16 11
18.0000 65.5000 -49.7465 17 14 9
-73.0000 64.5000 -81.9662 10 14 13
-72.0000 64.5000 -73.6040 14 18 17
-71.0000 64.5000 -66.2008 17 21 20
-70.0000 64.5000 -59.7762 19 23 22
-69.0000 64.5000 -54.2847 20 25 21
-68.0000 64.5000 -49.6519 21 28 21
-67.0000 64.5000 -45.7984 19 26 18
-66.0000 64.5000 -42.6493 21 26 19
-65.0000 64.5000 -40.1315 28 33 26
-64.0000 64.5000 -38.1663 31 37 27
-63.0000 64.5000 -36.6643 30 36 26
-62.0000 64.5000 -35.5267 30 33 24
-61.0000 64.5000 -34.6544 31 34 23
-60.0000 64.5000 -33.9595 29 29 19
-59.0000 64.5000 -33.3740 33 33 23
-58.0000 64.5000 -32.8528 38 36 24
-57.0000 64.5000 -32.3705 40 38 26
-56.0000 64.5000 -31.9143 39 37 25
-55.0000 64.5000 -31.4777 39 37 25
-54.0000 64.5000 -31.0564 41 37 25
-53.0000 64.5000 -30.6471 44 41 26
-52.0000 64.5000 -30.2472 51 45 29
-51.0000 64.5000 -29.8554 48 43 24
-50.0000 64.5000 -29.4714 43 40 21
-49.0000 64.5000 -29.0956 42 41 21
-48.0000 64.5000 -28.7293 45 44 24
-47.0000 64.5000 -28.3739 46 48 27
-46.0000 64.5000 -28.0300 47 50 29
-45.0000 64.5000 -27.6972 48 51 30
-44.0000 64.5000 -27.3734 52 54 33
-43.0000 64.5000 -27.0555 53 55 34
-42.0000 64.5000 -26.7397 56 55 35
-41.0000 64.5000 -26.4228 59 54 35
-40.0000 64.5000 -26.1015 60 53 35
-39.0000 64.5000 -25.7738 61 52 35
-38.0000 64.5000 -25.4391 63 50 34
-37.0000 64.5000 -25.0993 62 50 34
-36.0000 64.5000 -24.7595 66 58 39
-35.0000 64.5000 -24.4280 67 60 41
-34.0000 64.5000 -24.1151 70 63 44
-33.0000 64.5000 -23.8308 73 66 47
-32.0000 64.5000 -23.5829 75 68 49
-31.0000 64.5000 -23.3746 75 68 49
-30.0000 64.5000 -23.2042 74 67 48
-29.0000 64.5000 -23.0663 73 66 47
-28.0000 64.5000 -22.9538 74 67 48
-27.0000 64.5000 -22.8604 75 68 49
-26.0000 64.5000 -22.7819 76 69 50
-25.0000 64.5000 -22.7169 77 70 51
-24.0000 64.5000 -22.6657 78 71 52
-23.0000 64.5000 -22.6294 78 71 52
-22.0000 64.5000 -22.6094 77 70 51
-21.0000 64.5000 -22.6070 77 69 50
-20.0000 64.5000 -22.6236 81 69 53
-19.0000 64.5000 -22.6604 81 69 53
-18.0000 64.5000 -22.7167 77 68 51
-17.0000 64.5000 -22.7900 73 66 48
-16.0000 64.5000 -22.8752 68 63 44
-15.0000 64.5000 -22.9668 68 63 44
-14.0000 64.5000 -23.0612 70 67 48
-13.0000 64.5000 -23.1582 73 70 51
-12.0000 64.5000 -23.2618 68 65 46
-11.0000 64.5000 -23.3800 66 63 44
-10.0000 64.5000 -23.5230 68 63 44
-9.0000 64.5000 -23.7012 70 63 45
-8.0000 64.5000 -23.9236 71 64 46
-7.0000 64.5000 -24.1953 71 62 45
-6.0000 64.5000 -24.5170 66 57 40
-5.0000 64.5000 -24.8852 63 54 39
-4.0000 64.5000 -25.2936 57 51 37
-3.0000 64.5000 -25.7354 54 50 38
-2.0000 64.5000 -26.2047 52 48 36
-1.0000 64.5000 -26.6976 51 47 35
0.0000 64.5000 -27.2121 50 46 34
1.0000 64.5000 -27.7481 49 45 34
2.0000 64.5000 -28.3071 49 45 34
3.0000 64.5000 -28.8917 49 45 34
4.0000 64.5000 -29.5054 45 41 32
5.0000 64.5000 -30.1528 44 40 31
6.0000 64.5000 -30.8410 43 39 30
7.0000 64.5000 -31.5814 41 36 30
8.0000 64.5000 -32.3919 40 35 29
9.0000 64.5000 -33.2974 38 33 27
10.0000 64.5000 -34.3283 37 32 26
11.0000 64.5000 -35.5165 36 33 28
12.0000 64.5000 -36.8903 29 28 23
13.0000 64.5000 -38.4688 27 26 21
14.0000 64.5000 -40.2571 24 23 18
15.0000 64.5000 -42.2413 22 21 16
16.0000 64.5000 -44.3851 21 20 15
17.0000 64.5000 -46.6309 19 18 13
18.0000 64.5000 -48.9061 16 15 10
-73.0000 63.5000 -75.4862 11 15 14
-72.0000 63.5000 -67.4073 14 18 17
-71.0000 63.5000 -60.4257 16 20 19
-70.0000 63.5000 -54.5439 17 21 20
-69.0000 63.5000 -49.6869 18 23 19
-68.0000 63.5000 -45.7406 25 32 25
-67.0000 63.5000 -42.5800 19 26 18
-66.0000 63.5000 -40.0858 19 27 16
-65.0000 63.5000 -38.1489 27 35 24
-64.0000 63.5000 -36.6692 32 38 28
-63.0000 63.5000 -35.5514 30 36 26
-62.0000 63.5000 -34.7035 30 33 22
-61.0000 63.5000 -34.0410 32 35 24
-60.0000 63.5000 -33.4917 29 29 19
-59.0000 63.5000 -33.0020 33 33 21
-58.0000 63.5000 -32.5383 39 37 25
-57.0000 63.5000 -32.0840 40 38 26
-56.0000 63.5000 -31.6344 41 37 25
-55.0000 63.5000 -31.1902 41 37 25
-54.0000 63.5000 -30.7539 43 39 27
-53.0000 63.5000 -30.3274 45 42 27
-52.0000 63.5000 -29.9118 50 44 28
-51.0000 63.5000 -29.5072 48 43 24
-50.0000 63.5000 -29.1138 44 41 22
-49.0000 63.5000 -28.7320 45 44 24
-48.0000 63.5000 -28.3628 49 48 28
-47.0000 63.5000 -28.0080 49 51 30
-46.0000 63.5000 -27.6683 48 51 30
-45.0000 63.5000 -27.3431 46 49 28
-44.0000 63.5000 -27.0297 53 56 35
-43.0000 63.5000 -26.7240 53 55 34
-42.0000 63.5000 -26.4210 55 54 34
-41.0000 63.5000 -26.1159 58 53 34
-40.0000 63.5000 -25.8049 60 53 35
-39.0000 63.5000 -25.4857 62 53 36
-38.0000 63.5000 -25.1582 66 53 37
-37.0000 63.5000 -24.8251 66 54 38
-36.0000 63.5000 -24.4921 66 58 39
-35.0000 63.5000 -24.1675 68 61 42
-34.0000 63.5000 -23.8610 71 64 45
-33.0000 63.5000 -23.5820 75 68 49
-32.0000 63.5000 -23.3376 76 69 50
-31.0000 63.5000 -23.1309 76 69 50
-30.0000 63.5000 -22.9608 75 68 49
-29.0000 63.5000 -22.8228 74 67 48
-28.0000 63.5000 -22.7104 74 67 48
-27.0000 63.5000 -22.6179 75 68 49
-26.0000 63.5000 -22.5408 76 69 50
-25.0000 63.5000 -22.4770 78 71 52
-24.0000 63.5000 -22.4258 78 71 52
-23.0000 63.5000 -22.3875 78 71 52
-22.0000 63.5000 -22.3630 77 70 51
-21.0000 63.5000 -22.3541 77 70 51
-20.0000 63.5000 -22.3629 83 74 57
-19.0000 63.5000 -22.3917 83 74 57
-18.0000 63.5000 -22.4411 82 73 56
-17.0000 63.5000 -22.5092 77 70 52
-16.0000 63.5000 -22.5918 73 68 49
-15.0000 63.5000 -22.6836 70 67 48
-14.0000 63.5000 -22.7806 74 71 52
-13.0000 63.5000 -22.8817 77 74 55
-12.0000 63.5000 -22.9899 71 68 49
-11.0000 63.5000 -23.1115 69 66 47
-10.0000 63.5000 -23.2551 69 64 45
-9.0000 63.5000 -23.4299 70 63 45
-8.0000 63.5000 -23.6440 72 63 46
-7.0000 63.5000 -23.9028 74 62 46
-6.0000 63.5000 -24.2077 71 59 43
-5.0000 63.5000 -24.5567 66 57 42
-4.0000 63.5000 -24.9449 61 55 43
-3.0000 63.5000 -25.3663 57 53 42
-2.0000 63.5000 -25.8150 55 51 40
-1.0000 63.5000 -26.2862 53 49 38
0.0000 63.5000 -26.7766 52 48 37
1.0000 63.5000 -27.2848 52 48 39
2.0000 63.5000 -27.8112 52 48 39
3.0000 63.5000 -28.3583 53 49 40
4.0000 63.5000 -28.9306 46 41 35
5.0000 63.5000 -29.5352 46 41 35
6.0000 63.5000 -30.1826 45 40 34
7.0000 63.5000 -30.8880 43 38 34
8.0000 63.5000 -31.6727 42 37 33
9.0000 63.5000 -32.5638 40 35 31
10.0000 63.5000 -33.5920 39 34 30
11.0000 63.5000 -34.7882 37 34 29
12.0000 63.5000 -36.1776 32 31 26
13.0000 63.5000 -37.7754 28 29 23
14.0000 63.5000 -39.5804 24 25 19
15.0000 63.5000 -41.5712 22 23 17
16.0000 63.5000 -43.7028 22 23 17
17.0000 63.5000 -45.9095 20 21 15
18.0000 63.5000 -48.1137 16 17 11
-73.0000 62.5000 -70.2195 10 15 11
-72.0000 62.5000 -62.6341 13 17 16
-71.0000 62.5000 -56.2150 15 20 16
-70.0000 62.5000 -50.9306 17 21 20
-69.0000 62.5000 -46.6741 17 22 18
-68.0000 62.5000 -43.3027 30 35 28
-67.0000 62.5000 -40.6661 22 28 18
-66.0000 62.5000 -38.6254 20 26 16
-65.0000 62.5000 -37.0601 27 33 23
-64.0000 62.5000 -35.8681 33 36 27
-63.0000 62.5000 -34.9615 30 33 22
-62.0000 62.5000 -34.2619 30 33 22
-61.0000 62.5000 -33.6996 34 36 23
-60.0000 62.5000 -33.2160 29 29 17
-59.0000 62.5000 -32.7667 33 33 21
-58.0000 62.5000 -32.3240 39 37 25
-57.0000 62.5000 -31.8750 41 39 26
-56.0000 62.5000 -31.4182 41 37 25
-55.0000 62.5000 -30.9582 42 38 26
-54.0000 62.5000 -30.5015 44 40 28
-53.0000 62.5000 -30.0539 46 43 28
-52.0000 62.5000 -29.6193 48 42 26
-51.0000 62.5000 -29.1996 47 42 23
-50.0000 62.5000 -28.7952 46 43 26
-49.0000 62.5000 -28.4066 48 47 27
-48.0000 62.5000 -28.0349 52 51 33
-47.0000 62.5000 -27.6811 51 53 32
-46.0000 62.5000 -27.3459 48 50 29
-45.0000 62.5000 -27.0279 44 46 25
-44.0000 62.5000 -26.7235 53 55 34
-43.0000 62.5000 -26.4273 52 54 33
-42.0000 62.5000 -26.1328 55 52 33
-41.0000 62.5000 -25.8343 57 52 33
-40.0000 62.5000 -25.5278 60 53 35
-39.0000 62.5000 -25.2117 64 55 38
-38.0000 62.5000 -24.8872 69 57 41
-37.0000 62.5000 -24.5582 71 60 42
-36.0000 62.5000 -24.2312 66 59 40
-35.0000 62.5000 -23.9141 67 62 40
-34.0000 62.5000 -23.6154 71 66 46
-33.0000 62.5000 -23.3430 75 70 48
-32.0000 62.5000 -23.1027 76 71 51
-31.0000 62.5000 -22.8973 76 71 49
-30.0000 62.5000 -22.7262 74 69 49
-29.0000 62.5000 -22.5861 73 68 46
-28.0000 62.5000 -22.4722 73 68 48
-27.0000 62.5000 -22.3794 75 69 47
-26.0000 62.5000 -22.3035 76 69 50
-25.0000 62.5000 -22.2416 77 71 49
-24.0000 62.5000 -22.1919 79 71 52
-23.0000 62.5000 -22.1536 79 71 50
-22.0000 62.5000 -22.1271 78 70 51
-21.0000 62.5000 -22.1140 77 69 50
-20.0000 62.5000 -22.1171 81 73 54
-19.0000 62.5000 -22.1394 85 77 58
-18.0000 62.5000 -22.1825 88 80 61
-17.0000 62.5000 -22.2454 87 80 61
-16.0000 62.5000 -22.3244 82 77 57
-15.0000 62.5000 -22.4146 79 74 55
-14.0000 62.5000 -22.5119 77 72 53
-13.0000 62.5000 -22.6149 75 72 53
-12.0000 62.5000 -22.7254 74 71 52
-11.0000 62.5000 -22.8485 73 68 49
-10.0000 62.5000 -22.9913 70 65 46
-9.0000 62.5000 -23.1618 71 64 46
-8.0000 62.5000 -23.3673 73 64 47
-7.0000 62.5000 -23.6129 73 64 47
-6.0000 62.5000 -23.9011 74 62 46
-5.0000 62.5000 -24.2309 69 60 45
-4.0000 62.5000 -24.5986 69 63 51
-3.0000 62.5000 -24.9992 65 61 49
-2.0000 62.5000 -25.4267 61 57 46
-1.0000 62.5000 -25.8758 57 53 42
0.0000 62.5000 -26.3425 53 49 38
1.0000 62.5000 -26.8244 51 47 36
2.0000 62.5000 -27.3215 51 47 36
3.0000 62.5000 -27.8364 51 47 36
4.0000 62.5000 -28.3745 46 42 33
5.0000 62.5000 -28.9449 45 42 33
6.0000 62.5000 -29.5609 45 42 35
7.0000 62.5000 -30.2407 44 41 34
8.0000 62.5000 -31.0079 42 39 32
9.0000 62.5000 -31.8909 40 37 30
10.0000 62.5000 -32.9205 38 35 28
11.0000 62.5000 -34.1258 37 34 29
12.0000 62.5000 -35.5298 34 33 28
13.0000 62.5000 -37.1432 29 30 24
14.0000 62.5000 -38.9591 24 25 19
15.0000 62.5000 -40.9485 23 24 18
16.0000 62.5000 -43.0583 24 23 18
17.0000 62.5000 -45.2155 22 21 16
18.0000 62.5000 -47.3385 18 17 12
-73.0000 61.5000 -66.1541 9 16 9
-72.0000 61.5000 -59.1881 11 17 13
-71.0000 61.5000 -53.3807 14 21 14
-70.0000 61.5000 -48.6653 17 23 19
-69.0000 61.5000 -44.9150 18 25 18
-68.0000 61.5000 -41.9762 24 27 18
-67.0000 61.5000 -39.6946 25 28 17
-66.0000 61.5000 -37.9317 26 29 18
-65.0000 61.5000 -36.5718 27 30 19
-64.0000 61.5000 -35.5218 30 32 21
-63.0000 61.5000 -34.7062 31 33 22
-62.0000 61.5000 -34.0603 32 34 23
-61.0000 61.5000 -33.5274 33 33 21
-60.0000 61.5000 -33.0585 34 34 22
-59.0000 61.5000 -32.6150 35 33 20
-58.0000 61.5000 -32.1711 36 32 20
-57.0000 61.5000 -31.7146 36 33 18
-56.0000 61.5000 -31.2443 38 35 20
-55.0000 61.5000 -30.7659 41 38 23
-54.0000 61.5000 -30.2881 45 39 25
-53.0000 61.5000 -29.8191 45 42 27
-52.0000 61.5000 -29.3649 45 43 28
-51.0000 61.5000 -28.9289 45 44 26
-50.0000 61.5000 -28.5126 46 44 29
-49.0000 61.5000 -28.1166 48 47 29
-48.0000 61.5000 -27.7418 50 48 33
-47.0000 61.5000 -27.3890 51 50 32
-46.0000 61.5000 -27.0579 52 51 33
-45.0000 61.5000 -26.7462 53 52 34
-44.0000 61.5000 -26.4490 55 54 34
-43.0000 61.5000 -26.1591 56 53 34
-42.0000 61.5000 -25.8692 56 54 33
-41.0000 61.5000 -25.5728 60 55 35
-40.0000 61.5000 -25.2662 63 56 37
-39.0000 61.5000 -24.9491 66 59 40
-38.0000 61.5000 -24.6246 69 61 42
-37.0000 61.5000 -24.2980 70 63 44
-36.0000 61.5000 -23.9765 69 64 42
-35.0000 61.5000 -23.6675 68 66 41
-34.0000 61.5000 -23.3777 68 66 43
-33.0000 61.5000 -23.1127 70 68 43
-32.0000 61.5000 -22.8767 71 71 47
-31.0000 61.5000 -22.6719 74 74 48
-30.0000 61.5000 -22.4985 77 77 53
-29.0000 61.5000 -22.3548 79 79 53
-28.0000 61.5000 -22.2378 75 73 50
-27.0000 61.5000 -22.1438 77 73 48
-26.0000 61.5000 -22.0691 78 72 50
-25.0000 61.5000 -22.0100 80 72 49
-24.0000 61.5000 -21.9636 83 72 52
-23.0000 61.5000 -21.9279 85 73 51
-22.0000 61.5000 -21.9024 86 73 54
-21.0000 61.5000 -21.8883 86 73 54
-20.0000 61.5000 -21.8884 86 75 55
-19.0000 61.5000 -21.9062 86 78 57
-18.0000 61.5000 -21.9440 86 78 57
-17.0000 61.5000 -22.0014 84 76 55
-16.0000 61.5000 -22.0756 79 73 51
-15.0000 61.5000 -22.1621 77 70 51
-14.0000 61.5000 -22.2571 78 71 52
-13.0000 61.5000 -22.3589 79 74 54
-12.0000 61.5000 -22.4691 75 70 50
-11.0000 61.5000 -22.5915 76 71 51
-10.0000 61.5000 -22.7321 77 72 53
-9.0000 61.5000 -22.8975 77 72 53
-8.0000 61.5000 -23.0943 76 70 54
-7.0000 61.5000 -23.3273 74 68 52
-6.0000 61.5000 -23.5995 71 65 49
-5.0000 61.5000 -23.9107 70 64 48
-4.0000 61.5000 -24.2584 68 65 50
-3.0000 61.5000 -24.6378 66 63 48
-2.0000 61.5000 -25.0433 63 59 47
-1.0000 61.5000 -25.4696 62 58 46
0.0000 61.5000 -25.9124 59 57 44
1.0000 61.5000 -26.3694 55 53 40
2.0000 61.5000 -26.8406 49 47 34
3.0000 61.5000 -27.3289 44 42 29
4.0000 61.5000 -27.8408 47 45 32
5.0000 61.5000 -28.3866 45 46 32
6.0000 61.5000 -28.9811 43 44 30
7.0000 61.5000 -29.6442 42 43 29
8.0000 61.5000 -30.4008 40 41 27
9.0000 61.5000 -31.2796 38 39 25
10.0000 61.5000 -32.3109 36 38 24
11.0000 61.5000 -33.5225 35 37 24
12.0000 61.5000 -34.9349 29 29 21
13.0000 61.5000 -36.5549 28 27 22
14.0000 61.5000 -38.3701 26 25 20
15.0000 61.5000 -40.3448 24 23 18
16.0000 61.5000 -42.4188 22 19 14
17.0000 61.5000 -44.5138 19 16 11
20.0000 61.5000 -50.1710 18 13 9
21.0000 61.5000 -51.7142 19 14 10
22.0000 61.5000 -53.0942 20 15 11
23.0000 61.5000 -54.3372 19 14 10
-73.0000 60.5000 -63.1984 8 15 8
-72.0000 60.5000 -56.8977 11 18 11
-71.0000 60.5000 -51.6777 13 20 13
-70.0000 60.5000 -47.4499 14 24 16
-69.0000 60.5000 -44.0849 18 25 17
-68.0000 60.5000 -41.4371 24 27 18
-67.0000 60.5000 -39.3649 26 28 17
-66.0000 60.5000 -37.7432 27 29 18
-65.0000 60.5000 -36.4693 28 30 19
-64.0000 60.5000 -35.4627 30 30 20
-63.0000 60.5000 -34.6598 32 32 22
-62.0000 60.5000 -34.0078 33 33 21
-61.0000 60.5000 -33.4595 33 33 21
-60.0000 60.5000 -32.9727 36 34 21
-59.0000 60.5000 -32.5119 35 33 20
-58.0000 60.5000 -32.0521 36 33 18
-57.0000 60.5000 -31.5800 37 34 19
-56.0000 60.5000 -31.0932 38 35 20
-55.0000 60.5000 -30.5969 41 38 23
-54.0000 60.5000 -30.0999 46 40 26
-53.0000 60.5000 -29.6116 45 42 27
-52.0000 60.5000 -29.1393 45 43 28
-51.0000 60.5000 -28.6876 44 45 29
-50.0000 60.5000 -28.2590 45 46 30
-49.0000 60.5000 -27.8549 46 47 31
-48.0000 60.5000 -27.4763 50 48 33
-47.0000 60.5000 -27.1234 52 50 35
-46.0000 60.5000 -26.7951 54 51 34
-45.0000 60.5000 -26.4879 54 51 34
-44.0000 60.5000 -26.1953 56 53 34
-43.0000 60.5000 -25.9090 56 53 34
-42.0000 60.5000 -25.6206 58 53 33
-41.0000 60.5000 -25.3233 60 55 35
-40.0000 60.5000 -25.0142 63 56 37
-39.0000 60.5000 -24.6943 66 59 40
-38.0000 60.5000 -24.3684 68 61 42
-37.0000 60.5000 -24.0438 70 64 42
-36.0000 60.5000 -23.7278 71 67 42
-35.0000 60.5000 -23.4271 69 67 42
-34.0000 60.5000 -23.1465 69 67 42
-33.0000 60.5000 -22.8892 69 69 43
-32.0000 60.5000 -22.6574 71 71 45
-31.0000 60.5000 -22.4528 72 75 48
-30.0000 60.5000 -22.2762 76 76 50
-29.0000 60.5000 -22.1279 78 78 52
-28.0000 60.5000 -22.0071 78 76 51
-27.0000 60.5000 -21.9115 80 76 51
-26.0000 60.5000 -21.8381 82 76 52
-25.0000 60.5000 -21.7829 83 75 52
-24.0000 60.5000 -21.7418 87 75 53
-23.0000 60.5000 -21.7114 90 75 54
-22.0000 60.5000 -21.6900 91 74 54
-21.0000 60.5000 -21.6780 91 76 55
-20.0000 60.5000 -21.6780 87 75 53
-19.0000 60.5000 -21.6933 88 77 55
-18.0000 60.5000 -21.7266 87 79 56
-17.0000 60.5000 -21.7784 85 77 54
-16.0000 60.5000 -21.8464 81 73 52
-15.0000 60.5000 -21.9271 79 71 50
-14.0000 60.5000 -22.0172 79 72 53
-13.0000 60.5000 -22.1155 81 74 55
-12.0000 60.5000 -22.2229 76 71 51
-11.0000 60.5000 -22.3428 77 72 52
-10.0000 60.5000 -22.4799 77 72 53
-9.0000 60.5000 -22.6399 77 72 53
-8.0000 60.5000 -22.8283 74 71 54
-7.0000 60.5000 -23.0497 72 69 52
-6.0000 60.5000 -23.3072 70 67 50
-5.0000 60.5000 -23.6011 68 65 48
-4.0000 60.5000 -23.9294 70 67 52
-3.0000 60.5000 -24.2877 67 64 49
-2.0000 60.5000 -24.6707 62 59 44
-1.0000 60.5000 -25.0733 60 57 42
0.0000 60.5000 -25.4919 59 56 41
1.0000 60.5000 -25.9248 56 54 39
2.0000 60.5000 -26.3729 52 50 35
3.0000 60.5000 -26.8399 49 47 32
4.0000 60.5000 -27.3327 50 48 33
5.0000 60.5000 -27.8621 48 49 33
6.0000 60.5000 -28.4436 46 47 31
7.0000 60.5000 -29.0973 43 46 29
8.0000 60.5000 -29.8479 41 44 27
9.0000 60.5000 -30.7238 39 42 25
10.0000 60.5000 -31.7545 38 41 24
11.0000 60.5000 -32.9664 37 39 25
12.0000 60.5000 -34.3776 30 30 22
13.0000 60.5000 -35.9913 29 28 23
14.0000 60.5000 -37.7903 29 26 21
15.0000 60.5000 -39.7330 26 23 18
16.0000 60.5000 -41.7541 23 20 15
17.0000 60.5000 -43.7726 19 16 11
18.0000 60.5000 -45.7060 18 13 9
22.0000 60.5000 -51.7464 21 13 10
23.0000 60.5000 -52.8654 21 13 10
-73.0000 59.5000 -61.1988 8 15 8
-72.0000 59.5000 -55.5484 10 17 10
-71.0000 59.5000 -50.8470 13 20 13
-70.0000 59.5000 -47.0033 13 23 15
-69.0000 59.5000 -43.9033 17 24 16
-68.0000 59.5000 -41.4250 23 26 17
-67.0000 59.5000 -39.4500 25 27 16
-66.0000 59.5000 -37.8727 26 28 17
-65.0000 59.5000 -36.6057 27 29 18
-64.0000 59.5000 -35.5801 30 30 20
-63.0000 59.5000 -34.7423 32 32 22
-62.0000 59.5000 -34.0476 33 33 21
-61.0000 59.5000 -33.4557 34 34 22
-60.0000 59.5000 -32.9290 36 34 21
-59.0000 59.5000 -32.4346 36 34 21
-58.0000 59.5000 -31.9477 37 34 19
-57.0000 59.5000 -31.4538 38 35 20
-56.0000 59.5000 -30.9486 39 36 21
-55.0000 59.5000 -30.4356 42 39 24
-54.0000 59.5000 -29.9227 46 40 26
-53.0000 59.5000 -29.4187 45 42 27
-52.0000 59.5000 -28.9312 46 44 29
-51.0000 59.5000 -28.4656 44 45 29
-50.0000 59.5000 -28.0254 48 46 31
-49.0000 59.5000 -27.6127 49 47 32
-48.0000 59.5000 -27.2289 51 50 32
-47.0000 59.5000 -26.8740 52 51 33
-46.0000 59.5000 -26.5461 54 51 34
-45.0000 59.5000 -26.2406 55 52 35
-44.0000 59.5000 -25.9499 58 53 34
-43.0000 59.5000 -25.6646 58 53 34
-42.0000 59.5000 -25.3758 58 53 33
-41.0000 59.5000 -25.0765 60 55 35
-40.0000 59.5000 -24.7645 63 56 37
-39.0000 59.5000 -24.4422 66 59 40
-38.0000 59.5000 -24.1159 68 62 40
-37.0000 59.5000 -23.7940 70 64 42
-36.0000 59.5000 -23.4841 74 68 44
-35.0000 59.5000 -23.1918 73 69 44
-34.0000 59.5000 -22.9201 72 68 43
-33.0000 59.5000 -22.6700 71 69 44
-32.0000 59.5000 -22.4421 72 70 45
-31.0000 59.5000 -22.2375 73 73 47
-30.0000 59.5000 -22.0577 76 74 49
-29.0000 59.5000 -21.9050 77 75 50
-28.0000 59.5000 -21.7804 82 80 55
-27.0000 59.5000 -21.6836 84 80 55
-26.0000 59.5000 -21.6123 85 79 55
-25.0000 59.5000 -21.5621 87 79 56
-24.0000 59.5000 -21.5280 90 78 56
-23.0000 59.5000 -21.5052 93 78 57
-22.0000 59.5000 -21.4905 94 77 57
-21.0000 59.5000 -21.4833 94 77 57
-20.0000 59.5000 -21.4854 88 76 54
-19.0000 59.5000 -21.4998 89 78 56
-18.0000 59.5000 -21.5294 88 80 57
-17.0000 59.5000 -21.5752 86 78 55
-16.0000 59.5000 -21.6359 82 74 53
-15.0000 59.5000 -21.7091 81 73 52
-14.0000 59.5000 -21.7925 81 75 53
-13.0000 59.5000 -21.8851 82 76 54
-12.0000 59.5000 -21.9881 78 73 53
-11.0000 59.5000 -22.1042 78 73 53
-10.0000 59.5000 -22.2373 78 73 54
-9.0000 59.5000 -22.3918 78 73 54
-8.0000 59.5000 -22.5725 75 72 53
-7.0000 59.5000 -22.7836 73 70 51
-6.0000 59.5000 -23.0278 71 68 51
-5.0000 59.5000 -23.3059 70 67 50
-4.0000 59.5000 -23.6159 74 68 54
-3.0000 59.5000 -23.9535 69 63 49
-2.0000 59.5000 -24.3138 63 57 43
-1.0000 59.5000 -24.6924 59 56 41
0.0000 59.5000 -25.0867 59 56 41
1.0000 59.5000 -25.4964 59 56 41
2.0000 59.5000 -25.9238 58 55 40
3.0000 59.5000 -26.3732 55 53 38
4.0000 59.5000 -26.8521 54 52 37
5.0000 59.5000 -27.3714 51 52 36
6.0000 59.5000 -27.9457 49 50 34
7.0000 59.5000 -28.5944 47 48 32
8.0000 59.5000 -29.3413 45 46 30
9.0000 59.5000 -30.2135 42 45 28
10.0000 59.5000 -31.2393 40 43 26
11.0000 59.5000 -32.4439 39 41 27
12.0000 59.5000 -33.8431 32 32 24
13.0000 59.5000 -35.4367 30 29 24
14.0000 59.5000 -37.2029 30 27 22
15.0000 59.5000 -39.0953 27 24 19
16.0000 59.5000 -41.0457 23 20 15
17.0000 59.5000 -42.9734 20 17 12
18.0000 59.5000 -44.8000 19 14 10
19.0000 59.5000 -46.4665 18 13 9
22.0000 59.5000 -50.3748 21 13 10
23.0000 59.5000 -51.3844 21 13 10
24.0000 59.5000 -52.2866 22 12 10
-72.0000 58.5000 -54.9079 9 16 9
-71.0000 58.5000 -50.6399 12 19 12
-70.0000 58.5000 -47.0797 12 22 14
-69.0000 58.5000 -44.1436 16 23 15
-68.0000 58.5000 -41.7426 22 25 16
-67.0000 58.5000 -39.7868 23 25 14
-66.0000 58.5000 -38.1917 25 27 16
-65.0000 58.5000 -36.8837 27 29 18
-64.0000 58.5000 -35.8033 30 30 20
-63.0000 58.5000 -34.9033 32 32 22
-62.0000 58.5000 -34.1445 33 33 21
-61.0000 58.5000 -33.4912 34 34 22
-60.0000 58.5000 -32.9095 35 33 20
-59.0000 58.5000 -32.3690 36 34 21
-58.0000 58.5000 -31.8456 38 35 20
-57.0000 58.5000 -31.3241 39 36 21
-56.0000 58.5000 -30.7985 41 38 23
-55.0000 58.5000 -30.2701 42 39 24
-54.0000 58.5000 -29.7445 46 40 26
-53.0000 58.5000 -29.2288 45 42 27
-52.0000 58.5000 -28.7298 47 45 30
-51.0000 58.5000 -28.2528 45 46 30
-50.0000 58.5000 -27.8022 49 47 32
-49.0000 58.5000 -27.3807 50 48 33
-48.0000 58.5000 -26.9902 52 51 33
-47.0000 58.5000 -26.6309 53 52 34
-46.0000 58.5000 -26.3003 55 52 35
-45.0000 58.5000 -25.9933 56 53 34
-44.0000 58.5000 -25.7016 59 54 35
-43.0000 58.5000 -25.4154 59 54 35
-42.0000 58.5000 -25.1251 59 54 34
-41.0000 58.5000 -24.8241 60 55 35
-40.0000 58.5000 -24.5108 64 57 38
-39.0000 58.5000 -24.1883 66 59 40
-38.0000 58.5000 -23.8640 69 63 41
-37.0000 58.5000 -23.5466 71 65 43
-36.0000 58.5000 -23.2437 77 69 46
-35.0000 58.5000 -22.9598 76 70 46
-34.0000 58.5000 -22.6964 75 69 45
-33.0000 58.5000 -22.4529 74 70 45
-32.0000 58.5000 -22.2284 75 71 46
-31.0000 58.5000 -22.0238 77 73 48
-30.0000 58.5000 -21.8416 78 74 49
-29.0000 58.5000 -21.6854 80 76 51
-28.0000 58.5000 -21.5583 86 82 57
-27.0000 58.5000 -21.4614 87 81 57
-26.0000 58.5000 -21.3931 88 80 57
-25.0000 58.5000 -21.3490 90 79 57
-24.0000 58.5000 -21.3231 93 78 57
-23.0000 58.5000 -21.3093 94 77 57
-22.0000 58.5000 -21.3031 95 77 57
-21.0000 58.5000 -21.3024 94 77 57
-20.0000 58.5000 -21.3081 89 77 55
-19.0000 58.5000 -21.3227 90 79 57
-18.0000 58.5000 -21.3491 89 81 58
-17.0000 58.5000 -21.3887 87 79 56
-16.0000 58.5000 -21.4414 84 76 55
-15.0000 58.5000 -21.5060 83 75 54
-14.0000 58.5000 -21.5813 83 77 55
-13.0000 58.5000 -21.6671 85 79 57
-12.0000 58.5000 -21.7648 81 74 55
-11.0000 58.5000 -21.8764 80 75 55
-10.0000 58.5000 -22.0051 79 74 55
-9.0000 58.5000 -22.1543 79 74 55
-8.0000 58.5000 -22.3279 76 73 54
-7.0000 58.5000 -22.5297 74 71 52
-6.0000 58.5000 -22.7622 73 70 53
-5.0000 58.5000 -23.0259 73 70 53
-4.0000 58.5000 -23.3188 73 67 53
-3.0000 58.5000 -23.6367 69 63 49
-2.0000 58.5000 -23.9751 66 58 45
-1.0000 58.5000 -24.3304 63 57 43
0.0000 58.5000 -24.7013 64 58 44
1.0000 58.5000 -25.0892 63 60 45
2.0000 58.5000 -25.4976 63 57 43
3.0000 58.5000 -25.9322 59 56 41
4.0000 58.5000 -26.4004 56 53 38
5.0000 58.5000 -26.9127 54 52 37
6.0000 58.5000 -27.4826 53 51 36
7.0000 58.5000 -28.1279 48 49 33
8.0000 58.5000 -28.8709 48 46 31
9.0000 58.5000 -29.7371 43 44 28
10.0000 58.5000 -30.7537 41 42 26
11.0000 58.5000 -31.9442 40 41 27
12.0000 58.5000 -33.3222 34 34 26
13.0000 58.5000 -34.8839 32 31 26
14.0000 58.5000 -36.6030 31 28 23
15.0000 58.5000 -38.4294 27 24 19
16.0000 58.5000 -40.2939 24 21 16
17.0000 58.5000 -42.1188 22 19 14
18.0000 58.5000 -43.8328 21 16 12
19.0000 58.5000 -45.3850 20 15 11
22.0000 58.5000 -48.9866 21 13 10
23.0000 58.5000 -49.9039 21 13 10
24.0000 58.5000 -50.7166 22 12 10
25.0000 58.5000 -51.4304 22 12 10
26.0000 58.5000 -52.0459 22 12 10
27.0000 58.5000 -52.5735 21 13 10
30.0000 58.5000 -54.0625 17 14 9
31.0000 58.5000 -54.7303 17 14 9
-72.0000 57.5000 -54.7446 8 15 8
-71.0000 57.5000 -50.8293 11 18 11
-70.0000 57.5000 -47.4717 11 21 13
-69.0000 57.5000 -44.6269 15 22 14
-68.0000 57.5000 -42.2431 20 23 14
-67.0000 57.5000 -40.2597 22 24 13
-66.0000 57.5000 -38.6122 24 26 15
-65.0000 57.5000 -37.2386 26 28 17
-64.0000 57.5000 -36.0859 29 29 19
-63.0000 57.5000 -35.1105 32 32 22
-62.0000 57.5000 -34.2761 33 33 21
-61.0000 57.5000 -33.5505 34 34 22
-60.0000 57.5000 -32.9033 35 33 20
-59.0000 57.5000 -32.3068 36 34 21
-58.0000 57.5000 -31.7388 39 36 21
-57.0000 57.5000 -31.1843 40 37 22
-56.0000 57.5000 -30.6359 42 39 24
-55.0000 57.5000 -30.0925 43 40 25
-54.0000 57.5000 -29.5566 46 40 26
-53.0000 57.5000 -29.0327 45 42 27
-52.0000 57.5000 -28.5258 48 46 31
-51.0000 57.5000 -28.0405 49 47 32
-50.0000 57.5000 -27.5810 50 49 31
-49.0000 57.5000 -27.1509 51 50 32
-48.0000 57.5000 -26.7526 54 51 34
-47.0000 57.5000 -26.3864 55 52 35
-46.0000 57.5000 -26.0503 57 54 35
-45.0000 57.5000 -25.7388 57 54 35
-44.0000 57.5000 -25.4436 60 55 36
-43.0000 57.5000 -25.1546 60 55 35
-42.0000 57.5000 -24.8626 62 55 36
-41.0000 57.5000 -24.5612 63 56 37
-40.0000 57.5000 -24.2489 65 59 37
-39.0000 57.5000 -23.9295 68 62 40
-38.0000 57.5000 -23.6102 72 64 43
-37.0000 57.5000 -23.2999 73 65 44
-36.0000 57.5000 -23.0052 81 70 48
-35.0000 57.5000 -22.7300 81 71 46
-34.0000 57.5000 -22.4742 81 71 46
-33.0000 57.5000 -22.2364 79 72 46
-32.0000 57.5000 -22.0150 79 72 46
-31.0000 57.5000 -21.8108 80 74 48
-30.0000 57.5000 -21.6273 82 76 50
-29.0000 57.5000 -21.4692 83 77 51
-28.0000 57.5000 -21.3412 87 81 55
-27.0000 57.5000 -21.2456 88 81 55
-26.0000 57.5000 -21.1814 90 80 55
-25.0000 57.5000 -21.1440 91 79 55
-24.0000 57.5000 -21.1267 93 78 55
-23.0000 57.5000 -21.1224 94 78 55
-22.0000 57.5000 -21.1252 95 77 55
-21.0000 57.5000 -21.1318 95 77 55
-20.0000 57.5000 -21.1418 90 78 54
-19.0000 57.5000 -21.1572 91 81 56
-18.0000 57.5000 -21.1806 92 82 57
-17.0000 57.5000 -21.2140 91 81 56
-16.0000 57.5000 -21.2585 86 78 55
-15.0000 57.5000 -21.3141 85 77 54
-14.0000 57.5000 -21.3808 86 78 57
-13.0000 57.5000 -21.4593 87 81 59
-12.0000 57.5000 -21.5509 83 77 55
-11.0000 57.5000 -21.6575 83 77 55
-10.0000 57.5000 -21.7815 81 76 56
-9.0000 57.5000 -21.9254 79 74 54
-8.0000 57.5000 -22.0924 78 73 54
-7.0000 57.5000 -22.2857 78 73 54
-6.0000 57.5000 -22.5075 75 72 53
-5.0000 57.5000 -22.7583 77 71 55
-4.0000 57.5000 -23.0357 72 64 51
-3.0000 57.5000 -23.3357 70 62 49
-2.0000 57.5000 -23.6540 70 60 48
-1.0000 57.5000 -23.9879 70 62 49
0.0000 57.5000 -24.3375 71 63 50
1.0000 57.5000 -24.7057 69 63 49
2.0000 57.5000 -25.0973 66 58 45
3.0000 57.5000 -25.5186 61 55 41
4.0000 57.5000 -25.9774 59 53 39
5.0000 57.5000 -26.4833 55 52 37
6.0000 57.5000 -27.0487 53 50 35
7.0000 57.5000 -27.6899 50 48 33
8.0000 57.5000 -28.4272 48 45 30
9.0000 57.5000 -29.2852 44 42 27
10.0000 57.5000 -30.2894 42 40 25
11.0000 57.5000 -31.4618 39 40 26
12.0000 57.5000 -32.8131 36 36 26
13.0000 57.5000 -34.3359 34 34 26
14.0000 57.5000 -35.9993 32 29 22
15.0000 57.5000 -37.7499 28 25 18
16.0000 57.5000 -39.5189 25 22 15
17.0000 57.5000 -41.2336 23 20 13
18.0000 57.5000 -42.8316 23 18 12
19.0000 57.5000 -44.2716 23 18 12
20.0000 57.5000 -45.5387 22 15 9
21.0000 57.5000 -46.6408 22 15 9
22.0000 57.5000 -47.5999 22 15 9
23.0000 57.5000 -48.4400 22 15 9
24.0000 57.5000 -49.1780 23 14 9
25.0000 57.5000 -49.8224 23 14 9
26.0000 57.5000 -50.3797 24 15 10
27.0000 57.5000 -50.8660 23 16 10
30.0000 57.5000 -52.3289 17 14 9
31.0000 57.5000 -53.0029 17 14 9
32.0000 57.5000 -53.8264 17 14 9
-71.0000 56.5000 -51.2166 10 17 10
-70.0000 56.5000 -48.0078 10 20 12
-69.0000 56.5000 -45.2128 14 21 13
-68.0000 56.5000 -42.8161 19 22 13
-67.0000 56.5000 -40.7848 21 23 12
-66.0000 56.5000 -39.0720 23 25 14
-65.0000 56.5000 -37.6253 25 27 16
-64.0000 56.5000 -36.3955 29 29 19
-63.0000 56.5000 -35.3407 32 32 22
-62.0000 56.5000 -34.4262 33 33 21
-61.0000 56.5000 -33.6225 34 34 22
-60.0000 56.5000 -32.9025 35 33 20
-59.0000 56.5000 -32.2426 36 34 21
-58.0000 56.5000 -31.6232 39 36 21
-57.0000 56.5000 -31.0305 42 39 24
-56.0000 56.5000 -30.4563 43 40 25
-55.0000 56.5000 -29.8970 44 41 26
-54.0000 56.5000 -29.3522 46 40 26
-53.0000 56.5000 -28.8229 46 40 26
-52.0000 56.5000 -28.3114 50 47 32
-51.0000 56.5000 -27.8208 50 48 33
-50.0000 56.5000 -27.3548 51 50 32
-49.0000 56.5000 -26.9170 52 51 33
-48.0000 56.5000 -26.5105 55 52 35
-47.0000 56.5000 -26.1362 56 53 34
-46.0000 56.5000 -25.7925 58 55 36
-45.0000 56.5000 -25.4743 58 55 36
-44.0000 56.5000 -25.1736 63 58 38
-43.0000 56.5000 -24.8810 63 58 38
-42.0000 56.5000 -24.5874 64 57 38
-41.0000 56.5000 -24.2869 65 59 37
-40.0000 56.5000 -23.9783 68 62 40
-39.0000 56.5000 -23.6650 70 64 42
-38.0000 56.5000 -23.3540 74 66 45
-37.0000 56.5000 -23.0530 78 67 45
-36.0000 56.5000 -22.7681 84 72 48
-35.0000 56.5000 -22.5016 84 72 48
-34.0000 56.5000 -22.2531 84 72 48
-33.0000 56.5000 -22.0204 83 73 48
-32.0000 56.5000 -21.8018 84 74 49
-31.0000 56.5000 -21.5987 84 77 51
-30.0000 56.5000 -21.4150 86 79 53
-29.0000 56.5000 -21.2567 88 81 55
-28.0000 56.5000 -21.1294 90 83 57
-27.0000 56.5000 -21.0363 92 82 57
-26.0000 56.5000 -20.9767 93 81 57
-25.0000 56.5000 -20.9460 94 79 56
-24.0000 56.5000 -20.9370 95 79 56
-23.0000 56.5000 -20.9417 95 77 55
-22.0000 56.5000 -20.9530 97 76 55
-21.0000 56.5000 -20.9665 95 77 55
-20.0000 56.5000 -20.9809 92 77 54
-19.0000 56.5000 -20.9972 91 81 56
-18.0000 56.5000 -21.0179 93 83 58
-17.0000 56.5000 -21.0456 92 82 57
-16.0000 56.5000 -21.0821 90 79 57
-15.0000 56.5000 -21.1289 87 79 56
-14.0000 56.5000 -21.1869 88 80 59
-13.0000 56.5000 -21.2576 90 82 61
-12.0000 56.5000 -21.3427 87 79 58
-11.0000 56.5000 -21.4437 85 79 57
-10.0000 56.5000 -21.5623 83 76 57
-9.0000 56.5000 -21.7006 80 75 55
-8.0000 56.5000 -21.8611 79 74 55
-7.0000 56.5000 -22.0465 79 74 55
-6.0000 56.5000 -22.2588 79 74 55
-5.0000 56.5000 -22.4979 79 74 55
-4.0000 56.5000 -22.7617 74 65 50
-3.0000 56.5000 -23.0460 73 63 51
-2.0000 56.5000 -23.3470 73 63 51
-1.0000 56.5000 -23.6628 74 64 52
0.0000 56.5000 -23.9944 75 65 53
1.0000 56.5000 -24.3458 72 64 51
2.0000 56.5000 -24.7227 67 59 46
3.0000 56.5000 -25.1321 63 55 42
4.0000 56.5000 -25.5815 61 53 40
5.0000 56.5000 -26.0800 59 53 39
6.0000 56.5000 -26.6390 56 50 36
7.0000 56.5000 -27.2737 51 48 33
8.0000 56.5000 -28.0034 48 45 30
9.0000 56.5000 -28.8514 45 42 27
10.0000 56.5000 -29.8423 43 40 25
11.0000 56.5000 -30.9961 41 39 26
12.0000 56.5000 -32.3204 39 39 29
13.0000 56.5000 -33.8031 36 36 28
14.0000 56.5000 -35.4088 34 31 24
15.0000 56.5000 -37.0813 29 26 19
16.0000 56.5000 -38.7525 26 23 16
17.0000 56.5000 -40.3557 24 21 14
18.0000 56.5000 -41.8379 25 20 14
19.0000 56.5000 -43.1678 25 20 14
20.0000 56.5000 -44.3370 25 18 12
21.0000 56.5000 -45.3548 24 17 11
22.0000 56.5000 -46.2398 23 16 10
23.0000 56.5000 -47.0112 22 15 9
24.0000 56.5000 -47.6842 23 14 9
25.0000 56.5000 -48.2702 23 14 9
26.0000 56.5000 -48.7817 24 15 10
27.0000 56.5000 -49.2406 24 17 11
29.0000 56.5000 -50.1633 17 14 9
30.0000 56.5000 -50.7323 18 15 10
31.0000 56.5000 -51.4325 18 15 10
32.0000 56.5000 -52.2777 17 14 9
-71.0000 55.5000 -51.6372 9 16 9
-70.0000 55.5000 -48.5512 9 19 11
-69.0000 55.5000 -45.7928 13 20 12
-68.0000 55.5000 -43.3787 18 21 12
-67.0000 55.5000 -41.3000 20 22 11
-66.0000 55.5000 -39.5251 22 24 13
-65.0000 55.5000 -38.0093 25 27 16
-64.0000 55.5000 -36.7062 29 29 19
-63.0000 55.5000 -35.5743 31 31 21
-62.0000 55.5000 -34.5801 34 34 22
-61.0000 55.5000 -33.6962 35 35 23
-60.0000 55.5000 -32.8998 35 33 20
-59.0000 55.5000 -32.1714 36 34 21
-58.0000 55.5000 -31.4952 40 37 22
-57.0000 55.5000 -30.8596 43 40 25
-56.0000 55.5000 -30.2562 44 41 26
-55.0000 55.5000 -29.6796 45 42 27
-54.0000 55.5000 -29.1260 47 41 27
-53.0000 55.5000 -28.5931 46 40 26
-52.0000 55.5000 -28.0798 51 48 31
-51.0000 55.5000 -27.5872 51 48 31
-50.0000 55.5000 -27.1175 52 49 32
-49.0000 55.5000 -26.6744 54 51 34
-48.0000 55.5000 -26.2609 56 53 34
-47.0000 55.5000 -25.8787 57 54 35
-46.0000 55.5000 -25.5269 60 55 36
-45.0000 55.5000 -25.2011 61 56 36
-44.0000 55.5000 -24.8941 66 59 40
-43.0000 55.5000 -24.5973 66 59 40
-42.0000 55.5000 -24.3025 67 59 38
-41.0000 55.5000 -24.0041 69 61 40
-40.0000 55.5000 -23.7011 71 63 42
-39.0000 55.5000 -23.3963 74 66 43
-38.0000 55.5000 -23.0960 76 68 45
-37.0000 55.5000 -22.8064 80 69 47
-36.0000 55.5000 -22.5322 87 72 49
-35.0000 55.5000 -22.2750 88 72 49
-34.0000 55.5000 -22.0335 88 72 49
-33.0000 55.5000 -21.8055 88 73 50
-32.0000 55.5000 -21.5899 90 75 52
-31.0000 55.5000 -21.3883 91 79 55
-30.0000 55.5000 -21.2056 94 82 58
-29.0000 55.5000 -21.0484 94 84 59
-28.0000 55.5000 -20.9229 96 86 61
-27.0000 55.5000 -20.8328 97 85 61
-26.0000 55.5000 -20.7776 96 84 60
-25.0000 55.5000 -20.7529 98 83 60
-24.0000 55.5000 -20.7509 98 82 59
-23.0000 55.5000 -20.7631 98 80 58
-22.0000 55.5000 -20.7816 100 79 58
-21.0000 55.5000 -20.8010 97 79 57
-20.0000 55.5000 -20.8190 93 79 53
-19.0000 55.5000 -20.8360 93 81 55
-18.0000 55.5000 -20.8544 95 83 59
-17.0000 55.5000 -20.8768 93 83 58
-16.0000 55.5000 -20.9060 91 81 56
-15.0000 55.5000 -20.9444 90 80 55
-14.0000 55.5000 -20.9939 92 81 59
-13.0000 55.5000 -21.0566 92 84 61
-12.0000 55.5000 -21.1344 89 81 60
-11.0000 55.5000 -21.2289 86 80 58
-10.0000 55.5000 -21.3414 84 78 56
-9.0000 55.5000 -21.4736 82 76 54
-8.0000 55.5000 -21.6276 81 74 55
-7.0000 55.5000 -21.8057 80 75 55
-6.0000 55.5000 -22.0095 80 75 55
-5.0000 55.5000 -22.2386 81 76 57
-4.0000 55.5000 -22.4909 79 70 55
-3.0000 55.5000 -22.7623 78 66 54
-2.0000 55.5000 -23.0494 76 64 52
-1.0000 55.5000 -23.3509 73 63 51
0.0000 55.5000 -23.6686 74 64 52
1.0000 55.5000 -24.0068 73 63 51
2.0000 55.5000 -24.3717 70 60 48
3.0000 55.5000 -24.7703 65 57 44
4.0000 55.5000 -25.2100 64 56 43
5.0000 55.5000 -25.6994 62 56 42
6.0000 55.5000 -26.2496 60 54 40
7.0000 55.5000 -26.8752 56 50 36
8.0000 55.5000 -27.5954 53 47 33
9.0000 55.5000 -28.4331 48 45 30
10.0000 55.5000 -29.4120 45 42 27
11.0000 55.5000 -30.5498 43 41 28
12.0000 55.5000 -31.8504 40 40 30
13.0000 55.5000 -33.2968 37 37 29
14.0000 55.5000 -34.8488 34 31 24
15.0000 55.5000 -36.4473 30 27 20
16.0000 55.5000 -38.0252 26 23 16
17.0000 55.5000 -39.5214 25 22 15
18.0000 55.5000 -40.8916 26 21 15
19.0000 55.5000 -42.1137 27 22 16
20.0000 55.5000 -43.1858 28 21 15
21.0000 55.5000 -44.1187 26 19 13
22.0000 55.5000 -44.9289 24 17 11
23.0000 55.5000 -45.6324 23 16 10
24.0000 55.5000 -46.2435 23 14 9
25.0000 55.5000 -46.7760 23 14 9
26.0000 55.5000 -47.2481 24 15 10
27.0000 55.5000 -47.6871 23 16 10
28.0000 55.5000 -48.1324 18 13 9
29.0000 55.5000 -48.6324 17 14 9
30.0000 55.5000 -49.2347 18 15 10
31.0000 55.5000 -49.9718 18 15 10
32.0000 55.5000 -50.8496 18 15 10
-77.0000 54.5000 -73.8173 12 14 9
-71.0000 54.5000 -51.9664 8 15 8
-70.0000 54.5000 -49.0008 9 19 11
-69.0000 54.5000 -46.2884 13 20 12
-68.0000 54.5000 -43.8713 17 20 11
-67.0000 54.5000 -41.7604 20 22 11
-66.0000 54.5000 -39.9370 22 24 13
-65.0000 54.5000 -38.3634 25 27 16
-64.0000 54.5000 -36.9956 29 29 19
-63.0000 54.5000 -35.7929 31 31 21
-62.0000 54.5000 -34.7226 34 34 22
-61.0000 54.5000 -33.7600 35 35 23
-60.0000 54.5000 -32.8863 35 33 20
-59.0000 54.5000 -32.0871 37 35 22
-58.0000 54.5000 -31.3511 40 37 22
-57.0000 54.5000 -30.6690 43 40 25
-56.0000 54.5000 -30.0333 45 42 27
-55.0000 54.5000 -29.4372 45 42 27
-54.0000 54.5000 -28.8742 47 41 27
-53.0000 54.5000 -28.3385 46 40 26
-52.0000 54.5000 -27.8259 51 48 31
-51.0000 54.5000 -27.3345 52 49 32
-50.0000 54.5000 -26.8651 53 50 33
-49.0000 54.5000 -26.4201 54 51 32
-48.0000 54.5000 -26.0027 56 53 34
-47.0000 54.5000 -25.6149 58 55 36
-46.0000 54.5000 -25.2562 61 56 36
-45.0000 54.5000 -24.9233 61 56 36
-44.0000 54.5000 -24.6102 67 60 41
-43.0000 54.5000 -24.3093 67 61 39
-42.0000 54.5000 -24.0133 69 61 40
-41.0000 54.5000 -23.7177 70 62 41
-40.0000 54.5000 -23.4212 72 64 41
-39.0000 54.5000 -23.1264 75 67 44
-38.0000 54.5000 -22.8380 78 70 47
-37.0000 54.5000 -22.5608 82 70 46
-36.0000 54.5000 -22.2981 88 72 49
-35.0000 54.5000 -22.0504 90 72 50
-34.0000 54.5000 -21.8160 90 72 50
-33.0000 54.5000 -21.5929 91 75 52
-32.0000 54.5000 -21.3804 93 77 54
-31.0000 54.5000 -21.1810 95 80 57
-30.0000 54.5000 -21.0000 98 83 60
-29.0000 54.5000 -20.8445 98 86 62
-28.0000 54.5000 -20.7211 100 88 64
-27.0000 54.5000 -20.6339 100 88 64
-26.0000 54.5000 -20.5824 102 87 64
-25.0000 54.5000 -20.5622 101 86 63
-24.0000 54.5000 -20.5654 102 84 62
-23.0000 54.5000 -20.5830 101 83 61
-22.0000 54.5000 -20.6066 102 81 60
-21.0000 54.5000 -20.6301 102 81 60
-20.0000 54.5000 -20.6504 93 79 53
-19.0000 54.5000 -20.6674 93 81 55
-18.0000 54.5000 -20.6833 95 83 59
-17.0000 54.5000 -20.7010 95 83 59
-16.0000 54.5000 -20.7236 92 82 57
-15.0000 54.5000 -20.7541 91 81 56
-14.0000 54.5000 -20.7953 93 82 60
-13.0000 54.5000 -20.8497 95 84 62
-12.0000 54.5000 -20.9195 89 81 60
-11.0000 54.5000 -21.0064 88 80 59
-10.0000 54.5000 -21.1120 84 78 56
-9.0000 54.5000 -21.2377 82 76 54
-8.0000 54.5000 -21.3854 81 74 55
-7.0000 54.5000 -21.5571 81 74 55
-6.0000 54.5000 -21.7537 81 76 56
-5.0000 54.5000 -21.9748 83 76 58
-4.0000 54.5000 -22.2178 84 75 60
-3.0000 54.5000 -22.4792 81 69 57
-2.0000 54.5000 -22.7560 76 64 52
-1.0000 54.5000 -23.0473 74 62 50
0.0000 54.5000 -23.3552 72 62 50
1.0000 54.5000 -23.6842 72 62 50
2.0000 54.5000 -24.0402 71 61 49
3.0000 54.5000 -24.4297 69 59 47
4.0000 54.5000 -24.8598 68 60 47
5.0000 54.5000 -25.3388 66 58 45
6.0000 54.5000 -25.8780 63 57 43
7.0000 54.5000 -26.4925 59 53 39
8.0000 54.5000 -27.2021 56 50 36
9.0000 54.5000 -28.0301 52 46 32
10.0000 54.5000 -28.9992 48 45 30
11.0000 54.5000 -30.1249 45 43 30
12.0000 54.5000 -31.4069 43 40 31
13.0000 54.5000 -32.8231 38 38 30
14.0000 54.5000 -34.3284 35 32 25
15.0000 54.5000 -35.8610 30 27 20
16.0000 54.5000 -37.3548 27 24 17
17.0000 54.5000 -38.7527 26 23 16
18.0000 54.5000 -40.0177 27 22 16
19.0000 54.5000 -41.1351 28 23 17
20.0000 54.5000 -42.1086 30 23 17
21.0000 54.5000 -42.9518 28 21 15
22.0000 54.5000 -43.6809 25 18 12
23.0000 54.5000 -44.3113 23 16 10
24.0000 54.5000 -44.8576 23 14 9
25.0000 54.5000 -45.3365 22 13 8
26.0000 54.5000 -45.7709 23 14 9
27.0000 54.5000 -46.1921 23 16 10
28.0000 54.5000 -46.6411 18 13 9
29.0000 54.5000 -47.1638 18 15 10
30.0000 54.5000 -47.8014 18 15 10
31.0000 54.5000 -48.5780 18 15 10
32.0000 54.5000 -49.4915 18 15 10
33.0000 54.5000 -50.5154 17 14 9
-70.0000 53.5000 -49.2927 7 17 9
-69.0000 53.5000 -46.6501 10 17 9
-68.0000 53.5000 -44.2562 22 25 16
-67.0000 53.5000 -42.1367 23 25 14
-66.0000 53.5000 -40.2839 24 26 15
-65.0000 53.5000 -38.6667 25 27 16
-64.0000 53.5000 -37.2448 26 26 16
-63.0000 53.5000 -35.9791 26 26 16
-62.0000 53.5000 -34.8387 26 26 14
-61.0000 53.5000 -33.8017 26 26 14
-60.0000 53.5000 -32.8536 39 37 24
-59.0000 53.5000 -31.9847 38 36 23
-58.0000 53.5000 -31.1881 39 36 21
-57.0000 53.5000 -30.4578 39 36 21
-56.0000 53.5000 -29.7874 41 38 23
-55.0000 53.5000 -29.1697 44 41 26
-54.0000 53.5000 -28.5960 49 43 29
-53.0000 53.5000 -28.0578 51 45 31
-52.0000 53.5000 -27.5476 48 45 28
-51.0000 53.5000 -27.0608 49 46 27
-50.0000 53.5000 -26.5959 54 49 30
-49.0000 53.5000 -26.1538 57 52 33
-48.0000 53.5000 -25.7368 61 56 37
-47.0000 53.5000 -25.3469 65 60 40
-46.0000 53.5000 -24.9841 69 62 43
-45.0000 53.5000 -24.6459 70 63 44
-44.0000 53.5000 -24.3275 69 61 40
-43.0000 53.5000 -24.0227 70 62 41
-42.0000 53.5000 -23.7258 72 64 43
-41.0000 53.5000 -23.4329 74 66 43
-40.0000 53.5000 -23.1431 78 67 45
-39.0000 53.5000 -22.8583 80 69 47
-38.0000 53.5000 -22.5819 82 72 47
-37.0000 53.5000 -22.3173 83 71 47
-36.0000 53.5000 -22.0662 90 72 50
-35.0000 53.5000 -21.8279 93 73 49
-34.0000 53.5000 -21.6007 94 74 50
-33.0000 53.5000 -21.3827 93 75 51
-32.0000 53.5000 -21.1739 94 78 53
-31.0000 53.5000 -20.9772 94 80 54
-30.0000 53.5000 -20.7984 96 82 56
-29.0000 53.5000 -20.6449 96 82 56
-28.0000 53.5000 -20.5236 97 85 59
-27.0000 53.5000 -20.4384 95 83 57
-26.0000 53.5000 -20.3892 95 81 55
-25.0000 53.5000 -20.3716 96 82 56
-24.0000 53.5000 -20.3777 101 83 59
-23.0000 53.5000 -20.3982 103 85 61
-22.0000 53.5000 -20.4242 103 83 59
-21.0000 53.5000 -20.4493 98 80 56
-20.0000 53.5000 -20.4700 96 80 55
-19.0000 53.5000 -20.4859 95 81 55
-18.0000 53.5000 -20.4989 93 81 55
-17.0000 53.5000 -20.5119 93 81 55
-16.0000 53.5000 -20.5284 93 81 57
-15.0000 53.5000 -20.5516 93 81 57
-14.0000 53.5000 -20.5847 92 82 57
-13.0000 53.5000 -20.6305 92 82 57
-12.0000 53.5000 -20.6917 92 84 61
-11.0000 53.5000 -20.7705 91 83 60
-10.0000 53.5000 -20.8686 90 82 61
-9.0000 53.5000 -20.9879 89 81 60
-8.0000 53.5000 -21.1300 87 81 59
-7.0000 53.5000 -21.2965 87 81 59
-6.0000 53.5000 -21.4877 87 80 61
-5.0000 53.5000 -21.7027 87 80 62
-4.0000 53.5000 -21.9388 80 71 56
-3.0000 53.5000 -22.1930 80 68 56
-2.0000 53.5000 -22.4628 78 66 54
-1.0000 53.5000 -22.7477 78 66 54
0.0000 53.5000 -23.0500 77 67 55
1.0000 53.5000 -23.3737 75 65 53
2.0000 53.5000 -23.7239 71 61 49
3.0000 53.5000 -24.1064 67 57 45
4.0000 53.5000 -24.5275 72 64 51
5.0000 53.5000 -24.9957 68 60 47
6.0000 53.5000 -25.5228 62 56 42
7.0000 53.5000 -26.1249 59 53 39
8.0000 53.5000 -26.8234 58 52 38
9.0000 53.5000 -27.6423 58 52 38
10.0000 53.5000 -28.6037 54 51 36
11.0000 53.5000 -29.7205 51 49 36
12.0000 53.5000 -30.9881 48 46 34
13.0000 53.5000 -32.3796 41 41 31
14.0000 53.5000 -33.8453 37 34 25
15.0000 53.5000 -35.3212 30 27 18
16.0000 53.5000 -36.7412 26 23 14
17.0000 53.5000 -38.0513 25 22 13
18.0000 53.5000 -39.2193 26 22 13
19.0000 53.5000 -40.2359 28 24 15
20.0000 53.5000 -41.1094 29 22 14
21.0000 53.5000 -41.8571 26 19 11
22.0000 53.5000 -42.4973 24 17 9
23.0000 53.5000 -43.0473 25 18 10
24.0000 53.5000 -43.5240 29 20 13
25.0000 53.5000 -43.9473 30 21 14
26.0000 53.5000 -44.3433 28 19 12
27.0000 53.5000 -44.7464 24 17 11
28.0000 53.5000 -45.1975 24 19 15
29.0000 53.5000 -45.7400 23 20 15
30.0000 53.5000 -46.4091 23 20 15
31.0000 53.5000 -47.2212 22 19 14
32.0000 53.5000 -48.1668 21 18 13
33.0000 53.5000 -49.2144 18 15 10
-70.0000 52.5000 -49.3989 7 17 9
-69.0000 52.5000 -46.8570 10 17 9
-68.0000 52.5000 -44.5173 22 25 16
-67.0000 52.5000 -42.4157 22 24 13
-66.0000 52.5000 -40.5535 21 23 12
-65.0000 52.5000 -38.9069 21 23 12
-64.0000 52.5000 -37.4408 24 24 14
-63.0000 52.5000 -36.1201 27 27 17
-62.0000 52.5000 -34.9169 30 30 18
-61.0000 52.5000 -33.8123 32 32 20
-60.0000 52.5000 -32.7957 38 36 23
-59.0000 52.5000 -31.8615 39 37 24
-58.0000 52.5000 -31.0068 40 37 22
-57.0000 52.5000 -30.2288 42 39 24
-56.0000 52.5000 -29.5229 44 41 26
-55.0000 52.5000 -28.8819 46 43 28
-54.0000 52.5000 -28.2961 50 44 30
-53.0000 52.5000 -27.7549 52 46 30
-52.0000 52.5000 -27.2483 50 47 28
-51.0000 52.5000 -26.7687 51 48 29
-50.0000 52.5000 -26.3120 55 50 31
-49.0000 52.5000 -25.8773 58 53 34
-48.0000 52.5000 -25.4654 62 57 37
-47.0000 52.5000 -25.0776 65 60 40
-46.0000 52.5000 -24.7141 68 61 42
-45.0000 52.5000 -24.3729 69 63 41
-44.0000 52.5000 -24.0505 70 62 41
-43.0000 52.5000 -23.7424 71 63 40
-42.0000 52.5000 -23.4444 73 65 42
-41.0000 52.5000 -23.1537 75 67 44
-40.0000 52.5000 -22.8699 79 68 46
-39.0000 52.5000 -22.5944 81 70 48
-38.0000 52.5000 -22.3293 82 72 47
-37.0000 52.5000 -22.0765 86 71 48
-36.0000 52.5000 -21.8363 93 73 49
-35.0000 52.5000 -21.6074 95 73 50
-34.0000 52.5000 -21.3875 96 74 51
-33.0000 52.5000 -21.1749 97 77 53
-32.0000 52.5000 -20.9703 96 78 54
-31.0000 52.5000 -20.7769 97 81 56
-30.0000 52.5000 -20.6007 97 83 57
-29.0000 52.5000 -20.4493 98 84 58
-28.0000 52.5000 -20.3295 100 88 62
-27.0000 52.5000 -20.2453 99 87 61
-26.0000 52.5000 -20.1969 100 86 60
-25.0000 52.5000 -20.1797 100 86 60
-24.0000 52.5000 -20.1860 102 86 61
-23.0000 52.5000 -20.2063 104 86 62
-22.0000 52.5000 -20.2318 102 84 60
-21.0000 52.5000 -20.2557 101 83 59
-20.0000 52.5000 -20.2745 99 83 58
-19.0000 52.5000 -20.2876 98 84 58
-18.0000 52.5000 -20.2968 98 84 58
-17.0000 52.5000 -20.3049 96 84 58
-16.0000 52.5000 -20.3154 96 84 60
-15.0000 52.5000 -20.3316 96 84 60
-14.0000 52.5000 -20.3568 96 84 60
-13.0000 52.5000 -20.3943 95 85 60
-12.0000 52.5000 -20.4469 91 80 58
-11.0000 52.5000 -20.5176 88 80 57
-10.0000 52.5000 -20.6087 88 80 59
-9.0000 52.5000 -20.7223 88 80 59
-8.0000 52.5000 -20.8601 87 79 58
-7.0000 52.5000 -21.0229 84 78 56
-6.0000 52.5000 -21.2105 84 77 58
-5.0000 52.5000 -21.4214 84 75 58
-4.0000 52.5000 -21.6530 82 73 58
-3.0000 52.5000 -21.9026 82 70 58
-2.0000 52.5000 -22.1683 80 68 56
-1.0000 52.5000 -22.4503 78 68 56
0.0000 52.5000 -22.7505 78 68 56
1.0000 52.5000 -23.0723 76 66 54
2.0000 52.5000 -23.4196 72 62 50
3.0000 52.5000 -23.7971 68 60 47
4.0000 52.5000 -24.2104 72 64 51
5.0000 52.5000 -24.6679 67 61 47
6.0000 52.5000 -25.1824 62 56 42
7.0000 52.5000 -25.7717 59 53 39
8.0000 52.5000 -26.4589 59 53 39
9.0000 52.5000 -27.2689 56 53 38
10.0000 52.5000 -28.2233 54 51 36
11.0000 52.5000 -29.3325 51 49 36
12.0000 52.5000 -30.5879 40 40 28
13.0000 52.5000 -31.9578 37 37 27
14.0000 52.5000 -33.3890 34 31 22
15.0000 52.5000 -34.8154 29 26 17
16.0000 52.5000 -36.1707 26 23 14
17.0000 52.5000 -37.4025 25 22 13
18.0000 52.5000 -38.4813 27 23 14
19.0000 52.5000 -39.4015 27 23 14
20.0000 52.5000 -40.1751 29 22 14
21.0000 52.5000 -40.8235 27 20 12
22.0000 52.5000 -41.3695 25 18 10
23.0000 52.5000 -41.8343 26 19 11
24.0000 52.5000 -42.2386 29 20 13
25.0000 52.5000 -42.6054 30 21 14
26.0000 52.5000 -42.9634 28 19 12
27.0000 52.5000 -43.3476 25 18 10
28.0000 52.5000 -43.7984 24 19 13
29.0000 52.5000 -44.3555 23 20 15
30.0000 52.5000 -45.0486 23 20 15
31.0000 52.5000 -45.8873 22 19 14
32.0000 52.5000 -46.8558 20 17 12
33.0000 52.5000 -47.9185 18 15 10
36.0000 52.5000 -51.3512 22 19 14
37.0000 52.5000 -52.5626 20 17 12
38.0000 52.5000 -53.8335 17 14 9
-70.0000 51.5000 -49.3208 7 17 9
-69.0000 51.5000 -46.9110 10 17 9
-68.0000 51.5000 -44.6564 20 23 14
-67.0000 51.5000 -42.5983 20 22 11
-66.0000 51.5000 -40.7452 19 21 10
-65.0000 51.5000 -39.0813 19 21 10
-64.0000 51.5000 -37.5794 23 23 13
-63.0000 51.5000 -36.2105 28 28 18
-62.0000 51.5000 -34.9517 33 33 21
-61.0000 51.5000 -33.7877 36 36 24
-60.0000 51.5000 -32.7109 38 36 23
-59.0000 51.5000 -31.7189 39 37 24
-58.0000 51.5000 -30.8117 43 40 25
-57.0000 51.5000 -29.9891 45 42 27
-56.0000 51.5000 -29.2486 48 45 30
-55.0000 51.5000 -28.5838 49 46 31
-54.0000 51.5000 -27.9848 52 46 32
-53.0000 51.5000 -27.4396 52 46 30
-52.0000 51.5000 -26.9364 55 50 31
-51.0000 51.5000 -26.4652 56 51 31
-50.0000 51.5000 -26.0192 58 53 33
-49.0000 51.5000 -25.5951 60 55 35
-48.0000 51.5000 -25.1920 63 56 37
-47.0000 51.5000 -24.8099 66 59 40
-46.0000 51.5000 -24.4486 68 60 39
-45.0000 51.5000 -24.1066 69 61 40
-44.0000 51.5000 -23.7817 72 64 43
-43.0000 51.5000 -23.4709 73 65 42
-42.0000 51.5000 -23.1717 76 65 43
-41.0000 51.5000 -22.8827 78 68 43
-40.0000 51.5000 -22.6038 81 69 45
-39.0000 51.5000 -22.3361 83 71 47
-38.0000 51.5000 -22.0808 85 73 49
-37.0000 51.5000 -21.8386 88 73 50
-36.0000 51.5000 -21.6084 96 76 52
-35.0000 51.5000 -21.3882 97 75 51
-34.0000 51.5000 -21.1755 98 76 52
-33.0000 51.5000 -20.9689 99 79 54
-32.0000 51.5000 -20.7691 99 82 56
-31.0000 51.5000 -20.5796 99 83 57
-30.0000 51.5000 -20.4066 99 85 58
-29.0000 51.5000 -20.2573 98 87 59
-28.0000 51.5000 -20.1385 103 92 64
-27.0000 51.5000 -20.0543 104 93 65
-26.0000 51.5000 -20.0048 104 93 65
-25.0000 51.5000 -19.9857 105 91 64
-24.0000 51.5000 -19.9894 103 89 62
-23.0000 51.5000 -20.0064 103 87 61
-22.0000 51.5000 -20.0281 103 87 61
-21.0000 51.5000 -20.0479 104 88 62
-20.0000 51.5000 -20.0623 102 86 60
-19.0000 51.5000 -20.0708 101 87 60
-18.0000 51.5000 -20.0751 101 87 60
-17.0000 51.5000 -20.0779 101 87 60
-16.0000 51.5000 -20.0825 101 87 61
-15.0000 51.5000 -20.0921 99 87 61
-14.0000 51.5000 -20.1100 99 87 63
-13.0000 51.5000 -20.1397 98 88 63
-12.0000 51.5000 -20.1848 92 82 57
-11.0000 51.5000 -20.2485 93 83 58
-10.0000 51.5000 -20.3340 94 83 61
-9.0000 51.5000 -20.4435 92 84 61
-8.0000 51.5000 -20.5786 91 83 62
-7.0000 51.5000 -20.7396 89 81 60
-6.0000 51.5000 -20.9253 86 78 57
-5.0000 51.5000 -21.1340 84 76 57
-4.0000 51.5000 -21.3629 86 77 62
-3.0000 51.5000 -21.6100 83 73 61
-2.0000 51.5000 -21.8742 81 71 59
-1.0000 51.5000 -22.1558 81 71 59
0.0000 51.5000 -22.4567 81 71 59
1.0000 51.5000 -22.7792 78 70 57
2.0000 51.5000 -23.1258 73 65 52
3.0000 51.5000 -23.4999 70 62 49
4.0000 51.5000 -23.9063 71 63 50
5.0000 51.5000 -24.3536 67 61 47
6.0000 51.5000 -24.8555 62 56 42
7.0000 51.5000 -25.4318 58 55 40
8.0000 51.5000 -26.1074 57 54 39
9.0000 51.5000 -26.9083 56 53 38
10.0000 51.5000 -27.8553 54 51 36
11.0000 51.5000 -28.9564 50 48 35
12.0000 51.5000 -30.1993 35 35 23
13.0000 51.5000 -31.5483 33 33 21
14.0000 51.5000 -32.9474 32 30 18
15.0000 51.5000 -34.3284 29 27 15
16.0000 51.5000 -35.6248 27 25 13
17.0000 51.5000 -36.7850 26 24 12
18.0000 51.5000 -37.7808 27 23 12
19.0000 51.5000 -38.6085 27 23 12
20.0000 51.5000 -39.2840 29 22 12
21.0000 51.5000 -39.8333 28 21 11
22.0000 51.5000 -40.2846 27 20 10
23.0000 51.5000 -40.6646 27 20 10
24.0000 51.5000 -40.9983 30 21 12
25.0000 51.5000 -41.3116 31 22 13
26.0000 51.5000 -41.6343 29 20 11
27.0000 51.5000 -42.0009 27 20 12
28.0000 51.5000 -42.4493 24 19 13
29.0000 51.5000 -43.0152 23 20 15
30.0000 51.5000 -43.7228 23 20 15
31.0000 51.5000 -44.5761 22 19 14
32.0000 51.5000 -45.5546 21 18 13
33.0000 51.5000 -46.6199 18 15 10
36.0000 51.5000 -50.0240 25 22 17
37.0000 51.5000 -51.2237 22 19 14
38.0000 51.5000 -52.4863 17 14 9
-71.0000 50.5000 -51.3644 8 15 8
-70.0000 50.5000 -49.0780 8 18 10
-69.0000 50.5000 -46.8282 11 18 10
-68.0000 50.5000 -44.6865 19 22 13
-67.0000 50.5000 -42.6949 20 22 11
-66.0000 50.5000 -40.8672 20 22 11
-65.0000 50.5000 -39.1964 21 23 12
-64.0000 50.5000 -37.6649 25 25 15
-63.0000 50.5000 -36.2531 28 28 18
-62.0000 50.5000 -34.9449 32 32 20
-61.0000 50.5000 -33.7296 34 34 22
-60.0000 50.5000 -32.6020 38 36 23
-59.0000 50.5000 -31.5614 40 38 25
-58.0000 50.5000 -30.6097 44 41 26
-57.0000 50.5000 -29.7484 48 45 30
-56.0000 50.5000 -28.9762 51 48 33
-55.0000 50.5000 -28.2883 52 49 34
-54.0000 50.5000 -27.6753 54 48 34
-53.0000 50.5000 -27.1248 54 48 32
-52.0000 50.5000 -26.6238 59 54 35
-51.0000 50.5000 -26.1602 59 54 34
-50.0000 50.5000 -25.7252 60 55 35
-49.0000 50.5000 -25.3128 62 57 37
-48.0000 50.5000 -24.9201 64 57 38
-47.0000 50.5000 -24.5455 66 60 38
-46.0000 50.5000 -24.1882 68 60 39
-45.0000 50.5000 -23.8471 69 61 40
-44.0000 50.5000 -23.5209 74 66 43
-43.0000 50.5000 -23.2082 75 67 44
-42.0000 50.5000 -22.9082 78 68 43
-41.0000 50.5000 -22.6203 80 70 45
-40.0000 50.5000 -22.3453 84 72 48
-39.0000 50.5000 -22.0838 86 74 50
-38.0000 50.5000 -21.8366 87 75 51
-37.0000 50.5000 -21.6031 90 76 50
-36.0000 50.5000 -21.3817 99 77 53
-35.0000 50.5000 -21.1695 101 77 53
-34.0000 50.5000 -20.9639 101 79 55
-33.0000 50.5000 -20.7636 101 81 56
-32.0000 50.5000 -20.5693 101 84 58
-31.0000 50.5000 -20.3847 100 86 59
-30.0000 50.5000 -20.2155 99 88 60
-29.0000 50.5000 -20.0688 100 89 61
-28.0000 50.5000 -19.9508 104 93 65
-27.0000 50.5000 -19.8656 106 97 68
-26.0000 50.5000 -19.8132 108 97 69
-25.0000 50.5000 -19.7897 105 94 66
-24.0000 50.5000 -19.7878 101 90 62
-23.0000 50.5000 -19.7985 100 86 59
-22.0000 50.5000 -19.8134 102 88 61
-21.0000 50.5000 -19.8263 105 89 63
-20.0000 50.5000 -19.8340 104 88 62
-19.0000 50.5000 -19.8362 104 88 62
-18.0000 50.5000 -19.8346 103 89 62
-17.0000 50.5000 -19.8318 103 89 62
-16.0000 50.5000 -19.8307 103 89 63
-15.0000 50.5000 -19.8345 103 89 63
-14.0000 50.5000 -19.8463 101 89 65
-13.0000 50.5000 -19.8699 101 89 65
-12.0000 50.5000 -19.9092 100 88 64
-11.0000 50.5000 -19.9683 101 91 66
-10.0000 50.5000 -20.0505 103 92 70
-9.0000 50.5000 -20.1583 103 92 70
-8.0000 50.5000 -20.2927 100 92 71
-7.0000 50.5000 -20.4533 96 88 67
-6.0000 50.5000 -20.6387 93 85 64
-5.0000 50.5000 -20.8464 90 82 63
-4.0000 50.5000 -21.0742 89 80 65
-3.0000 50.5000 -21.3206 86 78 65
-2.0000 50.5000 -21.5850 84 74 62
-1.0000 50.5000 -21.8683 83 75 62
0.0000 50.5000 -22.1715 82 74 61
1.0000 50.5000 -22.4961 79 73 59
2.0000 50.5000 -22.8431 76 68 55
3.0000 50.5000 -23.2144 71 65 51
4.0000 50.5000 -23.6145 70 64 50
5.0000 50.5000 -24.0519 65 62 47
6.0000 50.5000 -24.5416 61 58 43
7.0000 50.5000 -25.1052 58 56 41
8.0000 50.5000 -25.7692 59 56 41
9.0000 50.5000 -26.5604 56 54 39
10.0000 50.5000 -27.4990 53 51 36
11.0000 50.5000 -28.5905 48 49 33
12.0000 50.5000 -29.8195 37 37 25
13.0000 50.5000 -31.1467 36 36 24
14.0000 50.5000 -32.5134 35 33 21
15.0000 50.5000 -33.8501 33 31 19
16.0000 50.5000 -35.0900 30 28 16
17.0000 50.5000 -36.1815 28 26 14
18.0000 50.5000 -37.0973 27 23 12
19.0000 50.5000 -37.8360 26 22 11
20.0000 50.5000 -38.4167 30 23 13
21.0000 50.5000 -38.8706 30 23 13
22.0000 50.5000 -39.2319 29 22 12
23.0000 50.5000 -39.5330 29 22 12
24.0000 50.5000 -39.8031 31 22 13
25.0000 50.5000 -40.0702 31 22 13
26.0000 50.5000 -40.3638 31 22 13
27.0000 50.5000 -40.7162 29 22 14
28.0000 50.5000 -41.1617 25 20 14
29.0000 50.5000 -41.7312 24 21 16
30.0000 50.5000 -42.4437 24 21 16
31.0000 50.5000 -43.2987 23 20 15
32.0000 50.5000 -44.2730 21 18 13
33.0000 50.5000 -45.3274 19 16 11
34.0000 50.5000 -46.4228 17 14 9
36.0000 50.5000 -48.6725 19 16 11
37.0000 50.5000 -49.8522 17 14 9
42.0000 50.5000 -56.4971 17 14 9
43.0000 50.5000 -57.7668 16 15 10
47.0000 50.5000 -62.8718 13 14 9
-71.0000 49.5000 -50.7590 8 15 8
-70.0000 49.5000 -48.6943 8 18 10
-69.0000 49.5000 -46.6276 11 18 10
-68.0000 49.5000 -44.6226 17 20 11
-67.0000 49.5000 -42.7184 20 22 11
-66.0000 49.5000 -40.9314 23 25 14
-65.0000 49.5000 -39.2631 26 28 17
-64.0000 49.5000 -37.7075 28 28 18
-63.0000 49.5000 -36.2568 29 29 19
-62.0000 49.5000 -34.9040 28 28 16
-61.0000 49.5000 -33.6439 28 28 16
-60.0000 49.5000 -32.4741 38 36 23
-59.0000 49.5000 -31.3948 40 38 25
-58.0000 49.5000 -30.4077 45 42 27
-57.0000 49.5000 -29.5148 49 46 31
-56.0000 49.5000 -28.7159 52 49 34
-55.0000 49.5000 -28.0072 53 50 35
-54.0000 49.5000 -27.3801 56 50 36
-53.0000 49.5000 -26.8227 56 50 34
-52.0000 49.5000 -26.3215 62 55 37
-51.0000 49.5000 -25.8632 63 56 37
-50.0000 49.5000 -25.4368 64 57 38
-49.0000 49.5000 -25.0346 65 58 39
-48.0000 49.5000 -24.6513 66 60 38
-47.0000 49.5000 -24.2841 67 61 39
-46.0000 49.5000 -23.9313 69 61 40
-45.0000 49.5000 -23.5921 69 61 38
-44.0000 49.5000 -23.2659 78 67 45
-43.0000 49.5000 -22.9526 79 68 46
-42.0000 49.5000 -22.6523 81 69 45
-41.0000 49.5000 -22.3657 83 71 47
-40.0000 49.5000 -22.0937 86 74 48
-39.0000 49.5000 -21.8371 88 76 50
-38.0000 49.5000 -21.5960 89 77 51
-37.0000 49.5000 -21.3695 92 78 52
-36.0000 49.5000 -21.1552 100 78 54
-35.0000 49.5000 -20.9501 103 79 55
-34.0000 49.5000 -20.7515 102 80 56
-33.0000 49.5000 -20.5578 103 83 58
-32.0000 49.5000 -20.3700 102 85 59
-31.0000 49.5000 -20.1914 102 88 61
-30.0000 49.5000 -20.0272 101 90 62
-29.0000 49.5000 -19.8837 101 92 63
-28.0000 49.5000 -19.7667 103 94 65
-27.0000 49.5000 -19.6797 103 96 67
-26.0000 49.5000 -19.6229 107 98 69
-25.0000 49.5000 -19.5927 104 95 66
-24.0000 49.5000 -19.5823 100 91 62
-23.0000 49.5000 -19.5837 98 87 59
-22.0000 49.5000 -19.5890 99 88 60
-21.0000 49.5000 -19.5927 104 90 63
-20.0000 49.5000 -19.5921 105 90 61
-19.0000 49.5000 -19.5870 105 90 61
-18.0000 49.5000 -19.5792 105 89 63
-17.0000 49.5000 -19.5710 105 89 63
-16.0000 49.5000 -19.5650 104 90 63
-15.0000 49.5000 -19.5642 104 90 63
-14.0000 49.5000 -19.5718 104 90 64
-13.0000 49.5000 -19.5916 102 90 64
-12.0000 49.5000 -19.6281 105 93 69
-11.0000 49.5000 -19.6856 107 95 71
-10.0000 49.5000 -19.7674 107 97 72
-9.0000 49.5000 -19.8759 107 97 72
-8.0000 49.5000 -20.0116 106 95 73
-7.0000 49.5000 -20.1733 102 91 69
-6.0000 49.5000 -20.3592 96 88 65
-5.0000 49.5000 -20.5668 93 85 64
-4.0000 49.5000 -20.7945 91 84 68
-3.0000 49.5000 -21.0412 88 82 68
-2.0000 49.5000 -21.3072 86 78 65
-1.0000 49.5000 -21.5930 84 78 64
0.0000 49.5000 -21.8993 83 77 63
1.0000 49.5000 -22.2261 79 76 61
2.0000 49.5000 -22.5734 76 70 56
3.0000 49.5000 -22.9420 70 67 52
4.0000 49.5000 -23.3358 69 66 51
5.0000 49.5000 -23.7638 65 63 48
6.0000 49.5000 -24.2422 62 60 45
7.0000 49.5000 -24.7939 59 60 44
8.0000 49.5000 -25.4469 60 58 43
9.0000 49.5000 -26.2284 56 57 41
10.0000 49.5000 -27.1578 52 53 37
11.0000 49.5000 -28.2385 49 50 34
12.0000 49.5000 -29.4516 44 44 32
13.0000 49.5000 -30.7552 42 42 30
14.0000 49.5000 -32.0879 41 39 27
15.0000 49.5000 -33.3790 37 35 23
16.0000 49.5000 -34.5612 33 31 19
17.0000 49.5000 -35.5837 29 27 15
18.0000 49.5000 -36.4206 28 24 13
19.0000 49.5000 -37.0726 27 23 12
20.0000 49.5000 -37.5631 31 24 14
21.0000 49.5000 -37.9282 31 24 14
22.0000 49.5000 -38.2082 32 25 15
23.0000 49.5000 -38.4405 32 25 15
24.0000 49.5000 -38.6577 32 23 14
25.0000 49.5000 -38.8889 32 23 14
26.0000 49.5000 -39.1620 32 23 14
27.0000 49.5000 -39.5062 32 25 17
28.0000 49.5000 -39.9507 26 21 15
29.0000 49.5000 -40.5208 26 23 18
30.0000 49.5000 -41.2304 25 22 17
31.0000 49.5000 -42.0758 25 22 17
32.0000 49.5000 -43.0329 23 20 15
33.0000 49.5000 -44.0643 21 18 13
34.0000 49.5000 -45.1334 18 15 10
35.0000 49.5000 -46.2203 17 14 9
37.0000 49.5000 -48.4866 17 14 9
38.0000 49.5000 -49.7155 18 15 10
39.0000 49.5000 -51.0232 20 17 12
40.0000 49.5000 -52.3865 19 16 11
41.0000 49.5000 -53.7574 18 15 10
42.0000 49.5000 -55.0821 17 14 9
-80.0000 48.5000 -60.6839 12 14 9
-79.0000 48.5000 -59.1251 12 14 9
-71.0000 48.5000 -50.0178 9 16 9
-70.0000 48.5000 -48.1867 9 19 11
-69.0000 48.5000 -46.3213 12 19 11
-68.0000 48.5000 -44.4736 16 19 10
-67.0000 48.5000 -42.6760 19 21 10
-66.0000 48.5000 -40.9456 24 26 15
-65.0000 48.5000 -39.2910 28 30 19
-64.0000 48.5000 -37.7182 30 30 20
-63.0000 48.5000 -36.2327 29 29 19
-62.0000 48.5000 -34.8388 27 27 15
-61.0000 48.5000 -33.5387 26 26 14
-60.0000 48.5000 -32.3333 39 37 24
-59.0000 48.5000 -31.2231 40 38 25
-58.0000 48.5000 -30.2092 44 41 26
-57.0000 48.5000 -29.2925 48 45 30
-56.0000 48.5000 -28.4728 51 48 33
-55.0000 48.5000 -27.7464 54 51 36
-54.0000 48.5000 -27.1059 57 51 37
-53.0000 48.5000 -26.5402 58 52 36
-52.0000 48.5000 -26.0358 63 56 38
-51.0000 48.5000 -25.5788 64 57 38
-50.0000 48.5000 -25.1571 65 58 39
-49.0000 48.5000 -24.7611 66 59 40
-48.0000 48.5000 -24.3843 68 62 40
-47.0000 48.5000 -24.0227 69 63 41
-46.0000 48.5000 -23.6741 71 63 40
-45.0000 48.5000 -23.3374 71 63 40
-44.0000 48.5000 -23.0127 80 69 47
-43.0000 48.5000 -22.7004 81 70 48
-42.0000 48.5000 -22.4013 84 72 48
-41.0000 48.5000 -22.1165 86 74 50
-40.0000 48.5000 -21.8472 88 76 50
-39.0000 48.5000 -21.5943 90 78 52
-38.0000 48.5000 -21.3577 91 79 53
-37.0000 48.5000 -21.1363 95 79 54
-36.0000 48.5000 -20.9277 100 80 55
-35.0000 48.5000 -20.7287 102 80 56
-34.0000 48.5000 -20.5367 102 82 57
-33.0000 48.5000 -20.3503 102 85 59
-32.0000 48.5000 -20.1701 102 86 60
-31.0000 48.5000 -19.9989 103 89 62
-30.0000 48.5000 -19.8412 102 91 63
-29.0000 48.5000 -19.7021 100 93 64
-28.0000 48.5000 -19.5866 102 95 66
-27.0000 48.5000 -19.4974 103 96 67
-26.0000 48.5000 -19.4348 103 96 67
-25.0000 48.5000 -19.3957 102 95 66
-24.0000 48.5000 -19.3744 102 93 64
-23.0000 48.5000 -19.3639 101 92 63
-22.0000 48.5000 -19.3576 102 91 63
-21.0000 48.5000 -19.3506 103 92 64
-20.0000 48.5000 -19.3409 108 94 65
-19.0000 48.5000 -19.3284 109 94 65
-18.0000 48.5000 -19.3148 109 93 67
-17.0000 48.5000 -19.3022 109 93 67
-16.0000 48.5000 -19.2929 108 94 67
-15.0000 48.5000 -19.2894 108 94 67
-14.0000 48.5000 -19.2951 108 94 68
-13.0000 48.5000 -19.3142 108 94 68
-12.0000 48.5000 -19.3511 107 95 71
-11.0000 48.5000 -19.4102 107 95 71
-10.0000 48.5000 -19.4948 106 96 71
-9.0000 48.5000 -19.6064 106 96 71
-8.0000 48.5000 -19.7449 104 93 71
-7.0000 48.5000 -19.9086 100 89 67
-6.0000 48.5000 -20.0955 95 87 64
-5.0000 48.5000 -20.3035 92 86 64
-4.0000 48.5000 -20.5315 92 86 70
-3.0000 48.5000 -20.7792 90 84 70
-2.0000 48.5000 -21.0470 87 81 67
-1.0000 48.5000 -21.3354 83 80 65
0.0000 48.5000 -21.6443 83 80 65
1.0000 48.5000 -21.9727 80 77 62
2.0000 48.5000 -22.3194 75 72 57
3.0000 48.5000 -22.6848 69 67 52
4.0000 48.5000 -23.0726 70 68 53
5.0000 48.5000 -23.4924 65 66 50
6.0000 48.5000 -23.9612 63 64 48
7.0000 48.5000 -24.5031 62 63 47
8.0000 48.5000 -25.1467 61 62 46
9.0000 48.5000 -25.9194 58 61 44
10.0000 48.5000 -26.8395 53 56 39
11.0000 48.5000 -27.9081 49 52 35
12.0000 48.5000 -29.1036 48 49 35
13.0000 48.5000 -30.3811 45 45 33
14.0000 48.5000 -31.6769 43 41 29
15.0000 48.5000 -32.9193 38 36 24
16.0000 48.5000 -34.0412 33 31 19
17.0000 48.5000 -34.9930 30 28 16
18.0000 48.5000 -35.7510 30 26 15
19.0000 48.5000 -36.3193 29 25 14
20.0000 48.5000 -36.7253 32 25 15
21.0000 48.5000 -37.0103 33 26 16
22.0000 48.5000 -37.2197 34 27 17
23.0000 48.5000 -37.3953 34 27 17
24.0000 48.5000 -37.5720 33 24 15
25.0000 48.5000 -37.7789 32 23 14
26.0000 48.5000 -38.0419 34 25 16
27.0000 48.5000 -38.3857 34 27 19
28.0000 48.5000 -38.8334 29 24 18
29.0000 48.5000 -39.4040 28 25 20
30.0000 48.5000 -40.1063 28 25 20
31.0000 48.5000 -40.9342 27 24 19
32.0000 48.5000 -41.8648 25 22 17
33.0000 48.5000 -42.8647 23 20 15
34.0000 48.5000 -43.9020 21 18 13
35.0000 48.5000 -44.9602 19 16 11
36.0000 48.5000 -46.0456 20 17 12
37.0000 48.5000 -47.1821 22 19 14
38.0000 48.5000 -48.3954 23 20 15
39.0000 48.5000 -49.6929 24 21 16
40.0000 48.5000 -51.0514 21 18 13
41.0000 48.5000 -52.4202 17 14 9
-80.0000 47.5000 -57.5179 14 16 11
-79.0000 47.5000 -56.4040 13 15 10
-71.0000 47.5000 -49.1521 9 16 9
-70.0000 47.5000 -47.5610 9 19 11
-69.0000 47.5000 -45.9101 12 19 11
-68.0000 47.5000 -44.2371 14 17 8
-67.0000 47.5000 -42.5653 18 20 9
-66.0000 47.5000 -40.9093 22 24 13
-65.0000 47.5000 -39.2831 25 27 16
-64.0000 47.5000 -37.7036 29 29 19
-63.0000 47.5000 -36.1898 30 30 20
-62.0000 47.5000 -34.7586 30 30 18
-61.0000 47.5000 -33.4216 30 30 18
-60.0000 47.5000 -32.1845 39 37 24
-59.0000 47.5000 -31.0489 40 38 25
-58.0000 47.5000 -30.0146 43 40 25
-57.0000 47.5000 -29.0807 46 43 28
-56.0000 47.5000 -28.2454 49 46 31
-55.0000 47.5000 -27.5050 53 50 35
-54.0000 47.5000 -26.8524 58 52 38
-53.0000 47.5000 -26.2771 60 54 38
-52.0000 47.5000 -25.7661 63 56 38
-51.0000 47.5000 -25.3058 64 57 38
-50.0000 47.5000 -24.8834 65 59 37
-49.0000 47.5000 -24.4888 67 61 39
-48.0000 47.5000 -24.1146 70 62 41
-47.0000 47.5000 -23.7560 72 64 43
-46.0000 47.5000 -23.4106 73 65 42
-45.0000 47.5000 -23.0773 74 66 43
-44.0000 47.5000 -22.7559 82 72 47
-43.0000 47.5000 -22.4469 83 73 48
-42.0000 47.5000 -22.1510 85 73 49
-41.0000 47.5000 -21.8694 87 75 51
-40.0000 47.5000 -21.6031 89 77 51
-39.0000 47.5000 -21.3531 91 79 53
-38.0000 47.5000 -21.1196 95 81 55
-37.0000 47.5000 -20.9017 97 81 56
-36.0000 47.5000 -20.6973 100 80 55
-35.0000 47.5000 -20.5037 102 81 54
-34.0000 47.5000 -20.3182 102 82 55
-33.0000 47.5000 -20.1396 102 85 57
-32.0000 47.5000 -19.9682 102 87 58
-31.0000 47.5000 -19.8062 101 90 60
-30.0000 47.5000 -19.6567 101 92 61
-29.0000 47.5000 -19.5237 100 94 62
-28.0000 47.5000 -19.4104 106 100 68
-27.0000 47.5000 -19.3191 104 99 67
-26.0000 47.5000 -19.2498 102 97 65
-25.0000 47.5000 -19.2003 103 98 66
-24.0000 47.5000 -19.1661 105 99 67
-23.0000 47.5000 -19.1420 105 99 67
-22.0000 47.5000 -19.1227 106 97 66
-21.0000 47.5000 -19.1045 106 95 65
-20.0000 47.5000 -19.0858 113 99 70
-19.0000 47.5000 -19.0669 114 99 70
-18.0000 47.5000 -19.0489 114 99 70
-17.0000 47.5000 -19.0336 114 99 70
-16.0000 47.5000 -19.0228 113 99 72
-15.0000 47.5000 -19.0191 113 99 72
-14.0000 47.5000 -19.0257 113 99 73
-13.0000 47.5000 -19.0468 113 99 73
-12.0000 47.5000 -19.0872 112 100 74
-11.0000 47.5000 -19.1508 111 99 73
-10.0000 47.5000 -19.2405 109 99 74
-9.0000 47.5000 -19.3571 107 97 72
-8.0000 47.5000 -19.4995 104 93 71
-7.0000 47.5000 -19.6659 102 91 69
-6.0000 47.5000 -19.8541 98 90 67
-5.0000 47.5000 -20.0627 96 90 68
-4.0000 47.5000 -20.2912 93 87 71
-3.0000 47.5000 -20.5399 89 86 71
-2.0000 47.5000 -20.8093 86 83 68
-1.0000 47.5000 -21.0997 84 81 66
0.0000 47.5000 -21.4100 83 80 65
1.0000 47.5000 -21.7385 79 77 62
2.0000 47.5000 -22.0836 74 72 57
3.0000 47.5000 -22.4455 69 67 52
4.0000 47.5000 -22.8282 72 70 55
5.0000 47.5000 -23.2419 67 68 52
6.0000 47.5000 -23.7041 65 66 50
7.0000 47.5000 -24.2393 63 66 49
8.0000 47.5000 -24.8763 63 66 49
9.0000 47.5000 -25.6417 60 63 46
10.0000 47.5000 -26.5526 55 58 41
11.0000 47.5000 -27.6078 51 54 37
12.0000 47.5000 -28.7833 47 48 34
13.0000 47.5000 -30.0314 43 44 30
14.0000 47.5000 -31.2867 40 38 25
15.0000 47.5000 -32.4769 34 32 19
16.0000 47.5000 -33.5359 31 29 16
17.0000 47.5000 -34.4161 30 28 15
18.0000 47.5000 -35.0970 31 27 15
19.0000 47.5000 -35.5864 32 28 16
20.0000 47.5000 -35.9159 32 26 14
21.0000 47.5000 -36.1312 34 28 16
22.0000 47.5000 -36.2820 36 30 18
23.0000 47.5000 -36.4131 35 29 17
24.0000 47.5000 -36.5614 34 26 15
25.0000 47.5000 -36.7555 33 25 14
26.0000 47.5000 -37.0186 35 27 16
27.0000 47.5000 -37.3705 36 29 19
28.0000 47.5000 -37.8276 31 26 20
29.0000 47.5000 -38.4017 30 27 22
30.0000 47.5000 -39.0963 30 27 22
31.0000 47.5000 -39.9033 29 26 21
32.0000 47.5000 -40.8029 28 25 20
33.0000 47.5000 -41.7676 25 22 17
34.0000 47.5000 -42.7721 23 20 15
35.0000 47.5000 -43.8043 22 19 14
36.0000 47.5000 -44.8712 22 19 14
37.0000 47.5000 -45.9955 23 20 15
38.0000 47.5000 -47.2006 23 20 15
39.0000 47.5000 -48.4926 23 20 15
40.0000 47.5000 -49.8482 21 18 13
41.0000 47.5000 -51.2159 17 14 9
44.0000 47.5000 -54.8760 15 14 10
45.0000 47.5000 -55.9328 13 14 9
-81.0000 46.5000 -56.2605 13 14 9
-80.0000 46.5000 -54.9230 15 17 12
-79.0000 46.5000 -54.0757 14 16 11
-72.0000 46.5000 -49.4053 8 15 8
-71.0000 46.5000 -48.1663 9 16 9
-70.0000 46.5000 -46.8158 9 19 11
-69.0000 46.5000 -45.3874 12 19 11
-68.0000 46.5000 -43.9032 15 16 8
-67.0000 46.5000 -42.3754 17 17 7
-66.0000 46.5000 -40.8143 20 20 10
-65.0000 46.5000 -39.2357 23 23 13
-64.0000 46.5000 -37.6650 27 27 17
-63.0000 46.5000 -36.1334 31 31 19
-62.0000 46.5000 -34.6708 34 34 22
-61.0000 46.5000 -33.2996 36 37 23
-60.0000 46.5000 -32.0324 40 38 25
-59.0000 46.5000 -30.8734 40 38 23
-58.0000 46.5000 -29.8217 41 39 24
-57.0000 46.5000 -28.8745 43 42 24
-56.0000 46.5000 -28.0278 48 45 28
-55.0000 46.5000 -27.2762 52 49 32
-54.0000 46.5000 -26.6125 57 54 37
-53.0000 46.5000 -26.0264 61 56 37
-52.0000 46.5000 -25.5058 63 56 37
-51.0000 46.5000 -25.0375 64 58 36
-50.0000 46.5000 -24.6092 66 60 38
-49.0000 46.5000 -24.2108 69 61 40
-48.0000 46.5000 -23.8350 71 63 42
-47.0000 46.5000 -23.4771 73 65 42
-46.0000 46.5000 -23.1343 74 66 43
-45.0000 46.5000 -22.8054 77 67 42
-44.0000 46.5000 -22.4896 83 73 48
-43.0000 46.5000 -22.1866 84 72 48
-42.0000 46.5000 -21.8965 86 74 50
-41.0000 46.5000 -21.6198 88 76 50
-40.0000 46.5000 -21.3573 90 78 52
-39.0000 46.5000 -21.1102 94 80 54
-38.0000 46.5000 -20.8791 96 82 56
-37.0000 46.5000 -20.6637 98 82 56
-36.0000 46.5000 -20.4626 98 81 55
-35.0000 46.5000 -20.2737 101 81 54
-34.0000 46.5000 -20.0948 100 83 55
-33.0000 46.5000 -19.9248 102 85 57
-32.0000 46.5000 -19.7637 102 87 58
-31.0000 46.5000 -19.6124 101 90 60
-30.0000 46.5000 -19.4730 101 92 61
-29.0000 46.5000 -19.3474 102 93 62
-28.0000 46.5000 -19.2376 109 103 71
-27.0000 46.5000 -19.1446 106 100 68
-26.0000 46.5000 -19.0684 104 98 66
-25.0000 46.5000 -19.0076 106 100 68
-24.0000 46.5000 -18.9596 111 102 71
-23.0000 46.5000 -18.9210 112 103 72
-22.0000 46.5000 -18.8883 110 101 70
-21.0000 46.5000 -18.8592 109 98 68
-20.0000 46.5000 -18.8326 119 103 77
-19.0000 46.5000 -18.8086 120 103 77
-18.0000 46.5000 -18.7882 120 103 77
-17.0000 46.5000 -18.7724 120 103 77
-16.0000 46.5000 -18.7627 119 103 77
-15.0000 46.5000 -18.7612 119 103 77
-14.0000 46.5000 -18.7711 119 103 78
-13.0000 46.5000 -18.7967 119 103 78
-12.0000 46.5000 -18.8427 121 107 81
-11.0000 46.5000 -18.9128 120 106 80
-10.0000 46.5000 -19.0090 115 103 77
-9.0000 46.5000 -19.1315 112 100 74
-8.0000 46.5000 -19.2785 110 98 74
-7.0000 46.5000 -19.4479 108 96 72
-6.0000 46.5000 -19.6379 106 96 71
-5.0000 46.5000 -19.8474 103 95 72
-4.0000 46.5000 -20.0766 95 88 70
-3.0000 46.5000 -20.3262 91 85 69
-2.0000 46.5000 -20.5967 88 82 66
-1.0000 46.5000 -20.8877 84 81 64
0.0000 46.5000 -21.1978 82 81 63
1.0000 46.5000 -21.5248 79 78 60
2.0000 46.5000 -21.8672 73 72 54
3.0000 46.5000 -22.2257 69 67 52
4.0000 46.5000 -22.6050 73 71 56
5.0000 46.5000 -23.0156 71 69 54
6.0000 46.5000 -23.4752 67 68 52
7.0000 46.5000 -24.0079 66 67 51
8.0000 46.5000 -24.6414 66 67 51
9.0000 46.5000 -25.4013 62 65 48
10.0000 46.5000 -26.3026 56 60 43
11.0000 46.5000 -27.3424 51 55 38
12.0000 46.5000 -28.4943 42 44 30
13.0000 46.5000 -29.7089 40 41 27
14.0000 46.5000 -30.9199 36 34 21
15.0000 46.5000 -32.0554 31 29 16
16.0000 46.5000 -33.0510 29 27 14
17.0000 46.5000 -33.8621 29 27 14
18.0000 46.5000 -34.4714 31 29 16
19.0000 46.5000 -34.8904 34 30 18
20.0000 46.5000 -35.1543 30 26 14
21.0000 46.5000 -35.3121 33 29 17
22.0000 46.5000 -35.4166 35 31 19
23.0000 46.5000 -35.5151 34 30 18
24.0000 46.5000 -35.6457 33 27 15
25.0000 46.5000 -35.8368 32 26 14
26.0000 46.5000 -36.1089 34 28 16
27.0000 46.5000 -36.4768 37 30 20
28.0000 46.5000 -36.9499 34 27 19
29.0000 46.5000 -37.5325 32 27 21
30.0000 46.5000 -38.2223 32 27 21
31.0000 46.5000 -39.0098 32 27 21
32.0000 46.5000 -39.8788 29 26 19
33.0000 46.5000 -40.8092 27 24 17
34.0000 46.5000 -41.7836 22 22 14
35.0000 46.5000 -42.7952 21 21 13
36.0000 46.5000 -43.8520 18 18 10
37.0000 46.5000 -44.9737 18 18 10
38.0000 46.5000 -46.1794 18 18 10
39.0000 46.5000 -47.4725 18 18 10
40.0000 46.5000 -48.8283 17 16 11
41.0000 46.5000 -50.1960 20 17 10
42.0000 46.5000 -51.5138 20 17 12
43.0000 46.5000 -52.7342 20 17 12
44.0000 46.5000 -53.8471 19 18 13
45.0000 46.5000 -54.8880 17 16 11
46.0000 46.5000 -55.9280 15 14 9
50.0000 46.5000 -61.3618 15 14 10
51.0000 46.5000 -63.0414 15 16 11
-84.0000 45.5000 -61.2828 13 14 9
-81.0000 45.5000 -53.8757 14 14 12
-80.0000 45.5000 -52.7849 13 15 12
-79.0000 45.5000 -52.0677 14 16 13
-78.0000 45.5000 -51.5753 14 16 13
-77.0000 45.5000 -51.1820 15 17 14
-76.0000 45.5000 -50.7859 16 21 17
-75.0000 45.5000 -50.3114 12 17 13
-72.0000 45.5000 -48.0804 10 16 12
-71.0000 45.5000 -47.0685 12 18 14
-70.0000 45.5000 -45.9525 10 19 14
-69.0000 45.5000 -44.7484 11 16 10
-68.0000 45.5000 -43.4627 19 18 13
-67.0000 45.5000 -42.0957 19 16 9
-66.0000 45.5000 -40.6507 19 16 7
-65.0000 45.5000 -39.1424 24 21 12
-64.0000 45.5000 -37.6007 30 28 16
-63.0000 45.5000 -36.0662 35 33 21
-62.0000 45.5000 -34.5808 36 34 22
-61.0000 45.5000 -33.1785 35 33 20
-60.0000 45.5000 -31.8810 38 39 23
-59.0000 45.5000 -30.6975 40 41 23
-58.0000 45.5000 -29.6282 42 43 25
-57.0000 45.5000 -28.6685 45 47 26
-56.0000 45.5000 -27.8118 50 49 29
-55.0000 45.5000 -27.0506 53 52 32
-54.0000 45.5000 -26.3763 56 55 34
-53.0000 45.5000 -25.7784 58 56 35
-52.0000 45.5000 -25.2454 58 52 30
-51.0000 45.5000 -24.7651 60 52 29
-50.0000 45.5000 -24.3262 62 54 31
-49.0000 45.5000 -23.9197 66 55 33
-48.0000 45.5000 -23.5389 69 58 36
-47.0000 45.5000 -23.1798 71 61 36
-46.0000 45.5000 -22.8395 73 63 38
-45.0000 45.5000 -22.5163 75 63 39
-44.0000 45.5000 -22.2084 84 72 48
-43.0000 45.5000 -21.9142 86 72 46
-42.0000 45.5000 -21.6326 87 73 47
-41.0000 45.5000 -21.3629 89 75 49
-40.0000 45.5000 -21.1056 92 78 52
-39.0000 45.5000 -20.8619 96 80 54
-38.0000 45.5000 -20.6331 99 83 57
-37.0000 45.5000 -20.4200 101 85 59
-36.0000 45.5000 -20.2220 103 87 61
-35.0000 45.5000 -20.0379 105 89 63
-34.0000 45.5000 -19.8662 107 91 65
-33.0000 45.5000 -19.7056 110 94 68
-32.0000 45.5000 -19.5558 111 97 70
-31.0000 45.5000 -19.4167 112 98 71
-30.0000 45.5000 -19.2888 110 99 71
-29.0000 45.5000 -19.1721 110 99 71
-28.0000 45.5000 -19.0667 111 100 72
-27.0000 45.5000 -18.9728 112 101 73
-26.0000 45.5000 -18.8901 114 103 75
-25.0000 45.5000 -18.8182 115 104 76
-24.0000 45.5000 -18.7564 114 103 75
-23.0000 45.5000 -18.7034 113 102 74
-22.0000 45.5000 -18.6579 111 100 72
-21.0000 45.5000 -18.6187 113 97 71
-20.0000 45.5000 -18.5856 118 98 74
-19.0000 45.5000 -18.5585 125 103 80
-18.0000 45.5000 -18.5378 127 105 82
-17.0000 45.5000 -18.5239 122 100 77
-16.0000 45.5000 -18.5175 119 99 75
-15.0000 45.5000 -18.5203 123 103 79
-14.0000 45.5000 -18.5354 123 106 80
-13.0000 45.5000 -18.5671 121 104 78
-12.0000 45.5000 -18.6198 129 112 86
-11.0000 45.5000 -18.6969 125 108 82
-10.0000 45.5000 -18.8000 118 102 76
-9.0000 45.5000 -18.9284 116 100 74
-8.0000 45.5000 -19.0802 114 100 73
-7.0000 45.5000 -19.2532 114 100 73
-6.0000 45.5000 -19.4456 112 98 71
-5.0000 45.5000 -19.6568 108 96 70
-4.0000 45.5000 -19.8874 102 91 71
-3.0000 45.5000 -20.1380 101 92 75
-2.0000 45.5000 -20.4089 98 91 73
-1.0000 45.5000 -20.6992 89 86 67
0.0000 45.5000 -21.0073 81 80 60
1.0000 45.5000 -21.3311 75 77 56
2.0000 45.5000 -21.6700 75 77 56
3.0000 45.5000 -22.0255 79 78 60
4.0000 45.5000 -22.4032 73 70 53
5.0000 45.5000 -22.8141 76 70 54
6.0000 45.5000 -23.2751 76 70 56
7.0000 45.5000 -23.8092 71 68 53
8.0000 45.5000 -24.4423 66 64 49
9.0000 45.5000 -25.1977 61 62 46
10.0000 45.5000 -26.0884 59 63 46
11.0000 45.5000 -27.1097 60 64 47
12.0000 45.5000 -28.2338 47 49 35
13.0000 45.5000 -29.4106 41 42 28
14.0000 45.5000 -30.5745 34 35 21
15.0000 45.5000 -31.6551 29 30 16
16.0000 45.5000 -32.5907 28 29 15
17.0000 45.5000 -33.3396 28 29 15
18.0000 45.5000 -33.8877 28 29 15
19.0000 45.5000 -34.2491 30 28 15
20.0000 45.5000 -34.4613 35 33 20
21.0000 45.5000 -34.5755 35 33 20
22.0000 45.5000 -34.6464 35 33 20
23.0000 45.5000 -34.7232 35 33 20
24.0000 45.5000 -34.8452 35 33 20
25.0000 45.5000 -35.0409 35 33 20
26.0000 45.5000 -35.3286 35 33 20
27.0000 45.5000 -35.7184 36 32 20
28.0000 45.5000 -36.2130 36 28 17
29.0000 45.5000 -36.8093 34 24 14
30.0000 45.5000 -37.4994 30 22 11
31.0000 45.5000 -38.2724 29 23 11
32.0000 45.5000 -39.1157 27 23 11
33.0000 45.5000 -40.0167 24 25 11
34.0000 45.5000 -40.9665 20 22 9
35.0000 45.5000 -41.9642 16 20 6
36.0000 45.5000 -43.0188 21 24 13
37.0000 45.5000 -44.1464 16 22 10
38.0000 45.5000 -45.3611 15 18 7
39.0000 45.5000 -46.6618 14 17 6
40.0000 45.5000 -48.0222 16 17 9
41.0000 45.5000 -49.3923 16 16 6
42.0000 45.5000 -50.7120 14 14 6
44.0000 45.5000 -53.0482 18 13 7
45.0000 45.5000 -54.0837 18 13 7
-84.0000 44.5000 -58.1356 13 14 9
-82.0000 44.5000 -53.3483 14 14 12
-81.0000 44.5000 -51.9628 14 14 12
-80.0000 44.5000 -50.9991 14 16 13
-79.0000 44.5000 -50.3191 14 16 13
-78.0000 44.5000 -49.8128 14 16 13
-77.0000 44.5000 -49.3911 15 17 14
-76.0000 44.5000 -48.9826 15 20 16
-75.0000 44.5000 -48.5344 12 17 13
-74.0000 44.5000 -48.0118 9 15 11
-73.0000 44.5000 -47.3969 9 15 11
-72.0000 44.5000 -46.6852 10 16 12
-71.0000 44.5000 -45.8799 11 17 13
-70.0000 44.5000 -44.9854 10 19 14
-69.0000 44.5000 -44.0009 12 19 12
-68.0000 44.5000 -42.9180 20 19 14
-67.0000 44.5000 -41.7248 20 17 10
-66.0000 44.5000 -40.4158 18 18 8
-65.0000 44.5000 -39.0010 22 22 12
-64.0000 44.5000 -37.5105 28 28 16
-63.0000 44.5000 -35.9906 34 32 20
-62.0000 44.5000 -34.4928 36 34 21
-61.0000 44.5000 -33.0633 35 33 18
-60.0000 44.5000 -31.7344 39 40 24
-59.0000 44.5000 -30.5229 40 41 23
-58.0000 44.5000 -29.4324 42 44 23
-57.0000 44.5000 -28.4579 48 47 27
-56.0000 44.5000 -27.5904 51 50 29
-55.0000 44.5000 -26.8195 54 53 32
-54.0000 44.5000 -26.1342 56 56 32
-53.0000 44.5000 -25.5235 58 56 33
-52.0000 44.5000 -24.9759 66 60 36
-51.0000 44.5000 -24.4806 68 61 35
-50.0000 44.5000 -24.0278 72 62 37
-49.0000 44.5000 -23.6100 75 65 40
-48.0000 44.5000 -23.2220 77 67 42
-47.0000 44.5000 -22.8605 80 70 45
-46.0000 44.5000 -22.5228 82 70 46
-45.0000 44.5000 -22.2064 83 71 47
-44.0000 44.5000 -21.9084 89 75 49
-43.0000 44.5000 -21.6253 89 75 49
-42.0000 44.5000 -21.3544 90 76 50
-41.0000 44.5000 -21.0938 92 78 52
-40.0000 44.5000 -20.8433 95 79 54
-39.0000 44.5000 -20.6044 99 83 58
-38.0000 44.5000 -20.3790 102 86 61
-37.0000 44.5000 -20.1689 104 88 63
-36.0000 44.5000 -19.9748 103 89 62
-35.0000 44.5000 -19.7962 104 90 63
-34.0000 44.5000 -19.6323 107 93 66
-33.0000 44.5000 -19.4820 109 95 68
-32.0000 44.5000 -19.3443 111 97 70
-31.0000 44.5000 -19.2183 112 98 71
-30.0000 44.5000 -19.1026 112 98 71
-29.0000 44.5000 -18.9956 112 98 71
-28.0000 44.5000 -18.8956 111 97 70
-27.0000 44.5000 -18.8017 112 98 71
-26.0000 44.5000 -18.7136 114 100 73
-25.0000 44.5000 -18.6318 117 103 76
-24.0000 44.5000 -18.5572 118 104 77
-23.0000 44.5000 -18.4910 118 104 77
-22.0000 44.5000 -18.4337 118 104 77
-21.0000 44.5000 -18.3858 118 102 76
-20.0000 44.5000 -18.3476 121 101 77
-19.0000 44.5000 -18.3191 128 106 85
-18.0000 44.5000 -18.3000 130 108 85
-17.0000 44.5000 -18.2898 125 103 80
-16.0000 44.5000 -18.2885 123 101 78
-15.0000 44.5000 -18.2972 125 105 81
-14.0000 44.5000 -18.3186 127 107 82
-13.0000 44.5000 -18.3568 123 106 80
-12.0000 44.5000 -18.4162 125 108 82
-11.0000 44.5000 -18.4999 120 103 77
-10.0000 44.5000 -18.6092 115 98 70
-9.0000 44.5000 -18.7431 112 97 68
-8.0000 44.5000 -18.8997 111 96 67
-7.0000 44.5000 -19.0767 110 96 67
-6.0000 44.5000 -19.2727 107 93 64
-5.0000 44.5000 -19.4870 105 91 64
-4.0000 44.5000 -19.7201 105 93 71
-3.0000 44.5000 -19.9721 104 93 75
-2.0000 44.5000 -20.2429 99 92 73
-1.0000 44.5000 -20.5313 91 89 68
0.0000 44.5000 -20.8358 83 82 61
1.0000 44.5000 -21.1551 77 79 57
2.0000 44.5000 -21.4897 77 79 58
3.0000 44.5000 -21.8426 81 80 60
4.0000 44.5000 -22.2203 80 74 58
5.0000 44.5000 -22.6339 77 70 54
6.0000 44.5000 -23.0994 72 64 51
7.0000 44.5000 -23.6376 70 64 50
8.0000 44.5000 -24.2718 69 66 51
9.0000 44.5000 -25.0226 64 65 49
10.0000 44.5000 -25.9007 58 62 45
11.0000 44.5000 -26.8999 54 58 41
12.0000 44.5000 -27.9921 48 49 35
13.0000 44.5000 -29.1282 43 44 30
14.0000 44.5000 -30.2447 36 37 23
15.0000 44.5000 -31.2738 32 33 19
16.0000 44.5000 -32.1570 32 33 19
17.0000 44.5000 -32.8553 32 33 19
18.0000 44.5000 -33.3567 31 32 18
19.0000 44.5000 -33.6767 30 31 17
20.0000 44.5000 -33.8533 34 35 21
21.0000 44.5000 -33.9389 34 35 21
22.0000 44.5000 -33.9889 34 35 21
23.0000 44.5000 -34.0542 34 35 21
24.0000 44.5000 -34.1754 34 35 21
25.0000 44.5000 -34.3810 34 35 21
26.0000 44.5000 -34.6882 34 35 21
27.0000 44.5000 -35.1032 37 33 21
28.0000 44.5000 -35.6227 40 30 18
29.0000 44.5000 -36.2369 39 27 15
30.0000 44.5000 -36.9329 34 24 12
31.0000 44.5000 -37.6983 33 25 12
32.0000 44.5000 -38.5237 30 27 12
33.0000 44.5000 -39.4034 27 28 12
34.0000 44.5000 -40.3364 23 25 11
35.0000 44.5000 -41.3272 19 23 8
36.0000 44.5000 -42.3860 19 25 11
37.0000 44.5000 -43.5261 16 24 9
38.0000 44.5000 -44.7561 14 20 8
39.0000 44.5000 -46.0701 15 18 7
40.0000 44.5000 -47.4399 17 19 8
41.0000 44.5000 -48.8162 16 18 7
44.0000 44.5000 -52.4884 18 14 5
45.0000 44.5000 -53.5237 20 13 5
-84.0000 43.5000 -55.6984 13 14 9
-83.0000 43.5000 -53.3267 14 15 10
-82.0000 43.5000 -51.6254 14 15 10
-81.0000 43.5000 -50.3941 14 15 10
-80.0000 43.5000 -49.4836 14 16 11
-79.0000 43.5000 -48.7868 15 17 12
-78.0000 43.5000 -48.2251 15 17 12
-77.0000 43.5000 -47.7394 15 17 12
-76.0000 43.5000 -47.2847 13 18 12
-75.0000 43.5000 -46.8285 14 19 13
-74.0000 43.5000 -46.3486 13 20 13
-73.0000 43.5000 -45.8300 12 19 12
-72.0000 43.5000 -45.2627 10 17 10
-71.0000 43.5000 -44.6383 11 18 11
-70.0000 43.5000 -43.9462 10 20 12
-69.0000 43.5000 -43.1703 14 21 14
-68.0000 43.5000 -42.2884 18 21 14
-67.0000 43.5000 -41.2766 18 19 11
-66.0000 43.5000 -40.1190 18 20 9
-65.0000 43.5000 -38.8176 21 23 12
-64.0000 43.5000 -37.3988 26 28 15
-63.0000 43.5000 -35.9102 31 31 19
-62.0000 43.5000 -34.4108 33 34 20
-61.0000 43.5000 -32.9577 34 35 19
-60.0000 43.5000 -31.5955 42 40 25
-59.0000 43.5000 -30.3511 43 42 24
-58.0000 43.5000 -29.2336 45 44 24
-57.0000 43.5000 -28.2396 49 46 27
-56.0000 43.5000 -27.3584 53 51 30
-55.0000 43.5000 -26.5761 56 54 33
-54.0000 43.5000 -25.8792 58 56 33
-53.0000 43.5000 -25.2548 61 57 32
-52.0000 43.5000 -24.6915 71 65 39
-51.0000 43.5000 -24.1794 73 66 38
-50.0000 43.5000 -23.7108 77 67 40
-49.0000 43.5000 -23.2801 80 70 43
-48.0000 43.5000 -22.8837 82 72 45
-47.0000 43.5000 -22.5191 85 75 48
-46.0000 43.5000 -22.1840 88 76 50
-45.0000 43.5000 -21.8750 89 77 51
-44.0000 43.5000 -21.5877 92 77 54
-43.0000 43.5000 -21.3170 92 77 54
-42.0000 43.5000 -21.0583 93 78 55
-41.0000 43.5000 -20.8085 95 80 57
-40.0000 43.5000 -20.5668 98 82 59
-39.0000 43.5000 -20.3345 102 86 63
-38.0000 43.5000 -20.1144 105 89 66
-37.0000 43.5000 -19.9091 107 91 68
-36.0000 43.5000 -19.7203 105 89 64
-35.0000 43.5000 -19.5486 107 91 65
-34.0000 43.5000 -19.3935 109 93 67
-33.0000 43.5000 -19.2540 111 95 69
-32.0000 43.5000 -19.1288 113 97 71
-31.0000 43.5000 -19.0159 113 97 71
-30.0000 43.5000 -18.9125 113 97 71
-29.0000 43.5000 -18.8154 113 97 71
-28.0000 43.5000 -18.7214 110 94 68
-27.0000 43.5000 -18.6286 111 95 69
-26.0000 43.5000 -18.5366 115 99 73
-25.0000 43.5000 -18.4467 118 102 76
-24.0000 43.5000 -18.3614 121 105 79
-23.0000 43.5000 -18.2838 123 107 81
-22.0000 43.5000 -18.2163 125 109 83
-21.0000 43.5000 -18.1611 125 109 83
-20.0000 43.5000 -18.1191 122 104 80
-19.0000 43.5000 -18.0904 130 110 86
-18.0000 43.5000 -18.0739 132 112 88
-17.0000 43.5000 -18.0685 125 107 83
-16.0000 43.5000 -18.0732 122 105 79
-15.0000 43.5000 -18.0885 126 109 83
-14.0000 43.5000 -18.1165 127 110 84
-13.0000 43.5000 -18.1611 124 108 82
-12.0000 43.5000 -18.2265 124 108 82
-11.0000 43.5000 -18.3157 119 105 78
-10.0000 43.5000 -18.4299 114 100 71
-9.0000 43.5000 -18.5687 112 98 69
-8.0000 43.5000 -18.7300 111 97 68
-7.0000 43.5000 -18.9118 108 97 67
-6.0000 43.5000 -19.1126 106 95 65
-5.0000 43.5000 -19.3316 103 92 64
-4.0000 43.5000 -19.5683 107 95 73
-3.0000 43.5000 -19.8225 105 94 74
-2.0000 43.5000 -20.0932 99 92 73
-1.0000 43.5000 -20.3790 91 89 68
0.0000 43.5000 -20.6788 85 84 63
1.0000 43.5000 -20.9925 80 82 60
2.0000 43.5000 -21.3221 81 80 60
3.0000 43.5000 -21.6721 82 81 61
4.0000 43.5000 -22.0503 85 79 63
5.0000 43.5000 -22.4675 76 70 54
6.0000 43.5000 -22.9384 69 62 46
7.0000 43.5000 -23.4813 67 61 45
8.0000 43.5000 -24.1163 70 67 52
9.0000 43.5000 -24.8608 67 68 52
10.0000 43.5000 -25.7235 57 60 43
11.0000 43.5000 -26.6971 47 51 34
12.0000 43.5000 -27.7548 48 49 35
13.0000 43.5000 -28.8497 46 44 32
14.0000 43.5000 -29.9216 41 39 27
15.0000 43.5000 -30.9064 38 36 24
16.0000 43.5000 -31.7484 38 36 24
17.0000 43.5000 -32.4108 38 36 24
18.0000 43.5000 -32.8821 36 34 22
19.0000 43.5000 -33.1779 34 32 20
20.0000 43.5000 -33.3358 37 35 23
21.0000 43.5000 -33.4077 37 35 23
22.0000 43.5000 -33.4496 37 35 23
23.0000 43.5000 -33.5133 37 35 23
24.0000 43.5000 -33.6403 37 35 23
25.0000 43.5000 -33.8600 37 35 23
26.0000 43.5000 -34.1885 37 35 23
27.0000 43.5000 -34.6291 38 34 22
28.0000 43.5000 -35.1741 43 33 21
29.0000 43.5000 -35.8085 42 30 18
30.0000 43.5000 -36.5153 37 27 15
31.0000 43.5000 -37.2807 34 28 14
32.0000 43.5000 -38.0979 33 30 15
33.0000 43.5000 -38.9664 29 30 14
34.0000 43.5000 -39.8917 26 28 14
35.0000 43.5000 -40.8830 22 26 11
36.0000 43.5000 -41.9520 20 26 12
37.0000 43.5000 -43.1092 18 24 10
38.0000 43.5000 -44.3590 17 20 9
39.0000 43.5000 -45.6911 16 19 8
40.0000 43.5000 -47.0754 18 20 9
41.0000 43.5000 -48.4630 17 19 8
42.0000 43.5000 -49.7978 15 15 5
44.0000 43.5000 -52.1610 18 14 5
45.0000 43.5000 -53.1973 20 13 5
-84.0000 42.5000 -53.7442 14 15 10
-83.0000 42.5000 -51.7075 14 15 10
-82.0000 42.5000 -50.2100 14 15 10
-81.0000 42.5000 -49.0749 15 16 11
-80.0000 42.5000 -48.1794 14 16 11
-79.0000 42.5000 -47.4419 15 17 12
-78.0000 42.5000 -46.8084 15 17 12
-77.0000 42.5000 -46.2436 16 18 13
-76.0000 42.5000 -45.7248 13 18 12
-75.0000 42.5000 -45.2378 15 20 14
-74.0000 42.5000 -44.7728 16 23 16
-73.0000 42.5000 -44.3197 15 22 15
-72.0000 42.5000 -43.8657 12 19 12
-71.0000 42.5000 -43.3936 11 18 11
-70.0000 42.5000 -42.8805 11 21 13
-69.0000 42.5000 -42.2971 16 23 15
-68.0000 42.5000 -41.6084 17 22 15
-67.0000 42.5000 -40.7786 16 22 12
-66.0000 42.5000 -39.7804 16 22 10
-65.0000 42.5000 -38.6057 20 23 12
-64.0000 42.5000 -37.2736 23 27 13
-63.0000 42.5000 -35.8295 28 30 17
-62.0000 42.5000 -34.3369 33 34 20
-61.0000 42.5000 -32.8631 35 36 20
-60.0000 42.5000 -31.4654 43 41 26
-59.0000 42.5000 -30.1824 45 42 25
-58.0000 42.5000 -29.0313 47 44 25
-57.0000 42.5000 -28.0119 52 47 28
-56.0000 42.5000 -27.1126 56 51 31
-55.0000 42.5000 -26.3166 60 53 34
-54.0000 42.5000 -25.6069 62 56 34
-53.0000 42.5000 -24.9685 63 57 33
-52.0000 42.5000 -24.3892 70 63 34
-51.0000 42.5000 -23.8601 71 65 33
-50.0000 42.5000 -23.3755 75 66 35
-49.0000 42.5000 -22.9315 78 69 40
-48.0000 42.5000 -22.5264 81 72 43
-47.0000 42.5000 -22.1585 84 75 46
-46.0000 42.5000 -21.8256 87 75 49
-45.0000 42.5000 -21.5236 89 77 51
-44.0000 42.5000 -21.2467 93 78 55
-43.0000 42.5000 -20.9885 93 78 55
-42.0000 42.5000 -20.7425 94 79 56
-41.0000 42.5000 -20.5047 96 81 58
-40.0000 42.5000 -20.2735 100 83 63
-39.0000 42.5000 -20.0502 103 86 66
-38.0000 42.5000 -19.8379 106 89 69
-37.0000 42.5000 -19.6399 108 92 69
-36.0000 42.5000 -19.4587 108 92 67
-35.0000 42.5000 -19.2954 109 93 67
-34.0000 42.5000 -19.1501 111 95 69
-33.0000 42.5000 -19.0219 113 97 71
-32.0000 42.5000 -18.9090 114 98 72
-31.0000 42.5000 -18.8085 115 99 73
-30.0000 42.5000 -18.7167 114 98 72
-29.0000 42.5000 -18.6289 114 98 72
-28.0000 42.5000 -18.5412 112 96 70
-27.0000 42.5000 -18.4506 114 98 72
-26.0000 42.5000 -18.3566 116 100 74
-25.0000 42.5000 -18.2610 120 104 78
-24.0000 42.5000 -18.1675 123 107 81
-23.0000 42.5000 -18.0807 126 110 84
-22.0000 42.5000 -18.0050 128 112 86
-21.0000 42.5000 -17.9437 129 113 87
-20.0000 42.5000 -17.8987 123 107 81
-19.0000 42.5000 -17.8700 129 113 87
-18.0000 42.5000 -17.8564 131 113 89
-17.0000 42.5000 -17.8560 125 109 83
-16.0000 42.5000 -17.8668 122 106 80
-15.0000 42.5000 -17.8886 124 110 83
-14.0000 42.5000 -17.9229 125 111 84
-13.0000 42.5000 -17.9732 123 109 82
-12.0000 42.5000 -18.0436 127 113 86
-11.0000 42.5000 -18.1371 122 111 83
-10.0000 42.5000 -18.2553 118 107 77
-9.0000 42.5000 -18.3982 115 106 75
-8.0000 42.5000 -18.5641 115 106 75
-7.0000 42.5000 -18.7513 113 104 73
-6.0000 42.5000 -18.9580 110 101 70
-5.0000 42.5000 -19.1829 107 98 69
-4.0000 42.5000 -19.4246 105 94 72
-3.0000 42.5000 -19.6816 103 92 72
-2.0000 42.5000 -19.9523 97 90 71
-1.0000 42.5000 -20.2353 92 87 67
0.0000 42.5000 -20.5299 85 84 63
1.0000 42.5000 -20.8373 82 81 60
2.0000 42.5000 -21.1612 81 80 60
3.0000 42.5000 -21.5077 82 79 60
4.0000 42.5000 -21.8853 85 79 63
5.0000 42.5000 -22.3049 78 72 56
6.0000 42.5000 -22.7797 72 65 49
7.0000 42.5000 -23.3252 69 63 47
8.0000 42.5000 -23.9584 68 65 50
9.0000 42.5000 -24.6935 63 64 48
10.0000 42.5000 -25.5375 55 58 41
11.0000 42.5000 -26.4831 48 50 36
12.0000 42.5000 -27.5054 46 46 34
13.0000 42.5000 -28.5611 45 43 31
14.0000 42.5000 -29.5941 41 39 27
15.0000 42.5000 -30.5440 40 38 26
16.0000 42.5000 -31.3576 40 38 26
17.0000 42.5000 -31.9990 39 37 25
18.0000 42.5000 -32.4564 36 34 22
19.0000 42.5000 -32.7442 33 31 19
20.0000 42.5000 -32.8988 38 36 24
21.0000 42.5000 -32.9713 38 36 24
22.0000 42.5000 -33.0174 38 36 24
23.0000 42.5000 -33.0892 38 36 24
24.0000 42.5000 -33.2290 38 36 24
25.0000 42.5000 -33.4664 38 36 24
26.0000 42.5000 -33.8168 38 36 24
27.0000 42.5000 -34.2818 39 35 24
28.0000 42.5000 -34.8508 42 32 22
29.0000 42.5000 -35.5055 40 30 18
30.0000 42.5000 -36.2262 36 28 15
31.0000 42.5000 -36.9987 34 28 14
32.0000 42.5000 -37.8174 33 30 15
33.0000 42.5000 -38.6858 29 30 14
34.0000 42.5000 -39.6138 25 27 13
35.0000 42.5000 -40.6139 22 26 11
36.0000 42.5000 -41.6988 23 27 13
37.0000 42.5000 -42.8776 20 24 10
38.0000 42.5000 -44.1511 18 21 10
39.0000 42.5000 -45.5059 17 20 9
40.0000 42.5000 -46.9100 19 21 10
41.0000 42.5000 -48.3143 18 20 9
42.0000 42.5000 -49.6637 16 16 6
44.0000 42.5000 -52.0479 18 14 5
45.0000 42.5000 -53.0840 20 13 5
-87.0000 41.5000 -62.2538 13 14 8
-84.0000 41.5000 -52.1130 14 15 10
-83.0000 41.5000 -50.3480 15 16 11
-82.0000 41.5000 -49.0071 15 16 11
-81.0000 41.5000 -47.9393 16 17 12
-80.0000 41.5000 -47.0451 15 17 12
-79.0000 41.5000 -46.2635 16 18 13
-78.0000 41.5000 -45.5594 16 18 13
-77.0000 41.5000 -44.9159 16 18 13
-76.0000 41.5000 -44.3283 14 19 13
-75.0000 41.5000 -43.7987 17 22 16
-74.0000 41.5000 -43.3291 18 25 18
-73.0000 41.5000 -42.9158 17 24 17
-72.0000 41.5000 -42.5463 14 21 14
-71.0000 41.5000 -42.1976 13 20 13
-70.0000 41.5000 -41.8378 13 23 15
-69.0000 41.5000 -41.4264 15 25 16
-68.0000 41.5000 -40.9171 17 24 16
-67.0000 41.5000 -40.2625 16 24 13
-66.0000 41.5000 -39.4232 16 24 11
-65.0000 41.5000 -38.3799 17 23 11
-64.0000 41.5000 -37.1419 21 25 11
-63.0000 41.5000 -35.7502 26 28 15
-62.0000 41.5000 -34.2702 32 33 19
-61.0000 41.5000 -32.7776 35 36 20
-60.0000 41.5000 -31.3422 44 42 27
-59.0000 41.5000 -30.0154 46 43 26
-58.0000 41.5000 -28.8242 50 45 26
-57.0000 41.5000 -27.7733 54 47 29
-56.0000 41.5000 -26.8512 58 51 32
-55.0000 41.5000 -26.0387 62 54 35
-54.0000 41.5000 -25.3151 64 56 35
-53.0000 41.5000 -24.6627 65 58 32
-52.0000 41.5000 -24.0683 70 64 32
-51.0000 41.5000 -23.5235 71 65 31
-50.0000 41.5000 -23.0240 76 67 34
-49.0000 41.5000 -22.5678 79 70 39
-48.0000 41.5000 -22.1545 82 73 42
-47.0000 41.5000 -21.7833 86 77 46
-46.0000 41.5000 -21.4519 89 78 50
-45.0000 41.5000 -21.1557 90 78 52
-44.0000 41.5000 -20.8880 94 79 56
-43.0000 41.5000 -20.6410 94 79 56
-42.0000 41.5000 -20.4074 95 80 59
-41.0000 41.5000 -20.1821 97 82 61
-40.0000 41.5000 -19.9630 101 84 66
-39.0000 41.5000 -19.7511 104 87 69
-38.0000 41.5000 -19.5494 107 90 72
-37.0000 41.5000 -19.3615 109 92 72
-36.0000 41.5000 -19.1902 111 95 69
-35.0000 41.5000 -19.0372 113 98 69
-34.0000 41.5000 -18.9027 114 99 70
-33.0000 41.5000 -18.7858 116 101 72
-32.0000 41.5000 -18.6844 117 102 73
-31.0000 41.5000 -18.5951 117 102 73
-30.0000 41.5000 -18.5136 117 102 73
-29.0000 41.5000 -18.4344 116 101 72
-28.0000 41.5000 -18.3528 118 103 74
-27.0000 41.5000 -18.2653 119 104 75
-26.0000 41.5000 -18.1712 120 105 76
-25.0000 41.5000 -18.0724 122 107 78
-24.0000 41.5000 -17.9735 125 110 81
-23.0000 41.5000 -17.8800 127 112 83
-22.0000 41.5000 -17.7979 130 115 86
-21.0000 41.5000 -17.7315 131 116 87
-20.0000 41.5000 -17.6837 124 109 80
-19.0000 41.5000 -17.6548 129 115 86
-18.0000 41.5000 -17.6435 131 115 89
-17.0000 41.5000 -17.6472 124 110 81
-16.0000 41.5000 -17.6634 121 107 78
-15.0000 41.5000 -17.6910 122 111 81
-14.0000 41.5000 -17.7311 123 112 82
-13.0000 41.5000 -17.7865 121 110 80
-12.0000 41.5000 -17.8610 127 116 86
-11.0000 41.5000 -17.9581 123 114 83
-10.0000 41.5000 -18.0797 119 110 79
-9.0000 41.5000 -18.2262 116 110 78
-8.0000 41.5000 -18.3967 116 110 78
-7.0000 41.5000 -18.5894 114 108 76
-6.0000 41.5000 -18.8026 110 104 72
-5.0000 41.5000 -19.0339 106 99 70
-4.0000 41.5000 -19.2810 104 93 71
-3.0000 41.5000 -19.5412 101 90 70
-2.0000 41.5000 -19.8122 94 88 66
-1.0000 41.5000 -20.0925 90 85 63
0.0000 41.5000 -20.3819 85 83 62
1.0000 41.5000 -20.6829 84 82 61
2.0000 41.5000 -21.0006 82 80 59
3.0000 41.5000 -21.3423 81 79 58
4.0000 41.5000 -21.7174 81 76 57
5.0000 41.5000 -22.1363 80 75 56
6.0000 41.5000 -22.6111 79 72 56
7.0000 41.5000 -23.1549 73 67 51
8.0000 41.5000 -23.7816 65 62 45
9.0000 41.5000 -24.5032 59 58 40
10.0000 41.5000 -25.3250 54 55 39
11.0000 41.5000 -26.2407 52 54 40
12.0000 41.5000 -27.2282 46 46 34
13.0000 41.5000 -28.2484 44 41 32
14.0000 41.5000 -29.2492 40 37 28
15.0000 41.5000 -30.1739 39 36 27
16.0000 41.5000 -30.9706 38 35 26
17.0000 41.5000 -31.6037 37 34 25
18.0000 41.5000 -32.0604 34 31 22
19.0000 41.5000 -32.3534 31 28 19
20.0000 41.5000 -32.5179 38 35 26
21.0000 41.5000 -32.6037 38 35 26
22.0000 41.5000 -32.6659 38 35 26
23.0000 41.5000 -32.7560 38 35 26
24.0000 41.5000 -32.9161 38 35 26
25.0000 41.5000 -33.1752 38 35 26
26.0000 41.5000 -33.5482 38 35 26
27.0000 41.5000 -34.0356 39 35 24
28.0000 41.5000 -34.6256 39 31 20
29.0000 41.5000 -35.2987 37 27 15
30.0000 41.5000 -36.0348 33 25 12
31.0000 41.5000 -36.8195 32 26 12
32.0000 41.5000 -37.6487 30 27 12
33.0000 41.5000 -38.5278 29 27 12
34.0000 41.5000 -39.4690 24 25 11
35.0000 41.5000 -40.4868 20 22 8
36.0000 41.5000 -41.5943 24 26 13
37.0000 41.5000 -42.7996 21 23 10
38.0000 41.5000 -44.1013 19 21 10
39.0000 41.5000 -45.4839 18 20 9
40.0000 41.5000 -46.9138 20 20 10
41.0000 41.5000 -48.3417 19 19 9
42.0000 41.5000 -49.7120 18 15 6
44.0000 41.5000 -52.1241 18 14 5
45.0000 41.5000 -53.1601 20 13 5
-88.0000 40.5000 -64.4539 13 14 8
-87.0000 40.5000 -59.3678 13 14 8
-84.0000 40.5000 -50.7030 15 16 10
-83.0000 40.5000 -49.1662 15 16 11
-82.0000 40.5000 -47.9550 15 16 11
-81.0000 40.5000 -46.9431 16 17 12
-80.0000 40.5000 -46.0513 16 18 13
-79.0000 40.5000 -45.2344 16 18 13
-78.0000 40.5000 -44.4715 16 18 13
-77.0000 40.5000 -43.7598 17 19 14
-76.0000 40.5000 -43.1089 16 21 15
-75.0000 40.5000 -42.5341 18 23 17
-74.0000 40.5000 -42.0486 18 25 18
-73.0000 40.5000 -41.6559 19 26 19
-72.0000 40.5000 -41.3456 17 24 17
-71.0000 40.5000 -41.0926 16 23 16
-70.0000 40.5000 -40.8589 14 24 16
-69.0000 40.5000 -40.5955 15 25 16
-68.0000 40.5000 -40.2460 15 25 14
-67.0000 40.5000 -39.7522 18 26 15
-66.0000 40.5000 -39.0633 17 25 12
-65.0000 40.5000 -38.1476 17 23 11
-64.0000 40.5000 -37.0045 20 24 10
-63.0000 40.5000 -35.6683 24 28 14
-62.0000 40.5000 -34.2042 32 33 19
-61.0000 40.5000 -32.6947 36 37 21
-60.0000 40.5000 -31.2209 45 43 28
-59.0000 40.5000 -29.8469 47 44 27
-58.0000 40.5000 -28.6105 51 46 27
-57.0000 40.5000 -27.5227 55 48 30
-56.0000 40.5000 -26.5734 60 52 33
-55.0000 40.5000 -25.7416 63 55 36
-54.0000 40.5000 -25.0031 65 57 36
-53.0000 40.5000 -24.3374 66 59 33
-52.0000 40.5000 -23.7297 75 69 37
-51.0000 40.5000 -23.1715 76 70 36
-50.0000 40.5000 -22.6594 81 72 39
-49.0000 40.5000 -22.1930 84 75 44
-48.0000 40.5000 -21.7728 88 79 48
-47.0000 40.5000 -21.3987 92 83 52
-46.0000 40.5000 -21.0681 95 84 56
-45.0000 40.5000 -20.7763 97 86 58
-44.0000 40.5000 -20.5158 97 83 57
-43.0000 40.5000 -20.2784 97 82 59
-42.0000 40.5000 -20.0562 98 83 60
-41.0000 40.5000 -19.8434 100 85 62
-40.0000 40.5000 -19.6375 104 87 67
-39.0000 40.5000 -19.4389 107 90 70
-38.0000 40.5000 -19.2504 110 93 73
-37.0000 40.5000 -19.0752 112 96 73
-36.0000 40.5000 -18.9163 116 100 74
-35.0000 40.5000 -18.7751 117 102 73
-34.0000 40.5000 -18.6521 118 103 74
-33.0000 40.5000 -18.5463 119 104 75
-32.0000 40.5000 -18.4553 120 105 76
-31.0000 40.5000 -18.3758 120 105 76
-30.0000 40.5000 -18.3028 119 104 75
-29.0000 40.5000 -18.2309 119 104 75
-28.0000 40.5000 -18.1549 123 108 79
-27.0000 40.5000 -18.0711 123 108 79
-26.0000 40.5000 -17.9784 123 108 79
-25.0000 40.5000 -17.8788 124 109 80
-24.0000 40.5000 -17.7770 126 111 82
-23.0000 40.5000 -17.6793 129 114 85
-22.0000 40.5000 -17.5925 131 116 87
-21.0000 40.5000 -17.5220 133 118 89
-20.0000 40.5000 -17.4714 127 112 83
-19.0000 40.5000 -17.4416 132 119 87
-18.0000 40.5000 -17.4313 133 119 90
-17.0000 40.5000 -17.4378 127 113 84
-16.0000 40.5000 -17.4582 123 109 80
-15.0000 40.5000 -17.4907 124 113 83
-14.0000 40.5000 -17.5358 125 114 84
-13.0000 40.5000 -17.5959 121 112 81
-12.0000 40.5000 -17.6745 124 115 84
-11.0000 40.5000 -17.7750 121 112 81
-10.0000 40.5000 -17.8998 118 109 78
-9.0000 40.5000 -18.0498 115 109 77
-8.0000 40.5000 -18.2245 115 109 77
-7.0000 40.5000 -18.4226 112 107 75
-6.0000 40.5000 -18.6417 107 102 70
-5.0000 40.5000 -18.8790 104 97 68
-4.0000 40.5000 -19.1311 105 94 72
-3.0000 40.5000 -19.3945 101 90 70
-2.0000 40.5000 -19.6660 95 87 66
-1.0000 40.5000 -19.9439 91 85 63
0.0000 40.5000 -20.2287 89 84 64
1.0000 40.5000 -20.5237 86 84 63
2.0000 40.5000 -20.8347 86 81 61
3.0000 40.5000 -21.1702 84 79 59
4.0000 40.5000 -21.5399 81 76 57
5.0000 40.5000 -21.9540 82 77 58
6.0000 40.5000 -22.4235 82 75 59
7.0000 40.5000 -22.9598 75 69 53
8.0000 40.5000 -23.5744 65 62 45
9.0000 40.5000 -24.2774 59 58 40
10.0000 40.5000 -25.0736 56 57 41
11.0000 40.5000 -25.9581 57 58 44
12.0000 40.5000 -26.9117 51 49 37
13.0000 40.5000 -27.8999 47 44 35
14.0000 40.5000 -28.8745 41 38 29
15.0000 40.5000 -29.7814 38 35 26
16.0000 40.5000 -30.5699 37 34 25
17.0000 40.5000 -31.2036 35 32 23
18.0000 40.5000 -31.6687 33 30 21
19.0000 40.5000 -31.9765 30 27 18
20.0000 40.5000 -32.1610 37 34 25
21.0000 40.5000 -32.2711 37 34 25
22.0000 40.5000 -32.3607 37 34 25
23.0000 40.5000 -32.4797 37 34 25
24.0000 40.5000 -32.6685 37 34 25
25.0000 40.5000 -32.9545 37 34 25
26.0000 40.5000 -33.3513 37 34 25
27.0000 40.5000 -33.8591 38 34 23
28.0000 40.5000 -34.4664 37 29 18
29.0000 40.5000 -35.1548 35 27 14
30.0000 40.5000 -35.9057 32 24 11
31.0000 40.5000 -36.7059 30 24 10
32.0000 40.5000 -37.5522 29 26 11
33.0000 40.5000 -38.4511 27 25 10
34.0000 40.5000 -39.4152 24 22 9
35.0000 40.5000 -40.4594 20 21 7
36.0000 40.5000 -41.5967 24 24 12
37.0000 40.5000 -42.8343 21 23 10
38.0000 40.5000 -44.1697 19 19 9
39.0000 40.5000 -45.5861 18 18 8
40.0000 40.5000 -47.0491 19 19 9
41.0000 40.5000 -48.5087 20 17 8
42.0000 40.5000 -49.9084 17 14 5
44.0000 40.5000 -52.3622 20 13 5
45.0000 40.5000 -53.4013 20 13 5
-89.0000 39.5000 -66.9558 13 14 8
-88.0000 39.5000 -61.2031 14 15 9
-87.0000 39.5000 -56.8043 14 15 9
-84.0000 39.5000 -49.4543 15 16 10
-83.0000 39.5000 -48.1133 16 17 11
-82.0000 39.5000 -47.0160 16 17 11
-81.0000 39.5000 -46.0584 16 17 11
-80.0000 39.5000 -45.1773 16 19 12
-79.0000 39.5000 -44.3395 16 19 12
-78.0000 39.5000 -43.5347 17 20 13
-77.0000 39.5000 -42.7706 17 20 13
-76.0000 39.5000 -42.0678 18 23 16
-75.0000 39.5000 -41.4520 18 23 16
-74.0000 39.5000 -40.9457 18 25 17
-73.0000 39.5000 -40.5593 19 26 18
-72.0000 39.5000 -40.2864 20 27 19
-71.0000 39.5000 -40.1023 20 27 19
-70.0000 39.5000 -39.9660 16 26 17
-69.0000 39.5000 -39.8228 13 23 14
-68.0000 39.5000 -39.6084 18 26 15
-67.0000 39.5000 -39.2551 19 25 15
-66.0000 39.5000 -38.7011 19 25 13
-65.0000 39.5000 -37.9037 17 23 11
-64.0000 39.5000 -36.8513 19 23 9
-63.0000 39.5000 -35.5710 22 26 12
-62.0000 39.5000 -34.1261 31 32 18
-61.0000 39.5000 -32.6032 37 38 22
-60.0000 39.5000 -31.0930 46 44 29
-59.0000 39.5000 -29.6717 48 45 28
-58.0000 39.5000 -28.3878 52 47 28
-57.0000 39.5000 -27.2595 55 50 31
-56.0000 39.5000 -26.2797 59 52 33
-55.0000 39.5000 -25.4262 63 56 37
-54.0000 39.5000 -24.6723 65 59 37
-53.0000 39.5000 -23.9942 67 59 36
-52.0000 39.5000 -23.3754 77 70 41
-51.0000 39.5000 -22.8068 79 73 41
-50.0000 39.5000 -22.2854 83 74 43
-49.0000 39.5000 -21.8115 87 78 49
-48.0000 39.5000 -21.3865 91 82 53
-47.0000 39.5000 -21.0103 95 86 57
-46.0000 39.5000 -20.6804 99 88 60
-45.0000 39.5000 -20.3916 100 89 61
-44.0000 39.5000 -20.1367 102 88 61
-43.0000 39.5000 -19.9070 102 88 62
-42.0000 39.5000 -19.6948 103 89 63
-41.0000 39.5000 -19.4941 105 91 65
-40.0000 39.5000 -19.3019 109 93 70
-39.0000 39.5000 -19.1181 112 96 73
-38.0000 39.5000 -18.9447 115 99 76
-37.0000 39.5000 -18.7843 117 101 76
-36.0000 39.5000 -18.6394 120 103 77
-35.0000 39.5000 -18.5113 121 104 76
-34.0000 39.5000 -18.4001 122 105 77
-33.0000 39.5000 -18.3048 124 107 79
-32.0000 39.5000 -18.2231 124 107 79
-31.0000 39.5000 -18.1515 123 106 78
-30.0000 39.5000 -18.0853 123 106 78
-29.0000 39.5000 -18.0191 122 105 77
-28.0000 39.5000 -17.9479 125 108 80
-27.0000 39.5000 -17.8677 125 108 80
-26.0000 39.5000 -17.7773 125 108 80
-25.0000 39.5000 -17.6785 126 109 81
-24.0000 39.5000 -17.5760 129 112 84
-23.0000 39.5000 -17.4761 132 115 87
-22.0000 39.5000 -17.3862 135 118 90
-21.0000 39.5000 -17.3125 136 121 92
-20.0000 39.5000 -17.2591 132 117 86
-19.0000 39.5000 -17.2277 138 123 90
-18.0000 39.5000 -17.2173 139 124 93
-17.0000 39.5000 -17.2252 132 119 87
-16.0000 39.5000 -17.2485 128 115 83
-15.0000 39.5000 -17.2850 130 117 85
-14.0000 39.5000 -17.3348 131 118 86
-13.0000 39.5000 -17.3995 126 115 83
-12.0000 39.5000 -17.4824 127 116 86
-11.0000 39.5000 -17.5868 123 114 83
-10.0000 39.5000 -17.7151 121 112 81
-9.0000 39.5000 -17.8686 121 112 81
-8.0000 39.5000 -18.0472 120 111 82
-7.0000 39.5000 -18.2496 115 108 79
-6.0000 39.5000 -18.4735 110 103 74
-5.0000 39.5000 -18.7154 106 99 71
-4.0000 39.5000 -18.9714 108 98 73
-3.0000 39.5000 -19.2371 104 93 71
-2.0000 39.5000 -19.5091 97 89 66
-1.0000 39.5000 -19.7852 94 88 64
0.0000 39.5000 -20.0662 94 88 66
1.0000 39.5000 -20.3556 92 87 65
2.0000 39.5000 -20.6599 91 84 65
3.0000 39.5000 -20.9877 87 82 62
4.0000 39.5000 -21.3490 84 79 59
5.0000 39.5000 -21.7539 82 77 57
6.0000 39.5000 -22.2127 78 73 54
7.0000 39.5000 -22.7354 74 69 50
8.0000 39.5000 -23.3322 69 66 49
9.0000 39.5000 -24.0118 66 63 46
10.0000 39.5000 -24.7791 61 60 42
11.0000 39.5000 -25.6309 58 56 41
12.0000 39.5000 -26.5513 58 55 46
13.0000 39.5000 -27.5097 53 48 42
14.0000 39.5000 -28.4618 45 40 34
15.0000 39.5000 -29.3555 40 35 29
16.0000 39.5000 -30.1404 38 33 27
17.0000 39.5000 -30.7797 37 32 26
18.0000 39.5000 -31.2585 35 30 24
19.0000 39.5000 -31.5873 33 28 22
20.0000 39.5000 -31.7996 37 32 26
21.0000 39.5000 -31.9433 37 32 26
22.0000 39.5000 -32.0706 37 32 26
23.0000 39.5000 -32.2290 37 32 26
24.0000 39.5000 -32.4554 37 32 26
25.0000 39.5000 -32.7741 37 32 26
26.0000 39.5000 -33.1969 37 32 26
27.0000 39.5000 -33.7236 37 33 24
28.0000 39.5000 -34.3445 37 31 19
29.0000 39.5000 -35.0444 34 28 14
30.0000 39.5000 -35.8078 31 25 11
31.0000 39.5000 -36.6243 31 25 11
32.0000 39.5000 -37.4921 29 26 11
33.0000 39.5000 -38.4174 28 26 11
34.0000 39.5000 -39.4123 25 23 10
35.0000 39.5000 -40.4905 22 20 7
36.0000 39.5000 -41.6642 25 23 11
37.0000 39.5000 -42.9400 21 21 9
38.0000 39.5000 -44.3149 20 17 8
39.0000 39.5000 -45.7717 19 16 7
40.0000 39.5000 -47.2758 20 17 8
41.0000 39.5000 -48.7768 20 16 7
44.0000 39.5000 -52.7324 20 13 5
45.0000 39.5000 -53.7818 20 13 5
-89.0000 38.5000 -63.3374 13 14 8
-88.0000 38.5000 -58.2998 14 15 9
-87.0000 38.5000 -54.5384 14 15 9
-84.0000 38.5000 -48.3354 15 16 10
-83.0000 38.5000 -47.1632 16 17 11
-82.0000 38.5000 -46.1691 16 17 11
-81.0000 38.5000 -45.2673 17 18 12
-80.0000 38.5000 -44.4070 16 19 12
-79.0000 38.5000 -43.5637 17 20 13
-78.0000 38.5000 -42.7346 17 20 13
-77.0000 38.5000 -41.9353 17 20 13
-76.0000 38.5000 -41.1943 20 25 18
-75.0000 38.5000 -40.5450 18 23 16
-74.0000 38.5000 -40.0167 17 24 16
-73.0000 38.5000 -39.6257 19 26 18
-72.0000 38.5000 -39.3703 22 29 21
-71.0000 38.5000 -39.2283 22 29 21
-70.0000 38.5000 -39.1589 16 26 17
-69.0000 38.5000 -39.1047 14 21 13
-68.0000 38.5000 -38.9964 19 25 15
-67.0000 38.5000 -38.7588 22 25 16
-66.0000 38.5000 -38.3208 22 25 14
-65.0000 38.5000 -37.6290 19 22 11
-64.0000 38.5000 -36.6618 19 21 8
-63.0000 38.5000 -35.4381 23 25 12
-62.0000 38.5000 -34.0174 31 32 18
-61.0000 38.5000 -32.4880 37 38 22
-60.0000 38.5000 -30.9479 46 44 29
-59.0000 38.5000 -29.4833 47 46 28
-58.0000 38.5000 -28.1534 51 48 29
-57.0000 38.5000 -26.9840 56 51 32
-56.0000 38.5000 -25.9720 59 54 34
-55.0000 38.5000 -25.0955 62 57 37
-54.0000 38.5000 -24.3259 64 59 37
-53.0000 38.5000 -23.6367 67 61 37
-52.0000 38.5000 -23.0092 75 68 40
-51.0000 38.5000 -22.4335 77 70 41
-50.0000 38.5000 -21.9062 82 72 45
-49.0000 38.5000 -21.4281 86 76 49
-48.0000 38.5000 -21.0007 90 80 53
-47.0000 38.5000 -20.6238 94 85 56
-46.0000 38.5000 -20.2949 98 87 59
-45.0000 38.5000 -20.0087 99 88 60
-44.0000 38.5000 -19.7581 106 92 65
-43.0000 38.5000 -19.5348 107 93 64
-42.0000 38.5000 -19.3314 107 93 64
-41.0000 38.5000 -19.1421 109 95 66
-40.0000 38.5000 -18.9636 113 97 71
-39.0000 38.5000 -18.7951 116 100 74
-38.0000 38.5000 -18.6376 119 103 77
-37.0000 38.5000 -18.4931 121 106 77
-36.0000 38.5000 -18.3631 122 105 77
-35.0000 38.5000 -18.2485 123 106 78
-34.0000 38.5000 -18.1492 124 107 79
-33.0000 38.5000 -18.0638 125 108 80
-32.0000 38.5000 -17.9901 126 109 81
-31.0000 38.5000 -17.9246 125 108 80
-30.0000 38.5000 -17.8632 124 107 79
-29.0000 38.5000 -17.8009 124 107 79
-28.0000 38.5000 -17.7329 125 108 80
-27.0000 38.5000 -17.6556 125 108 80
-26.0000 38.5000 -17.5677 125 108 80
-25.0000 38.5000 -17.4706 127 110 82
-24.0000 38.5000 -17.3687 130 113 85
-23.0000 38.5000 -17.2684 134 117 89
-22.0000 38.5000 -17.1770 138 121 93
-21.0000 38.5000 -17.1009 140 123 93
-20.0000 38.5000 -17.0451 138 122 89
-19.0000 38.5000 -17.0117 144 128 95
-18.0000 38.5000 -17.0003 144 128 95
-17.0000 38.5000 -17.0087 137 122 89
-16.0000 38.5000 -17.0340 133 118 85
-15.0000 38.5000 -17.0740 135 120 89
-14.0000 38.5000 -17.1283 136 121 90
-13.0000 38.5000 -17.1981 132 119 87
-12.0000 38.5000 -17.2860 134 120 91
-11.0000 38.5000 -17.3950 130 119 89
-10.0000 38.5000 -17.5273 128 117 87
-9.0000 38.5000 -17.6844 128 117 87
-8.0000 38.5000 -17.8662 127 116 88
-7.0000 38.5000 -18.0717 123 114 85
-6.0000 38.5000 -18.2986 118 109 80
-5.0000 38.5000 -18.5432 114 104 77
-4.0000 38.5000 -18.8014 112 102 77
-3.0000 38.5000 -19.0684 107 96 74
-2.0000 38.5000 -19.3405 100 92 69
-1.0000 38.5000 -19.6153 98 90 67
0.0000 38.5000 -19.8931 99 91 70
1.0000 38.5000 -20.1775 97 91 69
2.0000 38.5000 -20.4748 95 88 69
3.0000 38.5000 -20.7937 92 85 66
4.0000 38.5000 -21.1440 90 83 64
5.0000 38.5000 -21.5358 81 76 56
6.0000 38.5000 -21.9790 73 68 49
7.0000 38.5000 -22.4830 72 67 48
8.0000 38.5000 -23.0571 73 70 53
9.0000 38.5000 -23.7093 72 69 52
10.0000 38.5000 -24.4450 65 62 45
11.0000 38.5000 -25.2627 56 53 38
12.0000 38.5000 -26.1498 64 60 51
13.0000 38.5000 -27.0795 57 52 46
14.0000 38.5000 -28.0106 48 43 37
15.0000 38.5000 -28.8928 42 37 31
16.0000 38.5000 -29.6761 39 34 28
17.0000 38.5000 -30.3232 38 33 27
18.0000 38.5000 -30.8185 37 32 26
19.0000 38.5000 -31.1724 35 30 24
20.0000 38.5000 -31.4183 36 31 25
21.0000 38.5000 -31.6034 36 31 25
22.0000 38.5000 -31.7776 36 31 25
23.0000 38.5000 -31.9846 36 31 25
24.0000 38.5000 -32.2569 36 31 25
25.0000 38.5000 -32.6143 36 31 25
26.0000 38.5000 -33.0656 36 31 25
27.0000 38.5000 -33.6104 36 32 23
28.0000 38.5000 -34.2417 36 32 20
29.0000 38.5000 -34.9490 36 30 16
30.0000 38.5000 -35.7218 33 27 13
31.0000 38.5000 -36.5537 32 26 12
32.0000 38.5000 -37.4446 31 28 13
33.0000 38.5000 -38.4005 30 27 12
34.0000 38.5000 -39.4316 27 23 11
35.0000 38.5000 -40.5498 24 22 9
36.0000 38.5000 -41.7657 26 22 11
37.0000 38.5000 -43.0852 22 20 8
38.0000 38.5000 -44.5050 20 16 7
39.0000 38.5000 -46.0083 19 15 6
40.0000 38.5000 -47.5611 20 16 7
41.0000 38.5000 -49.1125 19 15 6
44.0000 38.5000 -53.2015 20 13 5
45.0000 38.5000 -54.2698 20 13 5
-88.0000 37.5000 -55.7441 13 14 8
-87.0000 37.5000 -52.5569 13 14 8
-86.0000 37.5000 -50.2648 14 15 7
-85.0000 37.5000 -48.5973 14 15 7
-84.0000 37.5000 -47.3310 18 19 11
-83.0000 37.5000 -46.3026 17 18 10
-82.0000 37.5000 -45.4011 17 18 10
-81.0000 37.5000 -44.5555 18 19 11
-80.0000 37.5000 -43.7237 18 21 12
-79.0000 37.5000 -42.8874 20 23 14
-78.0000 37.5000 -42.0494 23 26 17
-77.0000 37.5000 -41.2307 24 27 18
-76.0000 37.5000 -40.4650 22 28 18
-75.0000 37.5000 -39.7905 23 29 19
-74.0000 37.5000 -39.2406 23 31 20
-73.0000 37.5000 -38.8359 23 31 20
-72.0000 37.5000 -38.5792 22 30 19
-71.0000 37.5000 -38.4527 20 28 17
-70.0000 37.5000 -38.4185 15 25 14
-69.0000 37.5000 -38.4203 16 24 13
-68.0000 37.5000 -38.3868 26 27 19
-67.0000 37.5000 -38.2379 22 22 14
-66.0000 37.5000 -37.8951 20 20 10
-65.0000 37.5000 -37.2960 24 24 14
-64.0000 37.5000 -36.4090 26 26 14
-63.0000 37.5000 -35.2445 24 24 12
-62.0000 37.5000 -33.8561 30 28 15
-61.0000 37.5000 -32.3315 36 34 19
-60.0000 37.5000 -30.7728 47 45 30
-59.0000 37.5000 -29.2741 51 50 32
-58.0000 37.5000 -27.9040 56 55 35
-57.0000 37.5000 -26.6964 61 58 39
-56.0000 37.5000 -25.6531 62 60 39
-55.0000 37.5000 -24.7538 64 62 41
-54.0000 37.5000 -23.9689 67 65 42
-53.0000 37.5000 -23.2700 72 67 45
-52.0000 37.5000 -22.6364 80 74 50
-51.0000 37.5000 -22.0567 81 73 50
-50.0000 37.5000 -21.5271 90 80 55
-49.0000 37.5000 -21.0480 99 89 64
-48.0000 37.5000 -20.6208 101 91 66
-47.0000 37.5000 -20.2451 97 87 60
-46.0000 37.5000 -19.9182 100 89 61
-45.0000 37.5000 -19.6348 108 97 69
-44.0000 37.5000 -19.3881 122 108 79
-43.0000 37.5000 -19.1705 114 101 69
-42.0000 37.5000 -18.9752 113 100 68
-41.0000 37.5000 -18.7966 120 107 75
-40.0000 37.5000 -18.6312 125 110 77
-39.0000 37.5000 -18.4775 122 107 74
-38.0000 37.5000 -18.3358 120 105 72
-37.0000 37.5000 -18.2069 123 108 75
-36.0000 37.5000 -18.0917 127 110 80
-35.0000 37.5000 -17.9905 127 108 78
-34.0000 37.5000 -17.9026 126 107 77
-33.0000 37.5000 -17.8263 129 110 80
-32.0000 37.5000 -17.7592 134 115 85
-31.0000 37.5000 -17.6982 136 117 87
-30.0000 37.5000 -17.6396 134 115 85
-29.0000 37.5000 -17.5789 131 112 82
-28.0000 37.5000 -17.5123 134 115 85
-27.0000 37.5000 -17.4364 133 114 84
-26.0000 37.5000 -17.3502 133 114 84
-25.0000 37.5000 -17.2548 134 115 85
-24.0000 37.5000 -17.1543 136 117 87
-23.0000 37.5000 -17.0547 139 120 90
-22.0000 37.5000 -16.9630 143 124 94
-21.0000 37.5000 -16.8858 145 126 96
-20.0000 37.5000 -16.8283 144 125 92
-19.0000 37.5000 -16.7931 144 125 92
-18.0000 37.5000 -16.7806 145 126 93
-17.0000 37.5000 -16.7892 146 127 94
-16.0000 37.5000 -16.8163 146 127 94
-15.0000 37.5000 -16.8599 143 127 94
-14.0000 37.5000 -16.9191 142 126 93
-13.0000 37.5000 -16.9948 140 124 91
-12.0000 37.5000 -17.0887 142 125 95
-11.0000 37.5000 -17.2032 137 122 91
-10.0000 37.5000 -17.3401 132 117 88
-9.0000 37.5000 -17.5006 129 115 86
-8.0000 37.5000 -17.6849 127 113 86
-7.0000 37.5000 -17.8920 124 110 83
-6.0000 37.5000 -18.1199 119 105 78
-5.0000 37.5000 -18.3652 113 101 75
-4.0000 37.5000 -18.6237 111 101 76
-3.0000 37.5000 -18.8908 107 97 72
-2.0000 37.5000 -19.1623 103 92 70
-1.0000 37.5000 -19.4356 102 91 69
0.0000 37.5000 -19.7105 101 90 68
1.0000 37.5000 -19.9899 97 89 66
2.0000 37.5000 -20.2797 92 84 63
3.0000 37.5000 -20.5884 86 80 58
4.0000 37.5000 -20.9257 89 82 63
5.0000 37.5000 -21.3017 91 84 65
6.0000 37.5000 -21.7260 86 81 61
7.0000 37.5000 -22.2079 77 72 52
8.0000 37.5000 -22.7559 74 69 50
9.0000 37.5000 -23.3782 75 70 51
10.0000 37.5000 -24.0804 68 63 44
11.0000 37.5000 -24.8630 58 52 36
12.0000 37.5000 -25.7165 64 57 47
13.0000 37.5000 -26.6176 60 53 45
14.0000 37.5000 -27.5280 54 47 39
15.0000 37.5000 -28.3993 48 41 33
16.0000 37.5000 -29.1819 45 38 30
17.0000 37.5000 -29.8380 43 36 28
18.0000 37.5000 -30.3520 44 37 29
19.0000 37.5000 -30.7344 45 38 30
20.0000 37.5000 -31.0186 46 39 31
21.0000 37.5000 -31.2510 46 39 31
22.0000 37.5000 -31.4792 46 39 31
23.0000 37.5000 -31.7423 46 39 31
24.0000 37.5000 -32.0672 45 38 30
25.0000 37.5000 -32.4681 45 38 30
26.0000 37.5000 -32.9504 44 37 29
27.0000 37.5000 -33.5132 42 38 27
28.0000 37.5000 -34.1526 34 30 18
29.0000 37.5000 -34.8638 34 31 16
30.0000 37.5000 -35.6427 33 30 15
31.0000 37.5000 -36.4880 32 29 14
32.0000 37.5000 -37.4020 33 27 13
33.0000 37.5000 -38.3906 32 26 12
34.0000 37.5000 -39.4618 31 25 13
35.0000 37.5000 -40.6251 29 25 13
36.0000 37.5000 -41.8885 27 20 10
37.0000 37.5000 -43.2565 25 21 10
38.0000 37.5000 -44.7259 25 18 10
39.0000 37.5000 -46.2802 24 17 9
40.0000 37.5000 -47.8861 22 15 7
41.0000 37.5000 -49.4929 21 14 6
42.0000 37.5000 -51.0392 20 13 5
-92.0000 36.5000 -76.7371 13 14 9
-91.0000 36.5000 -68.8203 14 15 10
-90.0000 36.5000 -62.3129 14 15 9
-89.0000 36.5000 -57.2671 14 15 9
-88.0000 36.5000 -53.5325 15 16 10
-87.0000 36.5000 -50.8484 16 17 11
-86.0000 36.5000 -48.9292 16 17 9
-85.0000 36.5000 -47.5220 16 17 9
-84.0000 36.5000 -46.4318 20 21 13
-83.0000 36.5000 -45.5214 19 20 12
-82.0000 36.5000 -44.6991 18 19 11
-81.0000 36.5000 -43.9053 18 19 11
-80.0000 36.5000 -43.1046 17 20 11
-79.0000 36.5000 -42.2831 18 21 12
-78.0000 36.5000 -41.4475 20 23 14
-77.0000 36.5000 -40.6222 21 24 15
-76.0000 36.5000 -39.8438 21 27 17
-75.0000 36.5000 -39.1520 22 28 18
-74.0000 36.5000 -38.5819 22 30 19
-73.0000 36.5000 -38.1563 22 30 19
-72.0000 36.5000 -37.8819 22 30 19
-71.0000 36.5000 -37.7461 20 28 17
-70.0000 36.5000 -37.7167 16 26 15
-69.0000 36.5000 -37.7418 18 24 14
-68.0000 36.5000 -37.7515 27 27 19
-67.0000 36.5000 -37.6642 24 21 14
-66.0000 36.5000 -37.3963 22 19 10
-65.0000 36.5000 -36.8776 26 23 14
-64.0000 36.5000 -36.0673 28 26 14
-63.0000 36.5000 -34.9664 26 24 12
-62.0000 36.5000 -33.6215 29 27 14
-61.0000 36.5000 -32.1164 35 33 18
-60.0000 36.5000 -30.5544 46 44 29
-59.0000 36.5000 -29.0355 51 50 32
-58.0000 36.5000 -27.6356 56 55 35
-57.0000 36.5000 -26.3966 60 59 39
-56.0000 36.5000 -25.3258 61 60 39
-55.0000 36.5000 -24.4058 62 64 42
-54.0000 36.5000 -23.6072 67 67 43
-53.0000 36.5000 -22.9004 71 69 46
-52.0000 36.5000 -22.2632 82 76 54
-51.0000 36.5000 -21.6825 84 76 55
-50.0000 36.5000 -21.1537 93 82 62
-49.0000 36.5000 -20.6766 102 91 69
-48.0000 36.5000 -20.2520 103 92 70
-47.0000 36.5000 -19.8795 101 91 66
-46.0000 36.5000 -19.5559 104 92 66
-45.0000 36.5000 -19.2761 111 100 70
-44.0000 36.5000 -19.0337 121 108 76
-43.0000 36.5000 -18.8219 116 103 69
-42.0000 36.5000 -18.6343 116 103 69
-41.0000 36.5000 -18.4657 122 109 74
-40.0000 36.5000 -18.3124 125 111 76
-39.0000 36.5000 -18.1726 123 109 72
-38.0000 36.5000 -18.0455 123 109 70
-37.0000 36.5000 -17.9312 126 112 75
-36.0000 36.5000 -17.8300 130 111 79
-35.0000 36.5000 -17.7413 130 111 81
-34.0000 36.5000 -17.6639 130 111 81
-33.0000 36.5000 -17.5957 132 113 83
-32.0000 36.5000 -17.5341 135 116 86
-31.0000 36.5000 -17.4759 136 117 87
-30.0000 36.5000 -17.4179 136 117 87
-29.0000 36.5000 -17.3566 135 116 86
-28.0000 36.5000 -17.2889 135 116 86
-27.0000 36.5000 -17.2125 135 116 86
-26.0000 36.5000 -17.1264 135 116 86
-25.0000 36.5000 -17.0320 136 117 87
-24.0000 36.5000 -16.9329 138 119 89
-23.0000 36.5000 -16.8346 141 122 92
-22.0000 36.5000 -16.7437 144 125 95
-21.0000 36.5000 -16.6666 146 127 95
-20.0000 36.5000 -16.6085 149 129 94
-19.0000 36.5000 -16.5725 149 129 94
-18.0000 36.5000 -16.5597 149 129 94
-17.0000 36.5000 -16.5690 149 129 96
-16.0000 36.5000 -16.5986 148 128 95
-15.0000 36.5000 -16.6465 146 127 94
-14.0000 36.5000 -16.7116 144 125 93
-13.0000 36.5000 -16.7940 143 124 92
-12.0000 36.5000 -16.8949 151 132 102
-11.0000 36.5000 -17.0157 145 128 98
-10.0000 36.5000 -17.1576 141 124 96
-9.0000 36.5000 -17.3215 137 122 93
-8.0000 36.5000 -17.5074 135 119 93
-7.0000 36.5000 -17.7147 132 116 90
-6.0000 36.5000 -17.9418 128 112 86
-5.0000 36.5000 -18.1859 123 109 83
-4.0000 36.5000 -18.4430 115 105 80
-3.0000 36.5000 -18.7087 111 101 76
-2.0000 36.5000 -18.9785 107 96 74
-1.0000 36.5000 -19.2494 105 94 72
0.0000 36.5000 -19.5205 104 93 71
1.0000 36.5000 -19.7941 101 90 68
2.0000 36.5000 -20.0755 96 85 65
3.0000 36.5000 -20.3728 90 82 61
4.0000 36.5000 -20.6957 91 84 65
5.0000 36.5000 -21.0542 92 85 66
6.0000 36.5000 -21.4580 87 82 62
7.0000 36.5000 -21.9162 80 75 55
8.0000 36.5000 -22.4370 77 72 53
9.0000 36.5000 -23.0283 78 73 54
10.0000 36.5000 -23.6965 72 67 48
11.0000 36.5000 -24.4439 62 56 40
12.0000 36.5000 -25.2637 65 59 47
13.0000 36.5000 -26.1363 62 55 45
14.0000 36.5000 -27.0263 55 48 40
15.0000 36.5000 -27.8872 49 42 32
16.0000 36.5000 -28.6701 45 38 30
17.0000 36.5000 -29.3372 44 37 27
18.0000 36.5000 -29.8724 44 37 29
19.0000 36.5000 -30.2865 45 38 28
20.0000 36.5000 -30.6130 49 42 34
21.0000 36.5000 -30.8973 48 41 31
22.0000 36.5000 -31.1841 47 40 32
23.0000 36.5000 -31.5080 45 38 28
24.0000 36.5000 -31.8897 44 37 29
25.0000 36.5000 -32.3377 42 35 25
26.0000 36.5000 -32.8530 41 34 26
27.0000 36.5000 -33.4343 38 34 23
28.0000 36.5000 -34.0808 34 32 19
29.0000 36.5000 -34.7937 34 32 17
30.0000 36.5000 -35.5761 34 31 16
31.0000 36.5000 -36.4328 32 29 14
32.0000 36.5000 -37.3696 33 27 13
33.0000 36.5000 -38.3924 31 25 11
34.0000 36.5000 -39.5076 30 24 12
35.0000 36.5000 -40.7210 31 23 12
36.0000 36.5000 -42.0376 29 20 11
37.0000 36.5000 -43.4593 28 19 10
38.0000 36.5000 -44.9817 27 18 11
39.0000 36.5000 -46.5884 24 17 9
40.0000 36.5000 -48.2466 23 16 8
41.0000 36.5000 -49.9056 21 14 6
42.0000 36.5000 -51.5027 20 13 5
-92.0000 35.5000 -72.3794 15 16 11
-91.0000 35.5000 -65.0535 16 17 12
-90.0000 35.5000 -59.2225 16 17 11
-89.0000 35.5000 -54.8293 17 18 12
-88.0000 35.5000 -51.6499 17 18 12
-87.0000 35.5000 -49.3937 18 19 13
-86.0000 35.5000 -47.7795 18 19 11
-85.0000 35.5000 -46.5786 18 19 11
-84.0000 35.5000 -45.6249 21 22 14
-83.0000 35.5000 -44.8053 20 21 13
-82.0000 35.5000 -44.0447 19 20 12
-81.0000 35.5000 -43.2929 18 19 11
-80.0000 35.5000 -42.5200 16 19 10
-79.0000 35.5000 -41.7154 16 19 10
-78.0000 35.5000 -40.8888 17 20 11
-77.0000 35.5000 -40.0665 18 21 12
-76.0000 35.5000 -39.2854 19 25 15
-75.0000 35.5000 -38.5844 20 26 16
-74.0000 35.5000 -37.9973 20 28 17
-73.0000 35.5000 -37.5471 21 29 18
-72.0000 35.5000 -37.2429 21 29 18
-71.0000 35.5000 -37.0781 21 29 18
-70.0000 35.5000 -37.0277 18 28 17
-69.0000 35.5000 -37.0470 21 27 17
-68.0000 35.5000 -37.0712 28 28 20
-67.0000 35.5000 -37.0199 25 20 14
-66.0000 35.5000 -36.8072 24 20 11
-65.0000 35.5000 -36.3570 28 24 15
-64.0000 35.5000 -35.6200 28 26 14
-63.0000 35.5000 -34.5877 26 24 12
-62.0000 35.5000 -33.2978 29 27 14
-61.0000 35.5000 -31.8285 35 33 18
-60.0000 35.5000 -30.2814 43 44 28
-59.0000 35.5000 -28.7591 48 49 31
-58.0000 35.5000 -27.3436 54 56 35
-57.0000 35.5000 -26.0835 58 60 39
-56.0000 35.5000 -24.9920 60 62 40
-55.0000 35.5000 -24.0554 62 66 43
-54.0000 35.5000 -23.2460 67 69 45
-53.0000 35.5000 -22.5338 72 72 48
-52.0000 35.5000 -21.8953 84 77 58
-51.0000 35.5000 -21.3164 87 79 60
-50.0000 35.5000 -20.7910 96 85 67
-49.0000 35.5000 -20.3183 104 93 73
-48.0000 35.5000 -19.8985 106 95 73
-47.0000 35.5000 -19.5308 105 95 70
-46.0000 35.5000 -19.2120 109 97 71
-45.0000 35.5000 -18.9371 114 103 73
-44.0000 35.5000 -18.7001 119 106 74
-43.0000 35.5000 -18.4946 118 105 71
-42.0000 35.5000 -18.3148 120 107 72
-41.0000 35.5000 -18.1558 125 113 75
-40.0000 35.5000 -18.0137 126 112 73
-39.0000 35.5000 -17.8863 125 112 70
-38.0000 35.5000 -17.7722 127 114 70
-37.0000 35.5000 -17.6710 132 119 77
-36.0000 35.5000 -17.5823 133 114 81
-35.0000 35.5000 -17.5048 134 115 83
-34.0000 35.5000 -17.4368 136 117 85
-33.0000 35.5000 -17.3755 136 117 85
-32.0000 35.5000 -17.3179 136 117 85
-31.0000 35.5000 -17.2608 137 118 86
-30.0000 35.5000 -17.2014 138 119 87
-29.0000 35.5000 -17.1372 140 121 89
-28.0000 35.5000 -17.0660 138 119 87
-27.0000 35.5000 -16.9866 138 119 87
-26.0000 35.5000 -16.8988 139 120 88
-25.0000 35.5000 -16.8041 140 121 89
-24.0000 35.5000 -16.7059 142 123 91
-23.0000 35.5000 -16.6093 145 126 94
-22.0000 35.5000 -16.5201 148 129 97
-21.0000 35.5000 -16.4442 149 130 97
-20.0000 35.5000 -16.3869 152 132 95
-19.0000 35.5000 -16.3515 155 133 96
-18.0000 35.5000 -16.3398 156 134 97
-17.0000 35.5000 -16.3513 155 132 98
-16.0000 35.5000 -16.3847 153 130 96
-15.0000 35.5000 -16.4382 149 129 94
-14.0000 35.5000 -16.5104 147 127 94
-13.0000 35.5000 -16.6007 146 127 95
-12.0000 35.5000 -16.7095 148 129 99
-11.0000 35.5000 -16.8371 143 126 96
-10.0000 35.5000 -16.9841 139 122 94
-9.0000 35.5000 -17.1509 136 119 91
-8.0000 35.5000 -17.3376 134 117 91
-7.0000 35.5000 -17.5440 132 115 89
-6.0000 35.5000 -17.7689 128 110 86
-5.0000 35.5000 -18.0101 122 108 82
-4.0000 35.5000 -18.2642 120 110 85
-3.0000 35.5000 -18.5267 116 106 81
-2.0000 35.5000 -18.7931 112 102 77
-1.0000 35.5000 -19.0599 110 98 74
0.0000 35.5000 -19.3254 107 95 71
1.0000 35.5000 -19.5913 104 92 68
2.0000 35.5000 -19.8627 99 88 66
3.0000 35.5000 -20.1472 94 86 63
4.0000 35.5000 -20.4547 92 86 64
5.0000 35.5000 -20.7952 92 86 64
6.0000 35.5000 -21.1784 88 83 63
7.0000 35.5000 -21.6130 81 79 58
8.0000 35.5000 -22.1070 81 76 56
9.0000 35.5000 -22.6681 80 75 55
10.0000 35.5000 -23.3031 76 69 50
11.0000 35.5000 -24.0160 68 61 43
12.0000 35.5000 -24.8029 68 62 48
13.0000 35.5000 -25.6474 64 58 46
14.0000 35.5000 -26.5177 58 51 41
15.0000 35.5000 -27.3692 51 45 33
16.0000 35.5000 -28.1542 47 40 30
17.0000 35.5000 -28.8346 45 39 27
18.0000 35.5000 -29.3941 45 38 28
19.0000 35.5000 -29.8433 45 39 27
20.0000 35.5000 -30.2151 50 43 33
21.0000 35.5000 -30.5539 49 43 31
22.0000 35.5000 -30.9015 47 40 30
23.0000 35.5000 -31.2882 45 39 27
24.0000 35.5000 -31.7286 42 35 25
25.0000 35.5000 -32.2254 40 34 22
26.0000 35.5000 -32.7756 38 31 21
27.0000 35.5000 -33.3767 34 30 18
28.0000 35.5000 -34.0309 35 33 18
29.0000 35.5000 -34.7453 33 34 18
30.0000 35.5000 -35.5306 33 31 16
31.0000 35.5000 -36.3982 32 29 14
32.0000 35.5000 -37.3583 33 27 13
33.0000 35.5000 -38.4181 31 25 11
34.0000 35.5000 -39.5821 30 22 11
35.0000 35.5000 -40.8521 31 21 11
36.0000 35.5000 -42.2284 30 20 11
37.0000 35.5000 -43.7090 30 20 11
38.0000 35.5000 -45.2862 29 18 12
39.0000 35.5000 -46.9425 26 17 10
40.0000 35.5000 -48.6446 24 15 8
41.0000 35.5000 -50.3420 23 14 7
42.0000 35.5000 -51.9713 21 14 6
43.0000 35.5000 -53.4677 20 13 5
-92.0000 34.5000 -68.4778 15 16 11
-91.0000 34.5000 -61.7570 15 16 11
-90.0000 34.5000 -56.5694 16 17 11
-89.0000 34.5000 -52.7640 16 17 11
-88.0000 34.5000 -50.0625 17 18 12
-87.0000 34.5000 -48.1594 17 18 12
-86.0000 34.5000 -46.7871 18 19 11
-85.0000 34.5000 -45.7432 18 19 11
-84.0000 34.5000 -44.8889 20 21 13
-83.0000 34.5000 -44.1328 19 20 12
-82.0000 34.5000 -43.4137 18 19 11
-81.0000 34.5000 -42.6900 17 18 10
-80.0000 34.5000 -41.9368 16 19 10
-79.0000 34.5000 -41.1471 17 20 11
-78.0000 34.5000 -40.3326 18 21 12
-77.0000 34.5000 -39.5203 19 22 13
-76.0000 34.5000 -38.7455 18 24 14
-75.0000 34.5000 -38.0441 18 24 14
-74.0000 34.5000 -37.4461 19 27 16
-73.0000 34.5000 -36.9726 20 28 17
-72.0000 34.5000 -36.6338 21 29 18
-71.0000 34.5000 -36.4280 22 30 19
-70.0000 34.5000 -36.3386 21 31 20
-69.0000 34.5000 -36.3296 24 30 20
-68.0000 34.5000 -36.3440 29 29 21
-67.0000 34.5000 -36.3058 26 23 16
-66.0000 34.5000 -36.1293 24 21 12
-65.0000 34.5000 -35.7347 28 25 16
-64.0000 34.5000 -35.0656 28 26 14
-63.0000 34.5000 -34.1043 26 24 12
-62.0000 34.5000 -32.8790 29 27 14
-61.0000 34.5000 -31.4604 35 33 18
-60.0000 34.5000 -29.9459 43 44 28
-59.0000 34.5000 -28.4383 48 49 31
-58.0000 34.5000 -27.0233 54 56 35
-57.0000 34.5000 -25.7548 59 61 40
-56.0000 34.5000 -24.6519 62 64 42
-55.0000 34.5000 -23.7052 65 67 45
-54.0000 34.5000 -22.8890 69 71 47
-53.0000 34.5000 -22.1745 75 75 51
-52.0000 34.5000 -21.5374 84 77 58
-51.0000 34.5000 -20.9625 90 82 63
-50.0000 34.5000 -20.4427 99 88 70
-49.0000 34.5000 -19.9763 105 94 74
-48.0000 34.5000 -19.5629 107 96 74
-47.0000 34.5000 -19.2014 108 98 73
-46.0000 34.5000 -18.8887 112 101 73
-45.0000 34.5000 -18.6200 116 105 75
-44.0000 34.5000 -18.3895 119 106 74
-43.0000 34.5000 -18.1913 122 109 74
-42.0000 34.5000 -18.0199 126 113 78
-41.0000 34.5000 -17.8703 128 116 78
-40.0000 34.5000 -17.7387 128 114 75
-39.0000 34.5000 -17.6224 128 115 73
-38.0000 34.5000 -17.5197 132 119 75
-37.0000 34.5000 -17.4298 138 123 82
-36.0000 34.5000 -17.3517 137 118 85
-35.0000 34.5000 -17.2839 140 121 89
-34.0000 34.5000 -17.2237 141 122 90
-33.0000 34.5000 -17.1679 140 121 89
-32.0000 34.5000 -17.1128 138 119 87
-31.0000 34.5000 -17.0552 138 119 87
-30.0000 34.5000 -16.9925 142 123 91
-29.0000 34.5000 -16.9232 145 126 94
-28.0000 34.5000 -16.8464 142 123 91
-27.0000 34.5000 -16.7620 142 123 91
-26.0000 34.5000 -16.6706 144 125 93
-25.0000 34.5000 -16.5744 146 127 95
-24.0000 34.5000 -16.4765 148 129 97
-23.0000 34.5000 -16.3814 150 131 99
-22.0000 34.5000 -16.2944 152 133 101
-21.0000 34.5000 -16.2209 154 134 101
-20.0000 34.5000 -16.1658 155 135 98
-19.0000 34.5000 -16.1329 157 138 98
-18.0000 34.5000 -16.1241 161 139 100
-17.0000 34.5000 -16.1398 158 138 101
-16.0000 34.5000 -16.1789 156 136 99
-15.0000 34.5000 -16.2395 153 133 98
-14.0000 34.5000 -16.3200 153 133 100
-13.0000 34.5000 -16.4192 153 134 101
-12.0000 34.5000 -16.5362 148 129 97
-11.0000 34.5000 -16.6708 143 126 96
-10.0000 34.5000 -16.8226 139 122 94
-9.0000 34.5000 -16.9919 135 120 91
-8.0000 34.5000 -17.1787 135 118 92
-7.0000 34.5000 -17.3832 132 116 90
-6.0000 34.5000 -17.6048 128 112 87
-5.0000 34.5000 -17.8418 123 109 83
-4.0000 34.5000 -18.0912 121 111 86
-3.0000 34.5000 -18.3487 119 109 84
-2.0000 34.5000 -18.6093 116 104 80
-1.0000 34.5000 -18.8692 111 99 75
0.0000 34.5000 -19.1263 110 95 72
1.0000 34.5000 -19.3819 106 91 68
2.0000 34.5000 -19.6409 102 90 68
3.0000 34.5000 -19.9112 99 88 66
4.0000 34.5000 -20.2025 94 86 65
5.0000 34.5000 -20.5252 90 85 63
6.0000 34.5000 -20.8886 87 82 62
7.0000 34.5000 -21.3011 82 80 59
8.0000 34.5000 -21.7700 83 78 58
9.0000 34.5000 -22.3028 82 75 56
10.0000 34.5000 -22.9065 78 70 51
11.0000 34.5000 -23.5865 72 63 46
12.0000 34.5000 -24.3416 73 65 52
13.0000 34.5000 -25.1589 68 62 48
14.0000 34.5000 -26.0099 61 55 43
15.0000 34.5000 -26.8529 54 48 34
16.0000 34.5000 -27.6413 48 42 30
17.0000 34.5000 -28.3371 46 40 26
18.0000 34.5000 -28.9236 46 40 28
19.0000 34.5000 -29.4103 46 40 26
20.0000 34.5000 -29.8293 49 43 31
21.0000 34.5000 -30.2234 48 42 28
22.0000 34.5000 -30.6321 46 40 28
23.0000 34.5000 -31.0811 44 38 24
24.0000 34.5000 -31.5801 41 35 23
25.0000 34.5000 -32.1263 39 33 19
26.0000 34.5000 -32.7128 37 31 19
27.0000 34.5000 -33.3361 34 31 16
28.0000 34.5000 -34.0007 34 35 19
29.0000 34.5000 -34.7192 33 34 18
30.0000 34.5000 -35.5095 31 32 16
31.0000 34.5000 -36.3903 32 30 15
32.0000 34.5000 -37.3769 30 27 12
33.0000 34.5000 -38.4785 32 24 11
34.0000 34.5000 -39.6977 31 21 11
35.0000 34.5000 -41.0317 30 20 10
36.0000 34.5000 -42.4744 33 20 12
37.0000 34.5000 -44.0173 32 19 11
38.0000 34.5000 -45.6478 31 18 12
39.0000 34.5000 -47.3448 27 16 10
40.0000 34.5000 -49.0739 26 15 9
41.0000 34.5000 -50.7847 23 14 7
42.0000 34.5000 -52.4145 22 13 6
43.0000 34.5000 -53.8994 20 13 5
-92.0000 33.5000 -65.0664 13 14 9
-91.0000 33.5000 -58.9208 13 14 9
-90.0000 33.5000 -54.3152 14 15 9
-89.0000 33.5000 -51.0196 14 15 9
-88.0000 33.5000 -48.7168 15 16 10
-87.0000 33.5000 -47.0975 15 16 10
-86.0000 33.5000 -45.9119 16 17 9
-85.0000 33.5000 -44.9831 16 17 9
-84.0000 33.5000 -44.1965 17 19 8
-83.0000 33.5000 -43.4790 17 19 8
-82.0000 33.5000 -42.7819 17 19 8
-81.0000 33.5000 -42.0715 17 19 8
-80.0000 33.5000 -41.3286 17 20 9
-79.0000 33.5000 -40.5499 19 22 11
-78.0000 33.5000 -39.7489 21 24 13
-77.0000 33.5000 -38.9523 22 25 14
-76.0000 33.5000 -38.1925 19 25 13
-75.0000 33.5000 -37.5007 19 25 13
-74.0000 33.5000 -36.9014 19 27 14
-73.0000 33.5000 -36.4115 20 28 15
-72.0000 33.5000 -36.0409 22 30 17
-71.0000 33.5000 -35.7915 23 31 18
-70.0000 33.5000 -35.6540 23 34 20
-69.0000 33.5000 -35.6023 26 34 21
-68.0000 33.5000 -35.5884 31 32 24
-67.0000 33.5000 -35.5431 26 26 18
-66.0000 33.5000 -35.3838 24 24 14
-65.0000 33.5000 -35.0296 27 27 17
-64.0000 33.5000 -34.4189 28 28 16
-63.0000 33.5000 -33.5260 25 25 13
-62.0000 33.5000 -32.3701 28 29 15
-61.0000 33.5000 -31.0129 34 35 19
-60.0000 33.5000 -29.5461 46 44 29
-59.0000 33.5000 -28.0700 51 50 32
-58.0000 33.5000 -26.6715 58 57 37
-57.0000 33.5000 -25.4086 63 62 42
-56.0000 33.5000 -24.3050 66 65 44
-55.0000 33.5000 -23.3557 70 69 48
-54.0000 33.5000 -22.5383 75 75 51
-53.0000 33.5000 -21.8251 80 78 55
-52.0000 33.5000 -21.1921 84 78 56
-51.0000 33.5000 -20.6233 91 83 62
-50.0000 33.5000 -20.1109 101 90 70
-49.0000 33.5000 -19.6520 105 94 72
-48.0000 33.5000 -19.2461 108 98 73
-47.0000 33.5000 -18.8918 111 101 74
-46.0000 33.5000 -18.5863 115 104 76
-45.0000 33.5000 -18.3249 117 106 76
-44.0000 33.5000 -18.1022 122 109 77
-43.0000 33.5000 -17.9124 127 114 79
-42.0000 33.5000 -17.7499 131 118 83
-41.0000 33.5000 -17.6100 131 119 81
-40.0000 33.5000 -17.4883 131 117 78
-39.0000 33.5000 -17.3821 133 120 78
-38.0000 33.5000 -17.2893 137 124 82
-37.0000 33.5000 -17.2089 141 126 87
-36.0000 33.5000 -17.1396 142 123 90
-35.0000 33.5000 -17.0794 145 124 93
-34.0000 33.5000 -17.0252 146 125 94
-33.0000 33.5000 -16.9731 144 123 92
-32.0000 33.5000 -16.9190 141 120 89
-31.0000 33.5000 -16.8593 142 121 90
-30.0000 33.5000 -16.7919 145 124 93
-29.0000 33.5000 -16.7161 149 128 97
-28.0000 33.5000 -16.6323 147 126 95
-27.0000 33.5000 -16.5415 148 127 96
-26.0000 33.5000 -16.4455 150 129 98
-25.0000 33.5000 -16.3467 152 131 100
-24.0000 33.5000 -16.2485 154 133 102
-23.0000 33.5000 -16.1549 156 135 104
-22.0000 33.5000 -16.0705 158 137 106
-21.0000 33.5000 -16.0004 158 138 105
-20.0000 33.5000 -15.9491 157 138 98
-19.0000 33.5000 -15.9204 159 142 99
-18.0000 33.5000 -15.9167 163 144 102
-17.0000 33.5000 -15.9387 162 144 104
-16.0000 33.5000 -15.9852 159 141 103
-15.0000 33.5000 -16.0545 158 140 104
-14.0000 33.5000 -16.1443 159 140 107
-13.0000 33.5000 -16.2526 159 143 109
-12.0000 33.5000 -16.3778 154 138 105
-11.0000 33.5000 -16.5189 149 134 103
-10.0000 33.5000 -16.6750 145 130 101
-9.0000 33.5000 -16.8460 142 128 99
-8.0000 33.5000 -17.0321 143 127 101
-7.0000 33.5000 -17.2339 140 126 100
-6.0000 33.5000 -17.4512 136 122 96
-5.0000 33.5000 -17.6829 130 118 92
-4.0000 33.5000 -17.9260 121 111 84
-3.0000 33.5000 -18.1761 119 109 82
-2.0000 33.5000 -18.4282 116 104 78
-1.0000 33.5000 -18.6780 113 99 73
0.0000 33.5000 -18.9233 110 94 71
1.0000 33.5000 -19.1655 106 91 68
2.0000 33.5000 -19.4096 103 91 69
3.0000 33.5000 -19.6640 102 91 69
4.0000 33.5000 -19.9387 95 87 64
5.0000 33.5000 -20.2439 90 86 61
6.0000 33.5000 -20.5888 86 81 59
7.0000 33.5000 -20.9810 84 82 59
8.0000 33.5000 -21.4272 85 80 60
9.0000 33.5000 -21.9342 81 74 55
10.0000 33.5000 -22.5091 77 69 50
11.0000 33.5000 -23.1581 74 65 48
12.0000 33.5000 -23.8826 77 70 54
13.0000 33.5000 -24.6728 72 65 49
14.0000 33.5000 -25.5042 65 57 44
15.0000 33.5000 -26.3380 57 50 34
16.0000 33.5000 -27.1294 51 43 30
17.0000 33.5000 -27.8410 48 41 25
18.0000 33.5000 -28.4551 47 39 26
19.0000 33.5000 -28.9801 47 40 24
20.0000 33.5000 -29.4464 48 40 27
21.0000 33.5000 -29.8950 47 40 24
22.0000 33.5000 -30.3627 46 38 25
23.0000 33.5000 -30.8719 45 38 22
24.0000 33.5000 -31.4276 43 35 22
25.0000 33.5000 -32.0227 41 34 18
26.0000 33.5000 -32.6469 40 32 19
27.0000 33.5000 -33.2957 36 33 18
28.0000 33.5000 -33.9754 33 34 18
29.0000 33.5000 -34.7035 31 34 17
30.0000 33.5000 -35.5049 31 32 16
31.0000 33.5000 -36.4052 31 29 14
32.0000 33.5000 -37.4249 31 28 13
33.0000 33.5000 -38.5754 32 24 11
34.0000 33.5000 -39.8571 32 22 12
35.0000 33.5000 -41.2617 33 20 11
36.0000 33.5000 -42.7747 33 18 11
37.0000 33.5000 -44.3791 33 18 11
38.0000 33.5000 -46.0550 31 16 11
39.0000 33.5000 -47.7765 29 16 10
40.0000 33.5000 -49.5074 25 14 8
41.0000 33.5000 -51.1979 23 14 7
42.0000 33.5000 -52.7879 22 13 6
-93.0000 32.5000 -69.4155 14 14 12
-92.0000 32.5000 -62.1275 13 14 9
-91.0000 32.5000 -56.4957 13 14 9
-90.0000 32.5000 -52.3944 13 14 8
-89.0000 32.5000 -49.5271 14 15 9
-88.0000 32.5000 -47.5496 14 15 9
-87.0000 32.5000 -46.1545 15 16 10
-86.0000 32.5000 -45.1108 15 16 8
-85.0000 32.5000 -44.2647 16 17 9
-84.0000 32.5000 -43.5215 18 20 9
-83.0000 32.5000 -42.8235 17 19 8
-82.0000 32.5000 -42.1329 17 19 8
-81.0000 32.5000 -41.4244 18 20 9
-80.0000 32.5000 -40.6844 19 22 11
-79.0000 32.5000 -39.9140 21 24 13
-78.0000 32.5000 -39.1284 23 26 15
-77.0000 32.5000 -38.3533 25 28 17
-76.0000 32.5000 -37.6175 22 28 16
-75.0000 32.5000 -36.9461 22 28 16
-74.0000 32.5000 -36.3572 21 29 16
-73.0000 32.5000 -35.8624 21 29 16
-72.0000 32.5000 -35.4690 23 31 18
-71.0000 32.5000 -35.1810 25 33 20
-70.0000 32.5000 -34.9948 24 35 21
-69.0000 32.5000 -34.8933 28 36 23
-68.0000 32.5000 -34.8380 31 37 27
-67.0000 32.5000 -34.7681 27 30 21
-66.0000 32.5000 -34.6066 26 28 17
-65.0000 32.5000 -34.2743 29 31 20
-64.0000 32.5000 -33.7073 29 31 18
-63.0000 32.5000 -32.8742 27 27 15
-62.0000 32.5000 -31.7856 29 30 16
-61.0000 32.5000 -30.4949 35 36 20
-60.0000 32.5000 -29.0860 47 45 30
-59.0000 32.5000 -27.6548 52 51 33
-58.0000 32.5000 -26.2873 59 58 38
-57.0000 32.5000 -25.0433 66 63 44
-56.0000 32.5000 -23.9502 70 68 47
-55.0000 32.5000 -23.0069 77 72 52
-54.0000 32.5000 -22.1943 82 77 55
-53.0000 32.5000 -21.4865 86 81 59
-52.0000 32.5000 -20.8604 85 79 55
-51.0000 32.5000 -20.2997 95 87 64
-50.0000 32.5000 -19.7958 105 95 70
-49.0000 32.5000 -19.3456 107 97 72
-48.0000 32.5000 -18.9479 111 101 74
-47.0000 32.5000 -18.6016 116 107 78
-46.0000 32.5000 -18.3040 120 109 79
-45.0000 32.5000 -18.0508 120 109 77
-44.0000 32.5000 -17.8367 127 114 80
-43.0000 32.5000 -17.6560 132 119 85
-42.0000 32.5000 -17.5032 134 121 86
-41.0000 32.5000 -17.3729 133 121 83
-40.0000 32.5000 -17.2608 134 120 83
-39.0000 32.5000 -17.1638 139 125 86
-38.0000 32.5000 -17.0796 141 127 88
-37.0000 32.5000 -17.0070 141 126 87
-36.0000 32.5000 -16.9444 147 128 95
-35.0000 32.5000 -16.8897 148 127 96
-34.0000 32.5000 -16.8394 147 126 95
-33.0000 32.5000 -16.7890 145 124 93
-32.0000 32.5000 -16.7342 144 123 92
-31.0000 32.5000 -16.6712 145 124 93
-30.0000 32.5000 -16.5985 148 127 96
-29.0000 32.5000 -16.5158 150 129 98
-28.0000 32.5000 -16.4247 151 130 99
-27.0000 32.5000 -16.3275 152 131 100
-26.0000 32.5000 -16.2267 155 134 103
-25.0000 32.5000 -16.1253 158 137 106
-24.0000 32.5000 -16.0267 160 139 108
-23.0000 32.5000 -15.9346 161 140 109
-22.0000 32.5000 -15.8533 162 141 110
-21.0000 32.5000 -15.7873 162 142 107
-20.0000 32.5000 -15.7412 160 142 102
-19.0000 32.5000 -15.7185 163 148 105
-18.0000 32.5000 -15.7218 166 151 108
-17.0000 32.5000 -15.7518 166 151 108
-16.0000 32.5000 -15.8073 161 146 105
-15.0000 32.5000 -15.8861 158 144 105
-14.0000 32.5000 -15.9854 159 145 108
-13.0000 32.5000 -16.1025 162 148 113
-12.0000 32.5000 -16.2352 151 136 103
-11.0000 32.5000 -16.3817 147 134 100
-10.0000 32.5000 -16.5409 143 129 100
-9.0000 32.5000 -16.7126 139 128 98
-8.0000 32.5000 -16.8972 139 127 101
-7.0000 32.5000 -17.0955 137 125 99
-6.0000 32.5000 -17.3077 133 121 95
-5.0000 32.5000 -17.5328 129 119 92
-4.0000 32.5000 -17.7677 118 111 83
-3.0000 32.5000 -18.0082 119 109 82
-2.0000 32.5000 -18.2488 117 105 79
-1.0000 32.5000 -18.4853 114 100 74
0.0000 32.5000 -18.7156 110 94 71
1.0000 32.5000 -18.9416 108 92 69
2.0000 32.5000 -19.1687 108 93 72
3.0000 32.5000 -19.4059 107 96 74
4.0000 32.5000 -19.6635 100 92 69
5.0000 32.5000 -19.9516 92 88 63
6.0000 32.5000 -20.2790 87 85 62
7.0000 32.5000 -20.6526 87 85 62
8.0000 32.5000 -21.0784 88 83 63
9.0000 32.5000 -21.5620 82 75 56
10.0000 32.5000 -22.1103 78 70 51
11.0000 32.5000 -22.7300 78 67 49
12.0000 32.5000 -23.4242 81 72 55
13.0000 32.5000 -24.1864 76 69 51
14.0000 32.5000 -24.9959 68 61 45
15.0000 32.5000 -25.8174 59 52 34
16.0000 32.5000 -26.6089 53 46 30
17.0000 32.5000 -27.3336 49 42 24
18.0000 32.5000 -27.9733 48 41 25
19.0000 32.5000 -28.5347 48 41 23
20.0000 32.5000 -29.0461 49 42 26
21.0000 32.5000 -29.5461 48 41 23
22.0000 32.5000 -30.0689 47 40 24
23.0000 32.5000 -30.6339 45 38 20
24.0000 32.5000 -31.2427 44 37 21
25.0000 32.5000 -31.8847 42 35 17
26.0000 32.5000 -32.5472 41 34 18
27.0000 32.5000 -33.2249 37 34 17
28.0000 32.5000 -33.9261 31 32 16
29.0000 32.5000 -34.6724 29 33 16
30.0000 32.5000 -35.4946 30 31 15
31.0000 32.5000 -36.4245 31 29 14
32.0000 32.5000 -37.4873 31 28 13
33.0000 32.5000 -38.6953 33 25 12
34.0000 32.5000 -40.0461 35 22 13
35.0000 32.5000 -41.5242 35 22 13
36.0000 32.5000 -43.1056 32 17 10
37.0000 32.5000 -44.7633 31 16 9
38.0000 32.5000 -46.4688 30 15 10
39.0000 32.5000 -48.1913 29 14 9
40.0000 32.5000 -49.8925 26 13 7
63.0000 32.5000 -59.9977 13 13 13
64.0000 32.5000 -60.7807 13 13 13
-93.0000 31.5000 -66.5254 15 15 13
-92.0000 31.5000 -59.6003 15 16 11
-91.0000 31.5000 -54.4083 15 16 11
-90.0000 31.5000 -50.7314 15 16 10
-89.0000 31.5000 -48.2173 16 17 11
-88.0000 31.5000 -46.5017 17 18 12
-87.0000 31.5000 -45.2832 17 18 12
-86.0000 31.5000 -44.3480 17 18 10
-85.0000 31.5000 -43.5618 18 19 11
-84.0000 31.5000 -42.8463 21 23 12
-83.0000 31.5000 -42.1563 21 23 12
-82.0000 31.5000 -41.4637 20 22 11
-81.0000 31.5000 -40.7512 20 22 11
-80.0000 31.5000 -40.0117 20 23 12
-79.0000 31.5000 -39.2505 21 24 13
-78.0000 31.5000 -38.4844 23 26 15
-77.0000 31.5000 -37.7377 24 27 16
-76.0000 31.5000 -37.0350 25 31 19
-75.0000 31.5000 -36.3951 25 31 19
-74.0000 31.5000 -35.8290 23 31 18
-73.0000 31.5000 -35.3422 23 31 18
-72.0000 31.5000 -34.9383 24 32 19
-71.0000 31.5000 -34.6210 26 34 21
-70.0000 31.5000 -34.3908 26 37 23
-69.0000 31.5000 -34.2374 27 38 24
-68.0000 31.5000 -34.1316 33 41 30
-67.0000 31.5000 -34.0217 28 34 24
-66.0000 31.5000 -33.8383 28 31 20
-65.0000 31.5000 -33.5066 30 33 22
-64.0000 31.5000 -32.9639 30 34 20
-63.0000 31.5000 -32.1757 28 30 17
-62.0000 31.5000 -31.1464 31 32 18
-61.0000 31.5000 -29.9207 37 38 22
-60.0000 31.5000 -28.5747 48 46 31
-59.0000 31.5000 -27.1978 55 52 35
-58.0000 31.5000 -25.8726 62 59 40
-57.0000 31.5000 -24.6591 71 66 47
-56.0000 31.5000 -23.5868 76 69 50
-55.0000 31.5000 -22.6580 81 74 55
-54.0000 31.5000 -21.8564 87 81 59
-53.0000 31.5000 -21.1584 91 85 61
-52.0000 31.5000 -20.5419 90 83 57
-51.0000 31.5000 -19.9909 101 94 66
-50.0000 31.5000 -19.4968 111 101 74
-49.0000 31.5000 -19.0559 112 103 74
-48.0000 31.5000 -18.6671 115 106 77
-47.0000 31.5000 -18.3293 123 114 83
-46.0000 31.5000 -18.0402 127 116 86
-45.0000 31.5000 -17.7957 126 115 83
-44.0000 31.5000 -17.5907 133 120 86
-43.0000 31.5000 -17.4195 136 123 89
-42.0000 31.5000 -17.2763 136 123 88
-41.0000 31.5000 -17.1555 134 121 86
-40.0000 31.5000 -17.0525 137 123 88
-39.0000 31.5000 -16.9637 143 129 92
-38.0000 31.5000 -16.8868 143 129 92
-37.0000 31.5000 -16.8201 139 123 87
-36.0000 31.5000 -16.7621 151 132 99
-35.0000 31.5000 -16.7105 149 129 96
-34.0000 31.5000 -16.6616 146 126 93
-33.0000 31.5000 -16.6110 144 124 91
-32.0000 31.5000 -16.5540 146 126 93
-31.0000 31.5000 -16.4874 148 128 95
-30.0000 31.5000 -16.4095 149 129 96
-29.0000 31.5000 -16.3209 150 130 97
-28.0000 31.5000 -16.2239 154 134 101
-27.0000 31.5000 -16.1215 156 136 103
-26.0000 31.5000 -16.0170 159 139 106
-25.0000 31.5000 -15.9139 162 142 109
-24.0000 31.5000 -15.8155 164 144 111
-23.0000 31.5000 -15.7255 165 145 112
-22.0000 31.5000 -15.6478 165 145 112
-21.0000 31.5000 -15.5868 164 146 110
-20.0000 31.5000 -15.5468 166 151 110
-19.0000 31.5000 -15.5315 169 156 111
-18.0000 31.5000 -15.5431 172 159 115
-17.0000 31.5000 -15.5822 168 157 112
-16.0000 31.5000 -15.6473 161 149 107
-15.0000 31.5000 -15.7357 157 145 105
-14.0000 31.5000 -15.8438 158 146 108
-13.0000 31.5000 -15.9685 159 149 113
-12.0000 31.5000 -16.1070 143 133 98
-11.0000 31.5000 -16.2572 139 131 95
-10.0000 31.5000 -16.4180 136 127 96
-9.0000 31.5000 -16.5891 134 125 94
-8.0000 31.5000 -16.7712 134 124 97
-7.0000 31.5000 -16.9651 130 123 95
-6.0000 31.5000 -17.1712 127 120 94
-5.0000 31.5000 -17.3884 124 117 91
-4.0000 31.5000 -17.6136 120 113 85
-3.0000 31.5000 -17.8421 121 111 84
-2.0000 31.5000 -18.0688 120 108 82
-1.0000 31.5000 -18.2893 117 103 77
0.0000 31.5000 -18.5023 114 98 75
1.0000 31.5000 -18.7101 112 96 73
2.0000 31.5000 -18.9190 114 99 76
3.0000 31.5000 -19.1383 115 103 79
4.0000 31.5000 -19.3786 106 100 76
5.0000 31.5000 -19.6499 97 93 68
6.0000 31.5000 -19.9605 91 89 66
7.0000 31.5000 -20.3167 93 91 68
8.0000 31.5000 -20.7232 93 88 66
9.0000 31.5000 -21.1850 85 79 57
10.0000 31.5000 -21.7082 82 71 53
11.0000 31.5000 -22.2993 82 71 53
12.0000 31.5000 -22.9627 84 76 57
13.0000 31.5000 -23.6945 78 71 52
14.0000 31.5000 -24.4777 70 63 45
15.0000 31.5000 -25.2815 61 54 35
16.0000 31.5000 -26.0670 54 47 29
17.0000 31.5000 -26.7991 50 43 24
18.0000 31.5000 -27.4592 48 41 23
19.0000 31.5000 -28.0522 48 41 22
20.0000 31.5000 -28.6038 52 45 27
21.0000 31.5000 -29.1496 51 44 25
22.0000 31.5000 -29.7211 49 42 24
23.0000 31.5000 -30.3349 47 40 21
24.0000 31.5000 -30.9904 44 37 19
25.0000 31.5000 -31.6748 42 35 16
26.0000 31.5000 -32.3743 40 33 15
27.0000 31.5000 -33.0836 36 33 14
28.0000 31.5000 -33.8127 29 30 12
29.0000 31.5000 -34.5872 27 31 14
30.0000 31.5000 -35.4423 29 30 14
31.0000 31.5000 -36.4144 31 29 14
32.0000 31.5000 -37.5314 33 27 13
33.0000 31.5000 -38.8049 34 26 13
34.0000 31.5000 -40.2279 37 24 15
35.0000 31.5000 -41.7766 38 24 15
36.0000 31.5000 -43.4170 32 15 8
37.0000 31.5000 -45.1117 32 15 8
38.0000 31.5000 -46.8241 29 14 9
39.0000 31.5000 -48.5187 27 12 7
-94.0000 30.5000 -72.4732 14 13 11
-93.0000 30.5000 -64.0111 15 16 11
-92.0000 30.5000 -57.3959 18 17 13
-91.0000 30.5000 -52.5780 17 18 12
-90.0000 30.5000 -49.2567 19 18 13
-89.0000 30.5000 -47.0330 18 19 11
-88.0000 30.5000 -45.5290 20 20 12
-87.0000 30.5000 -44.4508 19 20 12
-86.0000 30.5000 -43.6006 21 21 13
-85.0000 30.5000 -42.8602 20 22 11
-84.0000 30.5000 -42.1645 25 27 16
-83.0000 30.5000 -41.4785 23 26 15
-82.0000 30.5000 -40.7828 23 24 16
-81.0000 30.5000 -40.0675 21 24 13
-80.0000 30.5000 -39.3320 20 23 14
-79.0000 30.5000 -38.5857 21 24 13
-78.0000 30.5000 -37.8464 21 24 15
-77.0000 30.5000 -37.1367 22 25 14
-76.0000 30.5000 -36.4764 28 34 24
-75.0000 30.5000 -35.8781 27 33 21
-74.0000 30.5000 -35.3460 24 32 21
-73.0000 30.5000 -34.8789 24 32 19
-72.0000 30.5000 -34.4761 24 32 21
-71.0000 30.5000 -34.1394 26 34 21
-70.0000 30.5000 -33.8712 28 36 25
-69.0000 30.5000 -33.6662 30 38 27
-68.0000 30.5000 -33.5029 34 42 31
-67.0000 30.5000 -33.3388 30 36 26
-66.0000 30.5000 -33.1137 27 33 23
-65.0000 30.5000 -32.7601 32 35 24
-64.0000 30.5000 -32.2195 31 35 21
-63.0000 30.5000 -31.4575 29 31 18
-62.0000 30.5000 -30.4743 32 33 19
-61.0000 30.5000 -29.3074 40 38 23
-60.0000 30.5000 -28.0241 50 47 30
-59.0000 30.5000 -26.7062 56 53 34
-58.0000 30.5000 -25.4314 66 61 41
-57.0000 30.5000 -24.2574 73 67 45
-56.0000 30.5000 -23.2148 79 71 48
-55.0000 30.5000 -22.3079 84 76 53
-54.0000 30.5000 -21.5232 90 83 57
-53.0000 30.5000 -20.8391 94 87 59
-52.0000 30.5000 -20.2349 96 87 58
-51.0000 30.5000 -19.6953 107 98 69
-50.0000 30.5000 -19.2117 116 105 77
-49.0000 30.5000 -18.7808 117 106 76
-48.0000 30.5000 -18.4014 121 110 80
-47.0000 30.5000 -18.0727 129 118 86
-46.0000 30.5000 -17.7925 134 121 89
-45.0000 30.5000 -17.5570 132 119 87
-44.0000 30.5000 -17.3613 136 123 89
-43.0000 30.5000 -17.1994 139 126 92
-42.0000 30.5000 -17.0653 138 124 89
-41.0000 30.5000 -16.9532 135 121 86
-40.0000 30.5000 -16.8581 139 125 90
-39.0000 30.5000 -16.7763 146 132 97
-38.0000 30.5000 -16.7050 145 131 94
-37.0000 30.5000 -16.6423 138 122 86
-36.0000 30.5000 -16.5866 152 136 100
-35.0000 30.5000 -16.5356 149 131 95
-34.0000 30.5000 -16.4859 144 125 92
-33.0000 30.5000 -16.4333 143 125 89
-32.0000 30.5000 -16.3736 146 127 94
-31.0000 30.5000 -16.3035 149 129 94
-30.0000 30.5000 -16.2218 150 130 97
-29.0000 30.5000 -16.1296 149 129 94
-28.0000 30.5000 -16.0293 155 135 102
-27.0000 30.5000 -15.9246 157 137 102
-26.0000 30.5000 -15.8189 163 140 108
-25.0000 30.5000 -15.7159 164 144 109
-24.0000 30.5000 -15.6190 166 146 113
-23.0000 30.5000 -15.5318 167 147 112
-22.0000 30.5000 -15.4584 167 147 114
-21.0000 30.5000 -15.4030 166 146 109
-20.0000 30.5000 -15.3698 171 157 112
-19.0000 30.5000 -15.3624 176 162 115
-18.0000 30.5000 -15.3829 178 164 119
-17.0000 30.5000 -15.4312 172 159 114
-16.0000 30.5000 -15.5055 163 150 106
-15.0000 30.5000 -15.6023 156 144 102
-14.0000 30.5000 -15.7177 156 144 104
-13.0000 30.5000 -15.8480 159 147 109
-12.0000 30.5000 -15.9902 149 139 103
-11.0000 30.5000 -16.1420 145 137 101
-10.0000 30.5000 -16.3024 141 132 99
-9.0000 30.5000 -16.4714 138 132 100
-8.0000 30.5000 -16.6496 138 131 102
-7.0000 30.5000 -16.8381 136 129 101
-6.0000 30.5000 -17.0371 133 126 100
-5.0000 30.5000 -17.2452 130 123 95
-4.0000 30.5000 -17.4591 121 114 86
-3.0000 30.5000 -17.6741 124 115 86
-2.0000 30.5000 -17.8850 125 111 84
-1.0000 30.5000 -18.0881 121 105 79
0.0000 30.5000 -18.2827 118 100 76
1.0000 30.5000 -18.4717 117 99 75
2.0000 30.5000 -18.6624 120 104 79
3.0000 30.5000 -18.8642 123 108 85
4.0000 30.5000 -19.0876 113 106 80
5.0000 30.5000 -19.3425 102 98 71
6.0000 30.5000 -19.6365 98 94 69
7.0000 30.5000 -19.9752 98 96 71
8.0000 30.5000 -20.3628 98 92 68
9.0000 30.5000 -20.8031 89 81 60
10.0000 30.5000 -21.3012 86 73 54
11.0000 30.5000 -21.8633 86 73 54
12.0000 30.5000 -22.4941 88 77 59
13.0000 30.5000 -23.1919 81 73 54
14.0000 30.5000 -23.9434 72 64 45
15.0000 30.5000 -24.7221 63 55 36
16.0000 30.5000 -25.4934 55 48 29
17.0000 30.5000 -26.2247 51 44 25
18.0000 30.5000 -26.8976 49 42 23
19.0000 30.5000 -27.5148 48 41 22
20.0000 30.5000 -28.0989 56 49 30
21.0000 30.5000 -28.6819 55 48 30
22.0000 30.5000 -29.2923 52 45 27
23.0000 30.5000 -29.9446 48 41 23
24.0000 30.5000 -30.6367 45 36 19
25.0000 30.5000 -31.3557 42 33 16
26.0000 30.5000 -32.0876 39 30 13
27.0000 30.5000 -32.8284 36 29 13
28.0000 30.5000 -33.5904 29 27 12
29.0000 30.5000 -34.4017 27 28 14
30.0000 30.5000 -35.3008 28 29 15
31.0000 30.5000 -36.3265 30 28 15
32.0000 30.5000 -37.5064 34 28 16
33.0000 30.5000 -38.8495 35 27 16
34.0000 30.5000 -40.3422 37 27 18
35.0000 30.5000 -41.9522 39 26 18
36.0000 30.5000 -43.6355 28 15 9
37.0000 30.5000 -45.3457 28 15 9
38.0000 30.5000 -47.0394 25 14 10
39.0000 30.5000 -48.6779 23 12 8
60.0000 30.5000 -56.1306 13 13 13
-95.0000 29.5000 -80.1229 17 16 14
-94.0000 29.5000 -70.0525 22 18 15
-93.0000 29.5000 -61.7376 21 20 16
-92.0000 29.5000 -55.4114 20 17 12
-91.0000 29.5000 -50.9273 18 18 10
-90.0000 29.5000 -47.9129 21 18 11
-89.0000 29.5000 -45.9331 19 19 9
-88.0000 29.5000 -44.6031 22 19 10
-87.0000 29.5000 -43.6388 20 20 8
-86.0000 29.5000 -42.8575 23 21 9
-85.0000 29.5000 -42.1550 21 21 9
-84.0000 29.5000 -41.4770 17 20 11
-83.0000 29.5000 -40.7970 16 22 12
-82.0000 29.5000 -40.1032 19 22 15
-81.0000 29.5000 -39.3928 19 25 15
-80.0000 29.5000 -38.6707 21 26 19
-79.0000 29.5000 -37.9497 23 29 19
-78.0000 29.5000 -37.2480 24 29 22
-77.0000 29.5000 -36.5853 25 31 21
-76.0000 29.5000 -35.9768 28 33 26
-75.0000 29.5000 -35.4289 27 33 23
-74.0000 29.5000 -34.9391 26 31 24
-73.0000 29.5000 -34.5004 26 32 22
-72.0000 29.5000 -34.1069 27 32 25
-71.0000 29.5000 -33.7581 28 34 24
-70.0000 29.5000 -33.4561 29 34 27
-69.0000 29.5000 -33.1990 30 35 28
-68.0000 29.5000 -32.9716 29 34 27
-67.0000 29.5000 -32.7403 31 34 27
-66.0000 29.5000 -32.4547 30 33 24
-65.0000 29.5000 -32.0573 30 32 21
-64.0000 29.5000 -31.4966 30 32 19
-63.0000 29.5000 -30.7409 32 33 19
-62.0000 29.5000 -29.7887 35 36 20
-61.0000 29.5000 -28.6711 39 38 20
-60.0000 29.5000 -27.4468 55 53 32
-59.0000 29.5000 -26.1890 61 57 32
-58.0000 29.5000 -24.9687 68 62 36
-57.0000 29.5000 -23.8405 72 67 38
-56.0000 29.5000 -22.8342 78 71 42
-55.0000 29.5000 -21.9554 83 77 45
-54.0000 29.5000 -21.1926 92 83 50
-53.0000 29.5000 -20.5261 98 89 56
-52.0000 29.5000 -19.9366 103 89 60
-51.0000 29.5000 -19.4098 109 94 65
-50.0000 29.5000 -18.9378 115 100 71
-49.0000 29.5000 -18.5174 119 104 75
-48.0000 29.5000 -18.1480 122 107 78
-47.0000 29.5000 -17.8289 126 111 80
-46.0000 29.5000 -17.5581 131 116 85
-45.0000 29.5000 -17.3319 135 120 87
-44.0000 29.5000 -17.1452 140 125 92
-43.0000 29.5000 -16.9920 138 123 90
-42.0000 29.5000 -16.8660 136 120 86
-41.0000 29.5000 -16.7612 137 121 87
-40.0000 29.5000 -16.6726 140 124 88
-39.0000 29.5000 -16.5960 141 125 89
-38.0000 29.5000 -16.5284 140 124 88
-37.0000 29.5000 -16.4677 138 124 87
-36.0000 29.5000 -16.4120 143 131 93
-35.0000 29.5000 -16.3594 144 132 92
-34.0000 29.5000 -16.3070 145 131 94
-33.0000 29.5000 -16.2514 139 125 86
-32.0000 29.5000 -16.1888 136 120 84
-31.0000 29.5000 -16.1165 140 122 84
-30.0000 29.5000 -16.0336 150 130 95
-29.0000 29.5000 -15.9409 161 139 102
-28.0000 29.5000 -15.8412 160 137 103
-27.0000 29.5000 -15.7377 163 141 104
-26.0000 29.5000 -15.6341 169 145 111
-25.0000 29.5000 -15.5338 172 150 113
-24.0000 29.5000 -15.4401 175 152 118
-23.0000 29.5000 -15.3569 176 154 117
-22.0000 29.5000 -15.2882 176 153 119
-21.0000 29.5000 -15.2387 176 154 115
-20.0000 29.5000 -15.2124 183 162 115
-19.0000 29.5000 -15.2128 182 162 111
-18.0000 29.5000 -15.2415 180 160 110
-17.0000 29.5000 -15.2980 177 156 109
-16.0000 29.5000 -15.3799 171 153 107
-15.0000 29.5000 -15.4832 166 149 105
-14.0000 29.5000 -15.6035 160 145 102
-13.0000 29.5000 -15.7369 157 142 101
-12.0000 29.5000 -15.8803 157 143 106
-11.0000 29.5000 -16.0314 152 139 104
-10.0000 29.5000 -16.1894 145 134 102
-9.0000 29.5000 -16.3545 140 131 100
-8.0000 29.5000 -16.5275 137 128 99
-7.0000 29.5000 -16.7094 131 124 95
-6.0000 29.5000 -16.9001 126 119 91
-5.0000 29.5000 -17.0980 122 115 87
-4.0000 29.5000 -17.2996 130 119 89
-3.0000 29.5000 -17.5000 128 114 85
-2.0000 29.5000 -17.6946 125 108 80
-1.0000 29.5000 -17.8800 124 104 77
0.0000 29.5000 -18.0565 125 103 79
1.0000 29.5000 -18.2279 125 103 79
2.0000 29.5000 -18.4016 122 102 77
3.0000 29.5000 -18.5873 117 101 76
4.0000 29.5000 -18.7950 114 102 76
5.0000 29.5000 -19.0340 107 100 72
6.0000 29.5000 -19.3113 103 96 70
7.0000 29.5000 -19.6320 101 95 69
8.0000 29.5000 -19.9997 104 94 69
9.0000 29.5000 -20.4175 101 89 67
10.0000 29.5000 -20.8895 93 78 57
11.0000 29.5000 -21.4211 86 69 49
12.0000 29.5000 -22.0169 86 71 52
13.0000 29.5000 -22.6767 86 73 56
14.0000 29.5000 -23.3905 84 71 54
15.0000 29.5000 -24.1365 76 65 47
16.0000 29.5000 -24.8847 64 55 38
17.0000 29.5000 -25.6059 54 47 29
18.0000 29.5000 -26.2821 50 45 26
19.0000 29.5000 -26.9142 50 45 26
20.0000 29.5000 -27.5207 54 49 30
21.0000 29.5000 -28.1295 52 46 30
22.0000 29.5000 -28.7658 49 42 26
23.0000 29.5000 -29.4426 46 37 22
24.0000 29.5000 -30.1578 46 34 20
25.0000 29.5000 -30.8995 45 31 18
26.0000 29.5000 -31.6555 45 31 20
27.0000 29.5000 -32.4241 44 31 22
28.0000 29.5000 -33.2193 37 28 19
29.0000 29.5000 -34.0716 34 30 19
30.0000 29.5000 -35.0205 34 30 21
31.0000 29.5000 -36.1045 34 30 21
32.0000 29.5000 -37.3490 33 29 20
33.0000 29.5000 -38.7578 31 27 18
34.0000 29.5000 -40.3106 31 24 18
35.0000 29.5000 -41.9668 28 23 17
37.0000 29.5000 -45.3789 18 13 9
38.0000 29.5000 -47.0326 18 15 10
39.0000 29.5000 -48.5945 19 16 11
40.0000 29.5000 -50.0303 16 15 11
60.0000 29.5000 -54.1046 14 14 12
61.0000 29.5000 -53.9324 14 14 14
-95.0000 28.5000 -77.7071 19 15 14
-94.0000 28.5000 -67.6561 22 18 15
-93.0000 28.5000 -59.5554 22 19 14
-92.0000 28.5000 -53.5433 20 17 12
-91.0000 28.5000 -49.3856 21 18 11
-90.0000 28.5000 -46.6529 21 18 9
-89.0000 28.5000 -44.8869 22 19 10
-88.0000 28.5000 -43.7045 22 20 8
-87.0000 28.5000 -42.8353 23 21 9
-86.0000 28.5000 -42.1120 23 21 8
-85.0000 28.5000 -41.4433 21 21 9
-84.0000 28.5000 -40.7844 19 20 12
-83.0000 28.5000 -40.1165 19 22 15
-82.0000 28.5000 -39.4344 20 23 16
-81.0000 28.5000 -38.7414 22 25 18
-80.0000 28.5000 -38.0468 24 27 20
-79.0000 28.5000 -37.3652 25 28 21
-78.0000 28.5000 -36.7142 27 30 23
-77.0000 28.5000 -36.1100 27 30 23
-76.0000 28.5000 -35.5624 30 33 26
-75.0000 28.5000 -35.0720 29 32 25
-74.0000 28.5000 -34.6301 29 32 25
-73.0000 28.5000 -34.2242 29 32 25
-72.0000 28.5000 -33.8440 29 32 25
-71.0000 28.5000 -33.4857 30 33 26
-70.0000 28.5000 -33.1507 32 35 28
-69.0000 28.5000 -32.8389 33 36 29
-68.0000 28.5000 -32.5402 35 38 31
-67.0000 28.5000 -32.2296 33 36 29
-66.0000 28.5000 -31.8675 32 33 25
-65.0000 28.5000 -31.4072 33 35 24
-64.0000 28.5000 -30.8067 35 35 23
-63.0000 28.5000 -30.0395 38 39 25
-62.0000 28.5000 -29.1036 41 39 24
-61.0000 28.5000 -28.0250 41 40 20
-60.0000 28.5000 -26.8538 58 53 31
-59.0000 28.5000 -25.6542 63 59 32
-58.0000 28.5000 -24.4900 71 66 37
-57.0000 28.5000 -23.4110 76 71 41
-56.0000 28.5000 -22.4455 82 76 42
-55.0000 28.5000 -21.5993 87 81 45
-54.0000 28.5000 -20.8623 95 87 51
-53.0000 28.5000 -20.2164 100 90 55
-52.0000 28.5000 -19.6436 107 92 61
-51.0000 28.5000 -19.1309 113 96 68
-50.0000 28.5000 -18.6712 120 103 75
-49.0000 28.5000 -18.2622 124 107 79
-48.0000 28.5000 -17.9035 127 110 80
-47.0000 28.5000 -17.5947 131 114 84
-46.0000 28.5000 -17.3339 136 120 87
-45.0000 28.5000 -17.1172 140 124 91
-44.0000 28.5000 -16.9393 144 128 95
-43.0000 28.5000 -16.7939 142 126 92
-42.0000 28.5000 -16.6747 141 125 91
-41.0000 28.5000 -16.5757 143 127 93
-40.0000 28.5000 -16.4917 145 129 93
-39.0000 28.5000 -16.4184 146 130 94
-38.0000 28.5000 -16.3525 145 129 93
-37.0000 28.5000 -16.2918 141 127 90
-36.0000 28.5000 -16.2344 138 129 88
-35.0000 28.5000 -16.1787 141 132 89
-34.0000 28.5000 -16.1226 146 134 92
-33.0000 28.5000 -16.0637 145 132 90
-32.0000 28.5000 -15.9990 145 130 89
-31.0000 28.5000 -15.9264 151 133 93
-30.0000 28.5000 -15.8450 163 141 102
-29.0000 28.5000 -15.7557 172 150 111
-28.0000 28.5000 -15.6605 167 143 105
-27.0000 28.5000 -15.5622 169 145 107
-26.0000 28.5000 -15.4640 172 148 110
-25.0000 28.5000 -15.3689 175 151 113
-24.0000 28.5000 -15.2803 178 154 116
-23.0000 28.5000 -15.2020 179 157 118
-22.0000 28.5000 -15.1387 180 158 119
-21.0000 28.5000 -15.0948 181 160 117
-20.0000 28.5000 -15.0749 186 162 114
-19.0000 28.5000 -15.0819 185 162 110
-18.0000 28.5000 -15.1173 183 160 110
-17.0000 28.5000 -15.1800 179 157 108
-16.0000 28.5000 -15.2671 174 153 106
-15.0000 28.5000 -15.3742 168 150 104
-14.0000 28.5000 -15.4967 164 145 102
-13.0000 28.5000 -15.6305 158 143 102
-12.0000 28.5000 -15.7724 157 142 103
-11.0000 28.5000 -15.9205 152 138 103
-10.0000 28.5000 -16.0741 147 134 100
-9.0000 28.5000 -16.2337 143 132 100
-8.0000 28.5000 -16.4000 141 132 101
-7.0000 28.5000 -16.5741 138 129 100
-6.0000 28.5000 -16.7555 132 125 97
-5.0000 28.5000 -16.9425 131 122 93
-4.0000 28.5000 -17.1313 131 120 90
-3.0000 28.5000 -17.3171 129 116 84
-2.0000 28.5000 -17.4957 126 109 79
-1.0000 28.5000 -17.6646 126 107 77
0.0000 28.5000 -17.8248 128 107 80
1.0000 28.5000 -17.9807 128 107 80
2.0000 28.5000 -18.1400 125 105 80
3.0000 28.5000 -18.3118 121 104 78
4.0000 28.5000 -18.5055 120 106 79
5.0000 28.5000 -18.7295 113 104 75
6.0000 28.5000 -18.9900 107 100 72
7.0000 28.5000 -19.2917 106 99 71
8.0000 28.5000 -19.6379 108 98 73
9.0000 28.5000 -20.0312 105 93 69
10.0000 28.5000 -20.4751 99 83 60
11.0000 28.5000 -20.9740 91 74 54
12.0000 28.5000 -21.5323 91 74 56
13.0000 28.5000 -22.1505 91 75 59
14.0000 28.5000 -22.8216 87 74 57
15.0000 28.5000 -23.5282 79 68 50
16.0000 28.5000 -24.2453 68 59 42
17.0000 28.5000 -24.9472 59 52 34
18.0000 28.5000 -25.6172 54 49 30
19.0000 28.5000 -26.2536 53 48 29
20.0000 28.5000 -26.8709 58 52 36
21.0000 28.5000 -27.4922 55 49 33
22.0000 28.5000 -28.1395 52 44 31
23.0000 28.5000 -28.8247 49 39 27
24.0000 28.5000 -29.5469 47 35 23
25.0000 28.5000 -30.2968 46 32 21
26.0000 28.5000 -31.0655 46 29 21
27.0000 28.5000 -31.8535 44 30 21
28.0000 28.5000 -32.6769 38 28 19
29.0000 28.5000 -33.5665 36 29 21
30.0000 28.5000 -34.5614 35 28 22
31.0000 28.5000 -35.6976 34 27 21
32.0000 28.5000 -36.9966 30 25 19
33.0000 28.5000 -38.4569 27 22 16
34.0000 28.5000 -40.0523 24 21 16
35.0000 28.5000 -41.7357 20 19 14
36.0000 28.5000 -43.4493 16 15 11
37.0000 28.5000 -45.1337 15 16 11
38.0000 28.5000 -46.7363 14 15 10
39.0000 28.5000 -48.2145 12 14 9
40.0000 28.5000 -49.5359 12 14 11
44.0000 28.5000 -52.9374 16 17 11
45.0000 28.5000 -53.3490 15 16 8
46.0000 28.5000 -53.6574 14 15 7
60.0000 28.5000 -51.9726 15 15 13
61.0000 28.5000 -51.8778 15 15 13
62.0000 28.5000 -52.0756 14 15 10
63.0000 28.5000 -52.5840 13 14 8
-95.0000 27.5000 -74.9445 17 16 14
-94.0000 27.5000 -65.0931 19 18 14
-93.0000 27.5000 -57.3311 19 18 13
-92.0000 27.5000 -51.6999 19 18 13
-91.0000 27.5000 -47.8904 19 19 11
-90.0000 27.5000 -45.4343 19 19 9
-89.0000 27.5000 -43.8659 20 20 10
-88.0000 27.5000 -42.8143 20 20 8
-87.0000 27.5000 -42.0273 21 21 9
-86.0000 27.5000 -41.3551 21 22 8
-85.0000 27.5000 -40.7187 22 22 10
-84.0000 27.5000 -40.0827 21 21 13
-83.0000 27.5000 -39.4352 21 22 16
-82.0000 27.5000 -38.7772 22 23 17
-81.0000 27.5000 -38.1167 24 25 19
-80.0000 27.5000 -37.4660 25 26 20
-79.0000 27.5000 -36.8401 27 28 22
-78.0000 27.5000 -36.2543 28 29 23
-77.0000 27.5000 -35.7202 28 29 23
-76.0000 27.5000 -35.2421 32 33 27
-75.0000 27.5000 -34.8144 31 32 26
-74.0000 27.5000 -34.4232 30 31 25
-73.0000 27.5000 -34.0509 30 31 25
-72.0000 27.5000 -33.6835 31 32 26
-71.0000 27.5000 -33.3141 32 33 27
-70.0000 27.5000 -32.9429 34 35 29
-69.0000 27.5000 -32.5712 35 36 30
-68.0000 27.5000 -32.1937 38 41 34
-67.0000 27.5000 -31.7935 35 38 29
-66.0000 27.5000 -31.3422 33 34 26
-65.0000 27.5000 -30.8052 35 37 26
-64.0000 27.5000 -30.1505 41 41 29
-63.0000 27.5000 -29.3581 44 45 29
-62.0000 27.5000 -28.4268 45 44 26
-61.0000 27.5000 -27.3779 43 42 21
-60.0000 27.5000 -26.2537 60 55 33
-59.0000 27.5000 -25.1092 66 62 35
-58.0000 27.5000 -24.0003 75 70 41
-57.0000 27.5000 -22.9718 82 77 47
-56.0000 27.5000 -22.0493 87 81 49
-55.0000 27.5000 -21.2386 91 85 51
-54.0000 27.5000 -20.5299 97 88 55
-53.0000 27.5000 -19.9067 102 91 59
-52.0000 27.5000 -19.3523 112 97 66
-51.0000 27.5000 -18.8549 118 101 71
-50.0000 27.5000 -18.4085 125 108 78
-49.0000 27.5000 -18.0116 130 113 83
-48.0000 27.5000 -17.6645 133 116 86
-47.0000 27.5000 -17.3669 136 119 89
-46.0000 27.5000 -17.1168 141 125 92
-45.0000 27.5000 -16.9100 144 128 95
-44.0000 27.5000 -16.7408 147 131 97
-43.0000 27.5000 -16.6026 146 130 96
-42.0000 27.5000 -16.4890 147 131 97
-41.0000 27.5000 -16.3942 150 134 98
-40.0000 27.5000 -16.3129 153 137 101
-39.0000 27.5000 -16.2411 153 137 101
-38.0000 27.5000 -16.1754 150 134 98
-37.0000 27.5000 -16.1134 146 132 93
-36.0000 27.5000 -16.0532 151 139 97
-35.0000 27.5000 -15.9938 152 144 98
-34.0000 27.5000 -15.9340 157 146 101
-33.0000 27.5000 -15.8723 157 144 100
-32.0000 27.5000 -15.8069 155 140 97
-31.0000 27.5000 -15.7361 157 140 97
-30.0000 27.5000 -15.6592 165 143 102
-29.0000 27.5000 -15.5764 172 149 108
-28.0000 27.5000 -15.4891 175 150 110
-27.0000 27.5000 -15.3993 176 151 111
-26.0000 27.5000 -15.3092 177 152 112
-25.0000 27.5000 -15.2215 178 155 114
-24.0000 27.5000 -15.1394 180 157 116
-23.0000 27.5000 -15.0669 183 160 119
-22.0000 27.5000 -15.0089 185 163 122
-21.0000 27.5000 -14.9703 187 166 121
-20.0000 27.5000 -14.9555 187 163 115
-19.0000 27.5000 -14.9675 186 163 113
-18.0000 27.5000 -15.0073 183 161 112
-17.0000 27.5000 -15.0735 181 159 110
-16.0000 27.5000 -15.1628 176 155 108
-15.0000 27.5000 -15.2707 169 151 105
-14.0000 27.5000 -15.3924 166 147 104
-13.0000 27.5000 -15.5239 161 146 105
-12.0000 27.5000 -15.6620 160 145 106
-11.0000 27.5000 -15.8051 156 142 107
-10.0000 27.5000 -15.9527 150 137 103
-9.0000 27.5000 -16.1052 146 135 103
-8.0000 27.5000 -16.2637 144 135 104
-7.0000 27.5000 -16.4290 142 133 102
-6.0000 27.5000 -16.6006 138 129 100
-5.0000 27.5000 -16.7763 134 125 96
-4.0000 27.5000 -16.9525 131 120 90
-3.0000 27.5000 -17.1245 130 117 85
-2.0000 27.5000 -17.2885 129 112 82
-1.0000 27.5000 -17.4431 130 111 81
0.0000 27.5000 -17.5897 132 111 84
1.0000 27.5000 -17.7332 132 111 84
2.0000 27.5000 -17.8811 129 109 82
3.0000 27.5000 -18.0418 124 109 80
4.0000 27.5000 -18.2236 123 112 84
5.0000 27.5000 -18.4335 117 108 79
6.0000 27.5000 -18.6773 111 104 76
7.0000 27.5000 -18.9589 110 103 75
8.0000 27.5000 -19.2817 112 102 75
9.0000 27.5000 -19.6482 110 98 72
10.0000 27.5000 -20.0616 104 88 65
11.0000 27.5000 -20.5258 97 80 60
12.0000 27.5000 -21.0445 95 80 61
13.0000 27.5000 -21.6188 92 79 60
14.0000 27.5000 -22.2437 89 76 59
15.0000 27.5000 -22.9062 83 72 54
16.0000 27.5000 -23.5858 73 65 46
17.0000 27.5000 -24.2608 65 58 39
18.0000 27.5000 -24.9155 59 54 35
19.0000 27.5000 -25.5462 55 52 33
20.0000 27.5000 -26.1628 60 57 40
21.0000 27.5000 -26.7836 59 53 37
22.0000 27.5000 -27.4272 56 49 33
23.0000 27.5000 -28.1052 53 44 29
24.0000 27.5000 -28.8188 50 38 26
25.0000 27.5000 -29.5625 48 34 23
26.0000 27.5000 -30.3309 46 32 21
27.0000 27.5000 -31.1270 44 31 22
28.0000 27.5000 -31.9674 38 29 20
29.0000 27.5000 -32.8821 37 30 22
30.0000 27.5000 -33.9075 36 29 21
31.0000 27.5000 -35.0765 31 27 18
32.0000 27.5000 -36.4068 28 23 17
33.0000 27.5000 -37.8931 24 19 13
34.0000 27.5000 -39.5057 19 16 9
35.0000 27.5000 -41.1950 15 15 7
36.0000 27.5000 -42.9000 18 17 12
37.0000 27.5000 -44.5575 16 17 11
38.0000 27.5000 -46.1102 13 14 9
42.0000 27.5000 -50.5451 12 17 13
43.0000 27.5000 -51.1487 13 18 12
48.0000 27.5000 -52.4170 14 15 7
49.0000 27.5000 -52.6298 15 16 8
50.0000 27.5000 -52.8598 16 18 7
51.0000 27.5000 -53.0579 16 18 7
58.0000 27.5000 -50.5034 14 16 3
59.0000 27.5000 -50.0380 14 16 5
60.0000 27.5000 -49.7911 17 18 13
61.0000 27.5000 -49.8133 17 17 15
62.0000 27.5000 -50.1282 16 17 12
63.0000 27.5000 -50.7425 15 16 10
64.0000 27.5000 -51.6666 14 15 9
-96.0000 26.5000 -82.8558 14 13 11
-95.0000 26.5000 -71.6782 17 18 13
-94.0000 26.5000 -62.2478 19 18 14
-93.0000 26.5000 -54.9784 17 18 12
-92.0000 26.5000 -49.8154 19 19 11
-91.0000 26.5000 -46.3910 19 21 10
-90.0000 26.5000 -44.2177 20 20 10
-89.0000 26.5000 -42.8399 19 21 8
-88.0000 26.5000 -41.9093 21 21 9
-87.0000 26.5000 -41.1973 21 23 9
-86.0000 26.5000 -40.5727 22 23 9
-85.0000 26.5000 -39.9698 22 22 10
-84.0000 26.5000 -39.3621 23 23 15
-83.0000 26.5000 -38.7446 24 23 18
-82.0000 26.5000 -38.1238 27 24 19
-81.0000 26.5000 -37.5114 26 25 20
-80.0000 26.5000 -36.9212 29 26 21
-79.0000 26.5000 -36.3669 28 27 22
-78.0000 26.5000 -35.8600 31 28 23
-77.0000 26.5000 -35.4067 30 29 24
-76.0000 26.5000 -35.0050 35 32 27
-75.0000 26.5000 -34.6436 32 31 26
-74.0000 26.5000 -34.3032 34 31 26
-73.0000 26.5000 -33.9623 32 31 26
-72.0000 26.5000 -33.6034 34 31 26
-71.0000 26.5000 -33.2175 33 32 27
-70.0000 26.5000 -32.8039 37 34 29
-69.0000 26.5000 -32.3654 36 36 28
-68.0000 26.5000 -31.9019 39 40 32
-67.0000 26.5000 -31.4047 34 37 26
-66.0000 26.5000 -30.8567 32 34 23
-65.0000 26.5000 -30.2353 35 37 24
-64.0000 26.5000 -29.5191 44 45 31
-63.0000 26.5000 -28.6940 48 49 33
-62.0000 26.5000 -27.7600 48 47 27
-61.0000 26.5000 -26.7345 45 43 22
-60.0000 26.5000 -25.6521 61 56 34
-59.0000 26.5000 -24.5591 67 63 38
-58.0000 26.5000 -23.5037 78 72 46
-57.0000 26.5000 -22.5254 85 80 51
-56.0000 26.5000 -21.6467 90 83 54
-55.0000 26.5000 -20.8726 93 87 55
-54.0000 26.5000 -20.1939 99 90 59
-53.0000 26.5000 -19.5948 102 91 59
-52.0000 26.5000 -19.0600 114 99 68
-51.0000 26.5000 -18.5789 121 104 74
-50.0000 26.5000 -18.1468 128 111 81
-49.0000 26.5000 -17.7629 134 117 87
-48.0000 26.5000 -17.4283 137 120 90
-47.0000 26.5000 -17.1428 140 124 91
-46.0000 26.5000 -16.9042 143 127 94
-45.0000 26.5000 -16.7078 146 130 96
-44.0000 26.5000 -16.5474 149 133 99
-43.0000 26.5000 -16.4160 149 133 97
-42.0000 26.5000 -16.3072 151 135 99
-41.0000 26.5000 -16.2153 154 138 102
-40.0000 26.5000 -16.1355 158 142 106
-39.0000 26.5000 -16.0640 157 141 105
-38.0000 26.5000 -15.9976 154 138 102
-37.0000 26.5000 -15.9337 150 135 94
-36.0000 26.5000 -15.8708 158 147 101
-35.0000 26.5000 -15.8082 161 151 102
-34.0000 26.5000 -15.7456 166 154 106
-33.0000 26.5000 -15.6825 166 152 105
-32.0000 26.5000 -15.6179 165 148 102
-31.0000 26.5000 -15.5509 165 147 101
-30.0000 26.5000 -15.4805 169 146 102
-29.0000 26.5000 -15.4064 171 148 104
-28.0000 26.5000 -15.3292 180 156 112
-27.0000 26.5000 -15.2496 179 155 111
-26.0000 26.5000 -15.1693 178 154 110
-25.0000 26.5000 -15.0902 179 155 111
-24.0000 26.5000 -15.0154 180 157 113
-23.0000 26.5000 -14.9492 184 161 117
-22.0000 26.5000 -14.8964 187 166 121
-21.0000 26.5000 -14.8621 190 169 122
-20.0000 26.5000 -14.8510 188 164 116
-19.0000 26.5000 -14.8659 187 164 114
-18.0000 26.5000 -14.9075 185 163 114
-17.0000 26.5000 -14.9743 182 160 111
-16.0000 26.5000 -15.0627 178 157 110
-15.0000 26.5000 -15.1684 174 153 108
-14.0000 26.5000 -15.2867 168 149 106
-13.0000 26.5000 -15.4135 165 147 107
-12.0000 26.5000 -15.5459 164 149 110
-11.0000 26.5000 -15.6823 159 145 108
-10.0000 26.5000 -15.8225 154 140 105
-9.0000 26.5000 -15.9670 150 137 103
-8.0000 26.5000 -16.1170 146 135 103
-7.0000 26.5000 -16.2730 142 133 102
-6.0000 26.5000 -16.4346 138 129 98
-5.0000 26.5000 -16.5995 134 125 94
-4.0000 26.5000 -16.7639 134 123 91
-3.0000 26.5000 -16.9237 133 120 88
-2.0000 26.5000 -17.0755 131 116 85
-1.0000 26.5000 -17.2185 132 115 85
0.0000 26.5000 -17.3547 136 116 89
1.0000 26.5000 -17.4892 136 116 89
2.0000 26.5000 -17.6288 132 115 87
3.0000 26.5000 -17.7810 129 114 85
4.0000 26.5000 -17.9527 126 115 87
5.0000 26.5000 -18.1498 118 111 82
6.0000 26.5000 -18.3769 112 107 78
7.0000 26.5000 -18.6377 111 106 77
8.0000 26.5000 -18.9354 113 106 78
9.0000 26.5000 -19.2731 112 102 75
10.0000 26.5000 -19.6540 107 92 69
11.0000 26.5000 -20.0817 101 86 63
12.0000 26.5000 -20.5597 97 85 63
13.0000 26.5000 -21.0891 94 83 63
14.0000 26.5000 -21.6666 90 79 61
15.0000 26.5000 -22.2824 83 75 56
16.0000 26.5000 -22.9205 77 70 51
17.0000 26.5000 -23.5629 70 65 45
18.0000 26.5000 -24.1950 61 58 39
19.0000 26.5000 -24.8116 57 54 35
20.0000 26.5000 -25.4179 61 58 41
21.0000 26.5000 -26.0276 59 56 39
22.0000 26.5000 -26.6563 59 53 37
23.0000 26.5000 -27.3153 56 49 33
24.0000 26.5000 -28.0087 54 44 32
25.0000 26.5000 -28.7348 53 41 29
26.0000 26.5000 -29.4916 50 38 26
27.0000 26.5000 -30.2833 47 37 25
28.0000 26.5000 -31.1258 43 34 25
29.0000 26.5000 -32.0461 39 35 26
30.0000 26.5000 -33.0772 37 33 24
31.0000 26.5000 -34.2485 34 30 21
32.0000 26.5000 -35.5753 30 25 19
33.0000 26.5000 -37.0522 24 21 14
34.0000 26.5000 -38.6504 18 18 10
35.0000 26.5000 -40.3217 15 15 7
36.0000 26.5000 -42.0050 18 19 13
37.0000 26.5000 -43.6341 16 17 11
38.0000 26.5000 -45.1456 13 15 10
39.0000 26.5000 -46.4854 12 14 9
41.0000 26.5000 -48.5148 11 16 10
42.0000 26.5000 -49.1858 13 18 14
43.0000 26.5000 -49.6473 16 18 13
48.0000 26.5000 -50.2954 14 15 7
49.0000 26.5000 -50.3895 15 16 8
50.0000 26.5000 -50.4948 17 19 8
51.0000 26.5000 -50.5685 17 19 8
56.0000 26.5000 -49.0876 15 17 4
57.0000 26.5000 -48.5298 16 18 4
58.0000 26.5000 -48.0502 17 19 5
59.0000 26.5000 -47.7319 18 20 9
60.0000 26.5000 -47.6402 19 20 14
61.0000 26.5000 -47.8146 19 19 17
62.0000 26.5000 -48.2698 18 19 14
63.0000 26.5000 -49.0055 17 18 13
64.0000 26.5000 -50.0264 16 17 11
65.0000 26.5000 -51.3685 15 16 8
66.0000 26.5000 -53.1199 14 15 7
67.0000 26.5000 -55.4234 13 15 4
-96.0000 25.5000 -78.5863 15 15 13
-95.0000 25.5000 -67.9122 18 20 15
-94.0000 25.5000 -59.1142 18 19 14
-93.0000 25.5000 -52.4791 15 18 11
-92.0000 25.5000 -47.8620 19 20 12
-91.0000 25.5000 -44.8546 18 21 10
-90.0000 25.5000 -42.9707 19 21 10
-89.0000 25.5000 -41.7796 19 23 9
-88.0000 25.5000 -40.9647 21 23 10
-87.0000 25.5000 -40.3250 20 24 9
-86.0000 25.5000 -39.7486 21 23 9
-85.0000 25.5000 -39.1829 22 24 10
-84.0000 25.5000 -38.6105 27 24 15
-83.0000 25.5000 -38.0331 28 25 18
-82.0000 25.5000 -37.4621 29 24 18
-81.0000 25.5000 -36.9119 29 26 19
-80.0000 25.5000 -36.3966 31 26 20
-79.0000 25.5000 -35.9272 31 28 21
-78.0000 25.5000 -35.5103 33 28 22
-77.0000 25.5000 -35.1458 32 29 22
-76.0000 25.5000 -34.8252 35 30 24
-75.0000 25.5000 -34.5310 34 31 24
-74.0000 25.5000 -34.2392 34 29 23
-73.0000 25.5000 -33.9246 33 30 23
-72.0000 25.5000 -33.5670 35 30 24
-71.0000 25.5000 -33.1561 35 32 25
-70.0000 25.5000 -32.6917 37 32 26
-69.0000 25.5000 -32.1791 37 34 27
-68.0000 25.5000 -31.6238 37 39 26
-67.0000 25.5000 -31.0263 33 35 21
-66.0000 25.5000 -30.3804 32 33 19
-65.0000 25.5000 -29.6747 37 38 22
-64.0000 25.5000 -28.8970 47 45 30
-63.0000 25.5000 -28.0388 51 50 32
-62.0000 25.5000 -27.1005 50 47 28
-61.0000 25.5000 -26.0956 45 43 22
-60.0000 25.5000 -25.0518 62 57 35
-59.0000 25.5000 -24.0076 70 64 40
-58.0000 25.5000 -23.0039 80 73 47
-57.0000 25.5000 -22.0746 87 80 52
-56.0000 25.5000 -21.2394 93 84 55
-55.0000 25.5000 -20.5021 97 88 59
-54.0000 25.5000 -19.8538 101 90 62
-53.0000 25.5000 -19.2795 106 92 63
-52.0000 25.5000 -18.7653 116 99 69
-51.0000 25.5000 -18.3016 124 105 73
-50.0000 25.5000 -17.8847 133 114 82
-49.0000 25.5000 -17.5149 138 119 87
-48.0000 25.5000 -17.1936 142 123 91
-47.0000 25.5000 -16.9209 144 125 92
-46.0000 25.5000 -16.6944 147 128 95
-45.0000 25.5000 -16.5088 150 131 98
-44.0000 25.5000 -16.3572 151 132 99
-43.0000 25.5000 -16.2325 152 134 98
-42.0000 25.5000 -16.1280 154 136 100
-41.0000 25.5000 -16.0385 158 140 102
-40.0000 25.5000 -15.9596 161 143 105
-39.0000 25.5000 -15.8880 161 143 105
-38.0000 25.5000 -15.8207 158 140 102
-37.0000 25.5000 -15.7555 152 137 94
-36.0000 25.5000 -15.6910 153 141 93
-35.0000 25.5000 -15.6269 158 146 96
-34.0000 25.5000 -15.5633 165 151 102
-33.0000 25.5000 -15.5005 171 155 106
-32.0000 25.5000 -15.4384 173 155 107
-31.0000 25.5000 -15.3763 176 155 108
-30.0000 25.5000 -15.3134 178 156 109
-29.0000 25.5000 -15.2487 180 156 110
-28.0000 25.5000 -15.1819 183 156 111
-27.0000 25.5000 -15.1130 182 155 110
-26.0000 25.5000 -15.0426 178 154 108
-25.0000 25.5000 -14.9724 178 154 108
-24.0000 25.5000 -14.9051 179 157 110
-23.0000 25.5000 -14.8450 183 161 114
-22.0000 25.5000 -14.7970 187 166 119
-21.0000 25.5000 -14.7663 190 170 120
-20.0000 25.5000 -14.7574 189 166 116
-19.0000 25.5000 -14.7731 189 166 116
-18.0000 25.5000 -14.8140 187 165 116
-17.0000 25.5000 -14.8786 184 162 113
-16.0000 25.5000 -14.9635 180 159 112
-15.0000 25.5000 -15.0644 177 156 111
-14.0000 25.5000 -15.1768 171 152 109
-13.0000 25.5000 -15.2970 168 150 110
-12.0000 25.5000 -15.4222 162 147 108
-11.0000 25.5000 -15.5510 157 143 106
-10.0000 25.5000 -15.6830 154 140 105
-9.0000 25.5000 -15.8191 151 138 104
-8.0000 25.5000 -15.9603 151 138 106
-7.0000 25.5000 -16.1072 147 136 104
-6.0000 25.5000 -16.2593 143 132 100
-5.0000 25.5000 -16.4143 140 129 97
-4.0000 25.5000 -16.5686 137 126 94
-3.0000 25.5000 -16.7183 137 124 90
-2.0000 25.5000 -16.8607 136 121 90
-1.0000 25.5000 -16.9953 137 120 90
0.0000 25.5000 -17.1245 139 122 92
1.0000 25.5000 -17.2529 139 122 92
2.0000 25.5000 -17.3868 135 120 91
3.0000 25.5000 -17.5325 131 117 88
4.0000 25.5000 -17.6957 127 118 89
5.0000 25.5000 -17.8808 120 113 84
6.0000 25.5000 -18.0915 113 108 78
7.0000 25.5000 -18.3310 112 107 77
8.0000 25.5000 -18.6028 114 107 79
9.0000 25.5000 -18.9103 114 104 77
10.0000 25.5000 -19.2575 108 98 71
11.0000 25.5000 -19.6480 101 91 66
12.0000 25.5000 -20.0850 100 89 67
13.0000 25.5000 -20.5700 94 86 63
14.0000 25.5000 -21.1004 88 80 59
15.0000 25.5000 -21.6691 84 78 56
16.0000 25.5000 -22.2638 81 75 53
17.0000 25.5000 -22.8699 76 71 49
18.0000 25.5000 -23.4745 66 64 43
19.0000 25.5000 -24.0709 60 58 37
20.0000 25.5000 -24.6608 61 58 39
21.0000 25.5000 -25.2535 60 57 38
22.0000 25.5000 -25.8618 61 56 37
23.0000 25.5000 -26.4969 61 54 36
24.0000 25.5000 -27.1654 59 52 36
25.0000 25.5000 -27.8686 58 49 34
26.0000 25.5000 -28.6067 56 47 32
27.0000 25.5000 -29.3838 54 46 33
28.0000 25.5000 -30.2128 48 41 31
29.0000 25.5000 -31.1165 44 42 30
30.0000 25.5000 -32.1236 42 40 28
31.0000 25.5000 -33.2607 39 37 25
32.0000 25.5000 -34.5437 34 31 22
33.0000 25.5000 -35.9704 28 28 18
34.0000 25.5000 -37.5180 23 23 13
35.0000 25.5000 -39.1438 21 21 11
36.0000 25.5000 -40.7894 17 18 10
37.0000 25.5000 -42.3862 17 18 10
38.0000 25.5000 -43.8628 16 19 12
39.0000 25.5000 -45.1542 15 18 11
40.0000 25.5000 -46.2119 15 18 11
41.0000 25.5000 -47.0119 14 17 10
42.0000 25.5000 -47.5579 12 17 11
43.0000 25.5000 -47.8780 14 16 11
44.0000 25.5000 -48.0179 18 19 14
45.0000 25.5000 -48.0325 19 18 13
46.0000 25.5000 -47.9778 17 16 11
47.0000 25.5000 -47.9032 15 14 9
52.0000 25.5000 -47.6413 16 16 4
53.0000 25.5000 -47.4412 16 16 4
54.0000 25.5000 -47.1352 17 17 5
55.0000 25.5000 -46.7438 18 19 5
56.0000 25.5000 -46.3156 19 20 6
57.0000 25.5000 -45.9183 20 21 5
58.0000 25.5000 -45.6255 21 22 6
59.0000 25.5000 -45.5043 22 23 9
60.0000 25.5000 -45.6052 20 21 15
61.0000 25.5000 -45.9572 20 21 16
62.0000 25.5000 -46.5680 19 20 15
63.0000 25.5000 -47.4339 18 19 14
64.0000 25.5000 -48.5582 17 18 12
65.0000 25.5000 -49.9749 16 17 9
66.0000 25.5000 -51.7684 15 16 8
67.0000 25.5000 -54.0766 15 16 8
68.0000 25.5000 -57.0650 14 15 9
69.0000 25.5000 -60.8722 13 14 8
-97.0000 24.5000 -85.0794 12 14 11
-96.0000 24.5000 -73.7796 18 20 15
-95.0000 24.5000 -63.8130 20 22 17
-94.0000 24.5000 -55.7967 18 21 14
-93.0000 24.5000 -49.8849 15 18 9
-92.0000 24.5000 -45.8539 18 21 10
-91.0000 24.5000 -43.2728 19 22 11
-90.0000 24.5000 -41.6740 19 23 9
-89.0000 24.5000 -40.6630 20 24 9
-88.0000 24.5000 -39.9601 20 24 9
-87.0000 24.5000 -39.3927 21 25 10
-86.0000 24.5000 -38.8683 21 25 8
-85.0000 24.5000 -38.3465 22 24 10
-84.0000 24.5000 -37.8179 29 26 17
-83.0000 24.5000 -37.2906 30 25 19
-82.0000 24.5000 -36.7804 31 26 20
-81.0000 24.5000 -36.3038 31 26 20
-80.0000 24.5000 -35.8741 32 27 21
-79.0000 24.5000 -35.4987 32 27 21
-78.0000 24.5000 -35.1788 33 28 22
-77.0000 24.5000 -34.9073 33 28 22
-76.0000 24.5000 -34.6690 34 29 23
-75.0000 24.5000 -34.4402 34 29 23
-74.0000 24.5000 -34.1918 33 28 22
-73.0000 24.5000 -33.8954 33 28 22
-72.0000 24.5000 -33.5292 33 28 22
-71.0000 24.5000 -33.0827 34 29 23
-70.0000 24.5000 -32.5577 36 31 25
-69.0000 24.5000 -31.9641 36 33 24
-68.0000 24.5000 -31.3144 35 36 22
-67.0000 24.5000 -30.6183 33 36 19
-66.0000 24.5000 -29.8799 34 35 19
-65.0000 24.5000 -29.0976 39 40 22
-64.0000 24.5000 -28.2663 48 47 29
-63.0000 24.5000 -27.3812 52 51 31
-62.0000 24.5000 -26.4423 52 50 29
-61.0000 24.5000 -25.4594 51 46 24
-60.0000 24.5000 -24.4540 68 62 38
-59.0000 24.5000 -23.4574 74 68 44
-58.0000 24.5000 -22.5038 83 76 50
-57.0000 24.5000 -21.6224 89 82 56
-56.0000 24.5000 -20.8299 96 86 59
-55.0000 24.5000 -20.1289 100 91 62
-54.0000 24.5000 -19.5107 105 94 66
-53.0000 24.5000 -18.9616 111 97 68
-52.0000 24.5000 -18.4685 119 102 72
-51.0000 24.5000 -18.0230 127 108 76
-50.0000 24.5000 -17.6224 137 116 85
-49.0000 24.5000 -17.2675 142 123 90
-48.0000 24.5000 -16.9603 147 127 94
-47.0000 24.5000 -16.7009 148 129 96
-46.0000 24.5000 -16.4866 151 131 98
-45.0000 24.5000 -16.3118 152 134 98
-44.0000 24.5000 -16.1690 155 135 100
-43.0000 24.5000 -16.0507 153 135 97
-42.0000 24.5000 -15.9504 156 136 99
-41.0000 24.5000 -15.8632 158 140 102
-40.0000 24.5000 -15.7853 163 143 106
-39.0000 24.5000 -15.7140 163 145 105
-38.0000 24.5000 -15.6468 162 143 103
-37.0000 24.5000 -15.5818 158 141 98
-36.0000 24.5000 -15.5177 161 147 98
-35.0000 24.5000 -15.4542 164 151 99
-34.0000 24.5000 -15.3918 170 154 103
-33.0000 24.5000 -15.3313 175 157 107
-32.0000 24.5000 -15.2729 178 158 108
-31.0000 24.5000 -15.2163 179 157 108
-30.0000 24.5000 -15.1606 179 155 107
-29.0000 24.5000 -15.1046 179 155 107
-28.0000 24.5000 -15.0472 184 157 110
-27.0000 24.5000 -14.9878 183 156 109
-26.0000 24.5000 -14.9264 181 154 107
-25.0000 24.5000 -14.8644 179 155 107
-24.0000 24.5000 -14.8042 180 158 109
-23.0000 24.5000 -14.7499 183 161 112
-22.0000 24.5000 -14.7063 186 166 116
-21.0000 24.5000 -14.6784 189 169 119
-20.0000 24.5000 -14.6705 189 167 118
-19.0000 24.5000 -14.6853 190 167 117
-18.0000 24.5000 -14.7234 188 166 117
-17.0000 24.5000 -14.7836 186 164 115
-16.0000 24.5000 -14.8627 183 162 115
-15.0000 24.5000 -14.9569 179 158 113
-14.0000 24.5000 -15.0619 174 155 112
-13.0000 24.5000 -15.1741 172 153 111
-12.0000 24.5000 -15.2912 161 143 103
-11.0000 24.5000 -15.4117 157 142 103
-10.0000 24.5000 -15.5354 155 139 103
-9.0000 24.5000 -15.6631 154 140 105
-8.0000 24.5000 -15.7959 156 141 108
-7.0000 24.5000 -15.9343 156 143 109
-6.0000 24.5000 -16.0778 154 141 109
-5.0000 24.5000 -16.2244 150 140 105
-4.0000 24.5000 -16.3707 142 132 97
-3.0000 24.5000 -16.5131 142 129 95
-2.0000 24.5000 -16.6491 140 127 95
-1.0000 24.5000 -16.7784 141 126 95
0.0000 24.5000 -16.9032 142 127 96
1.0000 24.5000 -17.0279 141 126 95
2.0000 24.5000 -17.1578 137 123 94
3.0000 24.5000 -17.2983 132 121 91
4.0000 24.5000 -17.4537 130 121 92
5.0000 24.5000 -17.6274 123 116 87
6.0000 24.5000 -17.8222 117 110 81
7.0000 24.5000 -18.0407 115 110 80
8.0000 24.5000 -18.2866 117 110 82
9.0000 24.5000 -18.5639 116 109 81
10.0000 24.5000 -18.8772 112 102 75
11.0000 24.5000 -19.2307 104 97 69
12.0000 24.5000 -19.6279 104 97 71
13.0000 24.5000 -20.0698 97 91 67
14.0000 24.5000 -20.5547 90 84 60
15.0000 24.5000 -21.0772 87 81 59
16.0000 24.5000 -21.6282 87 82 60
17.0000 24.5000 -22.1962 83 78 56
18.0000 24.5000 -22.7704 72 70 47
19.0000 24.5000 -23.3436 64 62 41
20.0000 24.5000 -23.9149 62 60 39
21.0000 24.5000 -24.4901 62 59 40
22.0000 24.5000 -25.0795 64 59 40
23.0000 24.5000 -25.6938 64 59 40
24.0000 24.5000 -26.3406 64 57 39
25.0000 24.5000 -27.0231 62 55 39
26.0000 24.5000 -27.7415 61 52 37
27.0000 24.5000 -28.4980 59 52 36
28.0000 24.5000 -29.3011 49 45 33
29.0000 24.5000 -30.1681 47 45 33
30.0000 24.5000 -31.1231 46 44 32
31.0000 24.5000 -32.1913 44 42 30
32.0000 24.5000 -33.3912 38 38 26
33.0000 24.5000 -34.7274 34 34 24
34.0000 24.5000 -36.1865 31 31 21
35.0000 24.5000 -37.7349 29 29 19
36.0000 24.5000 -39.3191 20 21 13
37.0000 24.5000 -40.8689 20 21 13
38.0000 24.5000 -42.3044 18 21 12
39.0000 24.5000 -43.5478 17 20 13
40.0000 24.5000 -44.5381 16 19 12
41.0000 24.5000 -45.2440 14 17 10
42.0000 24.5000 -45.6693 13 16 9
43.0000 24.5000 -45.8493 13 15 10
44.0000 24.5000 -45.8404 17 18 13
45.0000 24.5000 -45.7073 18 17 13
46.0000 24.5000 -45.5121 17 16 11
47.0000 24.5000 -45.3055 17 16 11
48.0000 24.5000 -45.1204 16 16 8
49.0000 24.5000 -44.9688 15 15 7
50.0000 24.5000 -44.8420 15 15 5
51.0000 24.5000 -44.7165 15 15 5
52.0000 24.5000 -44.5647 22 22 10
53.0000 24.5000 -44.3674 22 23 9
54.0000 24.5000 -44.1233 22 23 9
55.0000 24.5000 -43.8531 23 24 8
56.0000 24.5000 -43.5971 23 24 8
57.0000 24.5000 -43.4078 24 25 7
58.0000 24.5000 -43.3407 24 25 7
59.0000 24.5000 -43.4454 24 25 9
60.0000 24.5000 -43.7584 20 21 13
61.0000 24.5000 -44.2990 20 21 16
62.0000 24.5000 -45.0709 19 20 15
63.0000 24.5000 -46.0694 18 19 14
64.0000 24.5000 -47.2987 17 18 12
65.0000 24.5000 -48.7927 16 17 11
66.0000 24.5000 -50.6330 15 16 8
67.0000 24.5000 -52.9508 15 16 8
68.0000 24.5000 -55.9037 14 15 9
69.0000 24.5000 -59.6233 13 14 9
-97.0000 23.5000 -79.4917 13 18 14
-96.0000 23.5000 -68.8101 19 24 18
-95.0000 23.5000 -59.6539 20 25 19
-94.0000 23.5000 -52.4741 18 23 16
-93.0000 23.5000 -47.2988 14 20 10
-92.0000 23.5000 -43.8406 17 23 11
-91.0000 23.5000 -41.6630 17 23 11
-90.0000 23.5000 -40.3280 17 23 9
-89.0000 23.5000 -39.4831 18 25 9
-88.0000 23.5000 -38.8863 18 25 9
-87.0000 23.5000 -38.3921 19 26 8
-86.0000 23.5000 -37.9250 19 26 8
-85.0000 23.5000 -37.4548 22 26 11
-84.0000 23.5000 -36.9793 28 28 18
-83.0000 23.5000 -36.5118 31 28 21
-82.0000 23.5000 -36.0716 31 28 21
-81.0000 23.5000 -35.6766 31 28 21
-80.0000 23.5000 -35.3387 32 29 22
-79.0000 23.5000 -35.0616 32 29 22
-78.0000 23.5000 -34.8405 32 29 22
-77.0000 23.5000 -34.6618 32 29 22
-76.0000 23.5000 -34.5031 32 29 22
-75.0000 23.5000 -34.3343 31 28 21
-74.0000 23.5000 -34.1212 30 27 20
-73.0000 23.5000 -33.8322 30 27 20
-72.0000 23.5000 -33.4448 31 28 21
-71.0000 23.5000 -32.9503 32 29 22
-70.0000 23.5000 -32.3549 33 30 23
-69.0000 23.5000 -31.6751 34 31 22
-68.0000 23.5000 -30.9320 35 36 20
-67.0000 23.5000 -30.1447 36 37 19
-66.0000 23.5000 -29.3261 39 40 22
-65.0000 23.5000 -28.4818 44 46 25
-64.0000 23.5000 -27.6112 51 50 30
-63.0000 23.5000 -26.7109 54 53 32
-62.0000 23.5000 -25.7798 55 53 32
-61.0000 23.5000 -24.8237 56 51 29
-60.0000 23.5000 -23.8588 75 69 45
-59.0000 23.5000 -22.9101 80 74 50
-58.0000 23.5000 -22.0064 88 81 55
-57.0000 23.5000 -21.1720 95 85 60
-56.0000 23.5000 -20.4211 100 88 62
-55.0000 23.5000 -19.7555 105 93 67
-54.0000 23.5000 -19.1670 111 99 73
-53.0000 23.5000 -18.6428 118 104 77
-52.0000 23.5000 -18.1713 125 106 74
-51.0000 23.5000 -17.7448 133 113 80
-50.0000 23.5000 -17.3614 144 121 89
-49.0000 23.5000 -17.0221 149 129 96
-48.0000 23.5000 -16.7293 154 131 99
-47.0000 23.5000 -16.4832 154 134 99
-46.0000 23.5000 -16.2807 158 135 101
-45.0000 23.5000 -16.1161 157 137 100
-44.0000 23.5000 -15.9815 161 139 102
-43.0000 23.5000 -15.8694 158 138 101
-42.0000 23.5000 -15.7733 160 138 101
-41.0000 23.5000 -15.6887 161 142 102
-40.0000 23.5000 -15.6125 167 145 106
-39.0000 23.5000 -15.5426 167 148 106
-38.0000 23.5000 -15.4771 168 146 105
-37.0000 23.5000 -15.4142 165 146 103
-36.0000 23.5000 -15.3528 174 156 110
-35.0000 23.5000 -15.2925 175 157 109
-34.0000 23.5000 -15.2336 177 159 111
-33.0000 23.5000 -15.1769 180 159 112
-32.0000 23.5000 -15.1230 181 159 112
-31.0000 23.5000 -15.0716 181 157 111
-30.0000 23.5000 -15.0221 178 154 108
-29.0000 23.5000 -14.9730 179 152 107
-28.0000 23.5000 -14.9230 187 158 114
-27.0000 23.5000 -14.8712 185 158 113
-26.0000 23.5000 -14.8174 184 157 112
-25.0000 23.5000 -14.7624 182 158 112
-24.0000 23.5000 -14.7087 183 161 114
-23.0000 23.5000 -14.6599 185 163 116
-22.0000 23.5000 -14.6203 187 166 119
-21.0000 23.5000 -14.5946 189 169 119
-20.0000 23.5000 -14.5868 190 168 119
-19.0000 23.5000 -14.5995 190 168 119
-18.0000 23.5000 -14.6335 189 167 118
-17.0000 23.5000 -14.6878 188 166 117
-16.0000 23.5000 -14.7597 184 163 116
-15.0000 23.5000 -14.8459 181 160 115
-14.0000 23.5000 -14.9424 176 157 114
-13.0000 23.5000 -15.0462 174 155 113
-12.0000 23.5000 -15.1548 170 152 112
-11.0000 23.5000 -15.2669 165 150 111
-10.0000 23.5000 -15.3825 162 146 110
-9.0000 23.5000 -15.5021 161 147 112
-8.0000 23.5000 -15.6270 161 147 112
-7.0000 23.5000 -15.7578 161 147 112
-6.0000 23.5000 -15.8942 158 143 110
-5.0000 23.5000 -16.0342 154 141 107
-4.0000 23.5000 -16.1749 148 135 101
-3.0000 23.5000 -16.3127 146 133 99
-2.0000 23.5000 -16.4451 144 131 97
-1.0000 23.5000 -16.5718 144 131 97
0.0000 23.5000 -16.6944 145 132 98
1.0000 23.5000 -16.8167 143 130 96
2.0000 23.5000 -16.9433 138 125 93
3.0000 23.5000 -17.0787 132 121 89
4.0000 23.5000 -17.2265 135 126 95
5.0000 23.5000 -17.3892 127 121 89
6.0000 23.5000 -17.5687 121 114 85
7.0000 23.5000 -17.7673 120 113 84
8.0000 23.5000 -17.9886 121 114 85
9.0000 23.5000 -18.2370 121 114 85
10.0000 23.5000 -18.5179 115 108 79
11.0000 23.5000 -18.8360 110 103 75
12.0000 23.5000 -19.1949 112 105 79
13.0000 23.5000 -19.5958 102 96 70
14.0000 23.5000 -20.0373 94 88 62
15.0000 23.5000 -20.5153 92 88 63
16.0000 23.5000 -21.0231 94 90 65
17.0000 23.5000 -21.5526 91 87 62
18.0000 23.5000 -22.0953 79 77 52
19.0000 23.5000 -22.6448 70 68 45
20.0000 23.5000 -23.1990 66 64 41
21.0000 23.5000 -23.7614 67 65 44
22.0000 23.5000 -24.3396 69 64 44
23.0000 23.5000 -24.9431 68 63 43
24.0000 23.5000 -25.5787 66 61 41
25.0000 23.5000 -26.2492 64 59 40
26.0000 23.5000 -26.9530 62 55 37
27.0000 23.5000 -27.6886 59 53 37
28.0000 23.5000 -28.4588 48 46 31
29.0000 23.5000 -29.2750 45 46 32
30.0000 23.5000 -30.1571 45 46 32
31.0000 23.5000 -31.1297 44 45 31
32.0000 23.5000 -32.2149 42 43 29
33.0000 23.5000 -33.4261 39 39 27
34.0000 23.5000 -34.7609 37 37 25
35.0000 23.5000 -36.1964 35 35 23
36.0000 23.5000 -37.6857 26 28 17
37.0000 23.5000 -39.1588 24 26 15
38.0000 23.5000 -40.5287 20 22 11
39.0000 23.5000 -41.7063 16 17 9
40.0000 23.5000 -42.6188 14 15 7
41.0000 23.5000 -43.2273 14 15 7
42.0000 23.5000 -43.5345 14 15 7
43.0000 23.5000 -43.5814 15 16 10
45.0000 23.5000 -43.1650 15 14 10
46.0000 23.5000 -42.8442 17 16 11
47.0000 23.5000 -42.5246 20 19 14
48.0000 23.5000 -42.2401 23 23 15
49.0000 23.5000 -42.0042 26 26 18
50.0000 23.5000 -41.8133 29 29 19
51.0000 23.5000 -41.6531 30 30 20
52.0000 23.5000 -41.5074 28 28 16
53.0000 23.5000 -41.3668 28 29 15
54.0000 23.5000 -41.2345 28 29 15
55.0000 23.5000 -41.1279 27 28 12
56.0000 23.5000 -41.0765 27 28 12
57.0000 23.5000 -41.1171 26 27 9
58.0000 23.5000 -41.2879 26 27 9
59.0000 23.5000 -41.6227 25 26 10
60.0000 23.5000 -42.1464 20 21 13
61.0000 23.5000 -42.8715 20 21 15
62.0000 23.5000 -43.7992 19 20 14
63.0000 23.5000 -44.9258 18 19 13
64.0000 23.5000 -46.2573 17 18 12
65.0000 23.5000 -47.8279 16 17 11
66.0000 23.5000 -49.7164 15 16 10
67.0000 23.5000 -52.0479 15 16 10
68.0000 23.5000 -54.9714 15 16 11
69.0000 23.5000 -58.6113 14 15 10
-97.0000 22.5000 -74.1109 14 19 13
-96.0000 22.5000 -64.0828 21 26 20
-95.0000 22.5000 -55.7293 22 27 20
-94.0000 22.5000 -49.3431 19 25 15
-93.0000 22.5000 -44.8424 15 21 11
-92.0000 22.5000 -41.8929 17 23 11
-91.0000 22.5000 -40.0645 17 23 9
-90.0000 22.5000 -38.9544 18 25 9
-89.0000 22.5000 -38.2523 18 25 9
-88.0000 22.5000 -37.7508 19 26 8
-87.0000 22.5000 -37.3280 19 26 8
-86.0000 22.5000 -36.9220 20 27 9
-85.0000 22.5000 -36.5107 22 26 11
-84.0000 22.5000 -36.0968 28 30 19
-83.0000 22.5000 -35.6973 29 29 21
-82.0000 22.5000 -35.3339 29 29 21
-81.0000 22.5000 -35.0250 30 30 22
-80.0000 22.5000 -34.7807 30 30 22
-79.0000 22.5000 -34.6012 30 30 22
-78.0000 22.5000 -34.4761 30 30 22
-77.0000 22.5000 -34.3854 30 30 22
-76.0000 22.5000 -34.2996 29 29 21
-75.0000 22.5000 -34.1820 28 28 20
-74.0000 22.5000 -33.9931 27 27 19
-73.0000 22.5000 -33.6984 27 27 19
-72.0000 22.5000 -33.2757 28 28 20
-71.0000 22.5000 -32.7205 29 29 21
-70.0000 22.5000 -32.0458 31 31 23
-69.0000 22.5000 -31.2776 32 32 20
-68.0000 22.5000 -30.4466 35 36 18
-67.0000 22.5000 -29.5807 39 41 20
-66.0000 22.5000 -28.6997 44 46 25
-65.0000 22.5000 -27.8131 48 50 28
-64.0000 22.5000 -26.9218 53 52 31
-63.0000 22.5000 -26.0217 57 55 32
-62.0000 22.5000 -25.1093 60 55 33
-61.0000 22.5000 -24.1870 61 57 32
-60.0000 22.5000 -23.2665 81 75 51
-59.0000 22.5000 -22.3676 86 79 53
-58.0000 22.5000 -21.5141 94 84 59
-57.0000 22.5000 -20.7264 98 88 61
-56.0000 22.5000 -20.0163 104 92 66
-55.0000 22.5000 -19.3851 109 97 71
-54.0000 22.5000 -18.8254 116 104 78
-53.0000 22.5000 -18.3259 125 110 81
-52.0000 22.5000 -17.8760 130 109 78
-51.0000 22.5000 -17.4690 139 116 82
-50.0000 22.5000 -17.1033 148 125 93
-49.0000 22.5000 -16.7801 155 132 98
-48.0000 22.5000 -16.5018 158 135 101
-47.0000 22.5000 -16.2683 160 138 101
-46.0000 22.5000 -16.0769 161 139 102
-45.0000 22.5000 -15.9214 163 141 104
-44.0000 22.5000 -15.7942 165 143 106
-43.0000 22.5000 -15.6877 163 141 102
-42.0000 22.5000 -15.5958 162 140 101
-41.0000 22.5000 -15.5143 164 142 101
-40.0000 22.5000 -15.4409 169 147 106
-39.0000 22.5000 -15.3739 172 150 109
-38.0000 22.5000 -15.3118 172 150 109
-37.0000 22.5000 -15.2532 171 150 107
-36.0000 22.5000 -15.1966 172 151 106
-35.0000 22.5000 -15.1415 174 153 106
-34.0000 22.5000 -15.0879 178 155 111
-33.0000 22.5000 -15.0362 182 160 113
-32.0000 22.5000 -14.9869 186 162 118
-31.0000 22.5000 -14.9402 190 163 118
-30.0000 22.5000 -14.8953 190 163 120
-29.0000 22.5000 -14.8511 190 161 117
-28.0000 22.5000 -14.8065 188 159 117
-27.0000 22.5000 -14.7603 188 159 115
-26.0000 22.5000 -14.7124 188 159 117
-25.0000 22.5000 -14.6635 188 161 116
-24.0000 22.5000 -14.6156 187 163 119
-23.0000 22.5000 -14.5719 188 166 119
-22.0000 22.5000 -14.5361 189 168 123
-21.0000 22.5000 -14.5123 190 169 122
-20.0000 22.5000 -14.5041 191 169 120
-19.0000 22.5000 -14.5140 191 169 120
-18.0000 22.5000 -14.5431 190 168 119
-17.0000 22.5000 -14.5907 189 167 118
-16.0000 22.5000 -14.6549 185 164 117
-15.0000 22.5000 -14.7327 182 161 114
-14.0000 22.5000 -14.8207 177 158 115
-13.0000 22.5000 -14.9159 176 157 114
-12.0000 22.5000 -15.0162 184 165 123
-11.0000 22.5000 -15.1202 179 161 121
-10.0000 22.5000 -15.2279 174 156 118
-9.0000 22.5000 -15.3399 168 152 116
-8.0000 22.5000 -15.4576 165 149 113
-7.0000 22.5000 -15.5817 160 146 109
-6.0000 22.5000 -15.7122 156 140 106
-5.0000 22.5000 -15.8476 150 136 101
-4.0000 22.5000 -15.9848 152 138 103
-3.0000 22.5000 -16.1205 149 136 102
-2.0000 22.5000 -16.2519 147 134 100
-1.0000 22.5000 -16.3779 147 134 100
0.0000 22.5000 -16.4995 147 134 100
1.0000 22.5000 -16.6198 144 131 97
2.0000 22.5000 -16.7429 137 126 94
3.0000 22.5000 -16.8727 133 122 90
4.0000 22.5000 -17.0125 139 130 99
5.0000 22.5000 -17.1644 133 124 93
6.0000 22.5000 -17.3298 127 118 89
7.0000 22.5000 -17.5107 123 116 87
8.0000 22.5000 -17.7100 125 118 89
9.0000 22.5000 -17.9324 124 117 88
10.0000 22.5000 -18.1836 120 113 84
11.0000 22.5000 -18.4689 115 108 79
12.0000 22.5000 -18.7921 116 111 82
13.0000 22.5000 -19.1544 107 101 75
14.0000 22.5000 -19.5547 98 94 67
15.0000 22.5000 -19.9898 97 93 66
16.0000 22.5000 -20.4555 100 96 69
17.0000 22.5000 -20.9467 97 93 68
18.0000 22.5000 -21.4580 87 83 58
19.0000 22.5000 -21.9853 74 72 47
20.0000 22.5000 -22.5266 72 67 45
21.0000 22.5000 -23.0840 72 67 45
22.0000 22.5000 -23.6630 72 67 45
23.0000 22.5000 -24.2700 71 66 46
24.0000 22.5000 -24.9097 68 63 43
25.0000 22.5000 -25.5814 64 59 39
26.0000 22.5000 -26.2800 61 54 35
27.0000 22.5000 -26.9987 58 53 34
28.0000 22.5000 -27.7346 46 45 27
29.0000 22.5000 -28.4936 44 45 29
30.0000 22.5000 -29.2919 44 45 29
31.0000 22.5000 -30.1535 44 45 31
32.0000 22.5000 -31.1047 43 44 30
33.0000 22.5000 -32.1666 41 42 28
34.0000 22.5000 -33.3473 39 40 26
35.0000 22.5000 -34.6344 38 38 26
36.0000 22.5000 -35.9887 32 32 20
37.0000 22.5000 -37.3426 27 29 18
38.0000 22.5000 -38.6064 21 21 11
39.0000 22.5000 -39.6843 14 16 5
42.0000 22.5000 -41.1920 16 16 8
43.0000 22.5000 -41.1225 18 18 10
44.0000 22.5000 -40.8617 21 20 15
45.0000 22.5000 -40.4900 22 21 16
46.0000 22.5000 -40.0806 23 22 17
47.0000 22.5000 -39.6890 25 25 17
48.0000 22.5000 -39.3503 27 27 19
49.0000 22.5000 -39.0798 29 29 19
50.0000 22.5000 -38.8784 31 31 21
51.0000 22.5000 -38.7384 32 32 20
52.0000 22.5000 -38.6511 32 33 19
53.0000 22.5000 -38.6123 31 32 18
54.0000 22.5000 -38.6257 31 32 16
55.0000 22.5000 -38.7033 30 31 15
56.0000 22.5000 -38.8636 28 29 11
57.0000 22.5000 -39.1295 27 28 10
58.0000 22.5000 -39.5250 27 29 8
59.0000 22.5000 -40.0722 26 27 11
60.0000 22.5000 -40.7876 20 22 11
61.0000 22.5000 -41.6795 19 20 14
62.0000 22.5000 -42.7484 19 20 14
63.0000 22.5000 -43.9921 18 19 13
64.0000 22.5000 -45.4179 16 17 11
65.0000 22.5000 -47.0601 15 16 10
66.0000 22.5000 -48.9942 15 16 10
67.0000 22.5000 -51.3399 14 15 10
68.0000 22.5000 -54.2394 15 16 11
69.0000 22.5000 -57.8117 14 15 10
-98.0000 21.5000 -80.0308 10 15 9
-97.0000 21.5000 -69.3515 17 22 16
-96.0000 21.5000 -59.9206 22 27 21
-95.0000 21.5000 -52.2733 25 30 23
-94.0000 21.5000 -46.5647 25 31 21
-93.0000 21.5000 -42.6234 24 30 20
-92.0000 21.5000 -40.0842 20 26 14
-91.0000 21.5000 -38.5299 21 27 13
-90.0000 21.5000 -37.5934 22 29 13
-89.0000 21.5000 -37.0020 23 30 14
-88.0000 21.5000 -36.5785 24 31 13
-87.0000 21.5000 -36.2198 24 31 13
-86.0000 21.5000 -35.8746 23 31 10
-85.0000 21.5000 -35.5257 22 29 11
-84.0000 21.5000 -35.1790 28 32 18
-83.0000 21.5000 -34.8530 28 31 20
-82.0000 21.5000 -34.5701 28 31 20
-81.0000 21.5000 -34.3481 28 31 20
-80.0000 21.5000 -34.1950 28 31 20
-79.0000 21.5000 -34.1076 28 31 20
-78.0000 21.5000 -34.0710 29 32 21
-77.0000 21.5000 -34.0593 29 32 21
-76.0000 21.5000 -34.0362 29 32 21
-75.0000 21.5000 -33.9582 30 33 22
-74.0000 21.5000 -33.7805 30 33 22
-73.0000 21.5000 -33.4660 31 34 23
-72.0000 21.5000 -32.9944 31 34 23
-71.0000 21.5000 -32.3675 30 33 22
-70.0000 21.5000 -31.6082 29 32 21
-69.0000 21.5000 -30.7538 28 32 18
-68.0000 21.5000 -29.8453 34 35 17
-67.0000 21.5000 -28.9182 39 41 19
-66.0000 21.5000 -27.9964 48 47 26
-65.0000 21.5000 -27.0898 53 52 31
-64.0000 21.5000 -26.1979 55 53 32
-63.0000 21.5000 -25.3138 57 55 32
-62.0000 21.5000 -24.4314 62 57 35
-61.0000 21.5000 -23.5502 65 61 36
-60.0000 21.5000 -22.6783 77 71 47
-59.0000 21.5000 -21.8315 86 79 53
-58.0000 21.5000 -21.0290 99 89 64
-57.0000 21.5000 -20.2878 108 98 71
-56.0000 21.5000 -19.6179 113 101 75
-55.0000 21.5000 -19.0202 115 104 76
-54.0000 21.5000 -18.4886 119 105 78
-53.0000 21.5000 -18.0131 122 107 78
-52.0000 21.5000 -17.5846 137 117 84
-51.0000 21.5000 -17.1973 144 120 84
-50.0000 21.5000 -16.8495 152 128 94
-49.0000 21.5000 -16.5425 161 137 101
-48.0000 21.5000 -16.2783 166 142 106
-47.0000 21.5000 -16.0569 169 145 109
-46.0000 21.5000 -15.8754 169 145 109
-45.0000 21.5000 -15.7279 169 145 107
-44.0000 21.5000 -15.6070 166 142 104
-43.0000 21.5000 -15.5056 165 142 101
-42.0000 21.5000 -15.4179 166 143 102
-41.0000 21.5000 -15.3403 171 148 106
-40.0000 21.5000 -15.2708 177 154 112
-39.0000 21.5000 -15.2081 180 157 115
-38.0000 21.5000 -15.1510 178 155 113
-37.0000 21.5000 -15.0981 176 153 111
-36.0000 21.5000 -15.0479 179 156 114
-35.0000 21.5000 -14.9992 182 159 115
-34.0000 21.5000 -14.9516 186 161 120
-33.0000 21.5000 -14.9053 188 161 118
-32.0000 21.5000 -14.8605 186 158 118
-31.0000 21.5000 -14.8174 185 156 114
-30.0000 21.5000 -14.7758 187 158 118
-29.0000 21.5000 -14.7350 192 160 119
-28.0000 21.5000 -14.6940 191 159 120
-27.0000 21.5000 -14.6520 190 161 119
-26.0000 21.5000 -14.6090 192 163 123
-25.0000 21.5000 -14.5655 193 166 123
-24.0000 21.5000 -14.5232 193 168 127
-23.0000 21.5000 -14.4845 193 170 126
-22.0000 21.5000 -14.4524 192 171 128
-21.0000 21.5000 -14.4305 192 171 126
-20.0000 21.5000 -14.4217 193 171 124
-19.0000 21.5000 -14.4285 196 174 125
-18.0000 21.5000 -14.4524 195 174 127
-17.0000 21.5000 -14.4934 192 171 124
-16.0000 21.5000 -14.5499 187 166 119
-15.0000 21.5000 -14.6196 183 162 115
-14.0000 21.5000 -14.6995 183 162 119
-13.0000 21.5000 -14.7868 182 163 120
-12.0000 21.5000 -14.8792 180 161 119
-11.0000 21.5000 -14.9756 180 161 121
-10.0000 21.5000 -15.0757 178 159 119
-9.0000 21.5000 -15.1806 174 156 118
-8.0000 21.5000 -15.2915 170 152 114
-7.0000 21.5000 -15.4097 164 149 110
-6.0000 21.5000 -15.5356 164 146 110
-5.0000 21.5000 -15.6679 162 146 110
-4.0000 21.5000 -15.8037 151 137 102
-3.0000 21.5000 -15.9392 151 137 102
-2.0000 21.5000 -16.0711 150 137 102
-1.0000 21.5000 -16.1975 149 136 101
0.0000 21.5000 -16.3184 145 135 100
1.0000 21.5000 -16.4363 142 132 97
2.0000 21.5000 -16.5548 140 130 95
3.0000 21.5000 -16.6779 138 128 93
4.0000 21.5000 -16.8092 132 121 89
5.0000 21.5000 -16.9508 131 120 88
6.0000 21.5000 -17.1039 129 118 88
7.0000 21.5000 -17.2698 126 117 86
8.0000 21.5000 -17.4510 125 116 85
9.0000 21.5000 -17.6517 124 115 84
10.0000 21.5000 -17.8773 122 115 86
11.0000 21.5000 -18.1334 123 116 87
12.0000 21.5000 -18.4240 123 118 88
13.0000 21.5000 -18.7502 111 107 78
14.0000 21.5000 -19.1114 99 95 66
15.0000 21.5000 -19.5054 93 89 60
16.0000 21.5000 -19.9301 94 89 60
17.0000 21.5000 -20.3837 95 89 63
18.0000 21.5000 -20.8648 93 87 61
19.0000 21.5000 -21.3723 89 85 58
20.0000 21.5000 -21.9062 80 74 50
21.0000 21.5000 -22.4681 76 70 46
22.0000 21.5000 -23.0609 72 66 42
23.0000 21.5000 -23.6874 73 67 45
24.0000 21.5000 -24.3473 75 70 48
25.0000 21.5000 -25.0347 74 69 47
26.0000 21.5000 -25.7388 67 62 40
27.0000 21.5000 -26.4471 58 56 35
28.0000 21.5000 -27.1516 48 47 29
29.0000 21.5000 -27.8535 48 49 31
30.0000 21.5000 -28.5663 50 51 33
31.0000 21.5000 -29.3135 47 48 32
32.0000 21.5000 -30.1240 45 43 28
33.0000 21.5000 -31.0246 43 41 26
34.0000 21.5000 -32.0313 44 42 27
35.0000 21.5000 -33.1403 47 45 32
36.0000 21.5000 -34.3201 40 38 25
37.0000 21.5000 -35.5087 34 34 22
38.0000 21.5000 -36.6195 28 26 14
39.0000 21.5000 -37.5571 20 20 8
40.0000 21.5000 -38.2410 19 17 5
41.0000 21.5000 -38.6267 21 18 9
42.0000 21.5000 -38.7169 25 22 13
43.0000 21.5000 -38.5579 27 24 17
44.0000 21.5000 -38.2240 27 24 17
45.0000 21.5000 -37.7975 30 27 20
46.0000 21.5000 -37.3522 34 31 24
47.0000 21.5000 -36.9436 38 35 26
48.0000 21.5000 -36.6063 40 37 28
49.0000 21.5000 -36.3567 40 37 28
50.0000 21.5000 -36.1980 39 36 27
51.0000 21.5000 -36.1268 37 35 23
52.0000 21.5000 -36.1379 41 39 26
53.0000 21.5000 -36.2288 40 38 25
54.0000 21.5000 -36.4011 38 36 21
55.0000 21.5000 -36.6608 36 34 19
56.0000 21.5000 -37.0174 34 33 15
57.0000 21.5000 -37.4832 32 31 13
58.0000 21.5000 -38.0724 31 30 12
59.0000 21.5000 -38.7994 28 29 13
60.0000 21.5000 -39.6758 26 28 17
61.0000 21.5000 -40.7080 25 26 18
62.0000 21.5000 -41.8967 23 24 18
63.0000 21.5000 -43.2407 21 22 16
64.0000 21.5000 -44.7479 19 20 15
65.0000 21.5000 -46.4510 17 18 13
66.0000 21.5000 -48.4224 15 16 11
67.0000 21.5000 -50.7769 14 14 12
68.0000 21.5000 -53.6519 14 14 12
-98.0000 20.5000 -75.8431 11 16 10
-97.0000 20.5000 -65.4449 17 22 15
-96.0000 20.5000 -56.4987 23 28 21
-95.0000 20.5000 -49.4130 25 31 21
-94.0000 20.5000 -44.2313 25 31 21
-93.0000 20.5000 -40.7137 25 31 19
-92.0000 20.5000 -38.4751 25 31 17
-91.0000 20.5000 -37.1140 25 32 16
-90.0000 20.5000 -36.2949 26 33 17
-89.0000 20.5000 -35.7775 26 33 15
-88.0000 20.5000 -35.4086 25 32 14
-87.0000 20.5000 -35.1002 24 32 11
-86.0000 20.5000 -34.8086 22 30 9
-85.0000 20.5000 -34.5199 21 28 10
-84.0000 20.5000 -34.2407 27 33 19
-83.0000 20.5000 -33.9890 28 34 22
-82.0000 20.5000 -33.7857 29 35 23
-81.0000 20.5000 -33.6467 30 36 24
-80.0000 20.5000 -33.5777 30 36 24
-79.0000 20.5000 -33.5724 29 35 23
-78.0000 20.5000 -33.6124 27 33 21
-77.0000 20.5000 -33.6667 26 32 20
-76.0000 20.5000 -33.6931 27 33 21
-75.0000 20.5000 -33.6414 27 33 21
-74.0000 20.5000 -33.4615 26 32 20
-73.0000 20.5000 -33.1147 26 32 20
-72.0000 20.5000 -32.5840 26 32 20
-71.0000 20.5000 -31.8797 27 33 21
-70.0000 20.5000 -31.0366 28 34 22
-69.0000 20.5000 -30.1043 31 35 20
-68.0000 20.5000 -29.1341 41 44 25
-67.0000 20.5000 -28.1669 46 48 26
-66.0000 20.5000 -27.2272 53 52 31
-65.0000 20.5000 -26.3226 56 55 34
-64.0000 20.5000 -25.4484 58 56 33
-63.0000 20.5000 -24.5943 61 59 36
-62.0000 20.5000 -23.7515 67 63 38
-61.0000 20.5000 -22.9172 72 66 42
-60.0000 20.5000 -22.0972 78 71 45
-59.0000 20.5000 -21.3038 86 79 51
-58.0000 20.5000 -20.5529 98 88 61
-57.0000 20.5000 -19.8581 107 98 69
-56.0000 20.5000 -19.2277 113 102 74
-55.0000 20.5000 -18.6627 118 107 77
-54.0000 20.5000 -18.1582 124 110 81
-53.0000 20.5000 -17.7060 129 112 82
-52.0000 20.5000 -17.2985 140 117 83
-51.0000 20.5000 -16.9305 146 122 86
-50.0000 20.5000 -16.6005 155 129 94
-49.0000 20.5000 -16.3095 161 137 101
-48.0000 20.5000 -16.0590 168 142 107
-47.0000 20.5000 -15.8488 170 146 108
-46.0000 20.5000 -15.6761 171 145 108
-45.0000 20.5000 -15.5356 170 147 106
-44.0000 20.5000 -15.4203 171 146 106
-43.0000 20.5000 -15.3237 171 148 106
-42.0000 20.5000 -15.2405 174 149 108
-41.0000 20.5000 -15.1676 176 153 111
-40.0000 20.5000 -15.1030 181 156 115
-39.0000 20.5000 -15.0457 182 159 115
-38.0000 20.5000 -14.9945 183 158 117
-37.0000 20.5000 -14.9479 182 157 116
-36.0000 20.5000 -14.9043 177 152 111
-35.0000 20.5000 -14.8621 180 152 112
-34.0000 20.5000 -14.8204 183 155 115
-33.0000 20.5000 -14.7790 185 156 116
-32.0000 20.5000 -14.7380 186 157 117
-31.0000 20.5000 -14.6978 190 158 119
-30.0000 20.5000 -14.6587 193 161 122
-29.0000 20.5000 -14.6203 195 163 124
-28.0000 20.5000 -14.5823 191 159 120
-27.0000 20.5000 -14.5441 193 161 122
-26.0000 20.5000 -14.5058 194 165 125
-25.0000 20.5000 -14.4677 196 168 128
-24.0000 20.5000 -14.4311 197 169 129
-23.0000 20.5000 -14.3975 194 171 129
-22.0000 20.5000 -14.3694 193 170 128
-21.0000 20.5000 -14.3492 192 171 126
-20.0000 20.5000 -14.3397 195 173 126
-19.0000 20.5000 -14.3436 196 174 125
-18.0000 20.5000 -14.3626 196 175 128
-17.0000 20.5000 -14.3973 194 173 126
-16.0000 20.5000 -14.4469 192 171 124
-15.0000 20.5000 -14.5094 189 168 121
-14.0000 20.5000 -14.5821 188 167 122
-13.0000 20.5000 -14.6622 188 167 124
-12.0000 20.5000 -14.7475 183 164 122
-11.0000 20.5000 -14.8367 181 162 120
-10.0000 20.5000 -14.9297 177 158 118
-9.0000 20.5000 -15.0277 175 156 116
-8.0000 20.5000 -15.1323 173 154 114
-7.0000 20.5000 -15.2454 170 152 112
-6.0000 20.5000 -15.3677 169 149 112
-5.0000 20.5000 -15.4982 167 149 111
-4.0000 20.5000 -15.6338 157 141 105
-3.0000 20.5000 -15.7704 155 141 106
-2.0000 20.5000 -15.9037 153 139 104
-1.0000 20.5000 -16.0306 150 137 102
0.0000 20.5000 -16.1503 147 134 100
1.0000 20.5000 -16.2645 143 133 98
2.0000 20.5000 -16.3769 141 131 96
3.0000 20.5000 -16.4922 140 130 95
4.0000 20.5000 -16.6145 142 129 97
5.0000 20.5000 -16.7464 139 126 94
6.0000 20.5000 -16.8893 135 121 92
7.0000 20.5000 -17.0437 129 118 88
8.0000 20.5000 -17.2113 128 117 87
9.0000 20.5000 -17.3952 127 118 87
10.0000 20.5000 -17.6002 127 120 91
11.0000 20.5000 -17.8314 129 122 93
12.0000 20.5000 -18.0927 127 122 92
13.0000 20.5000 -18.3857 117 114 83
14.0000 20.5000 -18.7101 106 103 72
15.0000 20.5000 -19.0648 101 96 67
16.0000 20.5000 -19.4501 100 95 66
17.0000 20.5000 -19.8676 101 94 66
18.0000 20.5000 -20.3203 98 91 63
19.0000 20.5000 -20.8113 94 87 61
20.0000 20.5000 -21.3433 86 79 53
21.0000 20.5000 -21.9184 81 73 50
22.0000 20.5000 -22.5371 77 69 46
23.0000 20.5000 -23.1971 75 69 45
24.0000 20.5000 -23.8913 77 71 47
25.0000 20.5000 -24.6068 73 68 46
26.0000 20.5000 -25.3258 66 61 39
27.0000 20.5000 -26.0304 59 54 32
28.0000 20.5000 -26.7081 49 48 28
29.0000 20.5000 -27.3573 48 49 31
30.0000 20.5000 -27.9896 50 49 31
31.0000 20.5000 -28.6282 49 48 30
32.0000 20.5000 -29.3028 46 45 27
33.0000 20.5000 -30.0425 45 43 28
34.0000 20.5000 -30.8675 45 43 28
35.0000 20.5000 -31.7797 47 44 29
36.0000 20.5000 -32.7553 46 42 30
37.0000 20.5000 -33.7404 41 37 25
38.0000 20.5000 -34.6573 35 31 19
39.0000 20.5000 -35.4191 29 25 14
40.0000 20.5000 -35.9524 27 23 12
41.0000 20.5000 -36.2176 28 24 13
42.0000 20.5000 -36.2196 34 27 17
43.0000 20.5000 -36.0040 35 31 22
44.0000 20.5000 -35.6429 37 33 24
45.0000 20.5000 -35.2152 38 35 26
46.0000 20.5000 -34.7904 40 38 26
47.0000 20.5000 -34.4205 42 40 28
48.0000 20.5000 -34.1378 43 41 29
49.0000 20.5000 -33.9577 42 40 28
50.0000 20.5000 -33.8842 41 39 27
51.0000 20.5000 -33.9152 40 38 25
52.0000 20.5000 -34.0466 41 39 26
53.0000 20.5000 -34.2755 40 38 25
54.0000 20.5000 -34.6005 39 37 22
55.0000 20.5000 -35.0226 37 35 20
56.0000 20.5000 -35.5451 35 33 18
57.0000 20.5000 -36.1737 33 32 14
58.0000 20.5000 -36.9171 31 29 14
59.0000 20.5000 -37.7853 30 28 15
60.0000 20.5000 -38.7879 27 27 17
61.0000 20.5000 -39.9306 25 26 18
62.0000 20.5000 -41.2142 23 24 18
63.0000 20.5000 -42.6377 21 22 16
64.0000 20.5000 -44.2084 19 20 15
65.0000 20.5000 -45.9566 17 18 13
66.0000 20.5000 -47.9510 15 15 13
67.0000 20.5000 -50.3021 14 14 12
68.0000 20.5000 -53.1447 14 14 12
69.0000 20.5000 -56.5969 13 13 13
-98.0000 19.5000 -72.6284 14 16 11
-97.0000 19.5000 -62.4286 21 24 17
-96.0000 19.5000 -53.8380 25 28 21
-95.0000 19.5000 -47.1636 27 30 21
-94.0000 19.5000 -42.3614 28 31 22
-93.0000 19.5000 -39.1405 28 31 20
-92.0000 19.5000 -37.1030 32 36 22
-91.0000 19.5000 -35.8620 32 36 21
-90.0000 19.5000 -35.1086 32 36 21
-89.0000 19.5000 -34.6281 31 35 18
-88.0000 19.5000 -34.2870 30 34 17
-87.0000 19.5000 -34.0093 27 32 12
-86.0000 19.5000 -33.7575 25 30 10
-85.0000 19.5000 -33.5196 21 29 8
-84.0000 19.5000 -33.3010 31 38 22
-83.0000 19.5000 -33.1175 31 39 24
-82.0000 19.5000 -32.9865 31 39 24
-81.0000 19.5000 -32.9206 32 40 25
-80.0000 19.5000 -32.9229 31 39 24
-79.0000 19.5000 -32.9848 29 37 22
-78.0000 19.5000 -33.0851 27 35 20
-77.0000 19.5000 -33.1892 25 33 18
-76.0000 19.5000 -33.2495 26 34 19
-75.0000 19.5000 -33.2100 25 33 18
-74.0000 19.5000 -33.0165 22 30 15
-73.0000 19.5000 -32.6293 22 30 15
-72.0000 19.5000 -32.0363 23 31 16
-71.0000 19.5000 -31.2575 26 34 19
-70.0000 19.5000 -30.3403 30 38 23
-69.0000 19.5000 -29.3465 34 41 25
-68.0000 19.5000 -28.3354 53 54 36
-67.0000 19.5000 -27.3511 56 55 35
-66.0000 19.5000 -26.4158 59 56 37
-65.0000 19.5000 -25.5322 60 58 37
-64.0000 19.5000 -24.6903 64 59 37
-63.0000 19.5000 -23.8762 68 63 41
-62.0000 19.5000 -23.0789 75 69 45
-61.0000 19.5000 -22.2947 80 74 50
-60.0000 19.5000 -21.5278 81 74 48
-59.0000 19.5000 -20.7881 90 80 53
-58.0000 19.5000 -20.0882 100 89 61
-57.0000 19.5000 -19.4389 108 97 67
-56.0000 19.5000 -18.8471 116 102 73
-55.0000 19.5000 -18.3138 123 110 78
-54.0000 19.5000 -17.8354 130 115 84
-53.0000 19.5000 -17.4056 136 120 87
-52.0000 19.5000 -17.0182 145 121 85
-51.0000 19.5000 -16.6689 150 124 87
-50.0000 19.5000 -16.3561 159 131 94
-49.0000 19.5000 -16.0805 164 138 101
-48.0000 19.5000 -15.8431 172 144 107
-47.0000 19.5000 -15.6434 173 148 108
-46.0000 19.5000 -15.4790 175 147 108
-45.0000 19.5000 -15.3448 173 148 107
-44.0000 19.5000 -15.2349 178 150 110
-43.0000 19.5000 -15.1433 179 154 113
-42.0000 19.5000 -15.0652 185 157 117
-41.0000 19.5000 -14.9976 185 161 117
-40.0000 19.5000 -14.9387 188 161 118
-39.0000 19.5000 -14.8873 186 162 116
-38.0000 19.5000 -14.8420 190 163 120
-37.0000 19.5000 -14.8012 191 164 121
-36.0000 19.5000 -14.7632 187 159 119
-35.0000 19.5000 -14.7263 186 156 118
-34.0000 19.5000 -14.6894 185 155 117
-33.0000 19.5000 -14.6519 188 156 118
-32.0000 19.5000 -14.6140 191 159 121
-31.0000 19.5000 -14.5764 195 161 124
-30.0000 19.5000 -14.5395 198 164 127
-29.0000 19.5000 -14.5037 199 165 128
-28.0000 19.5000 -14.4690 194 160 123
-27.0000 19.5000 -14.4353 196 164 126
-26.0000 19.5000 -14.4023 197 167 129
-25.0000 19.5000 -14.3704 199 171 132
-24.0000 19.5000 -14.3399 200 172 133
-23.0000 19.5000 -14.3119 196 173 132
-22.0000 19.5000 -14.2877 194 171 130
-21.0000 19.5000 -14.2694 191 170 127
-20.0000 19.5000 -14.2595 197 176 131
-19.0000 19.5000 -14.2607 196 175 128
-18.0000 19.5000 -14.2753 196 175 128
-17.0000 19.5000 -14.3045 197 176 129
-16.0000 19.5000 -14.3481 197 176 129
-15.0000 19.5000 -14.4044 197 176 129
-14.0000 19.5000 -14.4709 194 173 128
-13.0000 19.5000 -14.5448 192 171 126
-12.0000 19.5000 -14.6236 190 169 126
-11.0000 19.5000 -14.7062 185 164 121
-10.0000 19.5000 -14.7926 179 157 116
-9.0000 19.5000 -14.8842 178 156 115
-8.0000 19.5000 -14.9832 179 157 116
-7.0000 19.5000 -15.0920 178 159 117
-6.0000 19.5000 -15.2117 178 156 117
-5.0000 19.5000 -15.3414 173 154 114
-4.0000 19.5000 -15.4778 167 147 112
-3.0000 19.5000 -15.6159 163 145 109
-2.0000 19.5000 -15.7504 157 141 105
-1.0000 19.5000 -15.8770 152 138 101
0.0000 19.5000 -15.9941 148 135 100
1.0000 19.5000 -16.1030 146 133 98
2.0000 19.5000 -16.2079 146 133 99
3.0000 19.5000 -16.3142 146 133 99
4.0000 19.5000 -16.4271 152 137 104
5.0000 19.5000 -16.5501 148 133 100
6.0000 19.5000 -16.6848 142 127 96
7.0000 19.5000 -16.8312 137 122 91
8.0000 19.5000 -16.9896 133 119 90
9.0000 19.5000 -17.1617 132 121 91
10.0000 19.5000 -17.3510 134 125 94
11.0000 19.5000 -17.5618 134 128 96
12.0000 19.5000 -17.7978 131 126 94
13.0000 19.5000 -18.0606 124 119 87
14.0000 19.5000 -18.3508 115 110 78
15.0000 19.5000 -18.6689 111 104 75
16.0000 19.5000 -19.0172 110 103 74
17.0000 19.5000 -19.4011 111 102 73
18.0000 19.5000 -19.8282 107 98 69
19.0000 19.5000 -20.3063 103 93 66
20.0000 19.5000 -20.8416 96 86 59
21.0000 19.5000 -21.4370 91 81 56
22.0000 19.5000 -22.0905 85 75 50
23.0000 19.5000 -22.7939 80 73 47
24.0000 19.5000 -23.5321 78 71 45
25.0000 19.5000 -24.2837 73 67 43
26.0000 19.5000 -25.0238 65 59 35
27.0000 19.5000 -25.7291 57 52 30
28.0000 19.5000 -26.3844 53 51 30
29.0000 19.5000 -26.9869 51 50 30
30.0000 19.5000 -27.5477 50 47 28
31.0000 19.5000 -28.0892 49 46 27
32.0000 19.5000 -28.6404 50 47 28
33.0000 19.5000 -29.2297 49 46 29
34.0000 19.5000 -29.8778 47 44 27
35.0000 19.5000 -30.5897 48 42 26
36.0000 19.5000 -31.3475 52 46 32
37.0000 19.5000 -32.1080 49 43 29
38.0000 19.5000 -32.8069 45 37 24
39.0000 19.5000 -33.3724 41 33 22
40.0000 19.5000 -33.7445 39 31 20
41.0000 19.5000 -33.8928 41 33 22
42.0000 19.5000 -33.8255 44 36 25
43.0000 19.5000 -33.5861 46 38 27
44.0000 19.5000 -33.2400 48 44 32
45.0000 19.5000 -32.8577 48 44 32
46.0000 19.5000 -32.5006 48 44 32
47.0000 19.5000 -32.2140 47 43 31
48.0000 19.5000 -32.0254 47 43 31
49.0000 19.5000 -31.9479 46 42 30
50.0000 19.5000 -31.9846 45 41 29
51.0000 19.5000 -32.1330 45 41 29
52.0000 19.5000 -32.3889 43 39 27
53.0000 19.5000 -32.7477 42 38 26
54.0000 19.5000 -33.2057 41 37 25
55.0000 19.5000 -33.7609 39 35 23
56.0000 19.5000 -34.4131 36 32 20
57.0000 19.5000 -35.1651 34 31 16
58.0000 19.5000 -36.0231 33 29 17
59.0000 19.5000 -36.9955 31 29 16
60.0000 19.5000 -38.0909 27 27 17
61.0000 19.5000 -39.3148 25 27 16
62.0000 19.5000 -40.6679 23 24 16
63.0000 19.5000 -42.1485 21 22 16
64.0000 19.5000 -43.7621 19 20 15
65.0000 19.5000 -45.5364 17 18 13
66.0000 19.5000 -47.5361 15 15 13
67.0000 19.5000 -49.8678 14 14 14
68.0000 19.5000 -52.6654 14 14 14
69.0000 19.5000 -56.0501 13 13 13
-98.0000 18.5000 -70.2794 17 18 12
-97.0000 18.5000 -60.1957 22 25 18
-96.0000 18.5000 -51.8459 26 27 19
-95.0000 18.5000 -45.4561 27 30 21
-94.0000 18.5000 -40.9143 30 32 21
-93.0000 18.5000 -37.8907 30 34 20
-92.0000 18.5000 -35.9782 35 37 23
-91.0000 18.5000 -34.8017 34 38 23
-90.0000 18.5000 -34.0726 36 39 22
-89.0000 18.5000 -33.5971 34 39 19
-88.0000 18.5000 -33.2574 34 37 18
-87.0000 18.5000 -32.9882 31 36 16
-86.0000 18.5000 -32.7571 30 33 12
-85.0000 18.5000 -32.5536 28 33 13
-84.0000 18.5000 -32.3813 35 42 26
-83.0000 18.5000 -32.2518 33 41 26
-82.0000 18.5000 -32.1781 32 38 24
-81.0000 18.5000 -32.1685 30 38 23
-80.0000 18.5000 -32.2234 29 35 21
-79.0000 18.5000 -32.3324 28 36 21
-78.0000 18.5000 -32.4728 28 34 20
-77.0000 18.5000 -32.6072 27 35 20
-76.0000 18.5000 -32.6843 28 34 20
-75.0000 18.5000 -32.6438 24 32 17
-74.0000 18.5000 -32.4285 22 28 14
-73.0000 18.5000 -31.9996 19 27 12
-72.0000 18.5000 -31.3506 23 29 15
-71.0000 18.5000 -30.5111 28 36 21
-70.0000 18.5000 -29.5400 36 42 28
-69.0000 18.5000 -28.5088 43 47 32
-68.0000 18.5000 -27.4822 62 63 45
-67.0000 18.5000 -26.5041 63 62 42
-66.0000 18.5000 -25.5926 62 59 40
-65.0000 18.5000 -24.7443 62 59 40
-64.0000 18.5000 -23.9442 67 62 42
-63.0000 18.5000 -23.1753 73 68 46
-62.0000 18.5000 -22.4258 81 75 51
-61.0000 18.5000 -21.6920 87 80 54
-60.0000 18.5000 -20.9771 91 81 54
-59.0000 18.5000 -20.2894 96 87 58
-58.0000 18.5000 -19.6386 104 93 63
-57.0000 18.5000 -19.0331 111 100 68
-56.0000 18.5000 -18.4782 119 106 74
-55.0000 18.5000 -17.9751 126 113 79
-54.0000 18.5000 -17.5215 134 119 86
-53.0000 18.5000 -17.1128 143 125 89
-52.0000 18.5000 -16.7443 150 126 90
-51.0000 18.5000 -16.4125 157 129 92
-50.0000 18.5000 -16.1160 163 135 98
-49.0000 18.5000 -15.8548 170 142 103
-48.0000 18.5000 -15.6297 175 147 108
-47.0000 18.5000 -15.4401 178 150 110
-46.0000 18.5000 -15.2836 179 151 111
-45.0000 18.5000 -15.1560 179 151 111
-44.0000 18.5000 -15.0518 183 155 115
-43.0000 18.5000 -14.9657 187 160 117
-42.0000 18.5000 -14.8934 191 164 121
-41.0000 18.5000 -14.8318 192 165 120
-40.0000 18.5000 -14.7788 190 163 118
-39.0000 18.5000 -14.7329 190 163 118
-38.0000 18.5000 -14.6926 192 165 120
-37.0000 18.5000 -14.6561 195 166 122
-36.0000 18.5000 -14.6219 203 174 134
-35.0000 18.5000 -14.5883 200 168 129
-34.0000 18.5000 -14.5543 195 163 124
-33.0000 18.5000 -14.5195 194 160 122
-32.0000 18.5000 -14.4842 197 163 125
-31.0000 18.5000 -14.4491 201 166 128
-30.0000 18.5000 -14.4152 201 166 128
-29.0000 18.5000 -14.3830 200 165 127
-28.0000 18.5000 -14.3530 199 164 126
-27.0000 18.5000 -14.3250 200 166 128
-26.0000 18.5000 -14.2988 203 171 132
-25.0000 18.5000 -14.2741 203 174 134
-24.0000 18.5000 -14.2506 203 175 135
-23.0000 18.5000 -14.2286 198 175 133
-22.0000 18.5000 -14.2088 195 172 130
-21.0000 18.5000 -14.1927 192 171 128
-20.0000 18.5000 -14.1827 200 179 134
-19.0000 18.5000 -14.1817 198 177 130
-18.0000 18.5000 -14.1926 197 176 129
-17.0000 18.5000 -14.2172 198 177 130
-16.0000 18.5000 -14.2557 201 180 133
-15.0000 18.5000 -14.3068 199 178 131
-14.0000 18.5000 -14.3680 195 174 129
-13.0000 18.5000 -14.4362 190 169 124
-12.0000 18.5000 -14.5092 194 173 130
-11.0000 18.5000 -14.5858 187 166 123
-10.0000 18.5000 -14.6662 180 158 117
-9.0000 18.5000 -14.7523 180 158 117
-8.0000 18.5000 -14.8469 185 163 122
-7.0000 18.5000 -14.9526 187 165 124
-6.0000 18.5000 -15.0709 185 163 122
-5.0000 18.5000 -15.2006 181 159 120
-4.0000 18.5000 -15.3381 176 154 117
-3.0000 18.5000 -15.4774 170 150 115
-2.0000 18.5000 -15.6121 163 145 109
-1.0000 18.5000 -15.7370 155 139 103
0.0000 18.5000 -15.8497 151 137 102
1.0000 18.5000 -15.9515 149 136 101
2.0000 18.5000 -16.0473 150 137 103
3.0000 18.5000 -16.1436 152 137 104
4.0000 18.5000 -16.2469 157 141 108
5.0000 18.5000 -16.3618 156 137 105
6.0000 18.5000 -16.4900 150 131 101
7.0000 18.5000 -16.6310 143 126 96
8.0000 18.5000 -16.7837 139 124 95
9.0000 18.5000 -16.9480 137 123 94
10.0000 18.5000 -17.1259 134 125 94
11.0000 18.5000 -17.3204 133 127 95
12.0000 18.5000 -17.5348 131 125 93
13.0000 18.5000 -17.7712 126 120 88
14.0000 18.5000 -18.0308 120 114 82
15.0000 18.5000 -18.3157 119 110 79
16.0000 18.5000 -18.6310 118 109 80
17.0000 18.5000 -18.9854 118 107 79
18.0000 18.5000 -19.3910 117 103 76
19.0000 18.5000 -19.8604 114 100 73
20.0000 18.5000 -20.4034 108 94 68
21.0000 18.5000 -21.0238 102 88 62
22.0000 18.5000 -21.7169 93 81 57
23.0000 18.5000 -22.4684 86 76 51
24.0000 18.5000 -23.2545 81 71 46
25.0000 18.5000 -24.0450 72 65 39
26.0000 18.5000 -24.8078 64 56 33
27.0000 18.5000 -25.5156 57 51 27
28.0000 18.5000 -26.1516 58 53 31
29.0000 18.5000 -26.7133 52 50 29
30.0000 18.5000 -27.2124 51 46 27
31.0000 18.5000 -27.6708 51 46 27
32.0000 18.5000 -28.1153 53 48 29
33.0000 18.5000 -28.5717 54 49 30
34.0000 18.5000 -29.0584 52 45 29
35.0000 18.5000 -29.5805 48 41 25
36.0000 18.5000 -30.1256 56 46 34
37.0000 18.5000 -30.6612 54 44 32
38.0000 18.5000 -31.1393 53 41 29
39.0000 18.5000 -31.5070 50 38 26
40.0000 18.5000 -31.7216 50 37 28
41.0000 18.5000 -31.7644 51 38 29
42.0000 18.5000 -31.6475 54 41 32
43.0000 18.5000 -31.4106 54 44 32
44.0000 18.5000 -31.1100 55 49 33
45.0000 18.5000 -30.8045 52 49 32
46.0000 18.5000 -30.5447 51 48 31
47.0000 18.5000 -30.3671 50 47 30
48.0000 18.5000 -30.2933 49 46 29
49.0000 18.5000 -30.3329 49 46 31
50.0000 18.5000 -30.4871 49 46 31
51.0000 18.5000 -30.7525 49 46 31
52.0000 18.5000 -31.1236 44 40 28
53.0000 18.5000 -31.5944 43 39 27
54.0000 18.5000 -32.1601 42 38 26
55.0000 18.5000 -32.8172 40 36 24
56.0000 18.5000 -33.5646 37 33 21
57.0000 18.5000 -34.4047 35 31 20
58.0000 18.5000 -35.3432 34 30 19
59.0000 18.5000 -36.3881 32 30 18
60.0000 18.5000 -37.5477 27 27 17
61.0000 18.5000 -38.8266 25 27 16
62.0000 18.5000 -40.2250 23 24 16
63.0000 18.5000 -41.7404 21 22 14
64.0000 18.5000 -43.3766 19 20 15
65.0000 18.5000 -45.1583 17 17 15
66.0000 18.5000 -47.1464 15 15 15
67.0000 18.5000 -49.4446 14 14 14
68.0000 18.5000 -52.1861 15 15 17
69.0000 18.5000 -55.4964 14 14 16
-98.0000 17.5000 -68.6033 20 19 14
-97.0000 17.5000 -58.5690 25 26 20
-96.0000 17.5000 -50.3741 28 28 20
-95.0000 17.5000 -44.1785 28 29 21
-94.0000 17.5000 -39.8153 32 32 22
-93.0000 17.5000 -36.9228 33 35 22
-92.0000 17.5000 -35.0861 34 35 21
-91.0000 17.5000 -33.9383 34 36 22
-90.0000 17.5000 -33.2065 37 38 22
-89.0000 17.5000 -32.7129 37 40 21
-88.0000 17.5000 -32.3530 39 40 22
-87.0000 17.5000 -32.0709 38 41 20
-86.0000 17.5000 -31.8395 38 40 19
-85.0000 17.5000 -31.6496 37 40 21
-84.0000 17.5000 -31.5027 40 44 29
-83.0000 17.5000 -31.4059 35 41 27
-82.0000 17.5000 -31.3671 33 37 23
-81.0000 17.5000 -31.3904 28 34 20
-80.0000 17.5000 -31.4738 28 32 18
-79.0000 17.5000 -31.6055 27 33 19
-78.0000 17.5000 -31.7623 31 35 21
-77.0000 17.5000 -31.9054 31 37 23
-76.0000 17.5000 -31.9816 31 35 21
-75.0000 17.5000 -31.9283 26 32 18
-74.0000 17.5000 -31.6877 24 28 14
-73.0000 17.5000 -31.2235 21 27 13
-72.0000 17.5000 -30.5346 27 31 17
-71.0000 17.5000 -29.6589 33 39 25
-70.0000 17.5000 -28.6635 45 49 35
-69.0000 17.5000 -27.6254 52 54 40
-68.0000 17.5000 -26.6108 69 67 52
-67.0000 17.5000 -25.6608 67 64 47
-66.0000 17.5000 -24.7882 63 60 43
-65.0000 17.5000 -23.9842 63 60 41
-64.0000 17.5000 -23.2300 69 64 44
-63.0000 17.5000 -22.5073 77 72 50
-62.0000 17.5000 -21.8047 86 80 56
-61.0000 17.5000 -21.1190 92 85 59
-60.0000 17.5000 -20.4534 100 90 63
-59.0000 17.5000 -19.8143 104 95 66
-58.0000 17.5000 -19.2093 111 100 68
-57.0000 17.5000 -18.6445 118 105 71
-56.0000 17.5000 -18.1241 124 110 75
-55.0000 17.5000 -17.6492 130 116 79
-54.0000 17.5000 -17.2186 138 124 87
-53.0000 17.5000 -16.8294 146 128 90
-52.0000 17.5000 -16.4781 158 132 95
-51.0000 17.5000 -16.1622 164 134 96
-50.0000 17.5000 -15.8802 169 139 101
-49.0000 17.5000 -15.6322 175 145 107
-48.0000 17.5000 -15.4184 180 150 112
-47.0000 17.5000 -15.2383 183 154 114
-46.0000 17.5000 -15.0897 184 155 115
-45.0000 17.5000 -14.9690 185 156 114
-44.0000 17.5000 -14.8713 187 158 116
-43.0000 17.5000 -14.7916 191 162 120
-42.0000 17.5000 -14.7258 195 166 124
-41.0000 17.5000 -14.6704 195 166 122
-40.0000 17.5000 -14.6231 193 164 120
-39.0000 17.5000 -14.5817 192 164 117
-38.0000 17.5000 -14.5446 193 165 118
-37.0000 17.5000 -14.5103 196 167 123
-36.0000 17.5000 -14.4773 206 175 131
-35.0000 17.5000 -14.4447 202 169 128
-34.0000 17.5000 -14.4119 197 164 123
-33.0000 17.5000 -14.3789 197 162 122
-32.0000 17.5000 -14.3460 200 165 125
-31.0000 17.5000 -14.3141 206 168 129
-30.0000 17.5000 -14.2845 206 168 129
-29.0000 17.5000 -14.2577 203 168 128
-28.0000 17.5000 -14.2342 204 169 129
-27.0000 17.5000 -14.2138 205 172 131
-26.0000 17.5000 -14.1958 206 174 133
-25.0000 17.5000 -14.1796 206 177 135
-24.0000 17.5000 -14.1641 204 177 134
-23.0000 17.5000 -14.1488 199 176 132
-22.0000 17.5000 -14.1338 196 173 129
-21.0000 17.5000 -14.1204 193 172 127
-20.0000 17.5000 -14.1109 203 182 135
-19.0000 17.5000 -14.1085 201 180 133
-18.0000 17.5000 -14.1165 199 178 131
-17.0000 17.5000 -14.1373 200 179 132
-16.0000 17.5000 -14.1715 201 180 133
-15.0000 17.5000 -14.2180 198 177 130
-14.0000 17.5000 -14.2742 192 171 126
-13.0000 17.5000 -14.3373 187 166 121
-12.0000 17.5000 -14.4050 197 174 130
-11.0000 17.5000 -14.4762 191 168 124
-10.0000 17.5000 -14.5517 185 162 120
-9.0000 17.5000 -14.6336 186 163 121
-8.0000 17.5000 -14.7253 190 167 125
-7.0000 17.5000 -14.8295 193 170 128
-6.0000 17.5000 -14.9477 190 167 125
-5.0000 17.5000 -15.0783 187 162 122
-4.0000 17.5000 -15.2168 182 156 121
-3.0000 17.5000 -15.3566 177 153 119
-2.0000 17.5000 -15.4900 167 147 112
-1.0000 17.5000 -15.6112 160 142 106
0.0000 17.5000 -15.7175 153 139 102
1.0000 17.5000 -15.8104 153 139 102
2.0000 17.5000 -15.8957 154 140 105
3.0000 17.5000 -15.9812 157 141 107
4.0000 17.5000 -16.0747 159 140 108
5.0000 17.5000 -16.1817 159 138 107
6.0000 17.5000 -16.3043 156 135 106
7.0000 17.5000 -16.4413 152 131 102
8.0000 17.5000 -16.5903 145 128 98
9.0000 17.5000 -16.7495 140 125 94
10.0000 17.5000 -16.9188 133 122 90
11.0000 17.5000 -17.1003 130 121 88
12.0000 17.5000 -17.2967 127 121 87
13.0000 17.5000 -17.5104 124 118 84
14.0000 17.5000 -17.7439 122 113 80
15.0000 17.5000 -18.0008 121 110 78
16.0000 17.5000 -18.2886 123 109 80
17.0000 17.5000 -18.6193 125 110 81
18.0000 17.5000 -19.0089 125 108 80
19.0000 17.5000 -19.4744 124 107 79
20.0000 17.5000 -20.0288 117 100 74
21.0000 17.5000 -20.6766 111 94 68
22.0000 17.5000 -21.4103 102 86 61
23.0000 17.5000 -22.2092 92 78 52
24.0000 17.5000 -23.0414 81 69 43
25.0000 17.5000 -23.8683 72 62 35
26.0000 17.5000 -24.6515 62 55 29
27.0000 17.5000 -25.3606 56 50 26
28.0000 17.5000 -25.9786 60 54 32
29.0000 17.5000 -26.5046 55 50 28
30.0000 17.5000 -26.9514 53 46 27
31.0000 17.5000 -27.3405 54 47 28
32.0000 17.5000 -27.6963 56 49 30
33.0000 17.5000 -28.0406 56 49 30
34.0000 17.5000 -28.3877 54 45 28
35.0000 17.5000 -28.7420 50 41 24
36.0000 17.5000 -29.0945 57 45 31
37.0000 17.5000 -29.4235 56 44 30
38.0000 17.5000 -29.6975 56 42 29
39.0000 17.5000 -29.8832 56 42 29
40.0000 17.5000 -29.9561 58 41 31
41.0000 17.5000 -29.9098 60 43 33
42.0000 17.5000 -29.7604 62 45 35
43.0000 17.5000 -29.5431 60 48 34
44.0000 17.5000 -29.3037 56 49 31
45.0000 17.5000 -29.0886 53 51 30
46.0000 17.5000 -28.9365 52 50 29
47.0000 17.5000 -28.8746 51 49 28
48.0000 17.5000 -28.9183 51 48 29
49.0000 17.5000 -29.0735 51 48 31
50.0000 17.5000 -29.3391 51 48 31
51.0000 17.5000 -29.7103 52 49 34
52.0000 17.5000 -30.1803 45 41 29
53.0000 17.5000 -30.7424 44 40 28
54.0000 17.5000 -31.3910 43 39 28
55.0000 17.5000 -32.1226 41 37 26
56.0000 17.5000 -32.9370 38 34 23
57.0000 17.5000 -33.8372 36 32 23
58.0000 17.5000 -34.8294 35 31 22
59.0000 17.5000 -35.9216 33 30 21
60.0000 17.5000 -37.1213 27 27 17
61.0000 17.5000 -38.4326 25 27 16
62.0000 17.5000 -39.8547 23 24 16
63.0000 17.5000 -41.3848 21 22 14
64.0000 17.5000 -43.0255 19 20 15
65.0000 17.5000 -44.7996 17 17 15
66.0000 17.5000 -46.7650 15 15 15
67.0000 17.5000 -49.0224 14 14 16
68.0000 17.5000 -51.7042 15 15 17
69.0000 17.5000 -54.9409 14 14 16
70.0000 17.5000 -58.8094 13 13 15
-98.0000 16.5000 -67.3986 22 21 16
-97.0000 16.5000 -57.3663 28 28 20
-96.0000 16.5000 -49.2705 28 28 20
-95.0000 16.5000 -43.2128 29 29 19
-94.0000 16.5000 -38.9790 32 32 20
-93.0000 16.5000 -36.1800 36 36 24
-92.0000 16.5000 -34.3930 32 33 19
-91.0000 16.5000 -33.2565 34 35 19
-90.0000 16.5000 -32.5089 36 37 19
-89.0000 16.5000 -31.9848 39 40 22
-88.0000 16.5000 -31.5908 41 43 22
-87.0000 16.5000 -31.2792 43 45 24
-86.0000 16.5000 -31.0282 43 45 24
-85.0000 16.5000 -30.8299 43 44 26
-84.0000 16.5000 -30.6842 41 43 29
-83.0000 16.5000 -30.5944 39 41 28
-82.0000 16.5000 -30.5636 35 37 24
-81.0000 16.5000 -30.5926 32 34 21
-80.0000 16.5000 -30.6770 31 33 20
-79.0000 16.5000 -30.8048 33 35 22
-78.0000 16.5000 -30.9526 35 37 24
-77.0000 16.5000 -31.0820 37 39 26
-76.0000 16.5000 -31.1396 33 35 22
-75.0000 16.5000 -31.0638 30 32 19
-74.0000 16.5000 -30.7988 27 29 16
-73.0000 16.5000 -30.3119 27 29 16
-72.0000 16.5000 -29.6072 32 34 21
-71.0000 16.5000 -28.7274 42 44 31
-70.0000 16.5000 -27.7429 53 55 42
-69.0000 16.5000 -26.7311 60 61 47
-68.0000 16.5000 -25.7552 71 69 56
-67.0000 16.5000 -24.8515 68 65 50
-66.0000 16.5000 -24.0279 64 61 46
-65.0000 16.5000 -23.2719 65 62 45
-64.0000 16.5000 -22.5634 73 68 49
-63.0000 16.5000 -21.8847 83 76 57
-62.0000 16.5000 -21.2259 92 84 63
-61.0000 16.5000 -20.5849 97 90 64
-60.0000 16.5000 -19.9645 107 97 70
-59.0000 16.5000 -19.3699 112 101 71
-58.0000 16.5000 -18.8064 120 107 75
-57.0000 16.5000 -18.2785 124 111 76
-56.0000 16.5000 -17.7892 130 116 79
-55.0000 16.5000 -17.3398 135 121 82
-54.0000 16.5000 -16.9300 142 128 89
-53.0000 16.5000 -16.5582 151 133 93
-52.0000 16.5000 -16.2220 165 140 100
-51.0000 16.5000 -15.9196 170 140 102
-50.0000 16.5000 -15.6500 175 145 107
-49.0000 16.5000 -15.4132 180 150 112
-48.0000 16.5000 -15.2092 184 155 115
-47.0000 16.5000 -15.0378 188 159 119
-46.0000 16.5000 -14.8970 189 160 118
-45.0000 16.5000 -14.7836 190 161 119
-44.0000 16.5000 -14.6930 193 164 122
-43.0000 16.5000 -14.6205 195 166 122
-42.0000 16.5000 -14.5615 197 168 124
-41.0000 16.5000 -14.5123 197 168 124
-40.0000 16.5000 -14.4697 196 168 121
-39.0000 16.5000 -14.4314 195 167 120
-38.0000 16.5000 -14.3955 195 167 120
-37.0000 16.5000 -14.3609 197 166 120
-36.0000 16.5000 -14.3270 197 164 119
-35.0000 16.5000 -14.2934 196 163 118
-34.0000 16.5000 -14.2605 196 162 117
-33.0000 16.5000 -14.2287 198 164 119
-32.0000 16.5000 -14.1987 204 167 123
-31.0000 16.5000 -14.1714 208 171 127
-30.0000 16.5000 -14.1478 211 174 130
-29.0000 16.5000 -14.1284 212 175 131
-28.0000 16.5000 -14.1134 212 175 131
-27.0000 16.5000 -14.1023 211 177 132
-26.0000 16.5000 -14.0942 210 177 132
-25.0000 16.5000 -14.0876 206 178 131
-24.0000 16.5000 -14.0810 204 177 130
-23.0000 16.5000 -14.0732 201 177 129
-22.0000 16.5000 -14.0639 198 176 127
-21.0000 16.5000 -14.0540 196 176 126
-20.0000 16.5000 -14.0459 203 182 135
-19.0000 16.5000 -14.0430 203 182 135
-18.0000 16.5000 -14.0491 204 183 136
-17.0000 16.5000 -14.0667 204 183 136
-16.0000 16.5000 -14.0970 202 181 134
-15.0000 16.5000 -14.1390 198 177 130
-14.0000 16.5000 -14.1904 192 171 126
-13.0000 16.5000 -14.2485 188 167 122
-12.0000 16.5000 -14.3111 197 174 130
-11.0000 16.5000 -14.3777 194 171 127
-10.0000 16.5000 -14.4494 191 168 126
-9.0000 16.5000 -14.5288 191 168 126
-8.0000 16.5000 -14.6194 194 171 129
-7.0000 16.5000 -14.7239 195 172 130
-6.0000 16.5000 -14.8433 192 167 126
-5.0000 16.5000 -14.9753 188 163 123
-4.0000 16.5000 -15.1148 185 156 122
-3.0000 16.5000 -15.2539 179 153 120
-2.0000 16.5000 -15.3844 172 148 114
-1.0000 16.5000 -15.4999 163 143 108
0.0000 16.5000 -15.5978 157 141 105
1.0000 16.5000 -15.6803 156 142 105
2.0000 16.5000 -15.7541 159 143 109
3.0000 16.5000 -15.8282 162 143 110
4.0000 16.5000 -15.9115 162 141 110
5.0000 16.5000 -16.0105 164 141 110
6.0000 16.5000 -16.1272 162 138 110
7.0000 16.5000 -16.2602 159 135 107
8.0000 16.5000 -16.4057 150 131 101
9.0000 16.5000 -16.5603 142 125 95
10.0000 16.5000 -16.7225 134 121 89
11.0000 16.5000 -16.8930 129 118 86
12.0000 16.5000 -17.0744 130 121 88
13.0000 16.5000 -17.2696 127 118 85
14.0000 16.5000 -17.4822 124 113 81
15.0000 16.5000 -17.7174 124 111 79
16.0000 16.5000 -17.9848 125 110 81
17.0000 16.5000 -18.2991 127 110 82
18.0000 16.5000 -18.6796 130 110 83
19.0000 16.5000 -19.1466 131 111 84
20.0000 16.5000 -19.7155 125 103 79
21.0000 16.5000 -20.3910 118 98 73
22.0000 16.5000 -21.1627 107 89 65
23.0000 16.5000 -22.0042 94 78 53
24.0000 16.5000 -22.8760 83 69 43
25.0000 16.5000 -23.7326 71 59 33
26.0000 16.5000 -24.5306 62 52 27
27.0000 16.5000 -25.2378 56 49 23
28.0000 16.5000 -25.8381 60 52 29
29.0000 16.5000 -26.3324 58 52 30
30.0000 16.5000 -26.7350 56 49 30
31.0000 16.5000 -27.0673 55 48 29
32.0000 16.5000 -27.3510 57 49 30
33.0000 16.5000 -27.6038 58 47 29
34.0000 16.5000 -27.8360 56 44 28
35.0000 16.5000 -28.0498 56 43 27
36.0000 16.5000 -28.2395 57 43 30
37.0000 16.5000 -28.3924 59 43 30
38.0000 16.5000 -28.4919 60 44 31
39.0000 16.5000 -28.5228 62 44 32
40.0000 16.5000 -28.4774 64 46 36
41.0000 16.5000 -28.3606 66 46 37
42.0000 16.5000 -28.1919 68 48 39
43.0000 16.5000 -28.0018 66 50 37
44.0000 16.5000 -27.8265 57 51 29
45.0000 16.5000 -27.7004 54 52 27
46.0000 16.5000 -27.6511 54 52 27
47.0000 16.5000 -27.6973 54 52 29
48.0000 16.5000 -27.8487 54 52 31
49.0000 16.5000 -28.1075 53 50 31
50.0000 16.5000 -28.4706 52 49 30
51.0000 16.5000 -28.9317 52 49 32
52.0000 16.5000 -29.4830 46 43 28
53.0000 16.5000 -30.1172 45 41 29
54.0000 16.5000 -30.8284 44 40 29
55.0000 16.5000 -31.6139 42 38 29
56.0000 16.5000 -32.4744 39 35 26
57.0000 16.5000 -33.4142 37 32 26
58.0000 16.5000 -34.4401 36 31 25
59.0000 16.5000 -35.5599 34 31 24
60.0000 16.5000 -36.7801 27 27 15
61.0000 16.5000 -38.1042 25 27 14
62.0000 16.5000 -39.5312 23 25 14
63.0000 16.5000 -41.0588 21 22 14
64.0000 16.5000 -42.6902 19 20 15
65.0000 16.5000 -44.4474 17 17 15
66.0000 16.5000 -46.3861 15 15 15
67.0000 16.5000 -48.6040 14 14 16
68.0000 16.5000 -51.2328 16 16 18
69.0000 16.5000 -54.4071 15 15 17
70.0000 16.5000 -58.2153 13 13 15
-98.0000 15.5000 -66.4993 26 23 16
-97.0000 15.5000 -56.4392 31 28 21
-96.0000 15.5000 -48.4099 31 28 21
-95.0000 15.5000 -42.4583 31 28 19
-94.0000 15.5000 -38.3271 35 33 21
-93.0000 15.5000 -35.6031 39 37 25
-92.0000 15.5000 -33.8556 34 32 19
-91.0000 15.5000 -32.7259 36 34 19
-90.0000 15.5000 -31.9608 39 38 20
-89.0000 15.5000 -31.4041 42 41 23
-88.0000 15.5000 -30.9708 44 43 23
-87.0000 15.5000 -30.6201 46 45 25
-86.0000 15.5000 -30.3348 47 46 25
-85.0000 15.5000 -30.1089 47 46 26
-84.0000 15.5000 -29.9416 41 42 26
-83.0000 15.5000 -29.8333 41 42 28
-82.0000 15.5000 -29.7839 41 42 28
-81.0000 15.5000 -29.7914 41 42 28
-80.0000 15.5000 -29.8501 41 42 28
-79.0000 15.5000 -29.9479 41 42 28
-78.0000 15.5000 -30.0620 40 41 27
-77.0000 15.5000 -30.1559 40 41 27
-76.0000 15.5000 -30.1787 35 36 22
-75.0000 15.5000 -30.0726 33 34 20
-74.0000 15.5000 -29.7867 31 32 18
-73.0000 15.5000 -29.2934 32 33 19
-72.0000 15.5000 -28.6000 38 39 25
-71.0000 15.5000 -27.7503 49 50 36
-70.0000 15.5000 -26.8120 59 60 46
-69.0000 15.5000 -25.8571 68 66 53
-68.0000 15.5000 -24.9424 74 70 58
-67.0000 15.5000 -24.0981 70 66 54
-66.0000 15.5000 -23.3283 69 63 51
-65.0000 15.5000 -22.6197 71 65 51
-64.0000 15.5000 -21.9536 80 73 55
-63.0000 15.5000 -21.3149 90 83 64
-62.0000 15.5000 -20.6960 99 91 70
-61.0000 15.5000 -20.0956 102 95 69
-60.0000 15.5000 -19.5163 108 99 70
-59.0000 15.5000 -18.9615 115 104 72
-58.0000 15.5000 -18.4350 124 111 77
-57.0000 15.5000 -17.9396 130 117 82
-56.0000 15.5000 -17.4777 136 122 85
-55.0000 15.5000 -17.0508 142 128 89
-54.0000 15.5000 -16.6592 150 135 94
-53.0000 15.5000 -16.3022 158 139 97
-52.0000 15.5000 -15.9786 171 146 106
-51.0000 15.5000 -15.6871 176 147 107
-50.0000 15.5000 -15.4272 179 150 110
-49.0000 15.5000 -15.1990 184 155 115
-48.0000 15.5000 -15.0030 188 159 119
-47.0000 15.5000 -14.8389 192 163 123
-46.0000 15.5000 -14.7053 194 165 123
-45.0000 15.5000 -14.5991 195 166 124
-44.0000 15.5000 -14.5160 199 170 126
-43.0000 15.5000 -14.4508 199 170 126
-42.0000 15.5000 -14.3986 199 170 126
-41.0000 15.5000 -14.3549 200 172 125
-40.0000 15.5000 -14.3160 201 173 126
-39.0000 15.5000 -14.2792 200 172 125
-38.0000 15.5000 -14.2427 198 170 123
-37.0000 15.5000 -14.2059 198 167 121
-36.0000 15.5000 -14.1693 197 165 118
-35.0000 15.5000 -14.1337 200 166 120
-34.0000 15.5000 -14.1003 206 169 124
-33.0000 15.5000 -14.0701 208 171 126
-32.0000 15.5000 -14.0441 212 174 129
-31.0000 15.5000 -14.0228 215 177 132
-30.0000 15.5000 -14.0070 219 181 136
-29.0000 15.5000 -13.9967 221 184 139
-28.0000 15.5000 -13.9918 218 181 136
-27.0000 15.5000 -13.9915 215 181 135
-26.0000 15.5000 -13.9943 211 179 132
-25.0000 15.5000 -13.9983 206 178 130
-24.0000 15.5000 -14.0015 204 178 129
-23.0000 15.5000 -14.0022 201 178 128
-22.0000 15.5000 -13.9996 200 178 128
-21.0000 15.5000 -13.9945 199 179 128
-20.0000 15.5000 -13.9891 202 182 132
-19.0000 15.5000 -13.9870 203 185 137
-18.0000 15.5000 -13.9920 209 188 141
-17.0000 15.5000 -14.0071 209 188 141
-16.0000 15.5000 -14.0336 206 185 138
-15.0000 15.5000 -14.0710 201 180 133
-14.0000 15.5000 -14.1173 198 175 131
-13.0000 15.5000 -14.1702 196 173 129
-12.0000 15.5000 -14.2280 196 173 129
-11.0000 15.5000 -14.2906 196 173 129
-10.0000 15.5000 -14.3597 197 173 129
-9.0000 15.5000 -14.4382 198 174 130
-8.0000 15.5000 -14.5294 198 174 130
-7.0000 15.5000 -14.6358 195 171 127
-6.0000 15.5000 -14.7574 192 168 124
-5.0000 15.5000 -14.8914 191 163 123
-4.0000 15.5000 -15.0313 184 154 118
-3.0000 15.5000 -15.1686 180 151 117
-2.0000 15.5000 -15.2946 174 148 115
-1.0000 15.5000 -15.4027 167 144 110
0.0000 15.5000 -15.4907 162 144 108
1.0000 15.5000 -15.5616 160 144 108
2.0000 15.5000 -15.6230 163 144 111
3.0000 15.5000 -15.6852 164 145 112
4.0000 15.5000 -15.7579 171 148 117
5.0000 15.5000 -15.8481 170 145 115
6.0000 15.5000 -15.9579 167 142 112
7.0000 15.5000 -16.0854 162 137 107
8.0000 15.5000 -16.2261 153 132 103
9.0000 15.5000 -16.3752 146 127 97
10.0000 15.5000 -16.5301 137 122 91
11.0000 15.5000 -16.6908 132 121 89
12.0000 15.5000 -16.8597 136 128 92
13.0000 15.5000 -17.0404 133 125 89
14.0000 15.5000 -17.2375 128 117 85
15.0000 15.5000 -17.4579 126 113 81
16.0000 15.5000 -17.7127 125 108 78
17.0000 15.5000 -18.0188 128 109 79
18.0000 15.5000 -18.3977 132 111 84
19.0000 15.5000 -18.8720 134 113 86
20.0000 15.5000 -19.4581 129 105 81
21.0000 15.5000 -20.1604 122 100 76
22.0000 15.5000 -20.9654 111 91 66
23.0000 15.5000 -21.8417 96 79 53
24.0000 15.5000 -22.7437 82 68 42
25.0000 15.5000 -23.6206 69 57 31
26.0000 15.5000 -24.4260 61 51 24
27.0000 15.5000 -25.1271 56 49 23
28.0000 15.5000 -25.7089 59 51 28
29.0000 15.5000 -26.1746 60 52 31
30.0000 15.5000 -26.5399 60 52 31
31.0000 15.5000 -26.8256 59 51 30
32.0000 15.5000 -27.0515 58 47 29
33.0000 15.5000 -27.2315 57 46 28
34.0000 15.5000 -27.3721 58 45 28
35.0000 15.5000 -27.4740 61 45 29
36.0000 15.5000 -27.5336 59 43 28
37.0000 15.5000 -27.5457 62 44 30
38.0000 15.5000 -27.5060 64 46 34
39.0000 15.5000 -27.4141 68 48 37
40.0000 15.5000 -27.2764 70 50 39
41.0000 15.5000 -27.1072 73 51 40
42.0000 15.5000 -26.9283 74 51 43
43.0000 15.5000 -26.7666 71 53 39
44.0000 15.5000 -26.6498 63 55 32
45.0000 15.5000 -26.6021 62 58 31
46.0000 15.5000 -26.6421 62 58 31
47.0000 15.5000 -26.7811 62 58 33
48.0000 15.5000 -27.0239 60 55 33
49.0000 15.5000 -27.3699 57 52 32
50.0000 15.5000 -27.8141 54 49 30
51.0000 15.5000 -28.3490 52 46 30
52.0000 15.5000 -28.9659 49 43 29
53.0000 15.5000 -29.6567 48 42 30
54.0000 15.5000 -30.4159 46 39 29
55.0000 15.5000 -31.2410 44 37 29
56.0000 15.5000 -32.1338 42 35 29
57.0000 15.5000 -33.0992 40 32 29
58.0000 15.5000 -34.1443 39 31 28
59.0000 15.5000 -35.2763 36 31 25
60.0000 15.5000 -36.5011 27 27 15
61.0000 15.5000 -37.8215 25 27 14
62.0000 15.5000 -39.2377 23 25 14
63.0000 15.5000 -40.7493 21 22 14
64.0000 15.5000 -42.3616 19 20 15
65.0000 15.5000 -44.0974 17 17 15
66.0000 15.5000 -46.0111 15 15 15
67.0000 15.5000 -48.1977 14 14 16
68.0000 15.5000 -50.7872 16 15 20
69.0000 15.5000 -53.9177 15 14 19
70.0000 15.5000 -57.6880 14 14 16
-98.0000 14.5000 -65.7878 27 24 17
-97.0000 14.5000 -55.6849 31 28 19
-96.0000 14.5000 -47.7044 31 28 19
-95.0000 14.5000 -41.8407 31 29 17
-94.0000 14.5000 -37.7975 35 33 20
-93.0000 14.5000 -35.1397 40 38 25
-92.0000 14.5000 -33.4294 35 33 18
-91.0000 14.5000 -32.3097 37 36 18
-90.0000 14.5000 -31.5327 40 39 21
-89.0000 14.5000 -30.9486 42 41 23
-88.0000 14.5000 -30.4784 45 44 24
-87.0000 14.5000 -30.0864 46 45 25
-86.0000 14.5000 -29.7590 46 45 25
-85.0000 14.5000 -29.4925 46 45 25
-84.0000 14.5000 -29.2862 40 41 25
-83.0000 14.5000 -29.1392 42 43 27
-82.0000 14.5000 -29.0496 46 47 31
-81.0000 14.5000 -29.0136 51 49 34
-80.0000 14.5000 -29.0246 51 49 34
-79.0000 14.5000 -29.0704 50 47 32
-78.0000 14.5000 -29.1298 46 43 28
-77.0000 14.5000 -29.1691 46 40 26
-76.0000 14.5000 -29.1430 41 35 21
-75.0000 14.5000 -29.0004 39 33 19
-74.0000 14.5000 -28.6980 38 32 18
-73.0000 14.5000 -28.2136 40 34 20
-72.0000 14.5000 -27.5564 47 41 27
-71.0000 14.5000 -26.7664 55 52 35
-70.0000 14.5000 -25.9035 66 63 48
-69.0000 14.5000 -25.0292 73 70 55
-68.0000 14.5000 -24.1909 76 73 58
-67.0000 14.5000 -23.4127 72 69 54
-66.0000 14.5000 -22.6968 70 67 50
-65.0000 14.5000 -22.0319 75 70 51
-64.0000 14.5000 -21.4033 84 79 59
-63.0000 14.5000 -20.8000 95 89 67
-62.0000 14.5000 -20.2169 103 96 70
-61.0000 14.5000 -19.6535 108 98 71
-60.0000 14.5000 -19.1112 108 97 67
-59.0000 14.5000 -18.5920 117 104 70
-58.0000 14.5000 -18.0979 127 113 78
-57.0000 14.5000 -17.6308 135 119 83
-56.0000 14.5000 -17.1926 142 127 88
-55.0000 14.5000 -16.7850 150 132 92
-54.0000 14.5000 -16.4089 158 139 97
-53.0000 14.5000 -16.0643 164 142 101
-52.0000 14.5000 -15.7505 176 148 108
-51.0000 14.5000 -15.4670 179 150 110
-50.0000 14.5000 -15.2137 182 153 113
-49.0000 14.5000 -14.9913 186 157 117
-48.0000 14.5000 -14.8006 190 161 121
-47.0000 14.5000 -14.6419 193 166 123
-46.0000 14.5000 -14.5142 195 168 125
-45.0000 14.5000 -14.4145 197 170 127
-44.0000 14.5000 -14.3383 205 176 132
-43.0000 14.5000 -14.2801 202 173 129
-42.0000 14.5000 -14.2342 201 173 126
-41.0000 14.5000 -14.1953 202 174 127
-40.0000 14.5000 -14.1590 207 176 130
-39.0000 14.5000 -14.1224 206 175 129
-38.0000 14.5000 -14.0842 204 171 126
-37.0000 14.5000 -14.0445 200 168 121
-36.0000 14.5000 -14.0048 208 174 126
-35.0000 14.5000 -13.9671 212 178 130
-34.0000 14.5000 -13.9337 217 183 135
-33.0000 14.5000 -13.9061 220 184 136
-32.0000 14.5000 -13.8851 219 183 135
-31.0000 14.5000 -13.8713 220 184 136
-30.0000 14.5000 -13.8645 223 187 139
-29.0000 14.5000 -13.8645 226 190 142
-28.0000 14.5000 -13.8707 221 185 137
-27.0000 14.5000 -13.8818 217 183 137
-26.0000 14.5000 -13.8961 212 180 133
-25.0000 14.5000 -13.9114 208 177 130
-24.0000 14.5000 -13.9253 204 176 128
-23.0000 14.5000 -13.9356 203 177 128
-22.0000 14.5000 -13.9412 202 179 129
-21.0000 14.5000 -13.9424 203 180 130
-20.0000 14.5000 -13.9414 202 180 131
-19.0000 14.5000 -13.9414 207 185 136
-18.0000 14.5000 -13.9463 213 191 142
-17.0000 14.5000 -13.9594 214 192 143
-16.0000 14.5000 -13.9823 210 188 141
-15.0000 14.5000 -14.0149 205 183 136
-14.0000 14.5000 -14.0558 204 180 134
-13.0000 14.5000 -14.1033 204 180 136
-12.0000 14.5000 -14.1565 195 171 127
-11.0000 14.5000 -14.2158 198 174 130
-10.0000 14.5000 -14.2834 201 177 133
-9.0000 14.5000 -14.3622 201 177 133
-8.0000 14.5000 -14.4552 199 175 131
-7.0000 14.5000 -14.5643 195 171 127
-6.0000 14.5000 -14.6887 191 167 123
-5.0000 14.5000 -14.8244 188 163 122
-4.0000 14.5000 -14.9641 182 152 116
-3.0000 14.5000 -15.0985 179 150 116
-2.0000 14.5000 -15.2186 174 148 113
-1.0000 14.5000 -15.3181 168 146 109
0.0000 14.5000 -15.3952 165 145 108
1.0000 14.5000 -15.4539 163 145 107
2.0000 14.5000 -15.5027 164 146 110
3.0000 14.5000 -15.5527 166 146 111
4.0000 14.5000 -15.6142 177 154 122
5.0000 14.5000 -15.6944 174 151 119
6.0000 14.5000 -15.7956 169 144 113
7.0000 14.5000 -15.9154 161 138 107
8.0000 14.5000 -16.0489 153 132 101
9.0000 14.5000 -16.1906 147 128 96
10.0000 14.5000 -16.3372 141 126 93
11.0000 14.5000 -16.4885 138 125 91
12.0000 14.5000 -16.6469 144 134 99
13.0000 14.5000 -16.8166 139 129 94
14.0000 14.5000 -17.0034 135 122 88
15.0000 14.5000 -17.2156 129 114 81
16.0000 14.5000 -17.4657 128 109 77
17.0000 14.5000 -17.7717 129 108 77
18.0000 14.5000 -18.1566 132 111 82
19.0000 14.5000 -18.6436 135 114 87
20.0000 14.5000 -19.2495 128 107 80
21.0000 14.5000 -19.9770 123 101 77
22.0000 14.5000 -20.8096 111 91 67
23.0000 14.5000 -21.7118 95 79 54
24.0000 14.5000 -22.6336 81 66 43
25.0000 14.5000 -23.5208 68 56 34
26.0000 14.5000 -24.3257 61 50 28
27.0000 14.5000 -25.0159 55 47 24
28.0000 14.5000 -25.5782 60 49 29
29.0000 14.5000 -26.0176 63 52 32
30.0000 14.5000 -26.3506 64 53 33
31.0000 14.5000 -26.5980 62 51 31
32.0000 14.5000 -26.7775 59 46 29
33.0000 14.5000 -26.9000 56 43 26
34.0000 14.5000 -26.9696 60 44 28
35.0000 14.5000 -26.9856 62 46 30
36.0000 14.5000 -26.9462 62 44 30
37.0000 14.5000 -26.8518 63 45 31
38.0000 14.5000 -26.7076 67 48 34
39.0000 14.5000 -26.5246 71 52 38
40.0000 14.5000 -26.3196 73 53 42
41.0000 14.5000 -26.1139 77 55 44
42.0000 14.5000 -25.9314 77 55 44
43.0000 14.5000 -25.7958 75 57 43
44.0000 14.5000 -25.7281 68 60 37
45.0000 14.5000 -25.7452 67 63 36
46.0000 14.5000 -25.8580 68 64 39
47.0000 14.5000 -26.0726 67 63 38
48.0000 14.5000 -26.3897 63 58 36
49.0000 14.5000 -26.8063 59 54 34
50.0000 14.5000 -27.3160 53 48 29
51.0000 14.5000 -27.9103 50 44 28
52.0000 14.5000 -28.5799 49 43 29
53.0000 14.5000 -29.3163 48 42 30
54.0000 14.5000 -30.1136 47 40 30
55.0000 14.5000 -30.9694 43 39 30
56.0000 14.5000 -31.8856 41 36 30
57.0000 14.5000 -32.8674 39 34 30
58.0000 14.5000 -33.9216 37 32 28
59.0000 14.5000 -35.0547 36 31 25
60.0000 14.5000 -36.2716 29 26 17
61.0000 14.5000 -37.5758 26 26 14
62.0000 14.5000 -38.9692 24 24 14
63.0000 14.5000 -40.4547 22 22 14
64.0000 14.5000 -42.0411 20 19 14
65.0000 14.5000 -43.7534 18 17 15
66.0000 14.5000 -45.6453 16 15 13
67.0000 14.5000 -47.8092 14 14 14
68.0000 14.5000 -50.3733 16 16 18
69.0000 14.5000 -53.4783 16 16 18
70.0000 14.5000 -57.2323 14 14 14
-99.0000 13.5000 -77.1972 18 15 8
-98.0000 13.5000 -65.1874 28 25 16
-97.0000 13.5000 -55.0396 34 32 20
-96.0000 13.5000 -47.0990 35 33 20
-95.0000 13.5000 -41.3117 33 31 16
-94.0000 13.5000 -37.3463 31 30 12
-93.0000 13.5000 -34.7491 30 29 11
-92.0000 13.5000 -33.0763 40 39 19
-91.0000 13.5000 -31.9721 40 39 19
-90.0000 13.5000 -31.1920 40 39 19
-89.0000 13.5000 -30.5899 40 39 19
-88.0000 13.5000 -30.0905 42 41 23
-87.0000 13.5000 -29.6609 44 43 25
-86.0000 13.5000 -29.2908 47 46 28
-85.0000 13.5000 -28.9785 46 47 29
-84.0000 13.5000 -28.7243 43 48 28
-83.0000 13.5000 -28.5273 44 49 29
-82.0000 13.5000 -28.3848 45 48 29
-81.0000 13.5000 -28.2919 47 48 30
-80.0000 13.5000 -28.2411 52 49 32
-79.0000 13.5000 -28.2203 55 49 33
-78.0000 13.5000 -28.2098 57 48 31
-77.0000 13.5000 -28.1805 60 48 32
-76.0000 13.5000 -28.0944 61 48 31
-75.0000 13.5000 -27.9104 58 45 28
-74.0000 13.5000 -27.5942 56 43 26
-73.0000 13.5000 -27.1298 57 44 27
-72.0000 13.5000 -26.5260 61 50 32
-71.0000 13.5000 -25.8157 68 60 39
-70.0000 13.5000 -25.0463 77 69 50
-69.0000 13.5000 -24.2658 81 76 54
-68.0000 13.5000 -23.5105 71 71 47
-67.0000 13.5000 -22.7987 69 71 47
-66.0000 13.5000 -22.1330 73 73 47
-65.0000 13.5000 -21.5064 81 79 54
-64.0000 13.5000 -20.9100 92 88 61
-63.0000 13.5000 -20.3377 99 94 65
-62.0000 13.5000 -19.7867 104 95 66
-61.0000 13.5000 -19.2568 104 93 61
-60.0000 13.5000 -18.7480 117 102 69
-59.0000 13.5000 -18.2607 124 108 72
-58.0000 13.5000 -17.7951 134 114 77
-57.0000 13.5000 -17.3526 143 121 82
-56.0000 13.5000 -16.9348 150 126 88
-55.0000 13.5000 -16.5437 158 133 93
-54.0000 13.5000 -16.1805 167 139 100
-53.0000 13.5000 -15.8457 173 144 104
-52.0000 13.5000 -15.5392 178 146 107
-51.0000 13.5000 -15.2608 186 154 115
-50.0000 13.5000 -15.0110 191 162 122
-49.0000 13.5000 -14.7912 194 165 125
-48.0000 13.5000 -14.6030 198 171 128
-47.0000 13.5000 -14.4473 203 179 135
-46.0000 13.5000 -14.3235 203 179 135
-45.0000 13.5000 -14.2288 198 174 128
-44.0000 13.5000 -14.1585 203 176 131
-43.0000 13.5000 -14.1063 199 170 126
-42.0000 13.5000 -14.0658 197 169 122
-41.0000 13.5000 -14.0309 203 172 126
-40.0000 13.5000 -13.9967 206 172 126
-39.0000 13.5000 -13.9601 205 168 123
-38.0000 13.5000 -13.9202 207 169 124
-37.0000 13.5000 -13.8779 210 173 128
-36.0000 13.5000 -13.8358 218 184 136
-35.0000 13.5000 -13.7973 224 192 143
-34.0000 13.5000 -13.7650 226 194 145
-33.0000 13.5000 -13.7410 219 185 137
-32.0000 13.5000 -13.7261 215 181 133
-31.0000 13.5000 -13.7203 219 185 137
-30.0000 13.5000 -13.7230 220 186 140
-29.0000 13.5000 -13.7334 218 184 138
-28.0000 13.5000 -13.7505 216 182 136
-27.0000 13.5000 -13.7730 216 183 138
-26.0000 13.5000 -13.7989 216 183 138
-25.0000 13.5000 -13.8259 214 181 136
-24.0000 13.5000 -13.8513 210 179 133
-23.0000 13.5000 -13.8724 211 180 134
-22.0000 13.5000 -13.8877 214 183 137
-21.0000 13.5000 -13.8970 218 187 141
-20.0000 13.5000 -13.9019 213 185 137
-19.0000 13.5000 -13.9055 209 181 133
-18.0000 13.5000 -13.9117 211 183 135
-17.0000 13.5000 -13.9236 217 189 141
-16.0000 13.5000 -13.9433 216 188 141
-15.0000 13.5000 -13.9714 208 180 133
-14.0000 13.5000 -14.0070 203 176 129
-13.0000 13.5000 -14.0494 206 179 134
-12.0000 13.5000 -14.0983 202 175 130
-11.0000 13.5000 -14.1549 204 177 132
-10.0000 13.5000 -14.2216 200 173 128
-9.0000 13.5000 -14.3013 190 163 118
-8.0000 13.5000 -14.3968 185 161 117
-7.0000 13.5000 -14.5088 188 164 120
-6.0000 13.5000 -14.6357 188 164 120
-5.0000 13.5000 -14.7724 184 159 118
-4.0000 13.5000 -14.9108 179 154 114
-3.0000 13.5000 -15.0412 174 148 111
-2.0000 13.5000 -15.1544 167 143 105
-1.0000 13.5000 -15.2444 163 141 102
0.0000 13.5000 -15.3102 165 143 104
1.0000 13.5000 -15.3566 168 149 109
2.0000 13.5000 -15.3929 170 150 113
3.0000 13.5000 -15.4305 169 149 112
4.0000 13.5000 -15.4803 173 153 118
5.0000 13.5000 -15.5494 168 148 113
6.0000 13.5000 -15.6400 162 142 107
7.0000 13.5000 -15.7499 157 137 104
8.0000 13.5000 -15.8736 154 135 102
9.0000 13.5000 -16.0058 150 134 100
10.0000 13.5000 -16.1429 147 131 97
11.0000 13.5000 -16.2847 144 130 95
12.0000 13.5000 -16.4340 154 140 105
13.0000 13.5000 -16.5957 151 137 100
14.0000 13.5000 -16.7768 147 131 95
15.0000 13.5000 -16.9866 143 125 89
16.0000 13.5000 -17.2387 139 120 87
17.0000 13.5000 -17.5518 138 118 85
18.0000 13.5000 -17.9491 137 116 85
19.0000 13.5000 -18.4538 136 117 85
20.0000 13.5000 -19.0813 134 114 87
21.0000 13.5000 -19.8324 121 104 78
22.0000 13.5000 -20.6875 104 88 65
23.0000 13.5000 -21.6074 86 74 52
24.0000 13.5000 -22.5394 76 65 47
25.0000 13.5000 -23.4277 69 60 43
26.0000 13.5000 -24.2246 65 58 42
27.0000 13.5000 -24.8993 64 55 40
28.0000 13.5000 -25.4406 60 47 31
29.0000 13.5000 -25.8550 63 47 31
30.0000 13.5000 -26.1596 63 47 31
31.0000 13.5000 -26.3747 64 48 32
32.0000 13.5000 -26.5164 65 49 33
33.0000 13.5000 -26.5939 66 50 34
34.0000 13.5000 -26.6094 68 51 35
35.0000 13.5000 -26.5615 68 51 35
36.0000 13.5000 -26.4499 65 48 32
37.0000 13.5000 -26.2792 66 49 33
38.0000 13.5000 -26.0613 67 50 34
39.0000 13.5000 -25.8151 69 52 36
40.0000 13.5000 -25.5647 73 55 41
41.0000 13.5000 -25.3364 79 60 46
42.0000 13.5000 -25.1552 83 64 50
43.0000 13.5000 -25.0425 83 67 51
44.0000 13.5000 -25.0149 66 58 37
45.0000 13.5000 -25.0834 66 60 36
46.0000 13.5000 -25.2540 66 60 38
47.0000 13.5000 -25.5283 66 59 40
48.0000 13.5000 -25.9043 63 58 38
49.0000 13.5000 -26.3769 61 56 37
50.0000 13.5000 -26.9387 56 53 34
51.0000 13.5000 -27.5806 54 51 34
52.0000 13.5000 -28.2930 50 47 32
53.0000 13.5000 -29.0668 48 44 32
54.0000 13.5000 -29.8956 45 41 30
55.0000 13.5000 -30.7766 41 38 29
56.0000 13.5000 -31.7112 38 35 26
57.0000 13.5000 -32.7040 37 34 27
58.0000 13.5000 -33.7610 36 33 26
59.0000 13.5000 -34.8880 35 32 25
60.0000 13.5000 -36.0893 31 27 18
61.0000 13.5000 -37.3692 31 27 18
62.0000 13.5000 -38.7321 28 25 16
63.0000 13.5000 -40.1846 27 24 15
64.0000 13.5000 -41.7401 25 22 15
65.0000 13.5000 -43.4258 24 21 16
66.0000 13.5000 -45.2956 23 20 15
67.0000 13.5000 -47.4396 20 19 14
68.0000 13.5000 -49.9844 15 14 10
69.0000 13.5000 -53.0730 15 14 10
70.0000 13.5000 -56.8215 14 13 11
-98.0000 12.5000 -64.6495 26 23 14
-97.0000 12.5000 -54.4661 34 32 19
-96.0000 12.5000 -46.5628 36 34 21
-95.0000 12.5000 -40.8430 35 34 16
-94.0000 12.5000 -36.9461 34 33 15
-93.0000 12.5000 -34.4038 34 33 13
-92.0000 12.5000 -32.7682 40 39 18
-91.0000 12.5000 -31.6842 40 39 18
-90.0000 12.5000 -30.9095 40 39 19
-89.0000 12.5000 -30.2996 41 40 20
-88.0000 12.5000 -29.7807 42 41 23
-87.0000 12.5000 -29.3217 45 44 26
-86.0000 12.5000 -28.9142 47 45 30
-85.0000 12.5000 -28.5584 46 47 31
-84.0000 12.5000 -28.2562 43 51 30
-83.0000 12.5000 -28.0078 44 52 31
-82.0000 12.5000 -27.8100 47 52 30
-81.0000 12.5000 -27.6570 50 52 31
-80.0000 12.5000 -27.5400 55 52 33
-79.0000 12.5000 -27.4464 59 52 34
-78.0000 12.5000 -27.3587 63 52 34
-77.0000 12.5000 -27.2529 65 52 35
-76.0000 12.5000 -27.1001 67 52 33
-75.0000 12.5000 -26.8707 66 51 32
-74.0000 12.5000 -26.5410 65 50 31
-73.0000 12.5000 -26.1008 65 50 31
-72.0000 12.5000 -25.5573 67 55 33
-71.0000 12.5000 -24.9338 71 60 38
-70.0000 12.5000 -24.2630 77 66 44
-69.0000 12.5000 -23.5778 77 71 47
-68.0000 12.5000 -22.9031 70 70 42
-67.0000 12.5000 -22.2529 70 73 44
-66.0000 12.5000 -21.6312 77 78 47
-65.0000 12.5000 -21.0370 84 83 53
-64.0000 12.5000 -20.4681 94 91 60
-63.0000 12.5000 -19.9230 101 96 64
-62.0000 12.5000 -19.4011 106 97 66
-61.0000 12.5000 -18.9017 110 97 63
-60.0000 12.5000 -18.4234 119 105 70
-59.0000 12.5000 -17.9645 128 110 72
-58.0000 12.5000 -17.5242 138 116 79
-57.0000 12.5000 -17.1031 146 122 84
-56.0000 12.5000 -16.7031 155 127 88
-55.0000 12.5000 -16.3262 162 134 95
-54.0000 12.5000 -15.9739 170 141 101
-53.0000 12.5000 -15.6469 177 145 106
-52.0000 12.5000 -15.3453 182 147 109
-51.0000 12.5000 -15.0693 191 156 118
-50.0000 12.5000 -14.8202 196 162 124
-49.0000 12.5000 -14.6001 198 166 125
-48.0000 12.5000 -14.4115 201 172 130
-47.0000 12.5000 -14.2561 207 180 137
-46.0000 12.5000 -14.1339 206 182 136
-45.0000 12.5000 -14.0422 201 177 131
-44.0000 12.5000 -13.9761 208 184 138
-43.0000 12.5000 -13.9286 206 179 132
-42.0000 12.5000 -13.8927 206 178 131
-41.0000 12.5000 -13.8613 213 182 136
-40.0000 12.5000 -13.8293 216 182 136
-39.0000 12.5000 -13.7933 215 178 133
-38.0000 12.5000 -13.7528 217 179 134
-37.0000 12.5000 -13.7095 222 184 137
-36.0000 12.5000 -13.6669 233 199 151
-35.0000 12.5000 -13.6291 237 205 154
-34.0000 12.5000 -13.5994 237 205 156
-33.0000 12.5000 -13.5799 230 198 149
-32.0000 12.5000 -13.5713 226 194 145
-31.0000 12.5000 -13.5731 227 195 146
-30.0000 12.5000 -13.5843 225 193 146
-29.0000 12.5000 -13.6040 220 188 141
-28.0000 12.5000 -13.6310 217 185 138
-27.0000 12.5000 -13.6640 218 185 140
-26.0000 12.5000 -13.7012 219 186 141
-25.0000 12.5000 -13.7401 217 184 141
-24.0000 12.5000 -13.7776 214 181 138
-23.0000 12.5000 -13.8106 213 180 137
-22.0000 12.5000 -13.8370 216 183 140
-21.0000 12.5000 -13.8558 218 185 140
-20.0000 12.5000 -13.8683 216 184 137
-19.0000 12.5000 -13.8771 213 181 132
-18.0000 12.5000 -13.8858 215 183 136
-17.0000 12.5000 -13.8979 219 188 141
-16.0000 12.5000 -13.9156 218 187 140
-15.0000 12.5000 -13.9401 211 180 133
-14.0000 12.5000 -13.9715 206 178 131
-13.0000 12.5000 -14.0097 208 180 133
-12.0000 12.5000 -14.0553 211 182 138
-11.0000 12.5000 -14.1099 213 186 141
-10.0000 12.5000 -14.1763 209 182 137
-9.0000 12.5000 -14.2572 201 174 129
-8.0000 12.5000 -14.3547 196 172 128
-7.0000 12.5000 -14.4689 198 174 130
-6.0000 12.5000 -14.5971 196 172 128
-5.0000 12.5000 -14.7334 191 167 123
-4.0000 12.5000 -14.8691 179 156 114
-3.0000 12.5000 -14.9943 174 151 110
-2.0000 12.5000 -15.0997 168 146 105
-1.0000 12.5000 -15.1800 166 144 103
0.0000 12.5000 -15.2346 168 146 105
1.0000 12.5000 -15.2691 172 150 109
2.0000 12.5000 -15.2932 172 153 113
3.0000 12.5000 -15.3187 171 152 112
4.0000 12.5000 -15.3565 178 160 122
5.0000 12.5000 -15.4137 174 156 118
6.0000 12.5000 -15.4924 168 150 114
7.0000 12.5000 -15.5903 164 146 110
8.0000 12.5000 -15.7023 160 144 108
9.0000 12.5000 -15.8232 157 141 105
10.0000 12.5000 -15.9497 152 136 100
11.0000 12.5000 -16.0819 149 133 97
12.0000 12.5000 -16.2231 155 139 103
13.0000 12.5000 -16.3791 153 137 101
14.0000 12.5000 -16.5578 151 133 95
15.0000 12.5000 -16.7696 146 128 90
16.0000 12.5000 -17.0287 144 124 89
17.0000 12.5000 -17.3543 142 122 87
18.0000 12.5000 -17.7692 141 122 89
19.0000 12.5000 -18.2951 141 122 90
20.0000 12.5000 -18.9459 131 114 84
21.0000 12.5000 -19.7194 120 104 78
22.0000 12.5000 -20.5928 103 88 65
23.0000 12.5000 -21.5240 86 75 55
24.0000 12.5000 -22.4585 75 66 49
25.0000 12.5000 -23.3404 68 60 47
26.0000 12.5000 -24.1233 63 57 45
27.0000 12.5000 -24.7785 62 54 43
28.0000 12.5000 -25.2971 64 51 35
29.0000 12.5000 -25.6869 67 50 34
30.0000 12.5000 -25.9657 66 49 33
31.0000 12.5000 -26.1528 66 49 33
32.0000 12.5000 -26.2635 66 49 33
33.0000 12.5000 -26.3056 66 49 33
34.0000 12.5000 -26.2804 66 49 33
35.0000 12.5000 -26.1864 66 49 33
36.0000 12.5000 -26.0245 67 50 34
37.0000 12.5000 -25.8022 69 52 36
38.0000 12.5000 -25.5358 72 55 39
39.0000 12.5000 -25.2496 76 59 43
40.0000 12.5000 -24.9723 78 61 45
41.0000 12.5000 -24.7331 80 63 47
42.0000 12.5000 -24.5575 81 64 48
43.0000 12.5000 -24.4654 81 65 49
44.0000 12.5000 -24.4702 72 64 43
45.0000 12.5000 -24.5793 71 65 43
46.0000 12.5000 -24.7951 70 63 44
47.0000 12.5000 -25.1162 68 61 42
48.0000 12.5000 -25.5383 65 60 41
49.0000 12.5000 -26.0548 62 57 38
50.0000 12.5000 -26.6578 58 55 38
51.0000 12.5000 -27.3378 57 54 37
52.0000 12.5000 -28.0850 50 46 34
53.0000 12.5000 -28.8901 48 44 32
54.0000 12.5000 -29.7458 44 42 30
55.0000 12.5000 -30.6486 41 39 27
56.0000 12.5000 -31.5989 36 36 26
57.0000 12.5000 -32.6002 35 35 25
58.0000 12.5000 -33.6575 34 34 26
59.0000 12.5000 -34.7756 35 32 25
60.0000 12.5000 -35.9586 30 26 17
61.0000 12.5000 -37.2113 32 25 17
62.0000 12.5000 -38.5404 30 26 17
63.0000 12.5000 -39.9561 29 25 16
64.0000 12.5000 -41.4754 27 22 16
65.0000 12.5000 -43.1283 25 20 14
66.0000 12.5000 -44.9689 22 19 12
67.0000 12.5000 -47.0860 21 18 11
68.0000 12.5000 -49.6050 15 14 9
69.0000 12.5000 -52.6713 15 14 9
-98.0000 11.5000 -64.1452 25 22 13
-97.0000 11.5000 -53.9453 33 31 18
-96.0000 11.5000 -46.0806 36 34 21
-95.0000 11.5000 -40.4207 37 36 18
-94.0000 11.5000 -36.5828 37 36 18
-93.0000 11.5000 -34.0886 38 37 17
-92.0000 11.5000 -32.4879 40 39 18
-91.0000 11.5000 -31.4265 40 39 18
-90.0000 11.5000 -30.6632 40 39 19
-89.0000 11.5000 -30.0540 41 40 20
-88.0000 11.5000 -29.5253 43 42 24
-87.0000 11.5000 -29.0465 45 44 26
-86.0000 11.5000 -28.6104 47 45 30
-85.0000 11.5000 -28.2192 47 48 32
-84.0000 11.5000 -27.8766 47 52 32
-83.0000 11.5000 -27.5837 46 54 33
-82.0000 11.5000 -27.3371 50 55 33
-81.0000 11.5000 -27.1296 53 55 34
-80.0000 11.5000 -26.9507 57 56 36
-79.0000 11.5000 -26.7868 62 57 38
-78.0000 11.5000 -26.6222 65 57 38
-77.0000 11.5000 -26.4386 68 57 39
-76.0000 11.5000 -26.2170 68 57 37
-75.0000 11.5000 -25.9399 70 57 38
-74.0000 11.5000 -25.5944 72 59 40
-73.0000 11.5000 -25.1759 73 62 42
-72.0000 11.5000 -24.6891 73 62 40
-71.0000 11.5000 -24.1470 72 64 41
-70.0000 11.5000 -23.5674 72 64 41
-69.0000 11.5000 -22.9685 71 67 42
-68.0000 11.5000 -22.3651 70 70 42
-67.0000 11.5000 -21.7677 73 76 47
-66.0000 11.5000 -21.1831 82 83 52
-65.0000 11.5000 -20.6162 90 89 59
-64.0000 11.5000 -20.0710 97 94 63
-63.0000 11.5000 -19.5504 104 98 66
-62.0000 11.5000 -19.0552 111 102 71
-61.0000 11.5000 -18.5838 117 104 70
-60.0000 11.5000 -18.1330 123 109 74
-59.0000 11.5000 -17.6995 131 113 75
-58.0000 11.5000 -17.2817 142 120 83
-57.0000 11.5000 -16.8797 149 125 87
-56.0000 11.5000 -16.4953 158 130 91
-55.0000 11.5000 -16.1308 165 137 98
-54.0000 11.5000 -15.7878 174 145 105
-53.0000 11.5000 -15.4669 182 148 110
-52.0000 11.5000 -15.1685 188 150 111
-51.0000 11.5000 -14.8931 197 158 119
-50.0000 11.5000 -14.6424 203 165 126
-49.0000 11.5000 -14.4196 204 169 129
-48.0000 11.5000 -14.2281 209 176 135
-47.0000 11.5000 -14.0705 213 184 140
-46.0000 11.5000 -13.9475 212 185 140
-45.0000 11.5000 -13.8567 206 182 136
-44.0000 11.5000 -13.7928 208 184 136
-43.0000 11.5000 -13.7487 206 179 132
-42.0000 11.5000 -13.7164 207 180 133
-41.0000 11.5000 -13.6885 212 184 136
-40.0000 11.5000 -13.6591 215 184 137
-39.0000 11.5000 -13.6251 214 182 135
-38.0000 11.5000 -13.5860 217 185 136
-37.0000 11.5000 -13.5439 224 192 143
-36.0000 11.5000 -13.5030 234 202 151
-35.0000 11.5000 -13.4678 236 205 151
-34.0000 11.5000 -13.4417 235 203 152
-33.0000 11.5000 -13.4270 232 200 149
-32.0000 11.5000 -13.4239 230 198 147
-31.0000 11.5000 -13.4318 230 198 147
-30.0000 11.5000 -13.4497 226 194 145
-29.0000 11.5000 -13.4765 219 187 138
-28.0000 11.5000 -13.5114 219 187 138
-27.0000 11.5000 -13.5535 221 189 142
-26.0000 11.5000 -13.6012 223 191 144
-25.0000 11.5000 -13.6517 221 188 143
-24.0000 11.5000 -13.7016 217 184 139
-23.0000 11.5000 -13.7473 215 182 137
-22.0000 11.5000 -13.7857 215 182 137
-21.0000 11.5000 -13.8152 216 183 138
-20.0000 11.5000 -13.8365 212 181 134
-19.0000 11.5000 -13.8520 211 181 131
-18.0000 11.5000 -13.8650 213 182 135
-17.0000 11.5000 -13.8790 217 186 139
-16.0000 11.5000 -13.8968 217 186 139
-15.0000 11.5000 -13.9200 210 182 134
-14.0000 11.5000 -13.9492 208 180 133
-13.0000 11.5000 -13.9852 210 182 135
-12.0000 11.5000 -14.0290 214 187 142
-11.0000 11.5000 -14.0829 216 189 144
-10.0000 11.5000 -14.1495 215 188 143
-9.0000 11.5000 -14.2314 207 183 137
-8.0000 11.5000 -14.3301 204 180 136
-7.0000 11.5000 -14.4450 203 179 135
-6.0000 11.5000 -14.5726 199 176 132
-5.0000 11.5000 -14.7066 194 171 127
-4.0000 11.5000 -14.8378 180 157 115
-3.0000 11.5000 -14.9563 176 153 111
-2.0000 11.5000 -15.0532 172 149 108
-1.0000 11.5000 -15.1236 172 149 108
0.0000 11.5000 -15.1675 173 151 110
1.0000 11.5000 -15.1907 174 152 111
2.0000 11.5000 -15.2034 174 155 115
3.0000 11.5000 -15.2175 175 156 116
4.0000 11.5000 -15.2437 181 161 124
5.0000 11.5000 -15.2888 177 157 120
6.0000 11.5000 -15.3550 172 154 116
7.0000 11.5000 -15.4400 170 152 114
8.0000 11.5000 -15.5393 166 150 114
9.0000 11.5000 -15.6478 162 146 110
10.0000 11.5000 -15.7631 156 140 104
11.0000 11.5000 -15.8856 152 136 100
12.0000 11.5000 -16.0194 156 141 102
13.0000 11.5000 -16.1709 155 140 101
14.0000 11.5000 -16.3491 154 136 98
15.0000 11.5000 -16.5654 150 132 94
16.0000 11.5000 -16.8347 149 129 94
17.0000 11.5000 -17.1760 146 126 91
18.0000 11.5000 -17.6114 145 125 92
19.0000 11.5000 -18.1611 144 125 93
20.0000 11.5000 -18.8361 130 113 83
21.0000 11.5000 -19.6311 119 103 77
22.0000 11.5000 -20.5202 104 89 66
23.0000 11.5000 -21.4587 87 76 56
24.0000 11.5000 -22.3908 76 67 50
25.0000 11.5000 -23.2612 69 61 48
26.0000 11.5000 -24.0257 63 57 45
27.0000 11.5000 -24.6583 60 52 41
28.0000 11.5000 -25.1526 67 54 38
29.0000 11.5000 -25.5180 68 52 36
30.0000 11.5000 -25.7723 67 51 35
31.0000 11.5000 -25.9348 66 50 34
32.0000 11.5000 -26.0195 65 49 33
33.0000 11.5000 -26.0337 64 48 32
34.0000 11.5000 -25.9782 64 48 32
35.0000 11.5000 -25.8518 63 47 31
36.0000 11.5000 -25.6565 66 50 34
37.0000 11.5000 -25.4018 70 54 38
38.0000 11.5000 -25.1070 75 59 43
39.0000 11.5000 -24.7993 80 64 48
40.0000 11.5000 -24.5101 82 66 50
41.0000 11.5000 -24.2698 82 66 50
42.0000 11.5000 -24.1040 81 65 49
43.0000 11.5000 -24.0312 77 64 47
44.0000 11.5000 -24.0629 79 71 50
45.0000 11.5000 -24.2041 76 70 48
46.0000 11.5000 -24.4550 73 66 47
47.0000 11.5000 -24.8123 70 63 44
48.0000 11.5000 -25.2702 66 61 42
49.0000 11.5000 -25.8210 63 58 39
50.0000 11.5000 -26.4563 62 56 40
51.0000 11.5000 -27.1667 61 55 39
52.0000 11.5000 -27.9424 50 46 34
53.0000 11.5000 -28.7738 48 44 32
54.0000 11.5000 -29.6530 44 42 30
55.0000 11.5000 -30.5755 41 39 27
56.0000 11.5000 -31.5405 38 35 26
57.0000 11.5000 -32.5502 37 34 25
58.0000 11.5000 -33.6086 34 34 26
59.0000 11.5000 -34.7192 35 32 25
60.0000 11.5000 -35.8858 29 25 16
61.0000 11.5000 -37.1131 32 25 17
62.0000 11.5000 -38.4091 30 26 17
63.0000 11.5000 -39.7861 30 26 17
64.0000 11.5000 -41.2636 28 23 17
65.0000 11.5000 -42.8738 25 20 14
66.0000 11.5000 -44.6715 22 19 12
67.0000 11.5000 -46.7450 20 17 10
68.0000 11.5000 -49.2197 15 14 9
69.0000 11.5000 -52.2432 15 14 9
70.0000 11.5000 -55.9463 15 14 10
-98.0000 10.5000 -63.6632 25 22 13
-97.0000 10.5000 -53.4718 33 31 18
-96.0000 10.5000 -45.6487 36 34 21
-95.0000 10.5000 -40.0412 37 36 18
-94.0000 10.5000 -36.2523 37 36 18
-93.0000 10.5000 -33.7981 38 37 17
-92.0000 10.5000 -32.2279 41 40 19
-91.0000 10.5000 -31.1885 41 40 19
-90.0000 10.5000 -30.4394 41 40 20
-89.0000 10.5000 -29.8364 42 41 21
-88.0000 10.5000 -29.3053 43 42 24
-87.0000 10.5000 -28.8157 46 45 27
-86.0000 10.5000 -28.3613 48 46 31
-85.0000 10.5000 -27.9459 47 48 32
-84.0000 10.5000 -27.5747 47 52 32
-83.0000 10.5000 -27.2494 48 53 33
-82.0000 10.5000 -26.9662 51 54 33
-81.0000 10.5000 -26.7159 54 56 35
-80.0000 10.5000 -26.4855 58 57 37
-79.0000 10.5000 -26.2600 63 58 39
-78.0000 10.5000 -26.0252 65 58 39
-77.0000 10.5000 -25.7685 67 59 40
-76.0000 10.5000 -25.4806 67 59 38
-75.0000 10.5000 -25.1555 71 63 42
-74.0000 10.5000 -24.7906 77 69 48
-73.0000 10.5000 -24.3862 80 72 51
-72.0000 10.5000 -23.9444 77 71 47
-71.0000 10.5000 -23.4688 74 68 44
-70.0000 10.5000 -22.9638 71 67 42
-69.0000 10.5000 -22.4351 68 66 41
-68.0000 10.5000 -21.8891 71 71 43
-67.0000 10.5000 -21.3342 78 78 50
-66.0000 10.5000 -20.7798 87 88 57
-65.0000 10.5000 -20.2364 95 94 64
-64.0000 10.5000 -19.7128 103 98 68
-63.0000 10.5000 -19.2151 108 102 70
-62.0000 10.5000 -18.7446 117 106 76
-61.0000 10.5000 -18.2988 123 110 76
-60.0000 10.5000 -17.8729 128 112 78
-59.0000 10.5000 -17.4623 135 117 79
-58.0000 10.5000 -17.0644 145 123 86
-57.0000 10.5000 -16.6794 153 129 91
-56.0000 10.5000 -16.3091 162 134 95
-55.0000 10.5000 -15.9558 169 141 102
-54.0000 10.5000 -15.6209 177 148 108
-53.0000 10.5000 -15.3052 186 152 114
-52.0000 10.5000 -15.0088 192 153 114
-51.0000 10.5000 -14.7327 203 161 123
-50.0000 10.5000 -14.4791 211 169 131
-49.0000 10.5000 -14.2520 212 175 133
-48.0000 10.5000 -14.0559 216 181 139
-47.0000 10.5000 -13.8944 223 190 147
-46.0000 10.5000 -13.7687 221 192 148
-45.0000 10.5000 -13.6767 216 189 142
-44.0000 10.5000 -13.6133 217 190 143
-43.0000 10.5000 -13.5710 213 187 138
-42.0000 10.5000 -13.5416 212 186 137
-41.0000 10.5000 -13.5170 214 188 139
-40.0000 10.5000 -13.4912 216 188 140
-39.0000 10.5000 -13.4607 215 187 137
-38.0000 10.5000 -13.4248 223 193 143
-37.0000 10.5000 -13.3861 233 203 151
-36.0000 10.5000 -13.3488 231 200 146
-35.0000 10.5000 -13.3174 231 200 145
-34.0000 10.5000 -13.2955 231 200 146
-33.0000 10.5000 -13.2849 232 201 147
-32.0000 10.5000 -13.2858 235 204 150
-31.0000 10.5000 -13.2976 235 203 152
-30.0000 10.5000 -13.3194 231 199 148
-29.0000 10.5000 -13.3506 225 193 142
-28.0000 10.5000 -13.3912 222 190 139
-27.0000 10.5000 -13.4406 224 192 143
-26.0000 10.5000 -13.4974 226 194 145
-25.0000 10.5000 -13.5590 224 192 145
-24.0000 10.5000 -13.6212 219 187 140
-23.0000 10.5000 -13.6796 214 182 135
-22.0000 10.5000 -13.7302 212 180 133
-21.0000 10.5000 -13.7709 212 180 133
-20.0000 10.5000 -13.8019 206 176 126
-19.0000 10.5000 -13.8252 206 176 126
-18.0000 10.5000 -13.8443 209 178 131
-17.0000 10.5000 -13.8628 210 182 134
-16.0000 10.5000 -13.8836 212 184 136
-15.0000 10.5000 -13.9085 211 183 135
-14.0000 10.5000 -13.9387 210 182 135
-13.0000 10.5000 -13.9753 210 183 136
-12.0000 10.5000 -14.0199 210 183 138
-11.0000 10.5000 -14.0746 209 185 139
-10.0000 10.5000 -14.1421 209 185 139
-9.0000 10.5000 -14.2246 207 183 137
-8.0000 10.5000 -14.3233 204 180 136
-7.0000 10.5000 -14.4369 199 176 132
-6.0000 10.5000 -14.5616 194 171 127
-5.0000 10.5000 -14.6907 190 167 123
-4.0000 10.5000 -14.8153 182 159 117
-3.0000 10.5000 -14.9255 177 154 112
-2.0000 10.5000 -15.0133 174 151 110
-1.0000 10.5000 -15.0737 176 153 112
0.0000 10.5000 -15.1076 176 154 113
1.0000 10.5000 -15.1208 175 153 112
2.0000 10.5000 -15.1235 177 155 116
3.0000 10.5000 -15.1275 180 161 121
4.0000 10.5000 -15.1431 176 156 119
5.0000 10.5000 -15.1771 174 154 117
6.0000 10.5000 -15.2315 171 153 115
7.0000 10.5000 -15.3040 170 152 114
8.0000 10.5000 -15.3904 168 152 116
9.0000 10.5000 -15.4866 165 149 113
10.0000 10.5000 -15.5904 159 143 107
11.0000 10.5000 -15.7031 155 139 103
12.0000 10.5000 -15.8294 160 145 106
13.0000 10.5000 -15.9768 158 143 104
14.0000 10.5000 -16.1550 158 140 102
15.0000 10.5000 -16.3765 154 136 98
16.0000 10.5000 -16.6566 151 131 96
17.0000 10.5000 -17.0146 147 127 92
18.0000 10.5000 -17.4715 144 124 91
19.0000 10.5000 -18.0455 142 121 90
20.0000 10.5000 -18.7449 132 113 83
21.0000 10.5000 -19.5611 119 103 77
22.0000 10.5000 -20.4648 104 89 66
23.0000 10.5000 -21.4087 89 76 57
24.0000 10.5000 -22.3360 79 67 51
25.0000 10.5000 -23.1924 69 61 48
26.0000 10.5000 -23.9361 63 55 44
27.0000 10.5000 -24.5444 60 52 41
28.0000 10.5000 -25.0137 65 53 37
29.0000 10.5000 -25.3549 66 53 36
30.0000 10.5000 -25.5865 68 52 36
31.0000 10.5000 -25.7269 65 52 35
32.0000 10.5000 -25.7899 67 51 35
33.0000 10.5000 -25.7819 64 51 34
34.0000 10.5000 -25.7039 66 50 34
35.0000 10.5000 -25.5552 63 50 33
36.0000 10.5000 -25.3387 65 49 33
37.0000 10.5000 -25.0658 67 54 37
38.0000 10.5000 -24.7573 74 58 42
39.0000 10.5000 -24.4420 77 64 47
40.0000 10.5000 -24.1525 82 66 50
41.0000 10.5000 -23.9192 81 68 51
42.0000 10.5000 -23.7669 82 66 50
43.0000 10.5000 -23.7129 79 66 49
44.0000 10.5000 -23.7674 83 75 54
45.0000 10.5000 -23.9340 79 73 51
46.0000 10.5000 -24.2119 74 67 48
47.0000 10.5000 -24.5967 70 63 44
48.0000 10.5000 -25.0818 65 60 41
49.0000 10.5000 -25.6590 62 57 38
50.0000 10.5000 -26.3196 61 55 39
51.0000 10.5000 -27.0543 61 55 39
52.0000 10.5000 -27.8534 50 47 32
53.0000 10.5000 -28.7071 48 44 32
54.0000 10.5000 -29.6072 44 42 30
55.0000 10.5000 -30.5482 41 39 27
56.0000 10.5000 -31.5283 38 35 26
57.0000 10.5000 -32.5483 37 34 25
58.0000 10.5000 -33.6109 34 34 26
59.0000 10.5000 -34.7186 35 32 25
60.0000 10.5000 -35.8738 29 25 16
61.0000 10.5000 -37.0807 31 24 16
62.0000 10.5000 -38.3467 30 26 17
63.0000 10.5000 -39.6845 30 26 17
64.0000 10.5000 -41.1146 29 24 18
65.0000 10.5000 -42.6706 26 21 15
66.0000 10.5000 -44.4082 21 18 11
67.0000 10.5000 -46.4164 19 16 9
68.0000 10.5000 -48.8213 16 15 10
69.0000 10.5000 -51.7731 16 15 10
70.0000 10.5000 -55.4088 15 14 10
-99.0000 9.5000 -75.5176 18 15 6
-98.0000 9.5000 -63.2105 27 24 15
-97.0000 9.5000 -53.0531 33 31 18
-96.0000 9.5000 -45.2735 35 33 20
-95.0000 9.5000 -39.7092 36 35 17
-94.0000 9.5000 -35.9580 37 36 18
-93.0000 9.5000 -33.5344 38 37 17
-92.0000 9.5000 -31.9883 41 40 19
-91.0000 9.5000 -30.9675 41 40 19
-90.0000 9.5000 -30.2318 41 40 20
-89.0000 9.5000 -29.6369 42 41 21
-88.0000 9.5000 -29.1080 44 43 25
-87.0000 9.5000 -28.6147 46 45 27
-86.0000 9.5000 -28.1514 48 46 31
-85.0000 9.5000 -27.7231 48 49 33
-84.0000 9.5000 -27.3362 48 51 32
-83.0000 9.5000 -26.9925 48 51 32
-82.0000 9.5000 -26.6869 49 52 31
-81.0000 9.5000 -26.4076 52 54 33
-80.0000 9.5000 -26.1387 56 55 35
-79.0000 9.5000 -25.8637 58 55 36
-78.0000 9.5000 -25.5693 62 57 37
-77.0000 9.5000 -25.2483 63 56 37
-76.0000 9.5000 -24.9000 65 59 37
-75.0000 9.5000 -24.5289 72 66 44
-74.0000 9.5000 -24.1412 79 74 52
-73.0000 9.5000 -23.7411 82 77 55
-72.0000 9.5000 -23.3286 78 76 51
-71.0000 9.5000 -22.8995 75 73 48
-70.0000 9.5000 -22.4480 71 71 45
-69.0000 9.5000 -21.9700 71 71 45
-68.0000 9.5000 -21.4662 74 74 46
-67.0000 9.5000 -20.9434 83 82 54
-66.0000 9.5000 -20.4138 93 92 62
-65.0000 9.5000 -19.8914 102 98 69
-64.0000 9.5000 -19.3887 107 102 72
-63.0000 9.5000 -18.9131 112 106 74
-62.0000 9.5000 -18.4660 120 109 79
-61.0000 9.5000 -18.0437 126 113 79
-60.0000 9.5000 -17.6402 131 115 81
-59.0000 9.5000 -17.2499 139 119 82
-58.0000 9.5000 -16.8698 149 127 90
-57.0000 9.5000 -16.5001 157 133 95
-56.0000 9.5000 -16.1426 165 137 98
-55.0000 9.5000 -15.7996 172 144 105
-54.0000 9.5000 -15.4723 181 152 112
-53.0000 9.5000 -15.1613 189 155 117
-52.0000 9.5000 -14.8667 195 156 117
-51.0000 9.5000 -14.5896 206 164 124
-50.0000 9.5000 -14.3328 215 173 133
-49.0000 9.5000 -14.1010 217 180 138
-48.0000 9.5000 -13.8997 223 188 146
-47.0000 9.5000 -13.7333 231 198 153
-46.0000 9.5000 -13.6036 232 201 155
-45.0000 9.5000 -13.5091 226 198 151
-44.0000 9.5000 -13.4446 235 207 160
-43.0000 9.5000 -13.4028 230 202 154
-42.0000 9.5000 -13.3753 228 200 152
-41.0000 9.5000 -13.3538 228 200 150
-40.0000 9.5000 -13.3318 226 198 148
-39.0000 9.5000 -13.3055 226 198 148
-38.0000 9.5000 -13.2742 237 207 157
-37.0000 9.5000 -13.2401 248 218 166
-36.0000 9.5000 -13.2073 240 209 154
-35.0000 9.5000 -13.1802 237 206 149
-34.0000 9.5000 -13.1621 236 205 150
-33.0000 9.5000 -13.1545 240 209 154
-32.0000 9.5000 -13.1576 243 212 157
-31.0000 9.5000 -13.1708 242 211 157
-30.0000 9.5000 -13.1937 239 208 154
-29.0000 9.5000 -13.2267 236 205 151
-28.0000 9.5000 -13.2704 226 195 141
-27.0000 9.5000 -13.3251 228 196 145
-26.0000 9.5000 -13.3898 229 197 146
-25.0000 9.5000 -13.4614 225 193 144
-24.0000 9.5000 -13.5352 219 187 138
-23.0000 9.5000 -13.6057 213 181 132
-22.0000 9.5000 -13.6682 210 178 129
-21.0000 9.5000 -13.7200 209 177 128
-20.0000 9.5000 -13.7608 201 171 121
-19.0000 9.5000 -13.7930 201 173 123
-18.0000 9.5000 -13.8200 204 176 128
-17.0000 9.5000 -13.8456 205 177 129
-16.0000 9.5000 -13.8725 208 180 132
-15.0000 9.5000 -13.9028 209 183 134
-14.0000 9.5000 -13.9377 210 183 136
-13.0000 9.5000 -13.9783 208 184 136
-12.0000 9.5000 -14.0262 204 180 134
-11.0000 9.5000 -14.0835 204 180 134
-10.0000 9.5000 -14.1526 205 181 135
-9.0000 9.5000 -14.2355 204 182 135
-8.0000 9.5000 -14.3327 201 178 134
-7.0000 9.5000 -14.4429 194 173 128
-6.0000 9.5000 -14.5620 188 167 122
-5.0000 9.5000 -14.6837 186 165 120
-4.0000 9.5000 -14.7993 183 160 118
-3.0000 9.5000 -14.8997 177 154 112
-2.0000 9.5000 -14.9775 175 152 110
-1.0000 9.5000 -15.0284 178 155 113
0.0000 9.5000 -15.0532 178 155 114
1.0000 9.5000 -15.0581 175 153 112
2.0000 9.5000 -15.0529 178 156 115
3.0000 9.5000 -15.0491 187 165 124
4.0000 9.5000 -15.0565 175 156 116
5.0000 9.5000 -15.0815 174 155 115
6.0000 9.5000 -15.1258 172 154 116
7.0000 9.5000 -15.1873 173 155 117
8.0000 9.5000 -15.2621 174 156 118
9.0000 9.5000 -15.3464 173 155 117
10.0000 9.5000 -15.4390 169 151 115
11.0000 9.5000 -15.5418 165 147 111
12.0000 9.5000 -15.6602 166 148 110
13.0000 9.5000 -15.8028 165 147 109
14.0000 9.5000 -15.9801 164 144 107
15.0000 9.5000 -16.2055 160 140 103
16.0000 9.5000 -16.4953 154 134 97
17.0000 9.5000 -16.8685 147 127 92
18.0000 9.5000 -17.3455 141 121 88
19.0000 9.5000 -17.9428 137 116 85
20.0000 9.5000 -18.6659 133 114 84
21.0000 9.5000 -19.5028 120 103 77
22.0000 9.5000 -20.4207 104 88 65
23.0000 9.5000 -21.3698 88 75 56
24.0000 9.5000 -22.2922 78 66 50
25.0000 9.5000 -23.1344 69 61 48
26.0000 9.5000 -23.8573 64 56 45
27.0000 9.5000 -24.4417 61 53 40
28.0000 9.5000 -24.8867 64 52 36
29.0000 9.5000 -25.2053 64 53 35
30.0000 9.5000 -25.4162 65 52 35
31.0000 9.5000 -25.5376 65 54 36
32.0000 9.5000 -25.5824 66 53 36
33.0000 9.5000 -25.5568 66 55 37
34.0000 9.5000 -25.4618 67 54 37
35.0000 9.5000 -25.2976 67 56 38
36.0000 9.5000 -25.0683 62 49 32
37.0000 9.5000 -24.7865 64 53 35
38.0000 9.5000 -24.4743 69 56 39
39.0000 9.5000 -24.1612 72 61 43
40.0000 9.5000 -23.8795 77 64 47
41.0000 9.5000 -23.6589 79 68 50
42.0000 9.5000 -23.5228 82 69 52
43.0000 9.5000 -23.4872 81 70 52
44.0000 9.5000 -23.5611 82 74 53
45.0000 9.5000 -23.7476 79 71 50
46.0000 9.5000 -24.0455 73 67 45
47.0000 9.5000 -24.4503 68 62 40
48.0000 9.5000 -24.9553 64 57 38
49.0000 9.5000 -25.5524 61 54 36
50.0000 9.5000 -26.2326 59 53 37
51.0000 9.5000 -26.9868 58 52 36
52.0000 9.5000 -27.8053 50 47 32
53.0000 9.5000 -28.6784 48 44 32
54.0000 9.5000 -29.5976 45 41 30
55.0000 9.5000 -30.5566 42 38 27
56.0000 9.5000 -31.5527 38 35 26
57.0000 9.5000 -32.5858 37 34 25
58.0000 9.5000 -33.6570 36 33 24
59.0000 9.5000 -34.7672 35 32 23
60.0000 9.5000 -35.9173 29 25 16
61.0000 9.5000 -37.1095 32 25 17
62.0000 9.5000 -38.3494 30 26 17
63.0000 9.5000 -39.6485 30 26 17
64.0000 9.5000 -41.0266 28 23 17
65.0000 9.5000 -42.5182 25 20 14
66.0000 9.5000 -44.1804 22 19 12
67.0000 9.5000 -46.1035 20 17 10
68.0000 9.5000 -48.4150 17 16 11
69.0000 9.5000 -51.2673 16 15 10
70.0000 9.5000 -54.8021 16 15 11
71.0000 9.5000 -59.0946 15 14 10
-99.0000 8.5000 -75.0490 19 16 7
-98.0000 8.5000 -62.8133 27 24 15
-97.0000 8.5000 -52.7097 33 31 18
-96.0000 8.5000 -44.9702 35 33 20
-95.0000 8.5000 -39.4365 36 35 17
-94.0000 8.5000 -35.7093 37 36 18
-93.0000 8.5000 -33.3049 39 38 18
-92.0000 8.5000 -31.7744 42 41 20
-91.0000 8.5000 -30.7662 42 41 20
-90.0000 8.5000 -30.0402 42 41 21
-89.0000 8.5000 -29.4519 43 42 22
-88.0000 8.5000 -28.9265 44 43 25
-87.0000 8.5000 -28.4339 47 46 28
-86.0000 8.5000 -27.9691 49 47 32
-85.0000 8.5000 -27.5378 50 48 33
-84.0000 8.5000 -27.1468 49 50 32
-83.0000 8.5000 -26.7973 50 51 33
-82.0000 8.5000 -26.4823 50 52 31
-81.0000 8.5000 -26.1869 53 52 32
-80.0000 8.5000 -25.8919 54 53 33
-79.0000 8.5000 -25.5793 56 53 34
-78.0000 8.5000 -25.2368 57 55 34
-77.0000 8.5000 -24.8620 57 55 34
-76.0000 8.5000 -24.4615 62 60 37
-75.0000 8.5000 -24.0483 70 68 45
-74.0000 8.5000 -23.6355 78 76 53
-73.0000 8.5000 -23.2304 80 80 56
-72.0000 8.5000 -22.8313 77 77 51
-71.0000 8.5000 -22.4286 72 75 48
-70.0000 8.5000 -22.0093 71 74 47
-69.0000 8.5000 -21.5631 72 75 48
-68.0000 8.5000 -21.0872 80 79 51
-67.0000 8.5000 -20.5879 88 84 57
-66.0000 8.5000 -20.0790 97 93 64
-65.0000 8.5000 -19.5766 106 101 72
-64.0000 8.5000 -19.0946 113 106 77
-63.0000 8.5000 -18.6410 118 109 78
-62.0000 8.5000 -18.2162 124 110 81
-61.0000 8.5000 -17.8157 127 112 79
-60.0000 8.5000 -17.4322 133 117 83
-59.0000 8.5000 -17.0599 142 122 85
-58.0000 8.5000 -16.6958 151 129 92
-57.0000 8.5000 -16.3400 159 135 97
-56.0000 8.5000 -15.9945 166 141 101
-55.0000 8.5000 -15.6613 174 146 107
-54.0000 8.5000 -15.3416 183 154 114
-53.0000 8.5000 -15.0356 190 158 117
-52.0000 8.5000 -14.7432 195 158 116
-51.0000 8.5000 -14.4658 206 167 126
-50.0000 8.5000 -14.2066 215 178 136
-49.0000 8.5000 -13.9710 222 185 141
-48.0000 8.5000 -13.7650 229 195 150
-47.0000 8.5000 -13.5939 239 206 161
-46.0000 8.5000 -13.4599 242 209 164
-45.0000 8.5000 -13.3618 238 207 160
-44.0000 8.5000 -13.2950 242 211 164
-43.0000 8.5000 -13.2524 239 209 159
-42.0000 8.5000 -13.2254 238 208 158
-41.0000 8.5000 -13.2060 237 207 157
-40.0000 8.5000 -13.1874 233 203 153
-39.0000 8.5000 -13.1652 230 200 148
-38.0000 8.5000 -13.1384 237 205 154
-37.0000 8.5000 -13.1089 248 217 163
-36.0000 8.5000 -13.0804 246 215 158
-35.0000 8.5000 -13.0570 241 211 151
-34.0000 8.5000 -13.0417 238 207 150
-33.0000 8.5000 -13.0357 240 209 152
-32.0000 8.5000 -13.0391 240 209 152
-31.0000 8.5000 -13.0515 236 205 148
-30.0000 8.5000 -13.0733 234 203 148
-29.0000 8.5000 -13.1059 235 204 149
-28.0000 8.5000 -13.1508 234 203 148
-27.0000 8.5000 -13.2093 235 204 150
-26.0000 8.5000 -13.2804 234 203 149
-25.0000 8.5000 -13.3608 228 197 143
-24.0000 8.5000 -13.4450 221 189 138
-23.0000 8.5000 -13.5266 214 182 131
-22.0000 8.5000 -13.6000 212 180 129
-21.0000 8.5000 -13.6621 210 180 130
-20.0000 8.5000 -13.7127 203 175 125
-19.0000 8.5000 -13.7543 206 178 128
-18.0000 8.5000 -13.7905 207 179 131
-17.0000 8.5000 -13.8252 204 178 129
-16.0000 8.5000 -13.8612 205 179 130
-15.0000 8.5000 -13.9002 209 183 134
-14.0000 8.5000 -13.9432 207 183 135
-13.0000 8.5000 -13.9908 205 181 133
-12.0000 8.5000 -14.0445 205 181 135
-11.0000 8.5000 -14.1060 202 180 133
-10.0000 8.5000 -14.1773 202 180 133
-9.0000 8.5000 -14.2599 204 182 135
-8.0000 8.5000 -14.3542 200 179 134
-7.0000 8.5000 -14.4588 192 171 126
-6.0000 8.5000 -14.5698 187 166 121
-5.0000 8.5000 -14.6814 186 165 120
-4.0000 8.5000 -14.7859 184 161 119
-3.0000 8.5000 -14.8752 175 152 110
-2.0000 8.5000 -14.9425 173 150 108
-1.0000 8.5000 -14.9844 177 154 112
0.0000 8.5000 -15.0019 176 153 112
1.0000 8.5000 -15.0008 173 150 109
2.0000 8.5000 -14.9907 178 156 115
3.0000 8.5000 -14.9824 191 169 128
4.0000 8.5000 -14.9850 184 162 123
5.0000 8.5000 -15.0042 180 161 121
6.0000 8.5000 -15.0415 179 159 122
7.0000 8.5000 -15.0945 179 161 123
8.0000 8.5000 -15.1594 181 163 125
9.0000 8.5000 -15.2332 181 163 125
10.0000 8.5000 -15.3151 178 160 124
11.0000 8.5000 -15.4079 175 157 119
12.0000 8.5000 -15.5178 171 153 115
13.0000 8.5000 -15.6542 170 152 114
14.0000 8.5000 -15.8286 169 149 112
15.0000 8.5000 -16.0555 165 145 108
16.0000 8.5000 -16.3516 158 138 101
17.0000 8.5000 -16.7366 149 129 92
18.0000 8.5000 -17.2303 141 121 86
19.0000 8.5000 -17.8479 137 117 84
20.0000 8.5000 -18.5925 135 116 86
21.0000 8.5000 -19.4489 121 104 78
22.0000 8.5000 -20.3810 104 88 65
23.0000 8.5000 -21.3360 86 73 54
24.0000 8.5000 -22.2551 76 64 48
25.0000 8.5000 -23.0853 69 60 45
26.0000 8.5000 -23.7900 65 57 44
27.0000 8.5000 -24.3530 63 55 42
28.0000 8.5000 -24.7767 61 52 35
29.0000 8.5000 -25.0757 64 53 35
30.0000 8.5000 -25.2693 65 54 36
31.0000 8.5000 -25.3751 66 55 37
32.0000 8.5000 -25.4054 67 56 38
33.0000 8.5000 -25.3659 68 57 39
34.0000 8.5000 -25.2580 68 57 39
35.0000 8.5000 -25.0826 69 58 40
36.0000 8.5000 -24.8454 63 52 34
37.0000 8.5000 -24.5602 65 54 36
38.0000 8.5000 -24.2499 68 57 39
39.0000 8.5000 -23.9442 72 61 43
40.0000 8.5000 -23.6747 76 65 47
41.0000 8.5000 -23.4696 79 68 50
42.0000 8.5000 -23.3508 80 69 51
43.0000 8.5000 -23.3324 81 70 52
44.0000 8.5000 -23.4225 79 71 50
45.0000 8.5000 -23.6240 77 69 48
46.0000 8.5000 -23.9360 72 66 44
47.0000 8.5000 -24.3546 68 62 40
48.0000 8.5000 -24.8735 64 57 38
49.0000 8.5000 -25.4850 60 53 34
50.0000 8.5000 -26.1804 58 51 33
51.0000 8.5000 -26.9504 56 50 34
52.0000 8.5000 -27.7852 52 46 32
53.0000 8.5000 -28.6751 48 45 30
54.0000 8.5000 -29.6115 45 41 29
55.0000 8.5000 -30.5880 42 38 27
56.0000 8.5000 -31.6010 38 35 26
57.0000 8.5000 -32.6493 37 34 25
58.0000 8.5000 -33.7325 36 33 24
59.0000 8.5000 -34.8497 36 32 23
60.0000 8.5000 -35.9995 33 26 18
61.0000 8.5000 -37.1816 33 26 18
62.0000 8.5000 -38.3987 29 25 16
63.0000 8.5000 -39.6600 28 24 15
64.0000 8.5000 -40.9845 26 21 15
65.0000 8.5000 -42.4066 25 20 14
66.0000 8.5000 -43.9851 23 20 13
67.0000 8.5000 -45.8121 22 19 12
68.0000 8.5000 -48.0161 17 16 11
69.0000 8.5000 -50.7509 17 16 11
70.0000 8.5000 -54.1613 16 15 11
71.0000 8.5000 -58.3302 15 14 10
-99.0000 7.5000 -74.6379 17 14 5
-98.0000 7.5000 -62.5166 26 23 14
-97.0000 7.5000 -52.4743 32 30 17
-96.0000 7.5000 -44.7627 35 33 20
-95.0000 7.5000 -39.2407 37 36 18
-94.0000 7.5000 -35.5196 40 39 21
-93.0000 7.5000 -33.1204 42 41 21
-92.0000 7.5000 -31.5949 42 41 20
-91.0000 7.5000 -30.5911 42 41 20
-90.0000 7.5000 -29.8685 42 41 21
-89.0000 7.5000 -29.2827 43 42 22
-88.0000 7.5000 -28.7594 45 44 26
-87.0000 7.5000 -28.2693 47 46 28
-86.0000 7.5000 -27.8077 49 47 32
-85.0000 7.5000 -27.3808 51 49 34
-84.0000 7.5000 -26.9947 55 54 36
-83.0000 7.5000 -26.6493 55 54 36
-82.0000 7.5000 -26.3346 55 54 34
-81.0000 7.5000 -26.0326 55 54 34
-80.0000 7.5000 -25.7210 55 54 34
-79.0000 7.5000 -25.3804 55 54 34
-78.0000 7.5000 -25.0000 55 54 33
-77.0000 7.5000 -24.5812 55 54 33
-76.0000 7.5000 -24.1370 64 64 40
-75.0000 7.5000 -23.6868 71 71 47
-74.0000 7.5000 -23.2484 77 77 53
-73.0000 7.5000 -22.8312 76 78 54
-72.0000 7.5000 -22.4323 72 75 48
-71.0000 7.5000 -22.0389 68 72 45
-70.0000 7.5000 -21.6338 69 73 46
-69.0000 7.5000 -21.2037 73 76 49
-68.0000 7.5000 -20.7443 84 83 55
-67.0000 7.5000 -20.2621 91 85 59
-66.0000 7.5000 -19.7711 98 93 64
-65.0000 7.5000 -19.2884 108 101 73
-64.0000 7.5000 -18.8277 116 109 80
-63.0000 7.5000 -18.3958 122 113 82
-62.0000 7.5000 -17.9924 125 111 82
-61.0000 7.5000 -17.6118 124 109 76
-60.0000 7.5000 -17.2464 134 118 84
-59.0000 7.5000 -16.8902 143 123 86
-58.0000 7.5000 -16.5406 152 130 93
-57.0000 7.5000 -16.1977 160 136 98
-56.0000 7.5000 -15.8637 167 142 102
-55.0000 7.5000 -15.5404 174 149 109
-54.0000 7.5000 -15.2287 183 155 115
-53.0000 7.5000 -14.9285 190 161 119
-52.0000 7.5000 -14.6397 192 159 116
-51.0000 7.5000 -14.3636 203 170 125
-50.0000 7.5000 -14.1039 214 181 136
-49.0000 7.5000 -13.8663 222 190 143
-48.0000 7.5000 -13.6573 233 201 154
-47.0000 7.5000 -13.4824 245 213 166
-46.0000 7.5000 -13.3444 250 218 171
-45.0000 7.5000 -13.2424 248 216 167
-44.0000 7.5000 -13.1722 241 209 160
-43.0000 7.5000 -13.1272 241 209 158
-42.0000 7.5000 -13.0992 246 213 162
-41.0000 7.5000 -13.0802 247 214 163
-40.0000 7.5000 -13.0633 242 206 156
-39.0000 7.5000 -13.0439 233 197 145
-38.0000 7.5000 -13.0204 235 198 146
-37.0000 7.5000 -12.9943 241 206 152
-36.0000 7.5000 -12.9689 246 214 155
-35.0000 7.5000 -12.9479 240 210 148
-34.0000 7.5000 -12.9340 237 207 147
-33.0000 7.5000 -12.9282 239 209 149
-32.0000 7.5000 -12.9304 236 206 146
-31.0000 7.5000 -12.9407 231 201 141
-30.0000 7.5000 -12.9602 233 202 145
-29.0000 7.5000 -12.9912 240 209 152
-28.0000 7.5000 -13.0364 245 214 157
-27.0000 7.5000 -13.0975 244 213 158
-26.0000 7.5000 -13.1739 240 209 154
-25.0000 7.5000 -13.2619 233 202 147
-24.0000 7.5000 -13.3552 225 194 140
-23.0000 7.5000 -13.4465 218 187 133
-22.0000 7.5000 -13.5296 216 185 131
-21.0000 7.5000 -13.6011 216 186 134
-20.0000 7.5000 -13.6609 214 186 136
-19.0000 7.5000 -13.7117 216 190 139
-18.0000 7.5000 -13.7577 215 189 140
-17.0000 7.5000 -13.8027 208 182 133
-16.0000 7.5000 -13.8495 206 180 131
-15.0000 7.5000 -13.8993 207 184 134
-14.0000 7.5000 -13.9525 206 182 134
-13.0000 7.5000 -14.0092 201 177 129
-12.0000 7.5000 -14.0702 203 181 134
-11.0000 7.5000 -14.1366 198 176 129
-10.0000 7.5000 -14.2100 198 176 129
-9.0000 7.5000 -14.2916 199 178 131
-8.0000 7.5000 -14.3815 196 175 130
-7.0000 7.5000 -14.4784 187 166 121
-6.0000 7.5000 -14.5791 181 163 117
-5.0000 7.5000 -14.6786 185 164 119
-4.0000 7.5000 -14.7703 184 161 117
-3.0000 7.5000 -14.8474 175 151 107
-2.0000 7.5000 -14.9044 171 147 103
-1.0000 7.5000 -14.9384 175 151 107
0.0000 7.5000 -14.9507 173 150 108
1.0000 7.5000 -14.9470 169 146 104
2.0000 7.5000 -14.9359 178 155 114
3.0000 7.5000 -14.9273 194 172 131
4.0000 7.5000 -14.9293 190 168 127
5.0000 7.5000 -14.9468 184 165 123
6.0000 7.5000 -14.9804 181 162 122
7.0000 7.5000 -15.0278 180 161 121
8.0000 7.5000 -15.0852 181 161 124
9.0000 7.5000 -15.1499 181 161 124
10.0000 7.5000 -15.2220 178 160 122
11.0000 7.5000 -15.3050 176 158 120
12.0000 7.5000 -15.4058 175 155 118
13.0000 7.5000 -15.5346 176 157 117
14.0000 7.5000 -15.7039 175 156 116
15.0000 7.5000 -15.9288 171 152 112
16.0000 7.5000 -16.2270 167 145 106
17.0000 7.5000 -16.6187 158 136 99
18.0000 7.5000 -17.1239 149 126 92
19.0000 7.5000 -17.7569 142 122 89
20.0000 7.5000 -18.5191 137 118 88
21.0000 7.5000 -19.3926 122 105 77
22.0000 7.5000 -20.3381 103 87 62
23.0000 7.5000 -21.3003 86 71 50
24.0000 7.5000 -22.2188 74 61 44
25.0000 7.5000 -23.0411 68 59 44
26.0000 7.5000 -23.7324 66 58 45
27.0000 7.5000 -24.2793 65 58 42
28.0000 7.5000 -24.6868 64 55 38
29.0000 7.5000 -24.9709 64 56 37
30.0000 7.5000 -25.1516 65 57 38
31.0000 7.5000 -25.2459 65 57 38
32.0000 7.5000 -25.2654 65 57 38
33.0000 7.5000 -25.2155 65 57 38
34.0000 7.5000 -25.0977 65 57 38
35.0000 7.5000 -24.9140 65 57 38
36.0000 7.5000 -24.6713 65 57 38
37.0000 7.5000 -24.3848 68 60 41
38.0000 7.5000 -24.0782 72 64 45
39.0000 7.5000 -23.7813 76 68 49
40.0000 7.5000 -23.5246 78 70 51
41.0000 7.5000 -23.3349 78 70 51
42.0000 7.5000 -23.2320 76 68 49
43.0000 7.5000 -23.2286 74 66 47
44.0000 7.5000 -23.3316 77 69 48
45.0000 7.5000 -23.5440 76 68 45
46.0000 7.5000 -23.8654 74 66 43
47.0000 7.5000 -24.2929 71 63 40
48.0000 7.5000 -24.8211 68 60 39
49.0000 7.5000 -25.4429 63 56 37
50.0000 7.5000 -26.1497 59 52 34
51.0000 7.5000 -26.9321 57 52 33
52.0000 7.5000 -27.7803 52 46 30
53.0000 7.5000 -28.6844 50 44 30
54.0000 7.5000 -29.6357 45 41 29
55.0000 7.5000 -30.6278 42 38 26
56.0000 7.5000 -31.6565 39 35 24
57.0000 7.5000 -32.7199 38 34 23
58.0000 7.5000 -33.8158 37 33 22
59.0000 7.5000 -34.9414 36 32 21
60.0000 7.5000 -36.0927 36 29 21
61.0000 7.5000 -37.2665 34 27 19
62.0000 7.5000 -38.4630 28 24 15
63.0000 7.5000 -39.6891 25 21 12
64.0000 7.5000 -40.9624 24 19 13
65.0000 7.5000 -42.3176 24 19 13
66.0000 7.5000 -43.8147 24 21 14
67.0000 7.5000 -45.5470 24 21 14
68.0000 7.5000 -47.6437 17 16 11
69.0000 7.5000 -50.2584 17 16 11
70.0000 7.5000 -53.5372 17 16 12
71.0000 7.5000 -57.5689 16 15 11
-98.0000 6.5000 -62.3825 24 21 12
-97.0000 6.5000 -52.3917 31 29 16
-96.0000 6.5000 -44.6829 36 34 21
-95.0000 6.5000 -39.1445 39 38 20
-94.0000 6.5000 -35.4055 43 42 24
-93.0000 6.5000 -32.9932 46 45 25
-92.0000 6.5000 -31.4593 43 42 21
-91.0000 6.5000 -30.4499 42 41 20
-90.0000 6.5000 -29.7228 42 41 21
-89.0000 6.5000 -29.1339 43 42 22
-88.0000 6.5000 -28.6097 45 44 26
-87.0000 6.5000 -28.1217 47 46 28
-86.0000 6.5000 -27.6659 49 47 32
-85.0000 6.5000 -27.2480 51 49 34
-84.0000 6.5000 -26.8728 58 57 39
-83.0000 6.5000 -26.5376 58 57 39
-82.0000 6.5000 -26.2293 57 56 36
-81.0000 6.5000 -25.9261 57 56 36
-80.0000 6.5000 -25.6035 56 55 35
-79.0000 6.5000 -25.2410 56 55 35
-78.0000 6.5000 -24.8298 55 54 33
-77.0000 6.5000 -24.3750 53 55 33
-76.0000 6.5000 -23.8946 66 68 44
-75.0000 6.5000 -23.4125 71 73 49
-74.0000 6.5000 -22.9495 76 78 54
-73.0000 6.5000 -22.5159 74 76 52
-72.0000 6.5000 -22.1081 68 72 45
-71.0000 6.5000 -21.7115 65 69 42
-70.0000 6.5000 -21.3077 67 73 45
-69.0000 6.5000 -20.8826 73 76 49
-68.0000 6.5000 -20.4319 89 85 58
-67.0000 6.5000 -19.9623 94 87 61
-66.0000 6.5000 -19.4878 99 92 64
-65.0000 6.5000 -19.0246 111 101 74
-64.0000 6.5000 -18.5851 120 111 82
-63.0000 6.5000 -18.1746 124 113 83
-62.0000 6.5000 -17.7914 125 110 81
-61.0000 6.5000 -17.4291 123 107 74
-60.0000 6.5000 -17.0799 137 118 85
-59.0000 6.5000 -16.7384 143 123 86
-58.0000 6.5000 -16.4020 153 131 94
-57.0000 6.5000 -16.0716 161 137 99
-56.0000 6.5000 -15.7492 167 142 102
-55.0000 6.5000 -15.4363 174 149 109
-54.0000 6.5000 -15.1337 184 156 116
-53.0000 6.5000 -14.8408 189 162 119
-52.0000 6.5000 -14.5575 189 161 114
-51.0000 6.5000 -14.2852 202 171 124
-50.0000 6.5000 -14.0275 214 183 136
-49.0000 6.5000 -13.7903 223 192 145
-48.0000 6.5000 -13.5804 235 204 157
-47.0000 6.5000 -13.4032 249 217 168
-46.0000 6.5000 -13.2618 254 222 173
-45.0000 6.5000 -13.1557 253 220 169
-44.0000 6.5000 -13.0812 247 214 163
-43.0000 6.5000 -13.0322 253 217 167
-42.0000 6.5000 -13.0012 255 224 174
-41.0000 6.5000 -12.9805 255 227 175
-40.0000 6.5000 -12.9631 255 219 167
-39.0000 6.5000 -12.9443 242 205 153
-38.0000 6.5000 -12.9220 239 199 148
-37.0000 6.5000 -12.8973 241 204 151
-36.0000 6.5000 -12.8732 250 218 159
-35.0000 6.5000 -12.8529 244 214 152
-34.0000 6.5000 -12.8390 244 214 152
-33.0000 6.5000 -12.8323 246 216 154
-32.0000 6.5000 -12.8327 243 213 153
-31.0000 6.5000 -12.8406 240 210 150
-30.0000 6.5000 -12.8577 246 216 156
-29.0000 6.5000 -12.8871 255 227 167
-28.0000 6.5000 -12.9325 252 221 164
-27.0000 6.5000 -12.9960 250 219 162
-26.0000 6.5000 -13.0771 246 215 160
-25.0000 6.5000 -13.1718 237 206 151
-24.0000 6.5000 -13.2730 228 197 142
-23.0000 6.5000 -13.3729 222 191 136
-22.0000 6.5000 -13.4645 221 190 136
-21.0000 6.5000 -13.5442 221 191 137
-20.0000 6.5000 -13.6121 224 197 144
-19.0000 6.5000 -13.6714 226 200 149
-18.0000 6.5000 -13.7266 222 196 147
-17.0000 6.5000 -13.7818 212 186 137
-16.0000 6.5000 -13.8395 208 182 133
-15.0000 6.5000 -13.9004 207 184 134
-14.0000 6.5000 -13.9642 204 180 132
-13.0000 6.5000 -14.0304 198 174 126
-12.0000 6.5000 -14.0987 199 175 129
-11.0000 6.5000 -14.1698 193 171 124
-10.0000 6.5000 -14.2445 191 169 122
-9.0000 6.5000 -14.3238 193 172 125
-8.0000 6.5000 -14.4077 190 169 124
-7.0000 6.5000 -14.4953 181 160 115
-6.0000 6.5000 -14.5840 177 156 111
-5.0000 6.5000 -14.6699 181 160 115
-4.0000 6.5000 -14.7479 185 161 117
-3.0000 6.5000 -14.8127 174 150 106
-2.0000 6.5000 -14.8600 169 145 101
-1.0000 6.5000 -14.8879 173 149 105
0.0000 6.5000 -14.8979 172 147 106
1.0000 6.5000 -14.8952 167 144 102
2.0000 6.5000 -14.8875 178 155 114
3.0000 6.5000 -14.8833 196 173 132
4.0000 6.5000 -14.8893 191 169 128
5.0000 6.5000 -14.9090 186 164 123
6.0000 6.5000 -14.9426 181 159 120
7.0000 6.5000 -14.9871 176 157 117
8.0000 6.5000 -15.0391 175 155 118
9.0000 6.5000 -15.0964 175 155 118
10.0000 6.5000 -15.1598 172 154 116
11.0000 6.5000 -15.2335 170 152 112
12.0000 6.5000 -15.3253 177 158 118
13.0000 6.5000 -15.4456 178 159 119
14.0000 6.5000 -15.6077 178 159 119
15.0000 6.5000 -15.8272 176 157 117
16.0000 6.5000 -16.1228 172 150 111
17.0000 6.5000 -16.5154 164 142 103
18.0000 6.5000 -17.0256 155 133 96
19.0000 6.5000 -17.6675 150 127 93
20.0000 6.5000 -18.4417 139 118 87
21.0000 6.5000 -19.3282 125 105 78
22.0000 6.5000 -20.2855 103 85 61
23.0000 6.5000 -21.2557 84 69 48
24.0000 6.5000 -22.1771 73 60 43
25.0000 6.5000 -22.9969 69 57 41
26.0000 6.5000 -23.6816 67 58 43
27.0000 6.5000 -24.2195 67 60 44
28.0000 6.5000 -24.6174 68 59 42
29.0000 6.5000 -24.8927 67 59 40
30.0000 6.5000 -25.0655 67 59 40
31.0000 6.5000 -25.1527 66 58 39
32.0000 6.5000 -25.1652 65 57 38
33.0000 6.5000 -25.1081 64 56 37
34.0000 6.5000 -24.9832 63 55 36
35.0000 6.5000 -24.7932 63 55 36
36.0000 6.5000 -24.5462 69 61 42
37.0000 6.5000 -24.2585 73 65 46
38.0000 6.5000 -23.9547 79 71 52
39.0000 6.5000 -23.6646 83 75 56
40.0000 6.5000 -23.4181 83 75 56
41.0000 6.5000 -23.2406 79 71 52
42.0000 6.5000 -23.1502 74 66 47
43.0000 6.5000 -23.1584 70 62 41
44.0000 6.5000 -23.2712 77 69 46
45.0000 6.5000 -23.4913 77 69 46
46.0000 6.5000 -23.8190 76 68 45
47.0000 6.5000 -24.2524 74 66 43
48.0000 6.5000 -24.7868 71 63 42
49.0000 6.5000 -25.4157 66 58 37
50.0000 6.5000 -26.1308 61 54 35
51.0000 6.5000 -26.9224 59 52 34
52.0000 6.5000 -27.7805 53 46 30
53.0000 6.5000 -28.6951 50 44 28
54.0000 6.5000 -29.6574 47 41 27
55.0000 6.5000 -30.6610 42 38 26
56.0000 6.5000 -31.7015 39 35 24
57.0000 6.5000 -32.7760 38 34 23
58.0000 6.5000 -33.8812 37 33 22
59.0000 6.5000 -35.0121 36 32 21
60.0000 6.5000 -36.1627 37 30 22
61.0000 6.5000 -37.3277 34 27 19
62.0000 6.5000 -38.5052 28 24 15
63.0000 6.5000 -39.7005 24 20 11
64.0000 6.5000 -40.9304 22 17 11
65.0000 6.5000 -42.2296 23 18 12
66.0000 6.5000 -43.6584 24 21 14
67.0000 6.5000 -45.3102 26 23 16
68.0000 6.5000 -47.3137 18 17 12
69.0000 6.5000 -49.8210 18 17 12
70.0000 6.5000 -52.9782 17 16 12
71.0000 6.5000 -56.8776 16 15 11
72.0000 6.5000 -61.5056 13 14 9
-99.0000 5.5000 -74.3477 18 15 6
-98.0000 5.5000 -62.4855 29 26 17
-97.0000 5.5000 -52.5146 37 35 22
-96.0000 5.5000 -44.7675 40 38 25
-95.0000 5.5000 -39.1729 40 39 21
-94.0000 5.5000 -35.3835 40 39 21
-93.0000 5.5000 -32.9343 41 40 20
-92.0000 5.5000 -31.3755 38 37 16
-91.0000 5.5000 -30.3487 41 40 19
-90.0000 5.5000 -29.6090 43 42 22
-89.0000 5.5000 -29.0111 44 43 23
-88.0000 5.5000 -28.4825 43 42 24
-87.0000 5.5000 -27.9955 43 42 24
-86.0000 5.5000 -27.5463 46 44 29
-85.0000 5.5000 -27.1397 48 46 31
-84.0000 5.5000 -26.7784 57 54 37
-83.0000 5.5000 -26.4563 57 54 37
-82.0000 5.5000 -26.1567 55 54 34
-81.0000 5.5000 -25.8542 55 54 34
-80.0000 5.5000 -25.5222 56 55 35
-79.0000 5.5000 -25.1407 56 55 35
-78.0000 5.5000 -24.7027 55 57 35
-77.0000 5.5000 -24.2173 55 57 35
-76.0000 5.5000 -23.7064 62 64 40
-75.0000 5.5000 -23.1968 65 69 44
-74.0000 5.5000 -22.7110 70 74 49
-73.0000 5.5000 -22.2591 73 77 52
-72.0000 5.5000 -21.8371 74 78 51
-71.0000 5.5000 -21.4299 76 80 53
-70.0000 5.5000 -21.0196 79 83 56
-69.0000 5.5000 -20.5929 83 86 59
-68.0000 5.5000 -20.1463 99 93 67
-67.0000 5.5000 -19.6868 107 97 72
-66.0000 5.5000 -19.2278 113 103 76
-65.0000 5.5000 -18.7837 118 108 81
-64.0000 5.5000 -18.3649 121 110 82
-63.0000 5.5000 -17.9747 126 112 83
-62.0000 5.5000 -17.6102 131 116 87
-61.0000 5.5000 -17.2644 135 119 86
-60.0000 5.5000 -16.9300 143 124 91
-59.0000 5.5000 -16.6019 148 128 91
-58.0000 5.5000 -16.2784 156 134 97
-57.0000 5.5000 -15.9604 162 138 100
-56.0000 5.5000 -15.6499 168 143 103
-55.0000 5.5000 -15.3485 174 149 109
-54.0000 5.5000 -15.0564 183 155 115
-53.0000 5.5000 -14.7727 188 161 118
-52.0000 5.5000 -14.4972 197 169 122
-51.0000 5.5000 -14.2312 203 175 125
-50.0000 5.5000 -13.9783 217 187 137
-49.0000 5.5000 -13.7442 232 202 152
-48.0000 5.5000 -13.5355 244 212 163
-47.0000 5.5000 -13.3576 248 216 165
-46.0000 5.5000 -13.2135 245 212 161
-45.0000 5.5000 -13.1031 241 205 155
-44.0000 5.5000 -13.0234 251 215 165
-43.0000 5.5000 -12.9690 255 220 168
-42.0000 5.5000 -12.9330 255 223 171
-41.0000 5.5000 -12.9083 254 217 164
-40.0000 5.5000 -12.8880 246 206 154
-39.0000 5.5000 -12.8673 243 203 151
-38.0000 5.5000 -12.8440 249 209 157
-37.0000 5.5000 -12.8186 255 218 163
-36.0000 5.5000 -12.7938 255 232 171
-35.0000 5.5000 -12.7728 255 235 171
-34.0000 5.5000 -12.7578 255 229 165
-33.0000 5.5000 -12.7496 246 216 152
-32.0000 5.5000 -12.7483 242 212 150
-31.0000 5.5000 -12.7544 250 220 158
-30.0000 5.5000 -12.7702 255 228 168
-29.0000 5.5000 -12.7992 255 230 170
-28.0000 5.5000 -12.8457 255 234 174
-27.0000 5.5000 -12.9121 255 233 173
-26.0000 5.5000 -12.9980 255 227 170
-25.0000 5.5000 -13.0989 249 218 161
-24.0000 5.5000 -13.2074 237 206 151
-23.0000 5.5000 -13.3148 227 196 141
-22.0000 5.5000 -13.4139 223 192 137
-21.0000 5.5000 -13.5007 221 191 137
-20.0000 5.5000 -13.5756 229 202 149
-19.0000 5.5000 -13.6420 230 202 152
-18.0000 5.5000 -13.7048 228 200 152
-17.0000 5.5000 -13.7684 221 195 146
-16.0000 5.5000 -13.8351 213 187 138
-15.0000 5.5000 -13.9056 205 179 130
-14.0000 5.5000 -13.9786 201 174 127
-13.0000 5.5000 -14.0527 198 174 126
-12.0000 5.5000 -14.1270 197 173 127
-11.0000 5.5000 -14.2012 193 171 124
-10.0000 5.5000 -14.2756 188 166 119
-9.0000 5.5000 -14.3510 183 161 114
-8.0000 5.5000 -14.4274 181 158 114
-7.0000 5.5000 -14.5044 180 159 114
-6.0000 5.5000 -14.5802 182 161 116
-5.0000 5.5000 -14.6521 184 163 118
-4.0000 5.5000 -14.7166 193 169 123
-3.0000 5.5000 -14.7698 179 152 107
-2.0000 5.5000 -14.8090 174 147 104
-1.0000 5.5000 -14.8330 182 158 114
0.0000 5.5000 -14.8438 185 161 117
1.0000 5.5000 -14.8458 177 153 109
2.0000 5.5000 -14.8457 179 156 114
3.0000 5.5000 -14.8501 190 167 125
4.0000 5.5000 -14.8639 199 176 135
5.0000 5.5000 -14.8894 194 172 131
6.0000 5.5000 -14.9255 187 165 124
7.0000 5.5000 -14.9693 180 158 117
8.0000 5.5000 -15.0177 173 154 114
9.0000 5.5000 -15.0691 170 151 111
10.0000 5.5000 -15.1252 169 150 110
11.0000 5.5000 -15.1908 169 150 110
12.0000 5.5000 -15.2741 179 160 120
13.0000 5.5000 -15.3859 176 157 115
14.0000 5.5000 -15.5396 174 152 111
15.0000 5.5000 -15.7511 171 149 108
16.0000 5.5000 -16.0399 170 146 108
17.0000 5.5000 -16.4277 166 142 104
18.0000 5.5000 -16.9358 160 136 100
19.0000 5.5000 -17.5792 154 131 97
20.0000 5.5000 -18.3583 131 110 79
21.0000 5.5000 -19.2524 120 101 71
22.0000 5.5000 -20.2184 102 85 59
23.0000 5.5000 -21.1969 84 69 46
24.0000 5.5000 -22.1245 71 58 39
25.0000 5.5000 -22.9479 66 54 38
26.0000 5.5000 -23.6336 65 56 41
27.0000 5.5000 -24.1706 68 59 44
28.0000 5.5000 -24.5664 68 59 42
29.0000 5.5000 -24.8390 66 58 39
30.0000 5.5000 -25.0089 62 54 35
31.0000 5.5000 -25.0931 60 52 33
32.0000 5.5000 -25.1022 60 52 33
33.0000 5.5000 -25.0412 62 54 35
34.0000 5.5000 -24.9120 66 58 39
35.0000 5.5000 -24.7177 68 60 41
36.0000 5.5000 -24.4671 66 58 39
37.0000 5.5000 -24.1773 68 60 41
38.0000 5.5000 -23.8737 72 64 45
39.0000 5.5000 -23.5865 75 67 48
40.0000 5.5000 -23.3453 77 69 50
41.0000 5.5000 -23.1749 77 69 50
42.0000 5.5000 -23.0925 76 68 49
43.0000 5.5000 -23.1085 75 67 46
44.0000 5.5000 -23.2282 76 65 43
45.0000 5.5000 -23.4541 76 66 41
46.0000 5.5000 -23.7867 75 64 42
47.0000 5.5000 -24.2245 73 62 40
48.0000 5.5000 -24.7635 68 60 39
49.0000 5.5000 -25.3974 64 56 35
50.0000 5.5000 -26.1178 61 53 34
51.0000 5.5000 -26.9152 58 51 33
52.0000 5.5000 -27.7790 56 49 33
53.0000 5.5000 -28.6992 52 46 30
54.0000 5.5000 -29.6668 47 41 27
55.0000 5.5000 -30.6754 43 37 23
56.0000 5.5000 -31.7205 41 35 23
57.0000 5.5000 -32.7984 36 30 18
58.0000 5.5000 -33.9049 28 24 13
59.0000 5.5000 -35.0341 24 20 9
60.0000 5.5000 -36.1787 31 24 16
61.0000 5.5000 -37.3325 30 23 15
62.0000 5.5000 -38.4929 27 23 14
63.0000 5.5000 -39.6646 25 21 12
64.0000 5.5000 -40.8638 23 18 12
65.0000 5.5000 -42.1243 22 17 11
66.0000 5.5000 -43.5057 20 17 10
67.0000 5.5000 -45.1002 19 16 9
68.0000 5.5000 -47.0342 16 15 10
69.0000 5.5000 -49.4578 20 19 14
70.0000 5.5000 -52.5158 19 18 14
-99.0000 4.5000 -74.6737 18 15 6
-98.0000 4.5000 -62.8989 29 26 17
-97.0000 4.5000 -52.8944 37 35 22
-96.0000 4.5000 -45.0510 40 38 25
-95.0000 4.5000 -39.3475 40 39 21
-94.0000 4.5000 -35.4658 39 38 20
-93.0000 4.5000 -32.9497 40 39 19
-92.0000 4.5000 -31.3462 43 42 21
-91.0000 4.5000 -30.2895 46 45 24
-90.0000 4.5000 -29.5293 49 48 28
-89.0000 4.5000 -28.9178 50 49 29
-88.0000 4.5000 -28.3821 49 48 30
-87.0000 4.5000 -27.8951 50 49 31
-86.0000 4.5000 -27.4527 53 51 36
-85.0000 4.5000 -27.0583 56 54 39
-84.0000 4.5000 -26.7116 58 55 38
-83.0000 4.5000 -26.4030 57 54 37
-82.0000 4.5000 -26.1115 56 53 34
-81.0000 4.5000 -25.8088 54 53 33
-80.0000 4.5000 -25.4669 54 53 33
-79.0000 4.5000 -25.0664 54 56 35
-78.0000 4.5000 -24.6033 56 58 36
-77.0000 4.5000 -24.0904 57 59 37
-76.0000 4.5000 -23.5526 69 73 48
-75.0000 4.5000 -23.0188 72 76 51
-74.0000 4.5000 -22.5117 75 79 54
-73.0000 4.5000 -22.0411 77 79 55
-72.0000 4.5000 -21.6025 76 79 52
-71.0000 4.5000 -21.1814 77 80 53
-70.0000 4.5000 -20.7610 79 82 55
-69.0000 4.5000 -20.3297 85 83 58
-68.0000 4.5000 -19.8853 102 95 69
-67.0000 4.5000 -19.4348 108 98 73
-66.0000 4.5000 -18.9906 114 102 76
-65.0000 4.5000 -18.5648 118 106 80
-64.0000 4.5000 -18.1653 122 108 81
-63.0000 4.5000 -17.7938 127 112 83
-62.0000 4.5000 -17.4460 134 117 89
-61.0000 4.5000 -17.1150 140 121 89
-60.0000 4.5000 -16.7940 147 127 94
-59.0000 4.5000 -16.4785 152 132 95
-58.0000 4.5000 -16.1676 162 138 102
-57.0000 4.5000 -15.8624 168 144 106
-56.0000 4.5000 -15.5648 174 149 109
-55.0000 4.5000 -15.2761 179 154 114
-54.0000 4.5000 -14.9959 188 160 120
-53.0000 4.5000 -14.7234 192 165 122
-52.0000 4.5000 -14.4579 202 171 124
-51.0000 4.5000 -14.2007 207 177 127
-50.0000 4.5000 -13.9551 218 186 137
-49.0000 4.5000 -13.7264 229 197 146
-48.0000 4.5000 -13.5208 240 207 156
-47.0000 4.5000 -13.3433 246 210 160
-46.0000 4.5000 -13.1970 246 210 160
-45.0000 4.5000 -13.0822 245 208 156
-44.0000 4.5000 -12.9966 249 212 160
-43.0000 4.5000 -12.9356 254 217 164
-42.0000 4.5000 -12.8930 255 220 167
-41.0000 4.5000 -12.8623 254 217 164
-40.0000 4.5000 -12.8371 247 210 157
-39.0000 4.5000 -12.8125 245 208 153
-38.0000 4.5000 -12.7861 249 212 157
-37.0000 4.5000 -12.7583 254 219 161
-36.0000 4.5000 -12.7315 255 232 171
-35.0000 4.5000 -12.7087 255 235 171
-34.0000 4.5000 -12.6921 255 229 165
-33.0000 4.5000 -12.6825 248 218 154
-32.0000 4.5000 -12.6802 244 214 152
-31.0000 4.5000 -12.6860 251 221 159
-30.0000 4.5000 -12.7023 255 228 168
-29.0000 4.5000 -12.7330 255 230 170
-28.0000 4.5000 -12.7824 255 230 170
-27.0000 4.5000 -12.8530 255 230 170
-26.0000 4.5000 -12.9443 255 226 169
-25.0000 4.5000 -13.0516 249 218 161
-24.0000 4.5000 -13.1669 239 208 153
-23.0000 4.5000 -13.2811 230 199 144
-22.0000 4.5000 -13.3868 226 195 140
-21.0000 4.5000 -13.4797 225 194 140
-20.0000 4.5000 -13.5600 227 197 145
-19.0000 4.5000 -13.6316 224 196 146
-18.0000 4.5000 -13.6996 222 191 144
-17.0000 4.5000 -13.7687 213 185 137
-16.0000 4.5000 -13.8415 205 177 129
-15.0000 4.5000 -13.9183 201 175 126
-14.0000 4.5000 -13.9974 202 175 128
-13.0000 4.5000 -14.0767 204 177 130
-12.0000 4.5000 -14.1542 201 174 129
-11.0000 4.5000 -14.2291 198 174 128
-10.0000 4.5000 -14.3011 195 171 125
-9.0000 4.5000 -14.3707 191 169 122
-8.0000 4.5000 -14.4384 189 166 122
-7.0000 4.5000 -14.5040 187 164 120
-6.0000 4.5000 -14.5668 186 163 119
-5.0000 4.5000 -14.6254 186 163 119
-4.0000 4.5000 -14.6775 192 165 120
-3.0000 4.5000 -14.7210 183 156 111
-2.0000 4.5000 -14.7541 181 154 111
-1.0000 4.5000 -14.7769 189 162 119
0.0000 4.5000 -14.7912 189 165 121
1.0000 4.5000 -14.8011 184 160 116
2.0000 4.5000 -14.8117 182 157 116
3.0000 4.5000 -14.8276 187 164 122
4.0000 4.5000 -14.8518 188 165 124
5.0000 4.5000 -14.8850 185 162 121
6.0000 4.5000 -14.9252 180 158 117
7.0000 4.5000 -14.9696 177 155 114
8.0000 4.5000 -15.0156 174 152 113
9.0000 4.5000 -15.0625 172 153 113
10.0000 4.5000 -15.1127 173 154 114
11.0000 4.5000 -15.1719 174 155 115
12.0000 4.5000 -15.2481 178 159 117
13.0000 4.5000 -15.3523 175 156 114
14.0000 4.5000 -15.4974 174 152 111
15.0000 4.5000 -15.6995 172 150 109
16.0000 4.5000 -15.9783 171 147 109
17.0000 4.5000 -16.3562 167 143 105
18.0000 4.5000 -16.8557 161 137 101
19.0000 4.5000 -17.4929 157 133 97
20.0000 4.5000 -18.2692 140 117 85
21.0000 4.5000 -19.1642 125 106 76
22.0000 4.5000 -20.1346 105 88 62
23.0000 4.5000 -21.1203 87 71 48
24.0000 4.5000 -22.0568 76 61 42
25.0000 4.5000 -22.8895 70 57 40
26.0000 4.5000 -23.5837 70 58 44
27.0000 4.5000 -24.1276 69 60 45
28.0000 4.5000 -24.5285 67 58 41
29.0000 4.5000 -24.8042 65 57 38
30.0000 4.5000 -24.9756 63 55 36
31.0000 4.5000 -25.0602 61 53 34
32.0000 4.5000 -25.0690 61 53 34
33.0000 4.5000 -25.0071 63 55 36
34.0000 4.5000 -24.8764 65 57 38
35.0000 4.5000 -24.6799 67 59 40
36.0000 4.5000 -24.4265 66 58 39
37.0000 4.5000 -24.1337 68 60 41
38.0000 4.5000 -23.8275 71 63 44
39.0000 4.5000 -23.5387 75 67 48
40.0000 4.5000 -23.2974 77 69 50
41.0000 4.5000 -23.1286 77 69 50
42.0000 4.5000 -23.0494 77 69 50
43.0000 4.5000 -23.0696 76 68 47
44.0000 4.5000 -23.1941 81 70 48
45.0000 4.5000 -23.4251 80 70 45
46.0000 4.5000 -23.7625 79 68 46
47.0000 4.5000 -24.2047 77 66 44
48.0000 4.5000 -24.7477 74 63 43
49.0000 4.5000 -25.3849 68 60 39
50.0000 4.5000 -26.1081 65 57 38
51.0000 4.5000 -26.9074 63 55 36
52.0000 4.5000 -27.7724 49 42 24
53.0000 4.5000 -28.6926 47 40 24
54.0000 4.5000 -29.6592 44 36 23
55.0000 4.5000 -30.6650 42 36 22
56.0000 4.5000 -31.7052 43 37 25
57.0000 4.5000 -32.7762 42 36 24
58.0000 4.5000 -33.8734 37 33 22
59.0000 4.5000 -34.9911 34 30 19
60.0000 4.5000 -36.1228 29 22 14
61.0000 4.5000 -37.2626 29 22 14
62.0000 4.5000 -38.4088 26 22 13
63.0000 4.5000 -39.5660 26 22 13
64.0000 4.5000 -40.7496 25 20 14
65.0000 4.5000 -41.9919 24 19 13
66.0000 4.5000 -43.3498 23 20 13
67.0000 4.5000 -44.9127 22 19 12
68.0000 4.5000 -46.8042 16 15 10
69.0000 4.5000 -49.1716 20 19 14
70.0000 4.5000 -52.1583 19 18 14
-99.0000 3.5000 -75.4152 19 16 7
-98.0000 3.5000 -63.6685 29 26 17
-97.0000 3.5000 -53.5611 37 35 22
-96.0000 3.5000 -45.5517 39 37 24
-95.0000 3.5000 -39.6774 39 38 20
-94.0000 3.5000 -35.6543 38 37 19
-93.0000 3.5000 -33.0367 38 37 17
-92.0000 3.5000 -31.3663 43 42 21
-91.0000 3.5000 -30.2672 46 45 24
-90.0000 3.5000 -29.4801 50 49 29
-89.0000 3.5000 -28.8523 51 50 30
-88.0000 3.5000 -28.3090 51 50 32
-87.0000 3.5000 -27.8222 53 52 34
-86.0000 3.5000 -27.3871 56 54 39
-85.0000 3.5000 -27.0050 59 57 42
-84.0000 3.5000 -26.6726 59 56 39
-83.0000 3.5000 -26.3762 57 54 37
-82.0000 3.5000 -26.0909 55 52 33
-81.0000 3.5000 -25.7858 52 51 31
-80.0000 3.5000 -25.4320 53 52 32
-79.0000 3.5000 -25.0116 53 55 34
-78.0000 3.5000 -24.5237 57 59 37
-77.0000 3.5000 -23.9843 58 62 39
-76.0000 3.5000 -23.4214 73 75 51
-75.0000 3.5000 -22.8648 76 78 54
-74.0000 3.5000 -22.3373 79 81 57
-73.0000 3.5000 -21.8481 81 81 57
-72.0000 3.5000 -21.3923 82 80 55
-71.0000 3.5000 -20.9564 83 81 56
-70.0000 3.5000 -20.5252 88 84 59
-69.0000 3.5000 -20.0891 92 86 62
-68.0000 3.5000 -19.6470 106 96 71
-67.0000 3.5000 -19.2057 111 99 75
-66.0000 3.5000 -18.7758 118 104 78
-65.0000 3.5000 -18.3671 121 107 81
-64.0000 3.5000 -17.9853 124 110 83
-63.0000 3.5000 -17.6301 129 114 85
-62.0000 3.5000 -17.2969 135 118 90
-61.0000 3.5000 -16.9788 142 123 91
-60.0000 3.5000 -16.6697 145 125 92
-59.0000 3.5000 -16.3663 151 131 94
-58.0000 3.5000 -16.0680 163 139 103
-57.0000 3.5000 -15.7761 170 146 108
-56.0000 3.5000 -15.4923 176 151 111
-55.0000 3.5000 -15.2174 181 156 116
-54.0000 3.5000 -14.9506 186 161 120
-53.0000 3.5000 -14.6908 193 164 122
-52.0000 3.5000 -14.4372 204 172 125
-51.0000 3.5000 -14.1907 213 177 127
-50.0000 3.5000 -13.9542 221 183 134
-49.0000 3.5000 -13.7326 229 191 142
-48.0000 3.5000 -13.5312 237 197 148
-47.0000 3.5000 -13.3550 242 202 151
-46.0000 3.5000 -13.2070 247 207 156
-45.0000 3.5000 -13.0878 249 209 157
-44.0000 3.5000 -12.9959 246 209 156
-43.0000 3.5000 -12.9275 250 213 160
-42.0000 3.5000 -12.8774 252 217 163
-41.0000 3.5000 -12.8395 250 218 161
-40.0000 3.5000 -12.8079 248 216 159
-39.0000 3.5000 -12.7780 245 215 155
-38.0000 3.5000 -12.7473 247 217 157
-37.0000 3.5000 -12.7162 249 219 159
-36.0000 3.5000 -12.6867 255 233 171
-35.0000 3.5000 -12.6619 255 234 172
-34.0000 3.5000 -12.6438 255 229 167
-33.0000 3.5000 -12.6335 251 221 159
-32.0000 3.5000 -12.6315 248 218 156
-31.0000 3.5000 -12.6390 253 223 161
-30.0000 3.5000 -12.6582 255 229 169
-29.0000 3.5000 -12.6931 255 230 170
-28.0000 3.5000 -12.7478 255 225 168
-27.0000 3.5000 -12.8244 255 226 169
-26.0000 3.5000 -12.9222 255 224 169
-25.0000 3.5000 -13.0361 250 219 164
-24.0000 3.5000 -13.1580 241 210 155
-23.0000 3.5000 -13.2786 234 203 148
-22.0000 3.5000 -13.3900 229 198 143
-21.0000 3.5000 -13.4877 227 196 142
-20.0000 3.5000 -13.5719 228 196 145
-19.0000 3.5000 -13.6464 227 197 147
-18.0000 3.5000 -13.7167 227 195 148
-17.0000 3.5000 -13.7880 222 191 144
-16.0000 3.5000 -13.8631 216 185 138
-15.0000 3.5000 -13.9422 211 183 135
-14.0000 3.5000 -14.0236 211 183 136
-13.0000 3.5000 -14.1043 212 184 137
-12.0000 3.5000 -14.1819 201 172 128
-11.0000 3.5000 -14.2546 200 173 128
-10.0000 3.5000 -14.3219 199 172 127
-9.0000 3.5000 -14.3842 196 172 126
-8.0000 3.5000 -14.4422 194 170 126
-7.0000 3.5000 -14.4965 191 167 123
-6.0000 3.5000 -14.5473 188 164 120
-5.0000 3.5000 -14.5940 186 162 118
-4.0000 3.5000 -14.6359 190 163 118
-3.0000 3.5000 -14.6720 190 161 117
-2.0000 3.5000 -14.7016 190 163 118
-1.0000 3.5000 -14.7254 194 167 122
0.0000 3.5000 -14.7455 196 169 124
1.0000 3.5000 -14.7650 192 168 122
2.0000 3.5000 -14.7876 188 164 120
3.0000 3.5000 -14.8160 184 160 116
4.0000 3.5000 -14.8513 180 157 115
5.0000 3.5000 -14.8926 179 156 114
6.0000 3.5000 -14.9373 177 154 113
7.0000 3.5000 -14.9826 174 152 111
8.0000 3.5000 -15.0268 173 151 110
9.0000 3.5000 -15.0703 174 152 111
10.0000 3.5000 -15.1163 176 154 113
11.0000 3.5000 -15.1708 177 155 114
12.0000 3.5000 -15.2419 179 157 116
13.0000 3.5000 -15.3400 176 154 113
14.0000 3.5000 -15.4774 174 151 109
15.0000 3.5000 -15.6698 173 150 108
16.0000 3.5000 -15.9367 172 147 107
17.0000 3.5000 -16.3009 169 144 104
18.0000 3.5000 -16.7861 163 139 101
19.0000 3.5000 -17.4099 159 135 99
20.0000 3.5000 -18.1753 150 127 95
21.0000 3.5000 -19.0639 133 112 81
22.0000 3.5000 -20.0335 110 90 63
23.0000 3.5000 -21.0243 89 73 48
24.0000 3.5000 -21.9709 79 64 43
25.0000 3.5000 -22.8172 74 61 44
26.0000 3.5000 -23.5262 72 60 46
27.0000 3.5000 -24.0838 71 59 45
28.0000 3.5000 -24.4957 66 54 38
29.0000 3.5000 -24.7794 66 55 37
30.0000 3.5000 -24.9559 66 55 37
31.0000 3.5000 -25.0436 66 55 37
32.0000 3.5000 -25.0546 66 55 37
33.0000 3.5000 -24.9944 66 55 37
34.0000 3.5000 -24.8647 66 55 37
35.0000 3.5000 -24.6682 66 55 37
36.0000 3.5000 -24.4130 67 56 38
37.0000 3.5000 -24.1168 70 59 41
38.0000 3.5000 -23.8060 74 63 45
39.0000 3.5000 -23.5121 77 66 48
40.0000 3.5000 -23.2665 79 68 50
41.0000 3.5000 -23.0950 80 69 51
42.0000 3.5000 -23.0152 79 68 50
43.0000 3.5000 -23.0371 79 68 48
44.0000 3.5000 -23.1653 82 70 46
45.0000 3.5000 -23.4012 82 70 44
46.0000 3.5000 -23.7441 80 68 44
47.0000 3.5000 -24.1912 77 67 42
48.0000 3.5000 -24.7378 74 63 41
49.0000 3.5000 -25.3770 70 59 37
50.0000 3.5000 -26.1003 64 56 35
51.0000 3.5000 -26.8981 62 54 35
52.0000 3.5000 -27.7601 56 47 30
53.0000 3.5000 -28.6757 51 44 26
54.0000 3.5000 -29.6353 47 40 24
55.0000 3.5000 -30.6310 45 38 22
56.0000 3.5000 -31.6575 43 37 23
57.0000 3.5000 -32.7110 41 35 21
58.0000 3.5000 -33.7879 37 31 19
59.0000 3.5000 -34.8844 34 27 17
60.0000 3.5000 -35.9961 29 22 14
61.0000 3.5000 -37.1197 29 22 14
62.0000 3.5000 -38.2549 27 23 14
63.0000 3.5000 -39.4069 27 23 14
64.0000 3.5000 -40.5895 27 22 16
65.0000 3.5000 -41.8321 27 22 16
66.0000 3.5000 -43.1878 25 22 15
67.0000 3.5000 -44.7419 25 22 15
68.0000 3.5000 -46.6145 16 15 10
69.0000 3.5000 -48.9509 20 19 14
70.0000 3.5000 -51.8933 19 18 14
-99.0000 2.5000 -76.5664 19 16 7
-98.0000 2.5000 -64.7815 29 26 17
-97.0000 2.5000 -54.5006 36 34 21
-96.0000 2.5000 -46.2558 38 36 23
-95.0000 2.5000 -40.1494 38 37 19
-94.0000 2.5000 -35.9361 37 36 18
-93.0000 2.5000 -33.1822 37 36 16
-92.0000 2.5000 -31.4231 37 36 15
-91.0000 2.5000 -30.2701 40 39 18
-90.0000 2.5000 -29.4517 44 43 23
-89.0000 2.5000 -28.8073 46 45 25
-88.0000 2.5000 -28.2578 46 45 27
-87.0000 2.5000 -27.7732 48 47 29
-86.0000 2.5000 -27.3469 52 50 35
-85.0000 2.5000 -26.9779 55 53 38
-84.0000 2.5000 -26.6593 61 55 39
-83.0000 2.5000 -26.3737 59 53 37
-82.0000 2.5000 -26.0927 54 51 32
-81.0000 2.5000 -25.7831 51 50 30
-80.0000 2.5000 -25.4157 52 51 31
-79.0000 2.5000 -24.9743 53 55 34
-78.0000 2.5000 -24.4608 57 61 38
-77.0000 2.5000 -23.8949 60 64 41
-76.0000 2.5000 -23.3066 68 70 46
-75.0000 2.5000 -22.7270 74 74 50
-74.0000 2.5000 -22.1786 78 78 54
-73.0000 2.5000 -21.6702 81 79 56
-72.0000 2.5000 -21.1971 85 81 56
-71.0000 2.5000 -20.7468 89 83 59
-70.0000 2.5000 -20.3060 96 88 65
-69.0000 2.5000 -19.8668 102 91 69
-68.0000 2.5000 -19.4288 109 94 71
-67.0000 2.5000 -18.9978 114 99 76
-66.0000 2.5000 -18.5824 121 107 81
-65.0000 2.5000 -18.1901 127 111 86
-64.0000 2.5000 -17.8240 129 113 87
-63.0000 2.5000 -17.4828 133 116 88
-62.0000 2.5000 -17.1615 138 118 91
-61.0000 2.5000 -16.8541 141 122 90
-60.0000 2.5000 -16.5556 141 121 88
-59.0000 2.5000 -16.2635 150 128 91
-58.0000 2.5000 -15.9777 161 137 101
-57.0000 2.5000 -15.6996 168 144 106
-56.0000 2.5000 -15.4303 174 149 109
-55.0000 2.5000 -15.1700 178 153 113
-54.0000 2.5000 -14.9175 182 157 116
-53.0000 2.5000 -14.6714 188 159 115
-52.0000 2.5000 -14.4306 204 170 122
-51.0000 2.5000 -14.1958 213 175 126
-50.0000 2.5000 -13.9696 223 183 134
-49.0000 2.5000 -13.7561 228 188 137
-48.0000 2.5000 -13.5600 233 191 141
-47.0000 2.5000 -13.3858 238 197 145
-46.0000 2.5000 -13.2365 244 203 151
-45.0000 2.5000 -13.1132 249 208 156
-44.0000 2.5000 -13.0151 249 209 157
-43.0000 2.5000 -12.9393 248 211 156
-42.0000 2.5000 -12.8812 249 214 158
-41.0000 2.5000 -12.8357 249 217 158
-40.0000 2.5000 -12.7971 249 219 159
-39.0000 2.5000 -12.7613 247 218 158
-38.0000 2.5000 -12.7260 243 217 156
-37.0000 2.5000 -12.6913 242 216 155
-36.0000 2.5000 -12.6592 255 233 170
-35.0000 2.5000 -12.6327 255 232 170
-34.0000 2.5000 -12.6140 255 228 166
-33.0000 2.5000 -12.6043 254 224 162
-32.0000 2.5000 -12.6046 253 223 161
-31.0000 2.5000 -12.6160 255 225 165
-30.0000 2.5000 -12.6410 255 228 168
-29.0000 2.5000 -12.6829 255 230 170
-28.0000 2.5000 -12.7453 255 225 168
-27.0000 2.5000 -12.8299 255 225 168
-26.0000 2.5000 -12.9354 254 223 168
-25.0000 2.5000 -13.0563 249 218 163
-24.0000 2.5000 -13.1846 241 210 155
-23.0000 2.5000 -13.3106 234 203 148
-22.0000 2.5000 -13.4265 227 196 141
-21.0000 2.5000 -13.5276 224 193 139
-20.0000 2.5000 -13.6138 220 188 137
-19.0000 2.5000 -13.6890 226 194 145
-18.0000 2.5000 -13.7588 233 199 153
-17.0000 2.5000 -13.8289 233 201 154
-16.0000 2.5000 -13.9024 228 196 149
-15.0000 2.5000 -13.9800 219 188 141
-14.0000 2.5000 -14.0597 213 182 136
-13.0000 2.5000 -14.1383 209 178 132
-12.0000 2.5000 -14.2127 199 168 124
-11.0000 2.5000 -14.2808 197 168 124
-10.0000 2.5000 -14.3418 197 168 124
-9.0000 2.5000 -14.3959 195 168 123
-8.0000 2.5000 -14.4443 193 166 123
-7.0000 2.5000 -14.4880 190 163 120
-6.0000 2.5000 -14.5282 188 161 118
-5.0000 2.5000 -14.5654 187 160 117
-4.0000 2.5000 -14.5996 192 163 119
-3.0000 2.5000 -14.6308 197 168 124
-2.0000 2.5000 -14.6592 197 170 125
-1.0000 2.5000 -14.6859 194 167 122
0.0000 2.5000 -14.7126 196 169 124
1.0000 2.5000 -14.7420 200 173 128
2.0000 2.5000 -14.7761 193 169 125
3.0000 2.5000 -14.8160 183 159 115
4.0000 2.5000 -14.8610 182 157 116
5.0000 2.5000 -14.9091 179 156 114
6.0000 2.5000 -14.9573 177 154 113
7.0000 2.5000 -15.0033 176 153 112
8.0000 2.5000 -15.0462 174 152 111
9.0000 2.5000 -15.0873 174 152 111
10.0000 2.5000 -15.1306 175 153 112
11.0000 2.5000 -15.1822 175 153 112
12.0000 2.5000 -15.2501 177 155 114
13.0000 2.5000 -15.3439 175 153 112
14.0000 2.5000 -15.4750 173 150 108
15.0000 2.5000 -15.6582 172 149 107
16.0000 2.5000 -15.9124 172 147 107
17.0000 2.5000 -16.2606 170 145 105
18.0000 2.5000 -16.7269 164 140 102
19.0000 2.5000 -17.3309 160 136 100
20.0000 2.5000 -18.0780 156 133 99
21.0000 2.5000 -18.9526 136 115 84
22.0000 2.5000 -19.9153 111 91 64
23.0000 2.5000 -20.9076 90 74 49
24.0000 2.5000 -21.8640 81 66 45
25.0000 2.5000 -22.7263 76 63 46
26.0000 2.5000 -23.4544 72 60 44
27.0000 2.5000 -24.0309 69 57 41
28.0000 2.5000 -24.4587 64 53 35
29.0000 2.5000 -24.7541 65 54 36
30.0000 2.5000 -24.9386 68 55 38
31.0000 2.5000 -25.0316 68 57 39
32.0000 2.5000 -25.0467 69 56 39
33.0000 2.5000 -24.9902 67 56 38
34.0000 2.5000 -24.8636 66 53 36
35.0000 2.5000 -24.6688 64 53 35
36.0000 2.5000 -24.4134 68 55 38
37.0000 2.5000 -24.1144 70 59 41
38.0000 2.5000 -23.7985 75 62 45
39.0000 2.5000 -23.4983 78 67 49
40.0000 2.5000 -23.2465 81 68 51
41.0000 2.5000 -23.0701 81 70 52
42.0000 2.5000 -22.9879 82 69 52
43.0000 2.5000 -23.0104 81 68 49
44.0000 2.5000 -23.1419 79 67 43
45.0000 2.5000 -23.3830 78 66 40
46.0000 2.5000 -23.7316 77 65 41
47.0000 2.5000 -24.1838 74 62 38
48.0000 2.5000 -24.7335 69 58 36
49.0000 2.5000 -25.3732 65 54 32
50.0000 2.5000 -26.0943 61 50 30
51.0000 2.5000 -26.8877 57 49 28
52.0000 2.5000 -27.7437 60 52 33
53.0000 2.5000 -28.6514 56 47 30
54.0000 2.5000 -29.6004 49 42 26
55.0000 2.5000 -30.5813 46 39 23
56.0000 2.5000 -31.5877 43 37 23
57.0000 2.5000 -32.6157 41 35 21
58.0000 2.5000 -33.6638 37 31 19
59.0000 2.5000 -34.7312 34 28 16
60.0000 2.5000 -35.8175 32 25 15
61.0000 2.5000 -36.9232 32 25 17
62.0000 2.5000 -38.0502 29 25 16
63.0000 2.5000 -39.2037 28 24 15
64.0000 2.5000 -40.3956 28 23 17
65.0000 2.5000 -41.6512 27 22 16
66.0000 2.5000 -43.0190 25 22 15
67.0000 2.5000 -44.5800 25 22 15
68.0000 2.5000 -46.4512 16 15 10
69.0000 2.5000 -48.7761 20 19 14
70.0000 2.5000 -51.6967 19 18 14
-99.0000 1.5000 -78.0266 18 15 6
-98.0000 1.5000 -66.1491 28 25 16
-97.0000 1.5000 -55.6412 35 33 20
-96.0000 1.5000 -47.1099 38 36 23
-95.0000 1.5000 -40.7249 38 37 19
-94.0000 1.5000 -36.2831 37 36 18
-93.0000 1.5000 -33.3645 38 37 17
-92.0000 1.5000 -31.4988 34 33 12
-91.0000 1.5000 -30.2828 38 37 16
-90.0000 1.5000 -29.4305 41 40 20
-89.0000 1.5000 -28.7708 43 42 22
-88.0000 1.5000 -28.2182 44 43 25
-87.0000 1.5000 -27.7393 46 45 27
-86.0000 1.5000 -27.3247 50 48 33
-85.0000 1.5000 -26.9705 53 51 36
-84.0000 1.5000 -26.6666 61 55 39
-83.0000 1.5000 -26.3917 58 52 36
-82.0000 1.5000 -26.1144 53 50 31
-81.0000 1.5000 -25.7995 51 50 30
-80.0000 1.5000 -25.4178 52 51 31
-79.0000 1.5000 -24.9546 54 56 35
-78.0000 1.5000 -24.4149 59 61 39
-77.0000 1.5000 -23.8210 62 64 42
-76.0000 1.5000 -23.2056 70 70 46
-75.0000 1.5000 -22.6009 73 73 49
-74.0000 1.5000 -22.0296 79 74 52
-73.0000 1.5000 -21.5006 82 76 54
-72.0000 1.5000 -21.0098 86 78 55
-71.0000 1.5000 -20.5461 92 81 59
-70.0000 1.5000 -20.0979 99 87 65
-69.0000 1.5000 -19.6584 106 91 70
-68.0000 1.5000 -19.2273 109 93 70
-67.0000 1.5000 -18.8088 116 100 77
-66.0000 1.5000 -18.4091 125 109 84
-65.0000 1.5000 -18.0327 133 115 91
-64.0000 1.5000 -17.6807 135 118 92
-63.0000 1.5000 -17.3511 136 119 91
-62.0000 1.5000 -17.0392 139 119 92
-61.0000 1.5000 -16.7402 140 121 89
-60.0000 1.5000 -16.4506 144 124 91
-59.0000 1.5000 -16.1687 153 131 94
-58.0000 1.5000 -15.8951 163 139 103
-57.0000 1.5000 -15.6307 170 146 108
-56.0000 1.5000 -15.3761 174 151 110
-55.0000 1.5000 -15.1305 177 154 113
-54.0000 1.5000 -14.8924 182 157 116
-53.0000 1.5000 -14.6600 187 158 114
-52.0000 1.5000 -14.4322 200 166 118
-51.0000 1.5000 -14.2095 210 173 121
-50.0000 1.5000 -13.9940 220 180 129
-49.0000 1.5000 -13.7892 226 186 135
-48.0000 1.5000 -13.5992 231 189 139
-47.0000 1.5000 -13.4279 235 194 142
-46.0000 1.5000 -13.2783 242 199 148
-45.0000 1.5000 -13.1518 246 205 151
-44.0000 1.5000 -13.0482 253 212 158
-43.0000 1.5000 -12.9655 252 213 158
-42.0000 1.5000 -12.8998 249 214 158
-41.0000 1.5000 -12.8466 248 216 157
-40.0000 1.5000 -12.8011 248 218 158
-39.0000 1.5000 -12.7594 246 218 155
-38.0000 1.5000 -12.7196 241 216 152
-37.0000 1.5000 -12.6817 239 214 150
-36.0000 1.5000 -12.6479 255 231 171
-35.0000 1.5000 -12.6208 255 229 169
-34.0000 1.5000 -12.6029 255 227 167
-33.0000 1.5000 -12.5959 255 227 167
-32.0000 1.5000 -12.6007 255 227 167
-31.0000 1.5000 -12.6189 255 226 169
-30.0000 1.5000 -12.6524 255 226 169
-29.0000 1.5000 -12.7042 255 227 170
-28.0000 1.5000 -12.7768 255 228 173
-27.0000 1.5000 -12.8711 255 225 170
-26.0000 1.5000 -12.9850 252 221 167
-25.0000 1.5000 -13.1130 245 214 160
-24.0000 1.5000 -13.2468 238 207 153
-23.0000 1.5000 -13.3770 229 198 144
-22.0000 1.5000 -13.4957 222 191 137
-21.0000 1.5000 -13.5984 217 185 134
-20.0000 1.5000 -13.6847 212 178 130
-19.0000 1.5000 -13.7583 218 184 136
-18.0000 1.5000 -13.8251 227 190 145
-17.0000 1.5000 -13.8910 226 192 146
-16.0000 1.5000 -13.9597 221 187 141
-15.0000 1.5000 -14.0323 211 179 132
-14.0000 1.5000 -14.1069 204 171 126
-13.0000 1.5000 -14.1805 200 167 122
-12.0000 1.5000 -14.2496 201 168 125
-11.0000 1.5000 -14.3117 199 168 124
-10.0000 1.5000 -14.3657 198 167 123
-9.0000 1.5000 -14.4119 194 165 121
-8.0000 1.5000 -14.4516 194 165 123
-7.0000 1.5000 -14.4866 194 165 123
-6.0000 1.5000 -14.5184 194 165 123
-5.0000 1.5000 -14.5485 194 165 123
-4.0000 1.5000 -14.5775 196 167 123
-3.0000 1.5000 -14.6061 201 173 126
-2.0000 1.5000 -14.6350 199 171 124
-1.0000 1.5000 -14.6652 193 165 118
0.0000 1.5000 -14.6983 193 166 121
1.0000 1.5000 -14.7360 200 173 128
2.0000 1.5000 -14.7792 198 171 128
3.0000 1.5000 -14.8277 186 162 118
4.0000 1.5000 -14.8796 180 156 112
5.0000 1.5000 -14.9321 180 156 112
6.0000 1.5000 -14.9822 178 155 113
7.0000 1.5000 -15.0282 177 154 112
8.0000 1.5000 -15.0698 177 154 113
9.0000 1.5000 -15.1094 178 155 114
10.0000 1.5000 -15.1513 177 155 114
11.0000 1.5000 -15.2017 178 156 115
12.0000 1.5000 -15.2681 177 154 112
13.0000 1.5000 -15.3591 175 152 110
14.0000 1.5000 -15.4854 172 149 107
15.0000 1.5000 -15.6603 171 148 106
16.0000 1.5000 -15.9018 171 146 105
17.0000 1.5000 -16.2323 169 144 104
18.0000 1.5000 -16.6766 164 138 101
19.0000 1.5000 -17.2555 159 135 99
20.0000 1.5000 -17.9776 156 133 99
21.0000 1.5000 -18.8311 137 116 85
22.0000 1.5000 -19.7804 112 92 65
23.0000 1.5000 -20.7696 91 73 49
24.0000 1.5000 -21.7339 81 64 44
25.0000 1.5000 -22.6128 74 61 44
26.0000 1.5000 -23.3624 69 57 41
27.0000 1.5000 -23.9612 66 54 38
28.0000 1.5000 -24.4086 64 51 34
29.0000 1.5000 -24.7189 66 53 36
30.0000 1.5000 -24.9138 70 54 38
31.0000 1.5000 -25.0140 70 57 40
32.0000 1.5000 -25.0346 72 56 40
33.0000 1.5000 -24.9830 68 55 38
34.0000 1.5000 -24.8609 68 52 36
35.0000 1.5000 -24.6695 64 51 34
36.0000 1.5000 -24.4155 70 54 38
37.0000 1.5000 -24.1154 70 57 40
38.0000 1.5000 -23.7960 77 61 45
39.0000 1.5000 -23.4908 79 66 49
40.0000 1.5000 -23.2336 84 68 52
41.0000 1.5000 -23.0530 83 70 53
42.0000 1.5000 -22.9688 85 69 53
43.0000 1.5000 -22.9921 83 70 51
44.0000 1.5000 -23.1270 80 68 44
45.0000 1.5000 -23.3733 79 67 41
46.0000 1.5000 -23.7274 77 65 39
47.0000 1.5000 -24.1839 74 62 36
48.0000 1.5000 -24.7352 70 58 34
49.0000 1.5000 -25.3734 65 54 32
50.0000 1.5000 -26.0903 61 50 30
51.0000 1.5000 -26.8775 58 47 27
52.0000 1.5000 -27.7258 53 45 26
53.0000 1.5000 -28.6246 50 41 24
54.0000 1.5000 -29.5618 45 38 22
55.0000 1.5000 -30.5264 44 37 21
56.0000 1.5000 -31.5100 46 38 25
57.0000 1.5000 -32.5088 47 39 26
58.0000 1.5000 -33.5235 46 38 25
59.0000 1.5000 -34.5573 44 36 25
60.0000 1.5000 -35.6150 37 30 20
61.0000 1.5000 -36.7014 36 29 21
62.0000 1.5000 -37.8207 32 28 19
63.0000 1.5000 -38.9783 30 26 17
64.0000 1.5000 -40.1833 27 22 16
65.0000 1.5000 -41.4569 25 20 14
66.0000 1.5000 -42.8431 22 19 12
67.0000 1.5000 -44.4191 21 18 11
68.0000 1.5000 -46.2997 16 15 10
69.0000 1.5000 -48.6275 20 19 14
70.0000 1.5000 -51.5452 19 18 14
-98.0000 0.5000 -67.6236 26 23 14
-97.0000 0.5000 -56.8691 35 33 20
-96.0000 0.5000 -48.0328 38 36 23
-95.0000 0.5000 -41.3499 38 37 19
-94.0000 0.5000 -36.6606 39 38 20
-93.0000 0.5000 -33.5610 39 38 18
-92.0000 0.5000 -31.5770 39 38 17
-91.0000 0.5000 -30.2915 42 41 20
-90.0000 0.5000 -29.4036 46 45 25
-89.0000 0.5000 -28.7303 47 46 26
-88.0000 0.5000 -28.1782 47 46 28
-87.0000 0.5000 -27.7090 49 48 30
-86.0000 0.5000 -27.3101 52 50 35
-85.0000 0.5000 -26.9741 55 53 38
-84.0000 0.5000 -26.6875 57 54 37
-83.0000 0.5000 -26.4253 55 52 35
-82.0000 0.5000 -26.1533 53 50 31
-81.0000 0.5000 -25.8343 52 51 31
-80.0000 0.5000 -25.4389 51 53 32
-79.0000 0.5000 -24.9540 55 57 36
-78.0000 0.5000 -24.3871 59 61 39
-77.0000 0.5000 -23.7633 61 63 41
-76.0000 0.5000 -23.1178 76 76 52
-75.0000 0.5000 -22.4845 78 76 53
-74.0000 0.5000 -21.8870 83 77 55
-73.0000 0.5000 -21.3351 84 76 55
-72.0000 0.5000 -20.8258 88 76 54
-71.0000 0.5000 -20.3496 93 78 57
-70.0000 0.5000 -19.8964 99 82 62
-69.0000 0.5000 -19.4601 105 87 67
-68.0000 0.5000 -19.0395 111 95 72
-67.0000 0.5000 -18.6366 118 102 79
-66.0000 0.5000 -18.2542 128 110 86
-65.0000 0.5000 -17.8939 135 117 93
-64.0000 0.5000 -17.5550 137 120 94
-63.0000 0.5000 -17.2348 138 121 93
-62.0000 0.5000 -16.9298 141 121 94
-61.0000 0.5000 -16.6368 144 123 92
-60.0000 0.5000 -16.3540 155 132 100
-59.0000 0.5000 -16.0810 161 139 102
-58.0000 0.5000 -15.8185 169 145 109
-57.0000 0.5000 -15.5671 174 150 112
-56.0000 0.5000 -15.3264 177 154 113
-55.0000 0.5000 -15.0949 180 157 116
-54.0000 0.5000 -14.8704 185 160 119
-53.0000 0.5000 -14.6509 190 163 118
-52.0000 0.5000 -14.4355 198 166 117
-51.0000 0.5000 -14.2245 205 169 117
-50.0000 0.5000 -14.0199 212 176 124
-49.0000 0.5000 -13.8245 220 183 130
-48.0000 0.5000 -13.6415 228 188 136
-47.0000 0.5000 -13.4745 235 194 142
-46.0000 0.5000 -13.3260 241 198 145
-45.0000 0.5000 -13.1979 245 202 149
-44.0000 0.5000 -13.0902 254 211 158
-43.0000 0.5000 -13.0016 253 212 156
-42.0000 0.5000 -12.9291 252 213 156
-41.0000 0.5000 -12.8688 249 214 156
-40.0000 0.5000 -12.8167 247 215 154
-39.0000 0.5000 -12.7695 245 215 153
-38.0000 0.5000 -12.7256 243 215 152
-37.0000 0.5000 -12.6855 241 213 150
-36.0000 0.5000 -12.6511 255 229 169
-35.0000 0.5000 -12.6251 255 225 165
-34.0000 0.5000 -12.6100 254 224 164
-33.0000 0.5000 -12.6079 255 229 169
-32.0000 0.5000 -12.6201 255 229 172
-31.0000 0.5000 -12.6480 255 226 169
-30.0000 0.5000 -12.6931 255 224 167
-29.0000 0.5000 -12.7574 255 225 168
-28.0000 0.5000 -12.8423 255 230 175
-27.0000 0.5000 -12.9476 255 225 170
-26.0000 0.5000 -13.0703 248 217 163
-25.0000 0.5000 -13.2047 239 208 154
-24.0000 0.5000 -13.3425 231 200 146
-23.0000 0.5000 -13.4749 224 193 139
-22.0000 0.5000 -13.5942 216 184 133
-21.0000 0.5000 -13.6960 212 179 128
-20.0000 0.5000 -13.7801 217 181 133
-19.0000 0.5000 -13.8500 219 183 135
-18.0000 0.5000 -13.9116 222 184 139
-17.0000 0.5000 -13.9709 218 181 136
-16.0000 0.5000 -14.0322 214 177 132
-15.0000 0.5000 -14.0971 208 174 128
-14.0000 0.5000 -14.1645 206 172 127
-13.0000 0.5000 -14.2313 207 173 128
-12.0000 0.5000 -14.2941 205 170 128
-11.0000 0.5000 -14.3502 203 170 127
-10.0000 0.5000 -14.3981 203 170 127
-9.0000 0.5000 -14.4381 201 170 126
-8.0000 0.5000 -14.4714 202 170 129
-7.0000 0.5000 -14.5000 203 171 130
-6.0000 0.5000 -14.5262 205 173 132
-5.0000 0.5000 -14.5516 204 175 131
-4.0000 0.5000 -14.5776 199 170 126
-3.0000 0.5000 -14.6051 200 172 125
-2.0000 0.5000 -14.6351 197 169 122
-1.0000 0.5000 -14.6684 190 162 115
0.0000 0.5000 -14.7062 190 163 118
1.0000 0.5000 -14.7494 197 170 125
2.0000 0.5000 -14.7981 196 169 126
3.0000 0.5000 -14.8512 189 162 119
4.0000 0.5000 -14.9062 175 151 107
5.0000 0.5000 -14.9601 176 152 108
6.0000 0.5000 -15.0101 176 153 111
7.0000 0.5000 -15.0550 177 154 112
8.0000 0.5000 -15.0955 179 156 115
9.0000 0.5000 -15.1342 180 157 116
10.0000 0.5000 -15.1757 180 158 117
11.0000 0.5000 -15.2261 181 159 118
12.0000 0.5000 -15.2921 177 154 112
13.0000 0.5000 -15.3817 174 151 109
14.0000 0.5000 -15.5041 171 148 106
15.0000 0.5000 -15.6716 169 146 104
16.0000 0.5000 -15.9007 169 144 103
17.0000 0.5000 -16.2128 166 141 100
18.0000 0.5000 -16.6327 161 135 98
19.0000 0.5000 -17.1825 157 131 96
20.0000 0.5000 -17.8740 154 130 96
21.0000 0.5000 -18.6999 138 115 84
22.0000 0.5000 -19.6296 115 94 67
23.0000 0.5000 -20.6108 94 76 52
24.0000 0.5000 -21.5797 82 65 45
25.0000 0.5000 -22.4743 73 60 41
26.0000 0.5000 -23.2466 69 56 40
27.0000 0.5000 -23.8700 66 53 37
28.0000 0.5000 -24.3396 67 51 35
29.0000 0.5000 -24.6676 68 52 36
30.0000 0.5000 -24.8752 70 54 38
31.0000 0.5000 -24.9842 71 55 39
32.0000 0.5000 -25.0113 71 55 39
33.0000 0.5000 -24.9653 70 54 38
34.0000 0.5000 -24.8485 68 52 36
35.0000 0.5000 -24.6617 67 51 35
36.0000 0.5000 -24.4111 70 54 38
37.0000 0.5000 -24.1126 72 56 40
38.0000 0.5000 -23.7930 77 61 45
39.0000 0.5000 -23.4863 81 65 49
40.0000 0.5000 -23.2273 85 69 53
41.0000 0.5000 -23.0455 86 70 54
42.0000 0.5000 -22.9616 86 70 54
43.0000 0.5000 -22.9870 86 71 52
44.0000 0.5000 -23.1257 87 72 49
45.0000 0.5000 -23.3766 84 72 46
46.0000 0.5000 -23.7350 82 70 44
47.0000 0.5000 -24.1938 79 67 41
48.0000 0.5000 -24.7448 74 62 38
49.0000 0.5000 -25.3794 69 57 33
50.0000 0.5000 -26.0902 64 53 33
51.0000 0.5000 -26.8699 62 51 31
52.0000 0.5000 -27.7102 58 50 31
53.0000 0.5000 -28.6002 53 45 26
54.0000 0.5000 -29.5265 47 40 24
55.0000 0.5000 -30.4755 44 37 21
56.0000 0.5000 -31.4370 44 36 23
57.0000 0.5000 -32.4068 44 36 23
58.0000 0.5000 -33.3877 42 34 21
59.0000 0.5000 -34.3871 40 32 21
60.0000 0.5000 -35.4150 38 31 21
61.0000 0.5000 -36.4805 37 30 22
62.0000 0.5000 -37.5905 33 29 20
63.0000 0.5000 -38.7499 30 26 17
64.0000 0.5000 -39.9658 27 22 16
65.0000 0.5000 -41.2558 24 19 13
66.0000 0.5000 -42.6605 21 18 11
67.0000 0.5000 -44.2547 19 16 9
68.0000 0.5000 -46.1523 16 15 10
69.0000 0.5000 -48.4962 20 19 14
70.0000 0.5000 -51.4294 19 18 14
-98.0000 -0.5000 -69.0594 25 22 13
-97.0000 -0.5000 -58.0777 34 32 19
-96.0000 -0.5000 -48.9537 38 36 23
-95.0000 -0.5000 -41.9820 39 38 20
-94.0000 -0.5000 -37.0451 40 39 21
-93.0000 -0.5000 -33.7591 41 40 20
-92.0000 -0.5000 -31.6499 42 41 20
-91.0000 -0.5000 -30.2896 45 44 23
-90.0000 -0.5000 -29.3637 48 47 27
-89.0000 -0.5000 -28.6770 49 48 28
-88.0000 -0.5000 -28.1278 48 47 29
-87.0000 -0.5000 -27.6721 49 48 30
-86.0000 -0.5000 -27.2931 52 50 35
-85.0000 -0.5000 -26.9800 55 53 38
-84.0000 -0.5000 -26.7152 54 51 34
-83.0000 -0.5000 -26.4700 54 51 34
-82.0000 -0.5000 -26.2068 54 51 32
-81.0000 -0.5000 -25.8867 53 52 32
-80.0000 -0.5000 -25.4797 53 55 34
-79.0000 -0.5000 -24.9739 56 58 37
-78.0000 -0.5000 -24.3789 59 61 39
-77.0000 -0.5000 -23.7231 60 62 40
-76.0000 -0.5000 -23.0441 78 78 54
-75.0000 -0.5000 -22.3781 83 78 56
-74.0000 -0.5000 -21.7507 86 78 57
-73.0000 -0.5000 -21.1732 88 77 57
-72.0000 -0.5000 -20.6445 92 77 56
-71.0000 -0.5000 -20.1566 98 80 60
-70.0000 -0.5000 -19.7009 106 85 66
-69.0000 -0.5000 -19.2711 111 90 71
-68.0000 -0.5000 -18.8644 117 99 77
-67.0000 -0.5000 -18.4799 122 104 82
-66.0000 -0.5000 -18.1166 128 110 86
-65.0000 -0.5000 -17.7728 132 114 90
-64.0000 -0.5000 -17.4461 137 117 92
-63.0000 -0.5000 -17.1335 140 120 93
-62.0000 -0.5000 -16.8331 145 124 97
-61.0000 -0.5000 -16.5437 149 128 97
-60.0000 -0.5000 -16.2656 161 138 106
-59.0000 -0.5000 -15.9996 165 143 106
-58.0000 -0.5000 -15.7466 171 147 111
-57.0000 -0.5000 -15.5065 174 150 112
-56.0000 -0.5000 -15.2781 176 153 112
-55.0000 -0.5000 -15.0590 179 156 115
-54.0000 -0.5000 -14.8465 184 159 118
-53.0000 -0.5000 -14.6386 190 163 118
-52.0000 -0.5000 -14.4344 197 170 117
-51.0000 -0.5000 -14.2346 199 170 114
-50.0000 -0.5000 -14.0409 202 171 116
-49.0000 -0.5000 -13.8555 209 176 122
-48.0000 -0.5000 -13.6811 221 184 131
-47.0000 -0.5000 -13.5201 233 194 139
-46.0000 -0.5000 -13.3750 242 201 147
-45.0000 -0.5000 -13.2473 247 204 151
-44.0000 -0.5000 -13.1374 252 209 154
-43.0000 -0.5000 -13.0444 252 209 154
-42.0000 -0.5000 -12.9661 252 211 155
-41.0000 -0.5000 -12.8994 250 211 152
-40.0000 -0.5000 -12.8412 248 212 152
-39.0000 -0.5000 -12.7891 247 213 152
-38.0000 -0.5000 -12.7420 249 215 152
-37.0000 -0.5000 -12.7006 249 217 156
-36.0000 -0.5000 -12.6670 255 227 167
-35.0000 -0.5000 -12.6439 252 221 164
-34.0000 -0.5000 -12.6341 252 221 164
-33.0000 -0.5000 -12.6396 255 228 171
-32.0000 -0.5000 -12.6621 255 231 176
-31.0000 -0.5000 -12.7027 255 226 171
-30.0000 -0.5000 -12.7623 254 223 168
-29.0000 -0.5000 -12.8416 254 223 168
-28.0000 -0.5000 -12.9405 255 229 175
-27.0000 -0.5000 -13.0575 253 222 168
-26.0000 -0.5000 -13.1887 242 210 159
-25.0000 -0.5000 -13.3281 232 200 149
-24.0000 -0.5000 -13.4678 225 193 142
-23.0000 -0.5000 -13.5995 219 187 136
-22.0000 -0.5000 -13.7165 213 181 132
-21.0000 -0.5000 -13.8148 209 175 127
-20.0000 -0.5000 -13.8942 214 176 129
-19.0000 -0.5000 -13.9582 217 179 132
-18.0000 -0.5000 -14.0124 220 179 135
-17.0000 -0.5000 -14.0631 217 179 134
-16.0000 -0.5000 -14.1150 213 175 130
-15.0000 -0.5000 -14.1705 211 174 129
-14.0000 -0.5000 -14.2292 211 174 130
-13.0000 -0.5000 -14.2886 213 176 132
-12.0000 -0.5000 -14.3456 202 165 123
-11.0000 -0.5000 -14.3971 201 166 124
-10.0000 -0.5000 -14.4413 204 169 127
-9.0000 -0.5000 -14.4780 205 172 129
-8.0000 -0.5000 -14.5082 207 174 133
-7.0000 -0.5000 -14.5338 208 175 134
-6.0000 -0.5000 -14.5572 209 176 135
-5.0000 -0.5000 -14.5803 208 177 133
-4.0000 -0.5000 -14.6049 198 169 125
-3.0000 -0.5000 -14.6320 197 169 122
-2.0000 -0.5000 -14.6627 193 165 118
-1.0000 -0.5000 -14.6976 190 162 115
0.0000 -0.5000 -14.7375 191 162 118
1.0000 -0.5000 -14.7827 193 164 120
2.0000 -0.5000 -14.8328 191 164 119
3.0000 -0.5000 -14.8861 187 160 115
4.0000 -0.5000 -14.9403 174 150 106
5.0000 -0.5000 -14.9923 175 151 107
6.0000 -0.5000 -15.0401 175 152 110
7.0000 -0.5000 -15.0830 176 153 111
8.0000 -0.5000 -15.1220 176 153 111
9.0000 -0.5000 -15.1603 177 154 112
10.0000 -0.5000 -15.2021 177 154 113
11.0000 -0.5000 -15.2532 177 154 113
12.0000 -0.5000 -15.3196 177 154 112
13.0000 -0.5000 -15.4084 174 151 109
14.0000 -0.5000 -15.5277 171 146 105
15.0000 -0.5000 -15.6884 169 144 103
16.0000 -0.5000 -15.9055 167 142 101
17.0000 -0.5000 -16.1990 163 138 97
18.0000 -0.5000 -16.5930 158 132 95
19.0000 -0.5000 -17.1109 153 127 92
20.0000 -0.5000 -17.7676 151 127 93
21.0000 -0.5000 -18.5608 139 116 85
22.0000 -0.5000 -19.4653 120 99 72
23.0000 -0.5000 -20.4337 99 81 57
24.0000 -0.5000 -21.4041 85 68 48
25.0000 -0.5000 -22.3129 74 61 42
26.0000 -0.5000 -23.1081 69 56 40
27.0000 -0.5000 -23.7575 67 54 38
28.0000 -0.5000 -24.2518 68 52 36
29.0000 -0.5000 -24.5999 70 53 37
30.0000 -0.5000 -24.8222 70 53 37
31.0000 -0.5000 -24.9414 71 54 38
32.0000 -0.5000 -24.9756 71 54 38
33.0000 -0.5000 -24.9353 70 53 37
34.0000 -0.5000 -24.8239 70 53 37
35.0000 -0.5000 -24.6425 69 52 36
36.0000 -0.5000 -24.3972 70 53 37
37.0000 -0.5000 -24.1035 73 56 40
38.0000 -0.5000 -23.7881 78 61 45
39.0000 -0.5000 -23.4849 83 66 50
40.0000 -0.5000 -23.2292 86 69 53
41.0000 -0.5000 -23.0508 88 71 55
42.0000 -0.5000 -22.9706 88 71 55
43.0000 -0.5000 -23.0001 87 72 53
44.0000 -0.5000 -23.1430 87 72 49
45.0000 -0.5000 -23.3976 86 72 46
46.0000 -0.5000 -23.7583 82 70 44
47.0000 -0.5000 -24.2171 79 67 41
48.0000 -0.5000 -24.7652 74 62 38
49.0000 -0.5000 -25.3943 69 57 33
50.0000 -0.5000 -26.0976 64 53 33
51.0000 -0.5000 -26.8691 61 50 30
52.0000 -0.5000 -27.7013 65 57 38
53.0000 -0.5000 -28.5830 59 51 32
54.0000 -0.5000 -29.4994 51 42 27
55.0000 -0.5000 -30.4346 45 36 21
56.0000 -0.5000 -31.3763 41 33 20
57.0000 -0.5000 -32.3198 39 31 18
58.0000 -0.5000 -33.2693 36 28 15
59.0000 -0.5000 -34.2361 33 25 14
60.0000 -0.5000 -35.2345 36 29 19
61.0000 -0.5000 -36.2777 35 28 20
62.0000 -0.5000 -37.3750 31 27 18
63.0000 -0.5000 -38.5315 29 25 16
64.0000 -0.5000 -39.7529 26 21 15
65.0000 -0.5000 -41.0547 24 19 13
66.0000 -0.5000 -42.4761 21 18 11
67.0000 -0.5000 -44.0916 20 17 10
68.0000 -0.5000 -46.0156 16 15 10
69.0000 -0.5000 -48.3919 20 19 14
70.0000 -0.5000 -51.3640 19 18 14
-98.0000 -1.5000 -70.4023 24 22 10
-97.0000 -1.5000 -59.2396 33 31 18
-96.0000 -1.5000 -49.8656 38 36 21
-95.0000 -1.5000 -42.6265 40 39 21
-94.0000 -1.5000 -37.4478 41 40 20
-93.0000 -1.5000 -33.9703 42 41 21
-92.0000 -1.5000 -31.7264 41 40 19
-91.0000 -1.5000 -30.2823 44 43 22
-90.0000 -1.5000 -29.3119 47 46 26
-89.0000 -1.5000 -28.6089 47 46 26
-88.0000 -1.5000 -28.0625 46 45 27
-87.0000 -1.5000 -27.6226 47 46 28
-86.0000 -1.5000 -27.2678 49 47 32
-85.0000 -1.5000 -26.9826 53 50 35
-84.0000 -1.5000 -26.7451 53 50 35
-83.0000 -1.5000 -26.5224 53 50 33
-82.0000 -1.5000 -26.2732 53 52 34
-81.0000 -1.5000 -25.9559 55 54 34
-80.0000 -1.5000 -25.5400 56 55 35
-79.0000 -1.5000 -25.0145 59 58 38
-78.0000 -1.5000 -24.3913 60 59 38
-77.0000 -1.5000 -23.7016 61 60 39
-76.0000 -1.5000 -22.9863 77 75 52
-75.0000 -1.5000 -22.2844 81 76 54
-74.0000 -1.5000 -21.6240 86 78 57
-73.0000 -1.5000 -21.0189 90 79 57
-72.0000 -1.5000 -20.4701 96 81 60
-71.0000 -1.5000 -19.9714 102 86 63
-70.0000 -1.5000 -19.5150 114 93 74
-69.0000 -1.5000 -19.0941 120 99 78
-68.0000 -1.5000 -18.7037 122 104 80
-67.0000 -1.5000 -18.3392 124 108 82
-66.0000 -1.5000 -17.9958 126 110 84
-65.0000 -1.5000 -17.6683 129 112 84
-64.0000 -1.5000 -17.3527 132 115 87
-63.0000 -1.5000 -17.0462 139 120 90
-62.0000 -1.5000 -16.7484 147 128 96
-61.0000 -1.5000 -16.4606 154 134 101
-60.0000 -1.5000 -16.1851 160 137 103
-59.0000 -1.5000 -15.9239 163 141 104
-58.0000 -1.5000 -15.6782 167 143 105
-57.0000 -1.5000 -15.4472 169 146 105
-56.0000 -1.5000 -15.2287 171 146 106
-55.0000 -1.5000 -15.0198 174 149 108
-54.0000 -1.5000 -14.8172 181 153 113
-53.0000 -1.5000 -14.6191 185 158 113
-52.0000 -1.5000 -14.4250 200 173 120
-51.0000 -1.5000 -14.2358 198 169 113
-50.0000 -1.5000 -14.0531 197 166 111
-49.0000 -1.5000 -13.8786 203 170 116
-48.0000 -1.5000 -13.7142 217 181 129
-47.0000 -1.5000 -13.5616 233 193 142
-46.0000 -1.5000 -13.4222 244 202 152
-45.0000 -1.5000 -13.2972 249 206 155
-44.0000 -1.5000 -13.1872 248 205 154
-43.0000 -1.5000 -13.0916 250 207 154
-42.0000 -1.5000 -13.0089 251 208 155
-41.0000 -1.5000 -12.9368 251 208 153
-40.0000 -1.5000 -12.8733 249 208 152
-39.0000 -1.5000 -12.8169 250 211 152
-38.0000 -1.5000 -12.7674 255 216 157
-37.0000 -1.5000 -12.7258 255 221 161
-36.0000 -1.5000 -12.6944 255 225 164
-35.0000 -1.5000 -12.6761 251 219 160
-34.0000 -1.5000 -12.6738 252 220 161
-33.0000 -1.5000 -12.6898 255 229 170
-32.0000 -1.5000 -12.7255 255 232 175
-31.0000 -1.5000 -12.7817 255 226 169
-30.0000 -1.5000 -12.8583 253 221 164
-29.0000 -1.5000 -12.9546 254 221 167
-28.0000 -1.5000 -13.0687 255 226 173
-27.0000 -1.5000 -13.1976 250 217 164
-26.0000 -1.5000 -13.3364 238 205 154
-25.0000 -1.5000 -13.4789 228 196 147
-24.0000 -1.5000 -13.6178 222 190 141
-23.0000 -1.5000 -13.7458 217 185 136
-22.0000 -1.5000 -13.8572 212 180 133
-21.0000 -1.5000 -13.9487 209 175 129
-20.0000 -1.5000 -14.0206 196 158 113
-19.0000 -1.5000 -14.0761 202 164 119
-18.0000 -1.5000 -14.1209 209 170 127
-17.0000 -1.5000 -14.1611 211 174 130
-16.0000 -1.5000 -14.2020 209 172 128
-15.0000 -1.5000 -14.2469 204 170 125
-14.0000 -1.5000 -14.2964 201 166 124
-13.0000 -1.5000 -14.3488 201 166 124
-12.0000 -1.5000 -14.4012 191 156 116
-11.0000 -1.5000 -14.4505 195 160 120
-10.0000 -1.5000 -14.4943 200 165 125
-9.0000 -1.5000 -14.5315 204 171 130
-8.0000 -1.5000 -14.5627 207 173 135
-7.0000 -1.5000 -14.5891 206 174 135
-6.0000 -1.5000 -14.6128 205 173 134
-5.0000 -1.5000 -14.6359 201 172 130
-4.0000 -1.5000 -14.6602 196 167 123
-3.0000 -1.5000 -14.6870 192 165 118
-2.0000 -1.5000 -14.7174 189 162 117
-1.0000 -1.5000 -14.7519 190 163 118
0.0000 -1.5000 -14.7910 191 164 119
1.0000 -1.5000 -14.8346 189 162 117
2.0000 -1.5000 -14.8819 187 160 115
3.0000 -1.5000 -14.9315 183 159 113
4.0000 -1.5000 -14.9811 178 154 110
5.0000 -1.5000 -15.0285 178 154 110
6.0000 -1.5000 -15.0721 176 153 111
7.0000 -1.5000 -15.1117 175 152 110
8.0000 -1.5000 -15.1490 173 150 108
9.0000 -1.5000 -15.1869 170 147 105
10.0000 -1.5000 -15.2294 168 145 103
11.0000 -1.5000 -15.2815 167 144 102
12.0000 -1.5000 -15.3488 177 154 112
13.0000 -1.5000 -15.4372 173 150 108
14.0000 -1.5000 -15.5540 170 147 105
15.0000 -1.5000 -15.7085 167 144 102
16.0000 -1.5000 -15.9139 165 142 100
17.0000 -1.5000 -16.1889 160 137 96
18.0000 -1.5000 -16.5566 155 129 92
19.0000 -1.5000 -17.0412 150 126 90
20.0000 -1.5000 -17.6604 150 125 94
21.0000 -1.5000 -18.4172 141 118 87
22.0000 -1.5000 -19.2926 123 103 76
23.0000 -1.5000 -20.2444 104 86 62
24.0000 -1.5000 -21.2133 87 72 51
25.0000 -1.5000 -22.1349 75 62 43
26.0000 -1.5000 -22.9530 70 59 41
27.0000 -1.5000 -23.6300 69 58 40
28.0000 -1.5000 -24.1511 69 53 37
29.0000 -1.5000 -24.5218 70 53 37
30.0000 -1.5000 -24.7608 70 53 37
31.0000 -1.5000 -24.8911 70 53 37
32.0000 -1.5000 -24.9327 70 53 37
33.0000 -1.5000 -24.8978 70 53 37
34.0000 -1.5000 -24.7913 70 53 37
35.0000 -1.5000 -24.6157 70 53 37
36.0000 -1.5000 -24.3770 70 53 37
37.0000 -1.5000 -24.0911 72 56 40
38.0000 -1.5000 -23.7840 77 61 45
39.0000 -1.5000 -23.4896 82 66 50
40.0000 -1.5000 -23.2425 85 69 53
41.0000 -1.5000 -23.0723 87 71 55
42.0000 -1.5000 -22.9994 88 72 56
43.0000 -1.5000 -23.0351 87 72 53
44.0000 -1.5000 -23.1826 81 69 47
45.0000 -1.5000 -23.4398 80 68 44
46.0000 -1.5000 -23.8008 77 67 42
47.0000 -1.5000 -24.2574 74 64 39
48.0000 -1.5000 -24.8007 69 58 36
49.0000 -1.5000 -25.4227 64 53 33
50.0000 -1.5000 -26.1177 59 48 28
51.0000 -1.5000 -26.8804 55 47 28
52.0000 -1.5000 -27.7040 59 50 33
53.0000 -1.5000 -28.5772 54 45 28
54.0000 -1.5000 -29.4839 47 38 23
55.0000 -1.5000 -30.4063 43 33 21
56.0000 -1.5000 -31.3306 41 33 20
57.0000 -1.5000 -32.2511 41 33 20
58.0000 -1.5000 -33.1730 40 32 19
59.0000 -1.5000 -34.1102 39 31 20
60.0000 -1.5000 -35.0805 33 26 16
61.0000 -1.5000 -36.1008 31 27 18
62.0000 -1.5000 -37.1825 28 25 16
63.0000 -1.5000 -38.3317 27 24 15
64.0000 -1.5000 -39.5540 25 22 15
65.0000 -1.5000 -40.8649 24 21 14
66.0000 -1.5000 -42.3041 23 20 13
67.0000 -1.5000 -43.9481 20 20 12
68.0000 -1.5000 -45.9142 16 15 10
69.0000 -1.5000 -48.3479 20 19 14
70.0000 -1.5000 -51.3925 19 18 14
-98.0000 -2.5000 -71.7668 19 19 7
-97.0000 -2.5000 -60.4707 26 27 13
-96.0000 -2.5000 -50.8734 32 33 17
-95.0000 -2.5000 -43.3699 35 36 18
-94.0000 -2.5000 -37.9341 37 39 18
-93.0000 -2.5000 -34.2409 38 40 19
-92.0000 -2.5000 -31.8374 42 41 20
-91.0000 -2.5000 -30.2890 43 42 21
-90.0000 -2.5000 -29.2598 45 42 23
-89.0000 -2.5000 -28.5320 46 43 24
-88.0000 -2.5000 -27.9851 49 46 29
-87.0000 -2.5000 -27.5614 51 48 33
-86.0000 -2.5000 -27.2336 53 49 37
-85.0000 -2.5000 -26.9810 55 52 37
-84.0000 -2.5000 -26.7765 55 52 37
-83.0000 -2.5000 -26.5819 55 52 37
-82.0000 -2.5000 -26.3515 54 51 36
-81.0000 -2.5000 -26.0409 51 48 31
-80.0000 -2.5000 -25.6187 49 46 29
-79.0000 -2.5000 -25.0748 52 49 30
-78.0000 -2.5000 -24.4236 60 58 37
-77.0000 -2.5000 -23.6994 68 63 43
-76.0000 -2.5000 -22.9465 78 73 51
-75.0000 -2.5000 -22.2072 86 80 58
-74.0000 -2.5000 -21.5127 92 84 61
-73.0000 -2.5000 -20.8794 92 85 59
-72.0000 -2.5000 -20.3107 98 88 63
-71.0000 -2.5000 -19.8020 110 98 72
-70.0000 -2.5000 -19.3460 118 106 82
-69.0000 -2.5000 -18.9350 121 107 81
-68.0000 -2.5000 -18.5613 127 116 86
-67.0000 -2.5000 -18.2164 122 111 79
-66.0000 -2.5000 -17.8917 121 108 76
-65.0000 -2.5000 -17.5791 126 113 79
-64.0000 -2.5000 -17.2728 136 121 88
-63.0000 -2.5000 -16.9708 143 127 93
-62.0000 -2.5000 -16.6742 145 127 91
-61.0000 -2.5000 -16.3865 144 124 87
-60.0000 -2.5000 -16.1120 159 137 98
-59.0000 -2.5000 -15.8537 162 140 99
-58.0000 -2.5000 -15.6128 167 144 103
-57.0000 -2.5000 -15.3883 170 145 104
-56.0000 -2.5000 -15.1772 173 145 105
-55.0000 -2.5000 -14.9759 175 148 105
-54.0000 -2.5000 -14.7811 180 151 109
-53.0000 -2.5000 -14.5913 186 155 109
-52.0000 -2.5000 -14.4062 200 167 116
-51.0000 -2.5000 -14.2272 214 178 126
-50.0000 -2.5000 -14.0557 221 185 133
-49.0000 -2.5000 -13.8931 216 180 130
-48.0000 -2.5000 -13.7402 214 176 129
-47.0000 -2.5000 -13.5978 223 182 138
-46.0000 -2.5000 -13.4663 233 192 148
-45.0000 -2.5000 -13.3465 240 197 154
-44.0000 -2.5000 -13.2385 238 195 152
-43.0000 -2.5000 -13.1421 242 198 153
-42.0000 -2.5000 -13.0564 246 202 153
-41.0000 -2.5000 -12.9802 251 208 157
-40.0000 -2.5000 -12.9123 255 212 159
-39.0000 -2.5000 -12.8525 255 214 159
-38.0000 -2.5000 -12.8013 255 216 158
-37.0000 -2.5000 -12.7605 255 217 156
-36.0000 -2.5000 -12.7327 255 222 159
-35.0000 -2.5000 -12.7211 255 218 155
-34.0000 -2.5000 -12.7285 255 223 160
-33.0000 -2.5000 -12.7573 255 224 162
-32.0000 -2.5000 -12.8088 251 215 155
-31.0000 -2.5000 -12.8831 248 212 152
-30.0000 -2.5000 -12.9788 248 213 155
-29.0000 -2.5000 -13.0934 240 205 149
-28.0000 -2.5000 -13.2232 244 209 155
-27.0000 -2.5000 -13.3635 232 196 146
-26.0000 -2.5000 -13.5086 223 187 139
-25.0000 -2.5000 -13.6520 221 187 141
-24.0000 -2.5000 -13.7872 219 185 140
-23.0000 -2.5000 -13.9082 211 177 132
-22.0000 -2.5000 -14.0106 203 168 126
-21.0000 -2.5000 -14.0921 200 165 123
-20.0000 -2.5000 -14.1533 208 171 129
-19.0000 -2.5000 -14.1977 209 172 130
-18.0000 -2.5000 -14.2307 208 173 133
-17.0000 -2.5000 -14.2586 207 174 133
-16.0000 -2.5000 -14.2871 202 173 131
-15.0000 -2.5000 -14.3206 198 169 127
-14.0000 -2.5000 -14.3607 196 167 127
-13.0000 -2.5000 -14.4068 196 164 125
-12.0000 -2.5000 -14.4564 196 164 126
-11.0000 -2.5000 -14.5061 198 164 127
-10.0000 -2.5000 -14.5530 198 164 127
-9.0000 -2.5000 -14.5948 194 160 123
-8.0000 -2.5000 -14.6310 187 157 121
-7.0000 -2.5000 -14.6619 185 157 120
-6.0000 -2.5000 -14.6891 186 160 123
-5.0000 -2.5000 -14.7144 190 165 125
-4.0000 -2.5000 -14.7395 196 172 128
-3.0000 -2.5000 -14.7661 195 171 125
-2.0000 -2.5000 -14.7952 192 168 124
-1.0000 -2.5000 -14.8274 189 165 121
0.0000 -2.5000 -14.8631 186 162 118
1.0000 -2.5000 -14.9019 183 159 115
2.0000 -2.5000 -14.9433 181 157 113
3.0000 -2.5000 -14.9858 179 156 112
4.0000 -2.5000 -15.0279 181 158 114
5.0000 -2.5000 -15.0682 179 156 112
6.0000 -2.5000 -15.1058 178 155 111
7.0000 -2.5000 -15.1412 178 155 111
8.0000 -2.5000 -15.1762 179 156 112
9.0000 -2.5000 -15.2135 178 155 111
10.0000 -2.5000 -15.2567 174 151 107
11.0000 -2.5000 -15.3103 171 148 104
12.0000 -2.5000 -15.3787 172 151 106
13.0000 -2.5000 -15.4673 171 150 105
14.0000 -2.5000 -15.5820 169 148 103
15.0000 -2.5000 -15.7309 167 146 103
16.0000 -2.5000 -15.9255 165 144 101
17.0000 -2.5000 -16.1827 163 141 100
18.0000 -2.5000 -16.5245 162 138 102
19.0000 -2.5000 -16.9755 160 137 103
20.0000 -2.5000 -17.5563 155 134 103
21.0000 -2.5000 -18.2749 149 130 100
22.0000 -2.5000 -19.1186 135 118 92
23.0000 -2.5000 -20.0511 114 98 73
24.0000 -2.5000 -21.0165 90 78 56
25.0000 -2.5000 -21.9499 76 65 45
26.0000 -2.5000 -22.7915 71 63 42
27.0000 -2.5000 -23.4977 75 64 46
28.0000 -2.5000 -24.0481 74 58 42
29.0000 -2.5000 -24.4438 73 56 40
30.0000 -2.5000 -24.7014 71 54 38
31.0000 -2.5000 -24.8440 72 55 39
32.0000 -2.5000 -24.8930 73 57 41
33.0000 -2.5000 -24.8627 74 58 42
34.0000 -2.5000 -24.7604 72 56 40
35.0000 -2.5000 -24.5898 70 54 38
36.0000 -2.5000 -24.3583 67 51 35
37.0000 -2.5000 -24.0817 70 57 40
38.0000 -2.5000 -23.7861 76 63 46
39.0000 -2.5000 -23.5043 82 69 52
40.0000 -2.5000 -23.2701 85 72 55
41.0000 -2.5000 -23.1121 83 70 53
42.0000 -2.5000 -23.0497 79 68 50
43.0000 -2.5000 -23.0933 77 66 48
44.0000 -2.5000 -23.2458 79 71 52
45.0000 -2.5000 -23.5050 75 68 49
46.0000 -2.5000 -23.8650 71 64 45
47.0000 -2.5000 -24.3179 67 60 41
48.0000 -2.5000 -24.8551 64 57 39
49.0000 -2.5000 -25.4696 62 55 37
50.0000 -2.5000 -26.1560 61 54 36
51.0000 -2.5000 -26.9096 61 54 36
52.0000 -2.5000 -27.7238 60 53 37
53.0000 -2.5000 -28.5870 56 48 35
54.0000 -2.5000 -29.4826 49 41 28
55.0000 -2.5000 -30.3920 44 36 25
56.0000 -2.5000 -31.2999 42 32 22
57.0000 -2.5000 -32.2002 42 32 22
58.0000 -2.5000 -33.0982 45 35 25
59.0000 -2.5000 -34.0094 46 37 28
60.0000 -2.5000 -34.9542 33 30 21
61.0000 -2.5000 -35.9524 29 29 19
62.0000 -2.5000 -37.0180 27 27 17
63.0000 -2.5000 -38.1589 24 24 14
64.0000 -2.5000 -39.3818 23 23 15
65.0000 -2.5000 -40.7040 23 23 15
66.0000 -2.5000 -42.1682 24 24 16
67.0000 -2.5000 -43.8556 23 24 16
68.0000 -2.5000 -45.8887 19 20 14
69.0000 -2.5000 -48.4167 18 19 13
70.0000 -2.5000 -51.5817 17 18 13
71.0000 -2.5000 -55.4704 15 16 11
72.0000 -2.5000 -60.0650 13 14 9
-98.0000 -3.5000 -73.4627 18 20 7
-97.0000 -3.5000 -62.0522 26 28 14
-96.0000 -3.5000 -52.2110 34 35 19
-95.0000 -3.5000 -44.3916 37 38 20
-94.0000 -3.5000 -38.6319 38 40 19
-93.0000 -3.5000 -34.6562 37 39 18
-92.0000 -3.5000 -32.0371 43 42 21
-91.0000 -3.5000 -30.3431 44 43 22
-90.0000 -3.5000 -29.2283 46 43 24
-89.0000 -3.5000 -28.4603 48 45 26
-88.0000 -3.5000 -27.9054 50 47 32
-87.0000 -3.5000 -27.4959 52 49 34
-86.0000 -3.5000 -27.1965 56 50 38
-85.0000 -3.5000 -26.9801 57 51 39
-84.0000 -3.5000 -26.8127 53 50 35
-83.0000 -3.5000 -26.6504 54 51 36
-82.0000 -3.5000 -26.4422 52 49 34
-81.0000 -3.5000 -26.1408 50 47 32
-80.0000 -3.5000 -25.7139 52 46 30
-79.0000 -3.5000 -25.1526 56 51 32
-78.0000 -3.5000 -24.4739 63 58 39
-77.0000 -3.5000 -23.7157 69 64 44
-76.0000 -3.5000 -22.9258 80 74 52
-75.0000 -3.5000 -22.1500 88 82 58
-74.0000 -3.5000 -21.4224 94 86 63
-73.0000 -3.5000 -20.7621 94 87 61
-72.0000 -3.5000 -20.1748 98 91 63
-71.0000 -3.5000 -19.6572 109 102 74
-70.0000 -3.5000 -19.2021 119 109 82
-69.0000 -3.5000 -18.8002 120 111 82
-68.0000 -3.5000 -18.4412 122 113 80
-67.0000 -3.5000 -18.1131 118 110 74
-66.0000 -3.5000 -17.8039 116 106 70
-65.0000 -3.5000 -17.5030 120 110 74
-64.0000 -3.5000 -17.2038 132 118 81
-63.0000 -3.5000 -16.9047 142 128 91
-62.0000 -3.5000 -16.6083 151 133 95
-61.0000 -3.5000 -16.3201 153 135 95
-60.0000 -3.5000 -16.0456 166 144 105
-59.0000 -3.5000 -15.7888 169 147 106
-58.0000 -3.5000 -15.5508 176 151 110
-57.0000 -3.5000 -15.3303 178 153 112
-56.0000 -3.5000 -15.1240 182 153 111
-55.0000 -3.5000 -14.9280 184 155 113
-54.0000 -3.5000 -14.7393 191 160 116
-53.0000 -3.5000 -14.5566 195 162 117
-52.0000 -3.5000 -14.3800 203 167 117
-51.0000 -3.5000 -14.2111 216 179 127
-50.0000 -3.5000 -14.0511 223 185 136
-49.0000 -3.5000 -13.9010 219 181 134
-48.0000 -3.5000 -13.7606 218 177 133
-47.0000 -3.5000 -13.6297 223 181 139
-46.0000 -3.5000 -13.5079 232 190 150
-45.0000 -3.5000 -13.3950 236 194 152
-44.0000 -3.5000 -13.2910 237 194 152
-43.0000 -3.5000 -13.1956 239 196 153
-42.0000 -3.5000 -13.1086 245 201 156
-41.0000 -3.5000 -13.0296 250 206 157
-40.0000 -3.5000 -12.9585 254 211 160
-39.0000 -3.5000 -12.8962 255 214 161
-38.0000 -3.5000 -12.8443 255 216 161
-37.0000 -3.5000 -12.8053 255 218 158
-36.0000 -3.5000 -12.7825 255 223 158
-35.0000 -3.5000 -12.7790 255 218 153
-34.0000 -3.5000 -12.7981 255 223 158
-33.0000 -3.5000 -12.8418 255 223 161
-32.0000 -3.5000 -12.9112 253 215 153
-31.0000 -3.5000 -13.0052 250 211 152
-30.0000 -3.5000 -13.1211 247 211 153
-29.0000 -3.5000 -13.2545 238 201 146
-28.0000 -3.5000 -13.3998 231 194 142
-27.0000 -3.5000 -13.5504 226 188 139
-26.0000 -3.5000 -13.6999 222 185 140
-25.0000 -3.5000 -13.8418 221 184 140
-24.0000 -3.5000 -13.9705 214 179 137
-23.0000 -3.5000 -14.0813 205 170 128
-22.0000 -3.5000 -14.1713 204 169 129
-21.0000 -3.5000 -14.2394 208 173 133
-20.0000 -3.5000 -14.2870 210 172 133
-19.0000 -3.5000 -14.3175 206 171 131
-18.0000 -3.5000 -14.3364 202 169 128
-17.0000 -3.5000 -14.3501 197 168 128
-16.0000 -3.5000 -14.3651 196 168 128
-15.0000 -3.5000 -14.3865 194 169 128
-14.0000 -3.5000 -14.4173 195 167 127
-13.0000 -3.5000 -14.4579 194 166 127
-12.0000 -3.5000 -14.5063 193 161 123
-11.0000 -3.5000 -14.5587 194 161 126
-10.0000 -3.5000 -14.6113 194 160 125
-9.0000 -3.5000 -14.6610 191 158 123
-8.0000 -3.5000 -14.7055 185 155 119
-7.0000 -3.5000 -14.7443 182 156 121
-6.0000 -3.5000 -14.7778 183 159 123
-5.0000 -3.5000 -14.8075 186 164 125
-4.0000 -3.5000 -14.8349 185 162 120
-3.0000 -3.5000 -14.8616 185 162 118
-2.0000 -3.5000 -14.8890 184 161 117
-1.0000 -3.5000 -14.9178 184 161 117
0.0000 -3.5000 -14.9483 183 160 116
1.0000 -3.5000 -14.9803 183 160 116
2.0000 -3.5000 -15.0135 182 159 115
3.0000 -3.5000 -15.0468 182 159 115
4.0000 -3.5000 -15.0795 180 157 113
5.0000 -3.5000 -15.1110 178 155 111
6.0000 -3.5000 -15.1413 176 153 109
7.0000 -3.5000 -15.1715 177 154 110
8.0000 -3.5000 -15.2035 178 155 111
9.0000 -3.5000 -15.2399 177 154 110
10.0000 -3.5000 -15.2839 173 150 106
11.0000 -3.5000 -15.3391 170 147 103
12.0000 -3.5000 -15.4093 176 155 108
13.0000 -3.5000 -15.4986 173 155 107
14.0000 -3.5000 -15.6121 170 152 106
15.0000 -3.5000 -15.7563 166 147 104
16.0000 -3.5000 -15.9412 163 141 100
17.0000 -3.5000 -16.1817 159 137 98
18.0000 -3.5000 -16.4989 156 134 97
19.0000 -3.5000 -16.9174 154 131 99
20.0000 -3.5000 -17.4604 151 130 99
21.0000 -3.5000 -18.1404 146 126 99
22.0000 -3.5000 -18.9513 134 117 91
23.0000 -3.5000 -19.8628 115 101 75
24.0000 -3.5000 -20.8232 93 81 57
25.0000 -3.5000 -21.7678 78 67 45
26.0000 -3.5000 -22.6335 71 63 42
27.0000 -3.5000 -23.3710 72 64 43
28.0000 -3.5000 -23.9535 74 58 42
29.0000 -3.5000 -24.3772 73 56 40
30.0000 -3.5000 -24.6558 71 54 38
31.0000 -3.5000 -24.8122 72 55 39
32.0000 -3.5000 -24.8689 73 57 41
33.0000 -3.5000 -24.8427 74 58 42
34.0000 -3.5000 -24.7432 73 57 41
35.0000 -3.5000 -24.5764 71 55 39
36.0000 -3.5000 -24.3511 67 54 37
37.0000 -3.5000 -24.0838 71 58 41
38.0000 -3.5000 -23.8002 75 64 46
39.0000 -3.5000 -23.5327 80 69 51
40.0000 -3.5000 -23.3138 82 71 53
41.0000 -3.5000 -23.1703 81 70 52
42.0000 -3.5000 -23.1205 76 68 49
43.0000 -3.5000 -23.1735 74 66 47
44.0000 -3.5000 -23.3318 78 71 53
45.0000 -3.5000 -23.5929 76 69 51
46.0000 -3.5000 -23.9514 72 65 47
47.0000 -3.5000 -24.4002 68 61 43
48.0000 -3.5000 -24.9316 64 57 41
49.0000 -3.5000 -25.5389 62 55 39
50.0000 -3.5000 -26.2170 61 54 38
51.0000 -3.5000 -26.9612 61 54 38
52.0000 -3.5000 -27.7647 58 50 37
53.0000 -3.5000 -28.6159 54 46 33
54.0000 -3.5000 -29.4982 49 41 30
55.0000 -3.5000 -30.3930 44 36 25
56.0000 -3.5000 -31.2848 41 33 22
57.0000 -3.5000 -32.1669 41 33 22
58.0000 -3.5000 -33.0445 42 33 24
59.0000 -3.5000 -33.9336 43 36 26
60.0000 -3.5000 -34.8568 30 30 20
61.0000 -3.5000 -35.8361 28 30 19
62.0000 -3.5000 -36.8885 26 28 17
63.0000 -3.5000 -38.0244 24 26 15
64.0000 -3.5000 -39.2531 23 24 16
65.0000 -3.5000 -40.5949 22 23 15
66.0000 -3.5000 -42.0981 22 23 15
67.0000 -3.5000 -43.8517 22 23 15
68.0000 -3.5000 -45.9867 19 20 14
69.0000 -3.5000 -48.6585 18 19 13
70.0000 -3.5000 -52.0073 17 18 13
71.0000 -3.5000 -56.1061 15 16 11
72.0000 -3.5000 -60.9118 13 14 9
-98.0000 -4.5000 -75.9455 18 20 7
-97.0000 -4.5000 -64.3903 27 29 15
-96.0000 -4.5000 -54.2115 36 37 21
-95.0000 -4.5000 -45.9436 39 40 22
-94.0000 -4.5000 -39.7178 38 40 19
-93.0000 -4.5000 -35.3323 37 39 18
-92.0000 -4.5000 -32.3981 44 43 23
-91.0000 -4.5000 -30.4895 45 44 24
-90.0000 -4.5000 -29.2458 48 45 26
-89.0000 -4.5000 -28.4133 50 47 28
-88.0000 -4.5000 -27.8386 52 49 34
-87.0000 -4.5000 -27.4387 54 51 36
-86.0000 -4.5000 -27.1674 57 51 39
-85.0000 -4.5000 -26.9885 58 52 40
-84.0000 -4.5000 -26.8605 53 50 35
-83.0000 -4.5000 -26.7321 52 49 34
-82.0000 -4.5000 -26.5471 51 48 33
-81.0000 -4.5000 -26.2553 49 46 31
-80.0000 -4.5000 -25.8234 52 46 30
-79.0000 -4.5000 -25.2446 57 52 33
-78.0000 -4.5000 -24.5389 64 59 40
-77.0000 -4.5000 -23.7480 69 64 44
-76.0000 -4.5000 -22.9232 81 75 53
-75.0000 -4.5000 -22.1134 89 83 59
-74.0000 -4.5000 -21.3557 96 88 65
-73.0000 -4.5000 -20.6714 96 89 63
-72.0000 -4.5000 -20.0681 100 93 65
-71.0000 -4.5000 -19.5431 110 103 75
-70.0000 -4.5000 -19.0887 120 110 83
-69.0000 -4.5000 -18.6940 121 112 83
-68.0000 -4.5000 -18.3460 123 114 81
-67.0000 -4.5000 -18.0300 119 111 75
-66.0000 -4.5000 -17.7313 116 106 70
-65.0000 -4.5000 -17.4378 117 107 71
-64.0000 -4.5000 -17.1427 127 113 76
-63.0000 -4.5000 -16.8449 138 124 87
-62.0000 -4.5000 -16.5483 152 134 96
-61.0000 -4.5000 -16.2596 159 141 101
-60.0000 -4.5000 -15.9852 169 147 108
-59.0000 -4.5000 -15.7291 172 150 109
-58.0000 -4.5000 -15.4928 179 154 113
-57.0000 -4.5000 -15.2745 182 157 116
-56.0000 -4.5000 -15.0710 186 157 115
-55.0000 -4.5000 -14.8788 189 160 118
-54.0000 -4.5000 -14.6952 195 164 120
-53.0000 -4.5000 -14.5190 200 167 122
-52.0000 -4.5000 -14.3509 203 170 119
-51.0000 -4.5000 -14.1921 217 181 129
-50.0000 -4.5000 -14.0439 225 187 138
-49.0000 -4.5000 -13.9064 222 184 137
-48.0000 -4.5000 -13.7789 218 180 135
-47.0000 -4.5000 -13.6600 222 184 139
-46.0000 -4.5000 -13.5486 230 188 146
-45.0000 -4.5000 -13.4438 232 190 148
-44.0000 -4.5000 -13.3452 236 193 151
-43.0000 -4.5000 -13.2526 238 195 152
-42.0000 -4.5000 -13.1659 242 199 154
-41.0000 -4.5000 -13.0856 247 205 155
-40.0000 -4.5000 -13.0127 253 210 159
-39.0000 -4.5000 -12.9491 255 213 160
-38.0000 -4.5000 -12.8975 255 216 161
-37.0000 -4.5000 -12.8615 255 218 160
-36.0000 -4.5000 -12.8447 255 222 160
-35.0000 -4.5000 -12.8509 255 217 155
-34.0000 -4.5000 -12.8832 255 222 159
-33.0000 -4.5000 -12.9435 255 223 161
-32.0000 -4.5000 -13.0320 252 214 152
-31.0000 -4.5000 -13.1466 249 210 151
-30.0000 -4.5000 -13.2829 244 207 152
-29.0000 -4.5000 -13.4345 234 197 144
-28.0000 -4.5000 -13.5938 216 180 130
-27.0000 -4.5000 -13.7529 216 180 132
-26.0000 -4.5000 -13.9044 217 180 135
-25.0000 -4.5000 -14.0422 216 179 135
-24.0000 -4.5000 -14.1614 206 171 129
-23.0000 -4.5000 -14.2590 198 163 123
-22.0000 -4.5000 -14.3335 202 167 129
-21.0000 -4.5000 -14.3852 212 177 137
-20.0000 -4.5000 -14.4163 209 171 132
-19.0000 -4.5000 -14.4305 201 166 124
-18.0000 -4.5000 -14.4334 194 161 118
-17.0000 -4.5000 -14.4316 189 160 118
-16.0000 -4.5000 -14.4322 191 164 121
-15.0000 -4.5000 -14.4413 193 169 125
-14.0000 -4.5000 -14.4632 197 170 127
-13.0000 -4.5000 -14.4989 196 168 128
-12.0000 -4.5000 -14.5468 190 158 119
-11.0000 -4.5000 -14.6032 190 158 120
-10.0000 -4.5000 -14.6632 191 157 120
-9.0000 -4.5000 -14.7224 187 155 117
-8.0000 -4.5000 -14.7775 183 153 115
-7.0000 -4.5000 -14.8264 179 153 116
-6.0000 -4.5000 -14.8686 179 155 117
-5.0000 -4.5000 -14.9046 180 158 117
-4.0000 -4.5000 -14.9360 177 154 112
-3.0000 -4.5000 -14.9640 178 155 111
-2.0000 -4.5000 -14.9903 178 155 111
-1.0000 -4.5000 -15.0156 178 155 111
0.0000 -4.5000 -15.0404 178 155 111
1.0000 -4.5000 -15.0649 179 156 112
2.0000 -4.5000 -15.0889 179 156 112
3.0000 -4.5000 -15.1121 179 156 112
4.0000 -4.5000 -15.1343 178 155 111
5.0000 -4.5000 -15.1561 176 153 109
6.0000 -4.5000 -15.1783 175 152 108
7.0000 -4.5000 -15.2025 175 152 108
8.0000 -4.5000 -15.2310 177 154 110
9.0000 -4.5000 -15.2664 176 153 109
10.0000 -4.5000 -15.3112 172 149 105
11.0000 -4.5000 -15.3685 169 146 102
12.0000 -4.5000 -15.4410 175 154 109
13.0000 -4.5000 -15.5320 174 153 108
14.0000 -4.5000 -15.6453 171 150 107
15.0000 -4.5000 -15.7861 167 146 103
16.0000 -4.5000 -15.9626 163 140 99
17.0000 -4.5000 -16.1883 159 135 97
18.0000 -4.5000 -16.4828 156 132 96
19.0000 -4.5000 -16.8708 154 131 99
20.0000 -4.5000 -17.3774 147 126 95
21.0000 -4.5000 -18.0195 144 124 97
22.0000 -4.5000 -18.7971 135 118 92
23.0000 -4.5000 -19.6864 119 103 78
24.0000 -4.5000 -20.6403 99 84 61
25.0000 -4.5000 -21.5954 81 71 46
26.0000 -4.5000 -22.4858 71 63 40
27.0000 -4.5000 -23.2566 71 60 40
28.0000 -4.5000 -23.8745 74 58 42
29.0000 -4.5000 -24.3297 73 56 40
30.0000 -4.5000 -24.6328 72 55 39
31.0000 -4.5000 -24.8053 72 55 39
32.0000 -4.5000 -24.8710 74 58 42
33.0000 -4.5000 -24.8487 75 59 43
34.0000 -4.5000 -24.7508 73 57 41
35.0000 -4.5000 -24.5859 71 55 39
36.0000 -4.5000 -24.3646 70 57 40
37.0000 -4.5000 -24.1043 73 60 43
38.0000 -4.5000 -23.8313 75 64 46
39.0000 -4.5000 -23.5772 78 67 49
40.0000 -4.5000 -23.3733 79 68 50
41.0000 -4.5000 -23.2451 79 68 50
42.0000 -4.5000 -23.2089 75 67 48
43.0000 -4.5000 -23.2726 74 66 47
44.0000 -4.5000 -23.4375 79 70 53
45.0000 -4.5000 -23.7013 77 68 51
46.0000 -4.5000 -24.0590 73 64 47
47.0000 -4.5000 -24.5044 70 61 44
48.0000 -4.5000 -25.0308 66 57 42
49.0000 -4.5000 -25.6320 63 56 40
50.0000 -4.5000 -26.3026 62 55 39
51.0000 -4.5000 -27.0374 61 54 38
52.0000 -4.5000 -27.8291 53 47 33
53.0000 -4.5000 -28.6664 51 45 31
54.0000 -4.5000 -29.5333 48 42 30
55.0000 -4.5000 -30.4120 44 38 26
56.0000 -4.5000 -31.2877 41 35 23
57.0000 -4.5000 -32.1535 40 34 22
58.0000 -4.5000 -33.0142 37 33 22
59.0000 -4.5000 -33.8860 36 34 22
60.0000 -4.5000 -34.7928 29 29 19
61.0000 -4.5000 -35.7589 28 30 19
62.0000 -4.5000 -36.8044 27 29 18
63.0000 -4.5000 -37.9425 26 28 17
64.0000 -4.5000 -39.1860 25 26 18
65.0000 -4.5000 -40.5601 22 23 15
66.0000 -4.5000 -42.1212 20 21 13
67.0000 -4.5000 -43.9696 19 20 12
68.0000 -4.5000 -46.2493 19 20 14
69.0000 -4.5000 -49.1244 18 19 13
70.0000 -4.5000 -52.7326 17 18 13
71.0000 -4.5000 -57.1267 14 15 10
-98.0000 -5.5000 -79.6970 16 18 7
-97.0000 -5.5000 -67.9152 27 29 16
-96.0000 -5.5000 -57.2288 37 38 24
-95.0000 -5.5000 -48.2949 40 41 25
-94.0000 -5.5000 -41.3820 38 39 21
-93.0000 -5.5000 -36.3949 36 38 17
-92.0000 -5.5000 -32.9998 45 44 24
-91.0000 -5.5000 -30.7774 46 45 25
-90.0000 -5.5000 -29.3444 49 46 27
-89.0000 -5.5000 -28.4140 52 49 30
-88.0000 -5.5000 -27.8027 54 51 36
-87.0000 -5.5000 -27.4052 56 53 38
-86.0000 -5.5000 -27.1594 58 52 40
-85.0000 -5.5000 -27.0173 59 53 41
-84.0000 -5.5000 -26.9280 54 51 36
-83.0000 -5.5000 -26.8327 53 50 35
-82.0000 -5.5000 -26.6694 50 47 32
-81.0000 -5.5000 -26.3848 48 45 30
-80.0000 -5.5000 -25.9460 52 46 30
-79.0000 -5.5000 -25.3482 56 51 32
-78.0000 -5.5000 -24.6153 62 57 38
-77.0000 -5.5000 -23.7927 67 62 42
-76.0000 -5.5000 -22.9354 79 73 51
-75.0000 -5.5000 -22.0952 88 82 58
-74.0000 -5.5000 -21.3115 95 87 64
-73.0000 -5.5000 -20.6074 95 88 62
-72.0000 -5.5000 -19.9913 100 93 65
-71.0000 -5.5000 -19.4608 109 102 74
-70.0000 -5.5000 -19.0070 118 108 81
-69.0000 -5.5000 -18.6171 119 110 81
-68.0000 -5.5000 -18.2757 125 116 83
-67.0000 -5.5000 -17.9662 123 115 79
-66.0000 -5.5000 -17.6722 121 111 75
-65.0000 -5.5000 -17.3815 120 110 74
-64.0000 -5.5000 -17.0872 126 112 75
-63.0000 -5.5000 -16.7892 135 121 84
-62.0000 -5.5000 -16.4924 148 130 92
-61.0000 -5.5000 -16.2038 155 137 97
-60.0000 -5.5000 -15.9300 164 142 103
-59.0000 -5.5000 -15.6750 168 146 105
-58.0000 -5.5000 -15.4398 175 150 109
-57.0000 -5.5000 -15.2229 178 153 112
-56.0000 -5.5000 -15.0214 184 155 113
-55.0000 -5.5000 -14.8323 187 158 116
-54.0000 -5.5000 -14.6533 194 163 119
-53.0000 -5.5000 -14.4838 199 166 121
-52.0000 -5.5000 -14.3244 205 172 121
-51.0000 -5.5000 -14.1762 218 182 132
-50.0000 -5.5000 -14.0397 226 188 141
-49.0000 -5.5000 -13.9145 223 185 138
-48.0000 -5.5000 -13.7993 220 182 137
-47.0000 -5.5000 -13.6920 223 185 140
-46.0000 -5.5000 -13.5909 228 186 144
-45.0000 -5.5000 -13.4945 229 187 145
-44.0000 -5.5000 -13.4023 237 194 151
-43.0000 -5.5000 -13.3138 239 196 151
-42.0000 -5.5000 -13.2291 242 199 154
-41.0000 -5.5000 -13.1493 245 203 153
-40.0000 -5.5000 -13.0760 250 207 156
-39.0000 -5.5000 -13.0124 253 210 157
-38.0000 -5.5000 -12.9624 255 212 157
-37.0000 -5.5000 -12.9304 255 214 156
-36.0000 -5.5000 -12.9211 255 219 158
-35.0000 -5.5000 -12.9383 253 213 152
-34.0000 -5.5000 -12.9853 255 217 158
-33.0000 -5.5000 -13.0633 255 220 161
-32.0000 -5.5000 -13.1716 250 211 154
-31.0000 -5.5000 -13.3065 247 208 151
-30.0000 -5.5000 -13.4620 241 204 151
-29.0000 -5.5000 -13.6299 230 193 141
-28.0000 -5.5000 -13.8007 213 177 129
-27.0000 -5.5000 -13.9652 209 172 127
-26.0000 -5.5000 -14.1157 208 171 127
-25.0000 -5.5000 -14.2462 207 170 128
-24.0000 -5.5000 -14.3529 200 165 125
-23.0000 -5.5000 -14.4344 193 158 118
-22.0000 -5.5000 -14.4907 195 160 122
-21.0000 -5.5000 -14.5235 203 168 130
-20.0000 -5.5000 -14.5358 202 165 123
-19.0000 -5.5000 -14.5321 193 158 116
-18.0000 -5.5000 -14.5179 186 153 110
-17.0000 -5.5000 -14.5002 185 156 112
-16.0000 -5.5000 -14.4867 192 165 120
-15.0000 -5.5000 -14.4841 196 172 128
-14.0000 -5.5000 -14.4976 199 172 129
-13.0000 -5.5000 -14.5289 197 170 127
-12.0000 -5.5000 -14.5767 191 159 120
-11.0000 -5.5000 -14.6370 190 158 119
-10.0000 -5.5000 -14.7044 189 155 117
-9.0000 -5.5000 -14.7734 186 154 116
-8.0000 -5.5000 -14.8395 180 150 112
-7.0000 -5.5000 -14.8995 175 150 110
-6.0000 -5.5000 -14.9517 173 150 109
-5.0000 -5.5000 -14.9960 172 150 109
-4.0000 -5.5000 -15.0331 176 153 111
-3.0000 -5.5000 -15.0642 175 152 108
-2.0000 -5.5000 -15.0908 175 152 108
-1.0000 -5.5000 -15.1138 174 151 107
0.0000 -5.5000 -15.1338 173 150 106
1.0000 -5.5000 -15.1513 172 149 105
2.0000 -5.5000 -15.1663 171 148 104
3.0000 -5.5000 -15.1794 171 148 104
4.0000 -5.5000 -15.1913 176 153 109
5.0000 -5.5000 -15.2031 174 151 107
6.0000 -5.5000 -15.2169 173 150 106
7.0000 -5.5000 -15.2349 174 151 107
8.0000 -5.5000 -15.2597 176 153 109
9.0000 -5.5000 -15.2938 175 152 108
10.0000 -5.5000 -15.3397 172 149 105
11.0000 -5.5000 -15.3995 169 146 102
12.0000 -5.5000 -15.4752 170 147 103
13.0000 -5.5000 -15.5689 168 147 102
14.0000 -5.5000 -15.6831 168 145 103
15.0000 -5.5000 -15.8217 166 143 102
16.0000 -5.5000 -15.9915 163 139 101
17.0000 -5.5000 -16.2043 161 137 99
18.0000 -5.5000 -16.4785 161 135 102
19.0000 -5.5000 -16.8385 159 134 103
20.0000 -5.5000 -17.3108 149 126 95
21.0000 -5.5000 -17.9161 145 124 95
22.0000 -5.5000 -18.6602 139 119 94
23.0000 -5.5000 -19.5257 123 106 80
24.0000 -5.5000 -20.4709 103 89 63
25.0000 -5.5000 -21.4348 84 72 48
26.0000 -5.5000 -22.3495 71 60 38
27.0000 -5.5000 -23.1553 66 55 33
28.0000 -5.5000 -23.8118 74 59 40
29.0000 -5.5000 -24.3030 73 56 40
30.0000 -5.5000 -24.6349 71 54 38
31.0000 -5.5000 -24.8273 72 55 39
32.0000 -5.5000 -24.9042 74 58 42
33.0000 -5.5000 -24.8866 74 58 42
34.0000 -5.5000 -24.7896 73 57 41
35.0000 -5.5000 -24.6244 71 55 39
36.0000 -5.5000 -24.4038 72 59 42
37.0000 -5.5000 -24.1470 74 61 44
38.0000 -5.5000 -23.8810 75 64 46
39.0000 -5.5000 -23.6375 77 66 48
40.0000 -5.5000 -23.4469 78 67 49
41.0000 -5.5000 -23.3332 77 66 48
42.0000 -5.5000 -23.3110 74 66 47
43.0000 -5.5000 -23.3863 74 66 47
44.0000 -5.5000 -23.5593 80 68 52
45.0000 -5.5000 -23.8271 79 66 50
46.0000 -5.5000 -24.1854 76 63 47
47.0000 -5.5000 -24.6287 72 60 44
48.0000 -5.5000 -25.1515 69 57 43
49.0000 -5.5000 -25.7478 64 55 40
50.0000 -5.5000 -26.4119 62 53 38
51.0000 -5.5000 -27.1377 60 53 37
52.0000 -5.5000 -27.9173 49 43 29
53.0000 -5.5000 -28.7397 49 43 29
54.0000 -5.5000 -29.5902 45 41 29
55.0000 -5.5000 -30.4527 43 39 27
56.0000 -5.5000 -31.3132 39 37 24
57.0000 -5.5000 -32.1653 36 34 21
58.0000 -5.5000 -33.0135 34 32 20
59.0000 -5.5000 -33.8738 31 31 19
60.0000 -5.5000 -34.7709 27 29 18
61.0000 -5.5000 -35.7314 28 30 19
62.0000 -5.5000 -36.7778 28 30 19
63.0000 -5.5000 -37.9270 28 30 19
64.0000 -5.5000 -39.1957 26 27 19
65.0000 -5.5000 -40.6162 22 23 15
66.0000 -5.5000 -42.2555 19 20 12
67.0000 -5.5000 -44.2294 17 18 10
68.0000 -5.5000 -46.6989 19 20 14
69.0000 -5.5000 -49.8397 18 19 13
70.0000 -5.5000 -53.7860 16 17 12
71.0000 -5.5000 -58.5629 14 15 10
-98.0000 -6.5000 -85.0642 13 15 4
-97.0000 -6.5000 -72.9418 24 26 13
-96.0000 -6.5000 -61.5274 36 37 23
-95.0000 -6.5000 -51.6521 40 41 25
-94.0000 -6.5000 -43.7748 39 40 22
-93.0000 -6.5000 -37.9473 35 36 18
-92.0000 -6.5000 -33.9100 44 43 23
-91.0000 -6.5000 -31.2512 46 45 25
-90.0000 -6.5000 -29.5538 50 47 28
-89.0000 -6.5000 -28.4840 53 50 31
-88.0000 -6.5000 -27.8153 55 52 37
-87.0000 -6.5000 -27.4102 56 53 38
-86.0000 -6.5000 -27.1847 59 53 41
-85.0000 -6.5000 -27.0763 58 52 40
-84.0000 -6.5000 -27.0230 57 54 39
-83.0000 -6.5000 -26.9574 54 51 36
-82.0000 -6.5000 -26.8122 50 47 32
-81.0000 -6.5000 -26.5312 48 45 30
-80.0000 -6.5000 -26.0821 51 45 29
-79.0000 -6.5000 -25.4628 55 50 31
-78.0000 -6.5000 -24.7013 60 55 36
-77.0000 -6.5000 -23.8472 63 58 38
-76.0000 -6.5000 -22.9592 75 69 47
-75.0000 -6.5000 -22.0917 84 78 54
-74.0000 -6.5000 -21.2860 92 84 61
-73.0000 -6.5000 -20.5664 93 86 60
-72.0000 -6.5000 -19.9413 97 90 62
-71.0000 -6.5000 -19.4074 107 100 72
-70.0000 -6.5000 -18.9544 115 105 78
-69.0000 -6.5000 -18.5672 115 106 77
-68.0000 -6.5000 -18.2285 122 113 80
-67.0000 -6.5000 -17.9201 122 114 78
-66.0000 -6.5000 -17.6256 123 113 77
-65.0000 -6.5000 -17.3330 125 115 79
-64.0000 -6.5000 -17.0365 132 118 81
-63.0000 -6.5000 -16.7371 138 124 87
-62.0000 -6.5000 -16.4400 148 130 92
-61.0000 -6.5000 -16.1524 153 135 95
-60.0000 -6.5000 -15.8803 162 140 101
-59.0000 -6.5000 -15.6271 166 144 103
-58.0000 -6.5000 -15.3935 173 148 107
-57.0000 -6.5000 -15.1781 177 152 111
-56.0000 -6.5000 -14.9785 183 154 112
-55.0000 -6.5000 -14.7925 187 158 116
-54.0000 -6.5000 -14.6186 195 164 120
-53.0000 -6.5000 -14.4564 200 167 122
-52.0000 -6.5000 -14.3063 206 172 124
-51.0000 -6.5000 -14.1687 218 182 132
-50.0000 -6.5000 -14.0436 224 188 140
-49.0000 -6.5000 -13.9299 221 185 137
-48.0000 -6.5000 -13.8257 220 182 137
-47.0000 -6.5000 -13.7287 223 185 140
-46.0000 -6.5000 -13.6370 225 187 142
-45.0000 -6.5000 -13.5489 224 186 141
-44.0000 -6.5000 -13.4635 237 196 152
-43.0000 -6.5000 -13.3802 238 197 151
-42.0000 -6.5000 -13.2991 240 197 152
-41.0000 -6.5000 -13.2213 242 200 150
-40.0000 -6.5000 -13.1494 245 204 152
-39.0000 -6.5000 -13.0873 247 206 152
-38.0000 -6.5000 -13.0403 250 207 152
-37.0000 -6.5000 -13.0139 252 209 154
-36.0000 -6.5000 -13.0134 254 214 155
-35.0000 -6.5000 -13.0432 247 208 149
-34.0000 -6.5000 -13.1059 251 212 155
-33.0000 -6.5000 -13.2021 254 215 158
-32.0000 -6.5000 -13.3297 245 208 153
-31.0000 -6.5000 -13.4836 241 204 151
-30.0000 -6.5000 -13.6559 236 199 147
-29.0000 -6.5000 -13.8366 223 185 136
-28.0000 -6.5000 -14.0150 216 179 134
-27.0000 -6.5000 -14.1811 205 168 124
-26.0000 -6.5000 -14.3267 196 161 119
-25.0000 -6.5000 -14.4464 195 160 120
-24.0000 -6.5000 -14.5377 195 160 120
-23.0000 -6.5000 -14.6004 189 154 116
-22.0000 -6.5000 -14.6363 186 152 115
-21.0000 -6.5000 -14.6485 188 153 115
-20.0000 -6.5000 -14.6411 191 154 112
-19.0000 -6.5000 -14.6189 186 152 107
-18.0000 -6.5000 -14.5880 184 151 106
-17.0000 -6.5000 -14.5556 187 159 112
-16.0000 -6.5000 -14.5293 196 169 122
-15.0000 -6.5000 -14.5167 200 176 130
-14.0000 -6.5000 -14.5229 201 174 129
-13.0000 -6.5000 -14.5504 198 171 126
-12.0000 -6.5000 -14.5979 195 163 122
-11.0000 -6.5000 -14.6613 193 161 120
-10.0000 -6.5000 -14.7348 191 158 117
-9.0000 -6.5000 -14.8123 186 154 115
-8.0000 -6.5000 -14.8885 180 151 111
-7.0000 -6.5000 -14.9591 173 148 107
-6.0000 -6.5000 -15.0217 168 145 103
-5.0000 -6.5000 -15.0752 165 144 101
-4.0000 -6.5000 -15.1197 172 149 107
-3.0000 -6.5000 -15.1560 172 149 107
-2.0000 -6.5000 -15.1850 172 149 107
-1.0000 -6.5000 -15.2077 171 148 106
0.0000 -6.5000 -15.2247 170 147 105
1.0000 -6.5000 -15.2366 170 147 105
2.0000 -6.5000 -15.2440 169 146 104
3.0000 -6.5000 -15.2480 169 146 104
4.0000 -6.5000 -15.2501 174 151 109
5.0000 -6.5000 -15.2527 173 150 108
6.0000 -6.5000 -15.2583 172 149 107
7.0000 -6.5000 -15.2702 173 150 108
8.0000 -6.5000 -15.2914 175 152 110
9.0000 -6.5000 -15.3246 175 152 110
10.0000 -6.5000 -15.3718 172 149 107
11.0000 -6.5000 -15.4345 169 146 104
12.0000 -6.5000 -15.5139 169 146 104
13.0000 -6.5000 -15.6110 168 145 103
14.0000 -6.5000 -15.7270 168 143 103
15.0000 -6.5000 -15.8645 166 141 101
16.0000 -6.5000 -16.0291 163 137 100
17.0000 -6.5000 -16.2311 161 135 98
18.0000 -6.5000 -16.4876 162 133 101
19.0000 -6.5000 -16.8223 159 132 102
20.0000 -6.5000 -17.2627 152 127 97
21.0000 -6.5000 -17.8324 150 126 98
22.0000 -6.5000 -18.5423 143 121 97
23.0000 -6.5000 -19.3819 129 109 84
24.0000 -6.5000 -20.3150 109 93 68
25.0000 -6.5000 -21.2844 88 74 48
26.0000 -6.5000 -22.2216 71 59 35
27.0000 -6.5000 -23.0626 63 51 29
28.0000 -6.5000 -23.7604 73 58 39
29.0000 -6.5000 -24.2920 72 55 39
30.0000 -6.5000 -24.6579 70 53 37
31.0000 -6.5000 -24.8748 71 54 38
32.0000 -6.5000 -24.9666 72 56 40
33.0000 -6.5000 -24.9556 73 57 41
34.0000 -6.5000 -24.8594 72 56 40
35.0000 -6.5000 -24.6920 69 53 37
36.0000 -6.5000 -24.4688 72 59 42
37.0000 -6.5000 -24.2113 73 60 43
38.0000 -6.5000 -23.9480 74 63 45
39.0000 -6.5000 -23.7112 76 65 47
40.0000 -6.5000 -23.5312 77 66 48
41.0000 -6.5000 -23.4307 77 66 48
42.0000 -6.5000 -23.4224 74 66 47
43.0000 -6.5000 -23.5104 75 64 46
44.0000 -6.5000 -23.6931 79 66 50
45.0000 -6.5000 -23.9667 80 64 49
46.0000 -6.5000 -24.3271 78 62 47
47.0000 -6.5000 -24.7700 73 60 44
48.0000 -6.5000 -25.2906 70 56 43
49.0000 -6.5000 -25.8833 65 53 39
50.0000 -6.5000 -26.5421 61 52 37
51.0000 -6.5000 -27.2598 58 51 35
52.0000 -6.5000 -28.0281 48 42 28
53.0000 -6.5000 -28.8363 48 42 28
54.0000 -6.5000 -29.6715 45 41 29
55.0000 -6.5000 -30.5193 42 40 27
56.0000 -6.5000 -31.3675 37 38 24
57.0000 -6.5000 -32.2100 34 35 21
58.0000 -6.5000 -33.0510 31 31 19
59.0000 -6.5000 -33.9067 28 30 17
60.0000 -6.5000 -34.8018 28 30 19
61.0000 -6.5000 -35.7646 29 31 20
62.0000 -6.5000 -36.8199 29 31 20
63.0000 -6.5000 -37.9881 28 30 19
64.0000 -6.5000 -39.2912 25 26 18
65.0000 -6.5000 -40.7703 22 23 15
66.0000 -6.5000 -42.5061 19 20 12
67.0000 -6.5000 -44.6331 16 17 9
68.0000 -6.5000 -47.3321 20 21 15
69.0000 -6.5000 -50.7921 18 19 13
70.0000 -6.5000 -55.1418 16 17 12
71.0000 -6.5000 -60.3727 14 15 10
-97.0000 -7.5000 -79.5325 20 22 11
-96.0000 -7.5000 -67.1713 32 32 20
-95.0000 -7.5000 -56.0767 39 40 26
-94.0000 -7.5000 -46.9518 38 39 23
-93.0000 -7.5000 -40.0363 36 37 19
-92.0000 -7.5000 -35.1661 43 42 22
-91.0000 -7.5000 -31.9396 46 45 25
-90.0000 -7.5000 -29.8965 50 47 28
-89.0000 -7.5000 -28.6412 54 51 32
-88.0000 -7.5000 -27.8905 56 53 36
-87.0000 -7.5000 -27.4650 56 53 38
-86.0000 -7.5000 -27.2526 58 52 40
-85.0000 -7.5000 -27.1725 57 51 39
-84.0000 -7.5000 -27.1503 56 53 38
-83.0000 -7.5000 -27.1100 52 49 34
-82.0000 -7.5000 -26.9784 48 45 30
-81.0000 -7.5000 -26.6971 46 43 28
-80.0000 -7.5000 -26.2340 52 46 30
-79.0000 -7.5000 -25.5902 56 51 32
-78.0000 -7.5000 -24.7981 60 55 36
-77.0000 -7.5000 -23.9117 62 57 37
-76.0000 -7.5000 -22.9934 73 67 45
-75.0000 -7.5000 -22.1006 83 77 53
-74.0000 -7.5000 -21.2759 91 83 60
-73.0000 -7.5000 -20.5443 93 86 60
-72.0000 -7.5000 -19.9135 97 90 62
-71.0000 -7.5000 -19.3787 106 99 71
-70.0000 -7.5000 -18.9270 113 103 76
-69.0000 -7.5000 -18.5412 113 104 75
-68.0000 -7.5000 -18.2020 116 107 74
-67.0000 -7.5000 -17.8908 117 109 73
-66.0000 -7.5000 -17.5914 121 111 75
-65.0000 -7.5000 -17.2933 128 118 82
-64.0000 -7.5000 -16.9922 139 125 88
-63.0000 -7.5000 -16.6901 146 132 95
-62.0000 -7.5000 -16.3928 154 136 98
-61.0000 -7.5000 -16.1069 156 138 98
-60.0000 -7.5000 -15.8374 164 142 103
-59.0000 -7.5000 -15.5870 169 147 106
-58.0000 -7.5000 -15.3558 177 152 111
-57.0000 -7.5000 -15.1426 181 156 115
-56.0000 -7.5000 -14.9457 188 159 117
-55.0000 -7.5000 -14.7637 192 163 121
-54.0000 -7.5000 -14.5957 200 169 125
-53.0000 -7.5000 -14.4415 206 173 128
-52.0000 -7.5000 -14.3010 207 173 125
-51.0000 -7.5000 -14.1740 217 181 131
-50.0000 -7.5000 -14.0595 221 185 137
-49.0000 -7.5000 -13.9558 218 182 134
-48.0000 -7.5000 -13.8608 218 180 135
-47.0000 -7.5000 -13.7723 222 184 139
-46.0000 -7.5000 -13.6886 225 187 142
-45.0000 -7.5000 -13.6081 224 186 141
-44.0000 -7.5000 -13.5296 235 194 150
-43.0000 -7.5000 -13.4523 235 194 148
-42.0000 -7.5000 -13.3761 237 195 147
-41.0000 -7.5000 -13.3021 238 196 146
-40.0000 -7.5000 -13.2334 241 200 148
-39.0000 -7.5000 -13.1748 244 203 151
-38.0000 -7.5000 -13.1326 247 204 151
-37.0000 -7.5000 -13.1135 248 207 153
-36.0000 -7.5000 -13.1233 252 213 158
-35.0000 -7.5000 -13.1667 244 205 150
-34.0000 -7.5000 -13.2457 246 206 154
-33.0000 -7.5000 -13.3598 249 209 157
-32.0000 -7.5000 -13.5053 239 202 150
-31.0000 -7.5000 -13.6754 234 197 145
-30.0000 -7.5000 -13.8606 226 188 139
-29.0000 -7.5000 -14.0495 210 174 126
-28.0000 -7.5000 -14.2306 214 177 133
-27.0000 -7.5000 -14.3933 198 163 121
-26.0000 -7.5000 -14.5298 188 153 113
-25.0000 -7.5000 -14.6352 188 153 113
-24.0000 -7.5000 -14.7082 190 155 117
-23.0000 -7.5000 -14.7502 186 151 113
-22.0000 -7.5000 -14.7645 181 147 110
-21.0000 -7.5000 -14.7558 180 146 108
-20.0000 -7.5000 -14.7290 186 149 105
-19.0000 -7.5000 -14.6898 184 150 104
-18.0000 -7.5000 -14.6444 186 154 107
-17.0000 -7.5000 -14.5998 191 163 116
-16.0000 -7.5000 -14.5638 199 172 125
-15.0000 -7.5000 -14.5436 201 177 129
-14.0000 -7.5000 -14.5446 201 174 127
-13.0000 -7.5000 -14.5691 198 171 126
-12.0000 -7.5000 -14.6160 199 168 124
-11.0000 -7.5000 -14.6813 196 164 123
-10.0000 -7.5000 -14.7589 193 160 119
-9.0000 -7.5000 -14.8427 188 156 115
-8.0000 -7.5000 -14.9267 183 154 112
-7.0000 -7.5000 -15.0064 175 150 109
-6.0000 -7.5000 -15.0786 169 146 104
-5.0000 -7.5000 -15.1416 163 142 99
-4.0000 -7.5000 -15.1946 167 144 102
-3.0000 -7.5000 -15.2378 168 145 103
-2.0000 -7.5000 -15.2716 169 146 104
-1.0000 -7.5000 -15.2963 170 147 105
0.0000 -7.5000 -15.3125 171 148 106
1.0000 -7.5000 -15.3208 172 149 107
2.0000 -7.5000 -15.3223 173 150 108
3.0000 -7.5000 -15.3188 174 151 109
4.0000 -7.5000 -15.3126 174 151 109
5.0000 -7.5000 -15.3068 172 149 107
6.0000 -7.5000 -15.3053 172 149 107
7.0000 -7.5000 -15.3118 173 150 108
8.0000 -7.5000 -15.3298 176 153 111
9.0000 -7.5000 -15.3624 176 153 111
10.0000 -7.5000 -15.4111 173 150 108
11.0000 -7.5000 -15.4770 170 147 105
12.0000 -7.5000 -15.5603 174 149 108
13.0000 -7.5000 -15.6609 173 148 107
14.0000 -7.5000 -15.7790 170 145 105
15.0000 -7.5000 -15.9161 166 141 101
16.0000 -7.5000 -16.0766 163 135 98
17.0000 -7.5000 -16.2696 159 130 96
18.0000 -7.5000 -16.5108 156 127 95
19.0000 -7.5000 -16.8231 155 126 96
20.0000 -7.5000 -17.2339 154 127 98
21.0000 -7.5000 -17.7693 152 126 99
22.0000 -7.5000 -18.4444 146 122 96
23.0000 -7.5000 -19.2550 132 112 87
24.0000 -7.5000 -20.1716 114 96 72
25.0000 -7.5000 -21.1414 94 78 53
26.0000 -7.5000 -22.0973 76 61 38
27.0000 -7.5000 -22.9720 67 52 31
28.0000 -7.5000 -23.7123 72 55 37
29.0000 -7.5000 -24.2879 70 53 37
30.0000 -7.5000 -24.6927 68 51 35
31.0000 -7.5000 -24.9396 69 52 36
32.0000 -7.5000 -25.0506 71 55 39
33.0000 -7.5000 -25.0490 72 56 40
34.0000 -7.5000 -24.9543 70 54 38
35.0000 -7.5000 -24.7834 68 52 36
36.0000 -7.5000 -24.5547 69 56 39
37.0000 -7.5000 -24.2926 71 58 41
38.0000 -7.5000 -24.0278 74 63 45
39.0000 -7.5000 -23.7941 77 66 48
40.0000 -7.5000 -23.6220 78 67 49
41.0000 -7.5000 -23.5334 77 66 48
42.0000 -7.5000 -23.5392 74 66 47
43.0000 -7.5000 -23.6409 75 64 46
44.0000 -7.5000 -23.8350 78 62 47
45.0000 -7.5000 -24.1164 78 62 47
46.0000 -7.5000 -24.4809 76 60 45
47.0000 -7.5000 -24.9249 72 59 43
48.0000 -7.5000 -25.4448 68 54 41
49.0000 -7.5000 -26.0354 64 52 38
50.0000 -7.5000 -26.6902 58 49 34
51.0000 -7.5000 -27.4016 56 49 33
52.0000 -7.5000 -28.1606 50 42 29
53.0000 -7.5000 -28.9572 48 42 28
54.0000 -7.5000 -29.7800 45 41 29
55.0000 -7.5000 -30.6169 42 40 27
56.0000 -7.5000 -31.4570 37 38 24
57.0000 -7.5000 -32.2952 33 35 21
58.0000 -7.5000 -33.1356 31 33 20
59.0000 -7.5000 -33.9937 29 31 18
60.0000 -7.5000 -34.8946 30 32 21
61.0000 -7.5000 -35.8669 30 32 21
62.0000 -7.5000 -36.9375 29 31 20
63.0000 -7.5000 -38.1303 27 29 18
64.0000 -7.5000 -39.4740 24 25 17
65.0000 -7.5000 -41.0206 21 22 14
66.0000 -7.5000 -42.8665 18 19 11
67.0000 -7.5000 -45.1662 17 18 10
68.0000 -7.5000 -48.1205 20 21 15
69.0000 -7.5000 -51.9302 19 20 14
70.0000 -7.5000 -56.7157 16 17 12
71.0000 -7.5000 -62.4299 13 14 9
-97.0000 -8.5000 -87.4125 15 16 8
-96.0000 -8.5000 -73.9533 29 29 17
-95.0000 -8.5000 -61.4320 37 38 24
-94.0000 -8.5000 -50.8365 38 39 23
-93.0000 -8.5000 -42.6290 36 37 19
-92.0000 -8.5000 -36.7619 42 41 21
-91.0000 -8.5000 -32.8497 45 44 24
-90.0000 -8.5000 -30.3838 50 47 28
-89.0000 -8.5000 -28.8968 54 51 32
-88.0000 -8.5000 -28.0380 56 53 36
-87.0000 -8.5000 -27.5769 56 53 36
-86.0000 -8.5000 -27.3678 57 51 37
-85.0000 -8.5000 -27.3086 56 50 36
-84.0000 -8.5000 -27.3115 52 49 34
-83.0000 -8.5000 -27.2915 48 45 30
-82.0000 -8.5000 -27.1697 44 41 26
-81.0000 -8.5000 -26.8850 45 42 27
-80.0000 -8.5000 -26.4056 52 46 30
-79.0000 -8.5000 -25.7354 59 54 35
-78.0000 -8.5000 -24.9108 64 59 40
-77.0000 -8.5000 -23.9906 66 61 41
-76.0000 -8.5000 -23.0414 74 68 46
-75.0000 -8.5000 -22.1236 84 78 54
-74.0000 -8.5000 -21.2817 92 84 61
-73.0000 -8.5000 -20.5405 94 87 61
-72.0000 -8.5000 -19.9066 99 92 64
-71.0000 -8.5000 -19.3726 107 100 72
-70.0000 -8.5000 -18.9229 114 104 77
-69.0000 -8.5000 -18.5376 113 104 75
-68.0000 -8.5000 -18.1959 119 110 77
-67.0000 -8.5000 -17.8789 118 110 74
-66.0000 -8.5000 -17.5718 121 111 75
-65.0000 -8.5000 -17.2655 128 118 82
-64.0000 -8.5000 -16.9579 142 128 91
-63.0000 -8.5000 -16.6522 151 137 100
-62.0000 -8.5000 -16.3544 157 139 101
-61.0000 -8.5000 -16.0704 157 139 99
-60.0000 -8.5000 -15.8042 165 143 104
-59.0000 -8.5000 -15.5574 169 147 106
-58.0000 -8.5000 -15.3297 178 153 112
-57.0000 -8.5000 -15.1198 183 158 117
-56.0000 -8.5000 -14.9267 190 161 119
-55.0000 -8.5000 -14.7497 195 166 124
-54.0000 -8.5000 -14.5885 203 172 128
-53.0000 -8.5000 -14.4427 209 176 131
-52.0000 -8.5000 -14.3118 206 172 126
-51.0000 -8.5000 -14.1947 213 179 131
-50.0000 -8.5000 -14.0895 218 182 134
-49.0000 -8.5000 -13.9939 214 178 130
-48.0000 -8.5000 -13.9060 214 178 130
-47.0000 -8.5000 -13.8240 220 184 136
-46.0000 -8.5000 -13.7465 225 187 140
-45.0000 -8.5000 -13.6724 225 187 140
-44.0000 -8.5000 -13.6007 228 187 141
-43.0000 -8.5000 -13.5300 229 189 140
-42.0000 -8.5000 -13.4600 230 190 141
-41.0000 -8.5000 -13.3915 233 193 142
-40.0000 -8.5000 -13.3280 238 197 145
-39.0000 -8.5000 -13.2750 243 202 150
-38.0000 -8.5000 -13.2397 247 206 154
-37.0000 -8.5000 -13.2297 249 208 156
-36.0000 -8.5000 -13.2515 254 214 162
-35.0000 -8.5000 -13.3092 242 205 152
-34.0000 -8.5000 -13.4044 243 206 154
-33.0000 -8.5000 -13.5349 243 206 154
-32.0000 -8.5000 -13.6955 233 195 146
-31.0000 -8.5000 -13.8777 225 187 140
-30.0000 -8.5000 -14.0706 213 176 131
-29.0000 -8.5000 -14.2621 195 158 114
-28.0000 -8.5000 -14.4401 202 165 121
-27.0000 -8.5000 -14.5944 191 156 114
-26.0000 -8.5000 -14.7174 185 150 110
-25.0000 -8.5000 -14.8054 184 150 112
-24.0000 -8.5000 -14.8583 183 149 112
-23.0000 -8.5000 -14.8788 180 146 109
-22.0000 -8.5000 -14.8720 181 147 112
-21.0000 -8.5000 -14.8436 186 152 114
-20.0000 -8.5000 -14.7998 189 152 108
-19.0000 -8.5000 -14.7467 189 155 107
-18.0000 -8.5000 -14.6905 192 160 111
-17.0000 -8.5000 -14.6380 195 167 119
-16.0000 -8.5000 -14.5964 198 172 123
-15.0000 -8.5000 -14.5724 198 175 125
-14.0000 -8.5000 -14.5707 199 173 124
-13.0000 -8.5000 -14.5937 197 170 123
-12.0000 -8.5000 -14.6401 199 168 122
-11.0000 -8.5000 -14.7060 196 165 121
-10.0000 -8.5000 -14.7857 194 161 118
-9.0000 -8.5000 -14.8730 191 160 116
-8.0000 -8.5000 -14.9621 187 158 114
-7.0000 -8.5000 -15.0485 181 157 113
-6.0000 -8.5000 -15.1286 173 150 106
-5.0000 -8.5000 -15.2003 168 147 102
-4.0000 -8.5000 -15.2622 170 147 105
-3.0000 -8.5000 -15.3134 170 147 105
-2.0000 -8.5000 -15.3535 170 147 105
-1.0000 -8.5000 -15.3822 171 148 106
0.0000 -8.5000 -15.3997 172 149 107
1.0000 -8.5000 -15.4065 173 150 108
2.0000 -8.5000 -15.4042 174 151 109
3.0000 -8.5000 -15.3949 174 151 109
4.0000 -8.5000 -15.3820 174 151 109
5.0000 -8.5000 -15.3696 173 150 108
6.0000 -8.5000 -15.3621 172 149 107
7.0000 -8.5000 -15.3643 174 151 109
8.0000 -8.5000 -15.3800 176 153 111
9.0000 -8.5000 -15.4124 177 154 112
10.0000 -8.5000 -15.4628 174 151 109
11.0000 -8.5000 -15.5317 171 148 106
12.0000 -8.5000 -15.6185 174 149 109
13.0000 -8.5000 -15.7221 174 146 107
14.0000 -8.5000 -15.8419 171 143 106
15.0000 -8.5000 -15.9787 167 139 102
16.0000 -8.5000 -16.1357 163 133 99
17.0000 -8.5000 -16.3211 159 129 95
18.0000 -8.5000 -16.5492 156 125 94
19.0000 -8.5000 -16.8417 154 125 95
20.0000 -8.5000 -17.2256 153 126 97
21.0000 -8.5000 -17.7279 150 124 97
22.0000 -8.5000 -18.3676 145 121 95
23.0000 -8.5000 -19.1461 134 113 86
24.0000 -8.5000 -20.0408 119 99 74
25.0000 -8.5000 -21.0047 99 83 57
26.0000 -8.5000 -21.9734 82 68 42
27.0000 -8.5000 -22.8779 73 58 35
28.0000 -8.5000 -23.6597 70 53 35
29.0000 -8.5000 -24.2811 68 51 35
30.0000 -8.5000 -24.7289 67 50 34
31.0000 -8.5000 -25.0106 67 50 34
32.0000 -8.5000 -25.1456 69 53 37
33.0000 -8.5000 -25.1568 70 54 38
34.0000 -8.5000 -25.0652 68 52 36
35.0000 -8.5000 -24.8904 66 50 34
36.0000 -8.5000 -24.6543 65 52 35
37.0000 -8.5000 -24.3846 69 56 39
38.0000 -8.5000 -24.1151 73 62 44
39.0000 -8.5000 -23.8816 78 67 49
40.0000 -8.5000 -23.7155 80 69 51
41.0000 -8.5000 -23.6381 79 68 50
42.0000 -8.5000 -23.6582 74 66 47
43.0000 -8.5000 -23.7750 74 63 45
44.0000 -8.5000 -23.9825 74 61 45
45.0000 -8.5000 -24.2739 75 59 44
46.0000 -8.5000 -24.6447 75 59 44
47.0000 -8.5000 -25.0919 70 57 41
48.0000 -8.5000 -25.6127 67 53 40
49.0000 -8.5000 -26.2030 62 50 36
50.0000 -8.5000 -26.8559 56 47 32
51.0000 -8.5000 -27.5633 53 46 30
52.0000 -8.5000 -28.3161 52 44 31
53.0000 -8.5000 -29.1047 49 43 29
54.0000 -8.5000 -29.9193 45 41 29
55.0000 -8.5000 -30.7496 41 39 26
56.0000 -8.5000 -31.5868 39 37 24
57.0000 -8.5000 -32.4263 34 35 21
58.0000 -8.5000 -33.2725 33 33 21
59.0000 -8.5000 -34.1402 32 32 20
60.0000 -8.5000 -35.0535 33 35 24
61.0000 -8.5000 -36.0410 31 33 22
62.0000 -8.5000 -37.1311 28 30 19
63.0000 -8.5000 -38.3519 25 27 16
64.0000 -8.5000 -39.7402 22 23 15
65.0000 -8.5000 -41.3598 20 21 13
66.0000 -8.5000 -43.3237 19 20 12
67.0000 -8.5000 -45.8044 18 19 11
68.0000 -8.5000 -49.0192 20 21 15
69.0000 -8.5000 -53.1749 19 20 14
70.0000 -8.5000 -58.3789 16 17 12
71.0000 -8.5000 -64.5435 13 14 9
-96.0000 -9.5000 -81.4043 26 26 16
-95.0000 -9.5000 -67.3880 36 36 24
-94.0000 -9.5000 -55.2233 38 39 25
-93.0000 -9.5000 -45.6143 36 37 21
-92.0000 -9.5000 -38.6478 41 40 22
-91.0000 -9.5000 -33.9660 44 43 23
-90.0000 -9.5000 -31.0160 49 46 27
-89.0000 -9.5000 -29.2561 53 50 31
-88.0000 -9.5000 -28.2628 56 53 36
-87.0000 -9.5000 -27.7490 56 53 36
-86.0000 -9.5000 -27.5312 56 50 36
-85.0000 -9.5000 -27.4838 55 49 35
-84.0000 -9.5000 -27.5050 48 45 30
-83.0000 -9.5000 -27.5007 44 41 26
-82.0000 -9.5000 -27.3862 41 38 23
-81.0000 -9.5000 -27.0971 44 41 26
-80.0000 -9.5000 -26.6014 53 47 31
-79.0000 -9.5000 -25.9046 62 57 38
-78.0000 -9.5000 -25.0469 67 62 43
-77.0000 -9.5000 -24.0920 70 65 45
-76.0000 -9.5000 -23.1110 75 69 47
-75.0000 -9.5000 -22.1678 85 79 55
-74.0000 -9.5000 -21.3089 94 86 63
-73.0000 -9.5000 -20.5592 97 90 64
-72.0000 -9.5000 -19.9233 101 94 66
-71.0000 -9.5000 -19.3911 109 102 74
-70.0000 -9.5000 -18.9434 116 106 79
-69.0000 -9.5000 -18.5577 115 106 77
-68.0000 -9.5000 -18.2120 127 118 85
-67.0000 -9.5000 -17.8873 123 115 79
-66.0000 -9.5000 -17.5703 122 112 76
-65.0000 -9.5000 -17.2542 128 118 82
-64.0000 -9.5000 -16.9389 142 128 91
-63.0000 -9.5000 -16.6287 150 136 99
-62.0000 -9.5000 -16.3299 155 137 99
-61.0000 -9.5000 -16.0478 153 135 95
-60.0000 -9.5000 -15.7851 162 140 101
-59.0000 -9.5000 -15.5425 167 145 104
-58.0000 -9.5000 -15.3189 175 150 109
-57.0000 -9.5000 -15.1134 180 155 114
-56.0000 -9.5000 -14.9252 188 159 117
-55.0000 -9.5000 -14.7541 193 164 122
-54.0000 -9.5000 -14.6001 201 170 126
-53.0000 -9.5000 -14.4627 206 175 129
-52.0000 -9.5000 -14.3407 205 173 126
-51.0000 -9.5000 -14.2320 212 178 130
-50.0000 -9.5000 -14.1342 215 179 131
-49.0000 -9.5000 -14.0446 212 176 128
-48.0000 -9.5000 -13.9615 213 177 129
-47.0000 -9.5000 -13.8837 220 184 136
-46.0000 -9.5000 -13.8107 226 188 141
-45.0000 -9.5000 -13.7419 225 187 138
-44.0000 -9.5000 -13.6764 223 183 134
-43.0000 -9.5000 -13.6127 224 184 135
-42.0000 -9.5000 -13.5499 226 186 135
-41.0000 -9.5000 -13.4887 230 190 139
-40.0000 -9.5000 -13.4325 236 195 143
-39.0000 -9.5000 -13.3874 243 202 150
-38.0000 -9.5000 -13.3613 248 207 155
-37.0000 -9.5000 -13.3623 251 211 160
-36.0000 -9.5000 -13.3971 255 218 166
-35.0000 -9.5000 -13.4695 244 206 157
-34.0000 -9.5000 -13.5796 243 205 156
-33.0000 -9.5000 -13.7240 241 203 156
-32.0000 -9.5000 -13.8956 229 191 144
-31.0000 -9.5000 -14.0846 217 180 135
-30.0000 -9.5000 -14.2792 204 167 123
-29.0000 -9.5000 -14.4670 182 148 103
-28.0000 -9.5000 -14.6362 188 153 111
-27.0000 -9.5000 -14.7771 185 150 110
-26.0000 -9.5000 -14.8832 184 150 112
-25.0000 -9.5000 -14.9519 184 150 112
-24.0000 -9.5000 -14.9842 179 145 108
-23.0000 -9.5000 -14.9843 176 142 105
-22.0000 -9.5000 -14.9585 184 150 115
-21.0000 -9.5000 -14.9138 195 161 123
-20.0000 -9.5000 -14.8571 192 158 113
-19.0000 -9.5000 -14.7949 195 161 113
-18.0000 -9.5000 -14.7333 197 165 116
-17.0000 -9.5000 -14.6783 196 168 118
-16.0000 -9.5000 -14.6362 196 170 121
-15.0000 -9.5000 -14.6125 194 171 121
-14.0000 -9.5000 -14.6116 197 171 122
-13.0000 -9.5000 -14.6349 197 171 122
-12.0000 -9.5000 -14.6813 198 167 121
-11.0000 -9.5000 -14.7471 195 164 118
-10.0000 -9.5000 -14.8270 194 161 118
-9.0000 -9.5000 -14.9152 192 161 117
-8.0000 -9.5000 -15.0066 191 162 118
-7.0000 -9.5000 -15.0968 185 161 115
-6.0000 -9.5000 -15.1825 178 155 111
-5.0000 -9.5000 -15.2613 172 151 106
-4.0000 -9.5000 -15.3311 177 154 112
-3.0000 -9.5000 -15.3903 176 153 111
-2.0000 -9.5000 -15.4373 175 152 110
-1.0000 -9.5000 -15.4711 174 151 109
0.0000 -9.5000 -15.4913 172 149 107
1.0000 -9.5000 -15.4983 171 148 106
2.0000 -9.5000 -15.4938 170 147 105
3.0000 -9.5000 -15.4808 169 146 104
4.0000 -9.5000 -15.4632 174 151 109
5.0000 -9.5000 -15.4459 173 150 108
6.0000 -9.5000 -15.4343 172 149 107
7.0000 -9.5000 -15.4335 174 151 109
8.0000 -9.5000 -15.4480 177 154 112
9.0000 -9.5000 -15.4807 177 154 112
10.0000 -9.5000 -15.5329 175 152 110
11.0000 -9.5000 -15.6043 172 149 107
12.0000 -9.5000 -15.6937 170 142 103
13.0000 -9.5000 -15.7993 169 141 102
14.0000 -9.5000 -15.9199 167 139 102
15.0000 -9.5000 -16.0557 165 137 100
16.0000 -9.5000 -16.2093 164 134 100
17.0000 -9.5000 -16.3880 162 131 100
18.0000 -9.5000 -16.6050 160 129 100
19.0000 -9.5000 -16.8803 158 129 99
20.0000 -9.5000 -17.2397 152 122 94
21.0000 -9.5000 -17.7107 148 123 93
22.0000 -9.5000 -18.3146 144 118 91
23.0000 -9.5000 -19.0581 134 113 86
24.0000 -9.5000 -19.9254 121 101 76
25.0000 -9.5000 -20.8761 103 87 61
26.0000 -9.5000 -21.8498 89 73 48
27.0000 -9.5000 -22.7779 78 63 40
28.0000 -9.5000 -23.5976 69 52 34
29.0000 -9.5000 -24.2643 67 50 34
30.0000 -9.5000 -24.7572 65 48 32
31.0000 -9.5000 -25.0776 66 49 33
32.0000 -9.5000 -25.2409 68 52 36
33.0000 -9.5000 -25.2685 68 52 36
34.0000 -9.5000 -25.1824 67 51 35
35.0000 -9.5000 -25.0046 65 49 33
36.0000 -9.5000 -24.7604 62 49 32
37.0000 -9.5000 -24.4816 67 54 37
38.0000 -9.5000 -24.2055 73 62 44
39.0000 -9.5000 -23.9706 78 67 49
40.0000 -9.5000 -23.8095 81 70 52
41.0000 -9.5000 -23.7430 80 69 51
42.0000 -9.5000 -23.7782 74 66 47
43.0000 -9.5000 -23.9118 72 64 45
44.0000 -9.5000 -24.1349 72 59 43
45.0000 -9.5000 -24.4390 72 59 43
46.0000 -9.5000 -24.8189 70 58 42
47.0000 -9.5000 -25.2720 69 57 41
48.0000 -9.5000 -25.7965 65 53 39
49.0000 -9.5000 -26.3886 59 50 35
50.0000 -9.5000 -27.0421 55 46 31
51.0000 -9.5000 -27.7482 52 45 29
52.0000 -9.5000 -28.4977 53 45 32
53.0000 -9.5000 -29.2818 50 44 30
54.0000 -9.5000 -30.0918 47 41 29
55.0000 -9.5000 -30.9196 42 38 26
56.0000 -9.5000 -31.7580 39 35 23
57.0000 -9.5000 -32.6037 37 33 21
58.0000 -9.5000 -33.4610 36 34 22
59.0000 -9.5000 -34.3439 33 33 21
60.0000 -9.5000 -35.2750 35 35 25
61.0000 -9.5000 -36.2821 32 34 23
62.0000 -9.5000 -37.3950 28 30 19
63.0000 -9.5000 -38.6466 24 26 15
64.0000 -9.5000 -40.0826 21 22 14
65.0000 -9.5000 -41.7796 19 20 12
66.0000 -9.5000 -43.8652 19 20 12
67.0000 -9.5000 -46.5251 19 20 12
68.0000 -9.5000 -49.9840 20 21 15
69.0000 -9.5000 -54.4451 19 20 14
70.0000 -9.5000 -59.9956 16 17 12
71.0000 -9.5000 -66.5083 13 14 9
-96.0000 -10.5000 -88.8957 18 18 10
-95.0000 -10.5000 -73.4951 29 29 19
-94.0000 -10.5000 -59.8248 35 36 22
-93.0000 -10.5000 -48.8306 37 38 22
-92.0000 -10.5000 -40.7461 46 45 27
-91.0000 -10.5000 -35.2589 47 46 28
-90.0000 -10.5000 -31.7862 50 47 28
-89.0000 -10.5000 -29.7203 53 50 31
-88.0000 -10.5000 -28.5670 54 51 34
-87.0000 -10.5000 -27.9817 55 52 35
-86.0000 -10.5000 -27.7410 57 51 37
-85.0000 -10.5000 -27.6950 57 51 37
-84.0000 -10.5000 -27.7272 51 48 33
-83.0000 -10.5000 -27.7344 48 45 30
-82.0000 -10.5000 -27.6260 45 42 27
-81.0000 -10.5000 -27.3339 44 41 26
-80.0000 -10.5000 -26.8242 49 43 27
-79.0000 -10.5000 -26.1033 56 51 32
-78.0000 -10.5000 -25.2145 63 58 39
-77.0000 -10.5000 -24.2255 68 63 43
-76.0000 -10.5000 -23.2125 76 70 48
-75.0000 -10.5000 -22.2435 89 83 59
-74.0000 -10.5000 -21.3672 102 94 71
-73.0000 -10.5000 -20.6087 104 97 71
-72.0000 -10.5000 -19.9707 106 99 71
-71.0000 -10.5000 -19.4396 111 104 76
-70.0000 -10.5000 -18.9929 117 107 80
-69.0000 -10.5000 -18.6054 117 108 79
-68.0000 -10.5000 -18.2538 118 109 76
-67.0000 -10.5000 -17.9197 117 109 73
-66.0000 -10.5000 -17.5914 121 111 75
-65.0000 -10.5000 -17.2644 128 118 82
-64.0000 -10.5000 -16.9406 141 127 90
-63.0000 -10.5000 -16.6254 150 136 99
-62.0000 -10.5000 -16.3252 156 138 100
-61.0000 -10.5000 -16.0446 157 139 99
-60.0000 -10.5000 -15.7853 168 146 107
-59.0000 -10.5000 -15.5470 168 146 105
-58.0000 -10.5000 -15.3282 173 148 107
-57.0000 -10.5000 -15.1277 179 154 113
-56.0000 -10.5000 -14.9449 191 162 120
-55.0000 -10.5000 -14.7801 196 167 125
-54.0000 -10.5000 -14.6331 199 168 124
-53.0000 -10.5000 -14.5032 197 166 122
-52.0000 -10.5000 -14.3886 205 172 127
-51.0000 -10.5000 -14.2864 207 175 128
-50.0000 -10.5000 -14.1937 209 175 129
-49.0000 -10.5000 -14.1077 208 174 128
-48.0000 -10.5000 -14.0271 208 174 126
-47.0000 -10.5000 -13.9515 210 176 128
-46.0000 -10.5000 -13.8813 219 183 133
-45.0000 -10.5000 -13.8165 224 188 138
-44.0000 -10.5000 -13.7565 219 181 132
-43.0000 -10.5000 -13.6997 211 174 122
-42.0000 -10.5000 -13.6448 210 173 121
-41.0000 -10.5000 -13.5923 223 186 134
-40.0000 -10.5000 -13.5455 236 196 145
-39.0000 -10.5000 -13.5106 240 200 149
-38.0000 -10.5000 -13.4958 241 201 150
-37.0000 -10.5000 -13.5094 245 205 154
-36.0000 -10.5000 -13.5580 238 200 151
-35.0000 -10.5000 -13.6445 238 200 153
-34.0000 -10.5000 -13.7677 233 197 149
-33.0000 -10.5000 -13.9225 222 185 140
-32.0000 -10.5000 -14.1003 208 171 126
-31.0000 -10.5000 -14.2901 196 159 114
-30.0000 -10.5000 -14.4801 191 154 110
-29.0000 -10.5000 -14.6579 188 153 111
-28.0000 -10.5000 -14.8129 174 139 99
-27.0000 -10.5000 -14.9365 172 139 98
-26.0000 -10.5000 -15.0234 171 137 99
-25.0000 -10.5000 -15.0723 170 136 98
-24.0000 -10.5000 -15.0855 170 138 100
-23.0000 -10.5000 -15.0682 177 145 107
-22.0000 -10.5000 -15.0277 187 155 117
-21.0000 -10.5000 -14.9719 196 162 124
-20.0000 -10.5000 -14.9082 195 161 116
-19.0000 -10.5000 -14.8431 195 161 113
-18.0000 -10.5000 -14.7822 196 164 115
-17.0000 -10.5000 -14.7306 194 166 116
-16.0000 -10.5000 -14.6934 195 169 120
-15.0000 -10.5000 -14.6749 194 171 121
-14.0000 -10.5000 -14.6780 197 171 122
-13.0000 -10.5000 -14.7040 198 172 123
-12.0000 -10.5000 -14.7514 199 168 122
-11.0000 -10.5000 -14.8167 197 166 120
-10.0000 -10.5000 -14.8954 196 163 120
-9.0000 -10.5000 -14.9823 192 161 117
-8.0000 -10.5000 -15.0732 186 157 113
-7.0000 -10.5000 -15.1642 180 156 110
-6.0000 -10.5000 -15.2527 176 153 109
-5.0000 -10.5000 -15.3361 174 153 108
-4.0000 -10.5000 -15.4119 180 157 115
-3.0000 -10.5000 -15.4776 175 152 111
-2.0000 -10.5000 -15.5308 168 145 104
-1.0000 -10.5000 -15.5695 165 142 101
0.0000 -10.5000 -15.5928 164 141 100
1.0000 -10.5000 -15.6011 165 142 101
2.0000 -10.5000 -15.5961 164 141 100
3.0000 -10.5000 -15.5812 162 139 98
4.0000 -10.5000 -15.5610 173 150 109
5.0000 -10.5000 -15.5410 175 152 111
6.0000 -10.5000 -15.5272 177 154 113
7.0000 -10.5000 -15.5253 179 156 115
8.0000 -10.5000 -15.5399 179 156 115
9.0000 -10.5000 -15.5736 178 155 114
10.0000 -10.5000 -15.6276 176 153 112
11.0000 -10.5000 -15.7009 175 152 111
12.0000 -10.5000 -15.7919 173 145 108
13.0000 -10.5000 -15.8983 164 136 99
14.0000 -10.5000 -16.0184 160 131 97
15.0000 -10.5000 -16.1523 164 135 101
16.0000 -10.5000 -16.3023 164 133 102
17.0000 -10.5000 -16.4749 157 126 95
18.0000 -10.5000 -16.6821 153 122 93
19.0000 -10.5000 -16.9423 154 125 95
20.0000 -10.5000 -17.2797 146 116 88
21.0000 -10.5000 -17.7210 148 123 93
22.0000 -10.5000 -18.2892 148 122 95
23.0000 -10.5000 -18.9951 138 117 88
24.0000 -10.5000 -19.8297 127 107 80
25.0000 -10.5000 -20.7595 111 96 67
26.0000 -10.5000 -21.7296 92 76 50
27.0000 -10.5000 -22.6731 74 60 34
28.0000 -10.5000 -23.5244 75 58 40
29.0000 -10.5000 -24.2331 68 51 35
30.0000 -10.5000 -24.7709 66 49 33
31.0000 -10.5000 -25.1320 70 53 37
32.0000 -10.5000 -25.3271 72 56 40
33.0000 -10.5000 -25.3750 70 54 38
34.0000 -10.5000 -25.2976 70 54 38
35.0000 -10.5000 -25.1189 73 57 41
36.0000 -10.5000 -24.8679 65 52 35
37.0000 -10.5000 -24.5801 68 55 38
38.0000 -10.5000 -24.2971 71 60 42
39.0000 -10.5000 -24.0605 74 63 45
40.0000 -10.5000 -23.9042 76 65 47
41.0000 -10.5000 -23.8490 76 65 47
42.0000 -10.5000 -23.9004 73 65 46
43.0000 -10.5000 -24.0525 72 64 45
44.0000 -10.5000 -24.2939 67 58 41
45.0000 -10.5000 -24.6142 66 57 40
46.0000 -10.5000 -25.0070 66 57 40
47.0000 -10.5000 -25.4697 67 58 41
48.0000 -10.5000 -26.0010 67 58 43
49.0000 -10.5000 -26.5979 63 56 40
50.0000 -10.5000 -27.2542 58 51 35
51.0000 -10.5000 -27.9610 53 46 30
52.0000 -10.5000 -28.7092 52 44 31
53.0000 -10.5000 -29.4904 51 43 30
54.0000 -10.5000 -30.2976 49 41 30
55.0000 -10.5000 -31.1245 45 39 27
56.0000 -10.5000 -31.9662 42 36 24
57.0000 -10.5000 -32.8207 39 33 21
58.0000 -10.5000 -33.6925 37 30 20
59.0000 -10.5000 -34.5945 34 30 19
60.0000 -10.5000 -35.5475 30 30 20
61.0000 -10.5000 -36.5783 26 28 17
62.0000 -10.5000 -37.7180 23 25 14
63.0000 -10.5000 -39.0049 23 25 14
64.0000 -10.5000 -40.4945 23 24 16
65.0000 -10.5000 -42.2755 23 24 16
66.0000 -10.5000 -44.4863 20 21 13
67.0000 -10.5000 -47.3179 17 18 10
68.0000 -10.5000 -50.9901 15 16 10
69.0000 -10.5000 -55.6888 14 15 9
70.0000 -10.5000 -61.4723 13 14 9
-96.0000 -11.5000 -95.8017 17 16 11
-95.0000 -11.5000 -79.3000 27 27 17
-94.0000 -11.5000 -64.3475 33 33 21
-93.0000 -11.5000 -52.1099 36 37 23
-92.0000 -11.5000 -42.9743 45 43 28
-91.0000 -11.5000 -36.6953 46 45 27
-90.0000 -11.5000 -32.6854 50 47 28
-89.0000 -11.5000 -30.2888 52 49 30
-88.0000 -11.5000 -28.9511 54 51 34
-87.0000 -11.5000 -28.2738 54 51 34
-86.0000 -11.5000 -27.9945 57 51 37
-85.0000 -11.5000 -27.9381 56 50 36
-84.0000 -11.5000 -27.9735 50 47 32
-83.0000 -11.5000 -27.9883 47 44 29
-82.0000 -11.5000 -27.8858 44 41 26
-81.0000 -11.5000 -27.5934 43 40 25
-80.0000 -11.5000 -27.0744 48 42 26
-79.0000 -11.5000 -26.3345 54 49 30
-78.0000 -11.5000 -25.4186 62 57 38
-77.0000 -11.5000 -24.3986 67 62 42
-76.0000 -11.5000 -23.3551 79 73 51
-75.0000 -11.5000 -22.3607 91 85 61
-74.0000 -11.5000 -21.4668 102 94 71
-73.0000 -11.5000 -20.6986 103 96 70
-72.0000 -11.5000 -20.0569 103 96 68
-71.0000 -11.5000 -19.5250 108 101 73
-70.0000 -11.5000 -19.0771 114 104 77
-69.0000 -11.5000 -18.6853 114 105 76
-68.0000 -11.5000 -18.3255 118 109 76
-67.0000 -11.5000 -17.9801 118 110 74
-66.0000 -11.5000 -17.6392 122 112 76
-65.0000 -11.5000 -17.3006 130 120 84
-64.0000 -11.5000 -16.9678 143 129 92
-63.0000 -11.5000 -16.6474 151 137 100
-62.0000 -11.5000 -16.3455 158 140 102
-61.0000 -11.5000 -16.0660 159 141 101
-60.0000 -11.5000 -15.8099 169 147 108
-59.0000 -11.5000 -15.5758 171 149 108
-58.0000 -11.5000 -15.3618 177 152 111
-57.0000 -11.5000 -15.1665 183 158 117
-56.0000 -11.5000 -14.9894 192 163 121
-55.0000 -11.5000 -14.8305 197 168 126
-54.0000 -11.5000 -14.6897 200 169 125
-53.0000 -11.5000 -14.5657 200 169 125
-52.0000 -11.5000 -14.4563 204 171 126
-51.0000 -11.5000 -14.3582 203 170 125
-50.0000 -11.5000 -14.2680 203 169 123
-49.0000 -11.5000 -14.1833 203 169 123
-48.0000 -11.5000 -14.1032 205 171 123
-47.0000 -11.5000 -14.0280 211 178 127
-46.0000 -11.5000 -13.9591 221 185 135
-45.0000 -11.5000 -13.8972 226 190 138
-44.0000 -11.5000 -13.8417 223 186 134
-43.0000 -11.5000 -13.7913 215 178 126
-42.0000 -11.5000 -13.7445 213 176 124
-41.0000 -11.5000 -13.7015 220 183 131
-40.0000 -11.5000 -13.6655 229 189 138
-39.0000 -11.5000 -13.6425 230 190 139
-38.0000 -11.5000 -13.6408 231 191 140
-37.0000 -11.5000 -13.6684 235 195 146
-36.0000 -11.5000 -13.7310 233 195 148
-35.0000 -11.5000 -13.8307 229 191 144
-34.0000 -11.5000 -13.9645 220 183 138
-33.0000 -11.5000 -14.1258 209 172 127
-32.0000 -11.5000 -14.3047 199 162 117
-31.0000 -11.5000 -14.4896 191 157 112
-30.0000 -11.5000 -14.6689 190 156 111
-29.0000 -11.5000 -14.8314 191 156 114
-28.0000 -11.5000 -14.9678 174 141 100
-27.0000 -11.5000 -15.0713 174 141 100
-26.0000 -11.5000 -15.1382 174 140 102
-25.0000 -11.5000 -15.1686 172 140 101
-24.0000 -11.5000 -15.1658 173 141 102
-23.0000 -11.5000 -15.1359 178 146 108
-22.0000 -11.5000 -15.0867 186 154 116
-21.0000 -11.5000 -15.0264 194 161 120
-20.0000 -11.5000 -14.9625 194 160 115
-19.0000 -11.5000 -14.9014 194 160 112
-18.0000 -11.5000 -14.8477 193 161 112
-17.0000 -11.5000 -14.8057 191 163 115
-16.0000 -11.5000 -14.7788 192 166 117
-15.0000 -11.5000 -14.7697 193 170 120
-14.0000 -11.5000 -14.7805 197 171 122
-13.0000 -11.5000 -14.8113 199 172 125
-12.0000 -11.5000 -14.8607 198 167 121
-11.0000 -11.5000 -14.9256 196 165 121
-10.0000 -11.5000 -15.0020 195 162 119
-9.0000 -11.5000 -15.0858 191 160 116
-8.0000 -11.5000 -15.1737 187 158 114
-7.0000 -11.5000 -15.2629 182 158 114
-6.0000 -11.5000 -15.3509 180 157 113
-5.0000 -11.5000 -15.4357 179 158 115
-4.0000 -11.5000 -15.5143 174 151 110
-3.0000 -11.5000 -15.5839 170 147 106
-2.0000 -11.5000 -15.6411 165 142 101
-1.0000 -11.5000 -15.6834 163 140 99
0.0000 -11.5000 -15.7094 164 141 100
1.0000 -11.5000 -15.7193 166 143 102
2.0000 -11.5000 -15.7150 166 143 102
3.0000 -11.5000 -15.7000 165 142 101
4.0000 -11.5000 -15.6794 169 146 105
5.0000 -11.5000 -15.6591 171 148 107
6.0000 -11.5000 -15.6456 173 150 109
7.0000 -11.5000 -15.6446 175 152 111
8.0000 -11.5000 -15.6607 175 152 111
9.0000 -11.5000 -15.6965 173 150 109
10.0000 -11.5000 -15.7525 171 148 107
11.0000 -11.5000 -15.8275 170 146 108
12.0000 -11.5000 -15.9193 171 145 108
13.0000 -11.5000 -16.0255 165 136 102
14.0000 -11.5000 -16.1442 161 132 98
15.0000 -11.5000 -16.2754 164 135 101
16.0000 -11.5000 -16.4214 164 133 102
17.0000 -11.5000 -16.5881 158 127 96
18.0000 -11.5000 -16.7863 154 123 94
19.0000 -11.5000 -17.0329 154 125 95
20.0000 -11.5000 -17.3499 146 119 90
21.0000 -11.5000 -17.7629 147 122 92
22.0000 -11.5000 -18.2954 144 120 92
23.0000 -11.5000 -18.9618 134 113 84
24.0000 -11.5000 -19.7587 125 105 78
25.0000 -11.5000 -20.6601 112 97 68
26.0000 -11.5000 -21.6172 93 79 50
27.0000 -11.5000 -22.5662 75 61 35
28.0000 -11.5000 -23.4407 75 58 40
29.0000 -11.5000 -24.1853 68 51 35
30.0000 -11.5000 -24.7651 65 48 32
31.0000 -11.5000 -25.1672 69 52 36
32.0000 -11.5000 -25.3964 71 55 39
33.0000 -11.5000 -25.4684 68 52 36
34.0000 -11.5000 -25.4040 67 51 35
35.0000 -11.5000 -25.2285 70 54 38
36.0000 -11.5000 -24.9738 68 55 38
37.0000 -11.5000 -24.6797 70 57 40
38.0000 -11.5000 -24.3915 73 62 44
39.0000 -11.5000 -24.1541 76 65 47
40.0000 -11.5000 -24.0034 77 66 48
41.0000 -11.5000 -23.9602 75 64 46
42.0000 -11.5000 -24.0290 71 63 44
43.0000 -11.5000 -24.2016 69 61 42
44.0000 -11.5000 -24.4643 66 59 41
45.0000 -11.5000 -24.8045 65 58 40
46.0000 -11.5000 -25.2143 64 57 39
47.0000 -11.5000 -25.6908 65 58 40
48.0000 -11.5000 -26.2327 65 58 42
49.0000 -11.5000 -26.8370 62 55 39
50.0000 -11.5000 -27.4976 57 50 34
51.0000 -11.5000 -28.2056 52 45 29
52.0000 -11.5000 -28.9521 51 43 30
53.0000 -11.5000 -29.7296 50 42 29
54.0000 -11.5000 -30.5327 48 40 29
55.0000 -11.5000 -31.3574 45 37 26
56.0000 -11.5000 -32.2014 42 34 23
57.0000 -11.5000 -33.0646 40 32 21
58.0000 -11.5000 -33.9520 37 28 19
59.0000 -11.5000 -34.8756 35 28 18
60.0000 -11.5000 -35.8542 30 30 20
61.0000 -11.5000 -36.9136 26 28 17
62.0000 -11.5000 -38.0867 23 25 14
63.0000 -11.5000 -39.4177 22 24 13
64.0000 -11.5000 -40.9719 23 24 16
65.0000 -11.5000 -42.8488 22 23 15
66.0000 -11.5000 -45.1930 20 21 13
67.0000 -11.5000 -48.1911 17 18 10
68.0000 -11.5000 -52.0441 16 17 11
69.0000 -11.5000 -56.9055 15 16 10
70.0000 -11.5000 -62.7943 13 14 9
-96.0000 -12.5000 -101.6529 15 14 10
-95.0000 -12.5000 -84.4547 24 24 16
-94.0000 -12.5000 -68.5606 31 31 21
-93.0000 -12.5000 -55.3173 35 36 22
-92.0000 -12.5000 -45.2645 44 42 27
-91.0000 -12.5000 -38.2481 45 44 26
-90.0000 -12.5000 -33.7061 49 46 27
-89.0000 -12.5000 -30.9614 51 48 29
-88.0000 -12.5000 -29.4154 52 49 32
-87.0000 -12.5000 -28.6240 53 50 33
-86.0000 -12.5000 -28.2883 55 49 33
-85.0000 -12.5000 -28.2087 55 49 33
-84.0000 -12.5000 -28.2388 49 46 31
-83.0000 -12.5000 -28.2573 46 43 28
-82.0000 -12.5000 -28.1608 42 39 24
-81.0000 -12.5000 -27.8716 41 38 23
-80.0000 -12.5000 -27.3490 46 40 24
-79.0000 -12.5000 -26.5967 52 47 28
-78.0000 -12.5000 -25.6604 59 54 35
-77.0000 -12.5000 -24.6146 64 59 39
-76.0000 -12.5000 -23.5445 81 75 53
-75.0000 -12.5000 -22.5266 92 86 62
-74.0000 -12.5000 -21.6152 101 93 70
-73.0000 -12.5000 -20.8361 99 92 66
-72.0000 -12.5000 -20.1885 99 92 64
-71.0000 -12.5000 -19.6529 104 97 69
-70.0000 -12.5000 -19.2004 110 100 73
-69.0000 -12.5000 -18.8011 111 102 73
-68.0000 -12.5000 -18.4304 116 107 74
-67.0000 -12.5000 -18.0716 118 110 74
-66.0000 -12.5000 -17.7168 123 113 77
-65.0000 -12.5000 -17.3659 131 121 85
-64.0000 -12.5000 -17.0240 144 130 93
-63.0000 -12.5000 -16.6981 152 138 101
-62.0000 -12.5000 -16.3944 159 141 103
-61.0000 -12.5000 -16.1158 161 143 103
-60.0000 -12.5000 -15.8625 169 147 108
-59.0000 -12.5000 -15.6323 173 151 110
-58.0000 -12.5000 -15.4229 180 155 114
-57.0000 -12.5000 -15.2326 185 160 119
-56.0000 -12.5000 -15.0606 192 163 121
-55.0000 -12.5000 -14.9068 195 166 124
-54.0000 -12.5000 -14.7706 200 169 125
-53.0000 -12.5000 -14.6507 203 172 128
-52.0000 -12.5000 -14.5442 203 170 127
-51.0000 -12.5000 -14.4476 199 166 121
-50.0000 -12.5000 -14.3577 196 164 117
-49.0000 -12.5000 -14.2724 197 165 118
-48.0000 -12.5000 -14.1912 204 170 122
-47.0000 -12.5000 -14.1153 212 179 128
-46.0000 -12.5000 -14.0465 219 186 135
-45.0000 -12.5000 -13.9861 224 191 138
-44.0000 -12.5000 -13.9340 222 186 134
-43.0000 -12.5000 -13.8890 217 182 128
-42.0000 -12.5000 -13.8496 215 178 125
-41.0000 -12.5000 -13.8161 217 180 127
-40.0000 -12.5000 -13.7915 219 182 130
-39.0000 -12.5000 -13.7816 219 182 130
-38.0000 -12.5000 -13.7941 224 184 135
-37.0000 -12.5000 -13.8364 228 188 139
-36.0000 -12.5000 -13.9131 227 189 142
-35.0000 -12.5000 -14.0247 218 181 136
-34.0000 -12.5000 -14.1668 206 169 124
-33.0000 -12.5000 -14.3309 197 160 115
-32.0000 -12.5000 -14.5062 191 157 112
-31.0000 -12.5000 -14.6812 190 156 111
-30.0000 -12.5000 -14.8448 191 157 112
-29.0000 -12.5000 -14.9876 190 157 112
-28.0000 -12.5000 -15.1024 175 142 99
-27.0000 -12.5000 -15.1845 176 143 100
-26.0000 -12.5000 -15.2321 176 144 103
-25.0000 -12.5000 -15.2467 176 144 103
-24.0000 -12.5000 -15.2324 176 144 103
-23.0000 -12.5000 -15.1959 177 148 108
-22.0000 -12.5000 -15.1449 183 154 114
-21.0000 -12.5000 -15.0875 189 157 116
-20.0000 -12.5000 -15.0310 193 159 114
-19.0000 -12.5000 -14.9807 193 159 113
-18.0000 -12.5000 -14.9407 192 160 113
-17.0000 -12.5000 -14.9137 190 162 115
-16.0000 -12.5000 -14.9016 191 164 117
-15.0000 -12.5000 -14.9058 192 168 120
-14.0000 -12.5000 -14.9268 196 169 122
-13.0000 -12.5000 -14.9642 198 171 126
-12.0000 -12.5000 -15.0165 199 168 124
-11.0000 -12.5000 -15.0809 197 165 124
-10.0000 -12.5000 -15.1543 194 161 120
-9.0000 -12.5000 -15.2338 189 157 116
-8.0000 -12.5000 -15.3168 185 156 114
-7.0000 -12.5000 -15.4015 180 155 114
-6.0000 -12.5000 -15.4861 179 156 114
-5.0000 -12.5000 -15.5686 178 157 114
-4.0000 -12.5000 -15.6464 168 145 104
-3.0000 -12.5000 -15.7160 164 140 102
-2.0000 -12.5000 -15.7740 161 137 99
-1.0000 -12.5000 -15.8175 160 136 98
0.0000 -12.5000 -15.8449 163 139 101
1.0000 -12.5000 -15.8563 166 142 104
2.0000 -12.5000 -15.8536 166 142 104
3.0000 -12.5000 -15.8404 166 142 104
4.0000 -12.5000 -15.8218 164 140 102
5.0000 -12.5000 -15.8038 165 141 103
6.0000 -12.5000 -15.7930 167 143 105
7.0000 -12.5000 -15.7951 169 145 107
8.0000 -12.5000 -15.8145 169 145 107
9.0000 -12.5000 -15.8535 167 143 105
10.0000 -12.5000 -15.9123 165 141 103
11.0000 -12.5000 -15.9893 163 139 101
12.0000 -12.5000 -16.0819 169 143 108
13.0000 -12.5000 -16.1876 163 137 104
14.0000 -12.5000 -16.3047 160 134 101
15.0000 -12.5000 -16.4329 161 135 102
16.0000 -12.5000 -16.5745 163 134 102
17.0000 -12.5000 -16.7352 158 129 97
18.0000 -12.5000 -16.9248 155 126 96
19.0000 -12.5000 -17.1582 154 125 95
20.0000 -12.5000 -17.4556 147 120 91
21.0000 -12.5000 -17.8408 145 120 90
22.0000 -12.5000 -18.3375 138 114 86
23.0000 -12.5000 -18.9622 128 109 79
24.0000 -12.5000 -19.7170 121 104 74
25.0000 -12.5000 -20.5827 114 99 68
26.0000 -12.5000 -21.5172 96 83 51
27.0000 -12.5000 -22.4611 78 64 37
28.0000 -12.5000 -23.3484 75 58 38
29.0000 -12.5000 -24.1206 67 50 34
30.0000 -12.5000 -24.7368 64 47 31
31.0000 -12.5000 -25.1777 68 51 35
32.0000 -12.5000 -25.4423 68 52 36
33.0000 -12.5000 -25.5420 64 48 32
34.0000 -12.5000 -25.4958 63 47 31
35.0000 -12.5000 -25.3296 66 50 34
36.0000 -12.5000 -25.0774 70 57 40
37.0000 -12.5000 -24.7821 73 60 43
38.0000 -12.5000 -24.4929 75 64 46
39.0000 -12.5000 -24.2576 77 66 48
40.0000 -12.5000 -24.1142 77 66 48
41.0000 -12.5000 -24.0842 75 64 46
42.0000 -12.5000 -24.1715 70 62 43
43.0000 -12.5000 -24.3663 66 59 40
44.0000 -12.5000 -24.6528 65 60 41
45.0000 -12.5000 -25.0161 63 58 39
46.0000 -12.5000 -25.4468 62 57 38
47.0000 -12.5000 -25.9407 62 57 38
48.0000 -12.5000 -26.4959 62 56 40
49.0000 -12.5000 -27.1092 60 54 38
50.0000 -12.5000 -27.7741 55 48 32
51.0000 -12.5000 -28.4821 51 44 28
52.0000 -12.5000 -29.2244 49 41 28
53.0000 -12.5000 -29.9948 48 40 27
54.0000 -12.5000 -30.7900 47 37 27
55.0000 -12.5000 -31.6089 45 35 25
56.0000 -12.5000 -32.4520 42 32 22
57.0000 -12.5000 -33.3217 39 29 19
58.0000 -12.5000 -34.2241 38 28 19
59.0000 -12.5000 -35.1704 34 27 17
60.0000 -12.5000 -36.1783 29 29 19
61.0000 -12.5000 -37.2728 25 27 16
62.0000 -12.5000 -38.4891 23 25 14
63.0000 -12.5000 -39.8778 22 24 13
64.0000 -12.5000 -41.5140 23 24 16
65.0000 -12.5000 -43.5059 22 23 15
66.0000 -12.5000 -45.9994 19 20 12
67.0000 -12.5000 -49.1679 16 17 9
68.0000 -12.5000 -53.1806 16 17 11
69.0000 -12.5000 -58.1442 15 16 10
70.0000 -12.5000 -64.0287 13 14 9
-95.0000 -13.5000 -88.7719 20 20 12
-94.0000 -13.5000 -72.3290 29 29 19
-93.0000 -13.5000 -58.3679 33 34 20
-92.0000 -13.5000 -47.5721 42 40 25
-91.0000 -13.5000 -39.8990 44 43 25
-90.0000 -13.5000 -34.8442 47 44 25
-89.0000 -13.5000 -31.7387 49 46 27
-88.0000 -13.5000 -29.9607 51 48 31
-87.0000 -13.5000 -29.0314 52 49 32
-86.0000 -13.5000 -28.6198 54 48 32
-85.0000 -13.5000 -28.5027 54 48 32
-84.0000 -13.5000 -28.5186 48 45 30
-83.0000 -13.5000 -28.5363 45 42 27
-82.0000 -13.5000 -28.4455 41 38 23
-81.0000 -13.5000 -28.1626 40 37 22
-80.0000 -13.5000 -27.6423 44 38 22
-79.0000 -13.5000 -26.8853 50 45 26
-78.0000 -13.5000 -25.9365 57 52 33
-77.0000 -13.5000 -24.8723 62 57 37
-76.0000 -13.5000 -23.7811 80 74 52
-75.0000 -13.5000 -22.7432 90 84 60
-74.0000 -13.5000 -21.8155 98 90 67
-73.0000 -13.5000 -21.0246 96 89 63
-72.0000 -13.5000 -20.3688 95 88 60
-71.0000 -13.5000 -19.8261 101 94 66
-70.0000 -13.5000 -19.3653 108 98 71
-69.0000 -13.5000 -18.9550 110 101 72
-68.0000 -13.5000 -18.5703 112 103 70
-67.0000 -13.5000 -18.1959 115 107 71
-66.0000 -13.5000 -17.8259 122 112 76
-65.0000 -13.5000 -17.4620 130 120 84
-64.0000 -13.5000 -17.1107 142 128 91
-63.0000 -13.5000 -16.7792 149 135 98
-62.0000 -13.5000 -16.4734 157 139 101
-61.0000 -13.5000 -16.1953 159 141 101
-60.0000 -13.5000 -15.9443 166 144 105
-59.0000 -13.5000 -15.7175 171 149 108
-58.0000 -13.5000 -15.5121 179 154 113
-57.0000 -13.5000 -15.3260 183 158 117
-56.0000 -13.5000 -15.1583 188 159 117
-55.0000 -13.5000 -15.0084 190 161 119
-54.0000 -13.5000 -14.8754 196 165 121
-53.0000 -13.5000 -14.7576 200 169 125
-52.0000 -13.5000 -14.6520 202 169 126
-51.0000 -13.5000 -14.5551 198 165 122
-50.0000 -13.5000 -14.4639 196 163 118
-49.0000 -13.5000 -14.3766 198 166 119
-48.0000 -13.5000 -14.2935 206 172 124
-47.0000 -13.5000 -14.2161 213 180 129
-46.0000 -13.5000 -14.1466 217 184 131
-45.0000 -13.5000 -14.0866 218 185 131
-44.0000 -13.5000 -14.0365 218 183 129
-43.0000 -13.5000 -13.9953 215 180 126
-42.0000 -13.5000 -13.9620 215 178 125
-41.0000 -13.5000 -13.9371 214 177 124
-40.0000 -13.5000 -13.9235 214 177 125
-39.0000 -13.5000 -13.9268 216 179 127
-38.0000 -13.5000 -13.9540 223 183 134
-37.0000 -13.5000 -14.0113 225 187 140
-36.0000 -13.5000 -14.1020 221 184 139
-35.0000 -13.5000 -14.2245 212 175 130
-34.0000 -13.5000 -14.3726 201 164 119
-33.0000 -13.5000 -14.5364 195 158 113
-32.0000 -13.5000 -14.7044 193 159 114
-31.0000 -13.5000 -14.8653 193 159 114
-30.0000 -13.5000 -15.0096 189 156 111
-29.0000 -13.5000 -15.1300 185 152 107
-28.0000 -13.5000 -15.2218 176 143 100
-27.0000 -13.5000 -15.2827 177 146 102
-26.0000 -13.5000 -15.3131 180 149 105
-25.0000 -13.5000 -15.3158 180 149 105
-24.0000 -13.5000 -15.2956 177 148 106
-23.0000 -13.5000 -15.2591 178 149 107
-22.0000 -13.5000 -15.2137 181 152 110
-21.0000 -13.5000 -15.1668 187 155 114
-20.0000 -13.5000 -15.1246 191 157 112
-19.0000 -13.5000 -15.0916 192 158 113
-18.0000 -13.5000 -15.0707 193 160 115
-17.0000 -13.5000 -15.0630 191 163 116
-16.0000 -13.5000 -15.0691 192 165 118
-15.0000 -13.5000 -15.0888 191 167 121
-14.0000 -13.5000 -15.1215 193 166 121
-13.0000 -13.5000 -15.1665 193 166 121
-12.0000 -13.5000 -15.2219 196 164 123
-11.0000 -13.5000 -15.2859 193 161 120
-10.0000 -13.5000 -15.3560 190 157 116
-9.0000 -13.5000 -15.4303 184 152 113
-8.0000 -13.5000 -15.5073 178 149 109
-7.0000 -13.5000 -15.5856 173 148 107
-6.0000 -13.5000 -15.6640 172 149 107
-5.0000 -13.5000 -15.7409 171 149 108
-4.0000 -13.5000 -15.8136 164 140 102
-3.0000 -13.5000 -15.8791 161 137 99
-2.0000 -13.5000 -15.9340 158 134 96
-1.0000 -13.5000 -15.9757 158 134 96
0.0000 -13.5000 -16.0026 161 137 99
1.0000 -13.5000 -16.0151 163 139 101
2.0000 -13.5000 -16.0148 163 139 101
3.0000 -13.5000 -16.0052 162 138 100
4.0000 -13.5000 -15.9909 161 137 99
5.0000 -13.5000 -15.9780 162 138 100
6.0000 -13.5000 -15.9725 164 140 102
7.0000 -13.5000 -15.9801 165 141 103
8.0000 -13.5000 -16.0047 165 141 103
9.0000 -13.5000 -16.0485 163 139 101
10.0000 -13.5000 -16.1111 160 136 98
11.0000 -13.5000 -16.1908 159 135 99
12.0000 -13.5000 -16.2850 165 141 107
13.0000 -13.5000 -16.3908 161 137 103
14.0000 -13.5000 -16.5066 158 132 99
15.0000 -13.5000 -16.6321 158 132 99
16.0000 -13.5000 -16.7696 158 132 99
17.0000 -13.5000 -16.9241 156 130 97
18.0000 -13.5000 -17.1047 154 125 95
19.0000 -13.5000 -17.3246 150 123 93
20.0000 -13.5000 -17.6020 146 121 91
21.0000 -13.5000 -17.9591 141 118 87
22.0000 -13.5000 -18.4189 131 110 81
23.0000 -13.5000 -18.9999 122 103 73
24.0000 -13.5000 -19.7084 118 103 72
25.0000 -13.5000 -20.5316 114 101 69
26.0000 -13.5000 -21.4343 97 86 54
27.0000 -13.5000 -22.3618 80 69 41
28.0000 -13.5000 -23.2504 74 59 38
29.0000 -13.5000 -24.0400 68 51 35
30.0000 -13.5000 -24.6852 64 47 31
31.0000 -13.5000 -25.1608 66 49 33
32.0000 -13.5000 -25.4603 66 50 34
33.0000 -13.5000 -25.5910 62 46 30
34.0000 -13.5000 -25.5693 60 44 28
35.0000 -13.5000 -25.4205 62 46 30
36.0000 -13.5000 -25.1794 69 56 39
37.0000 -13.5000 -24.8913 72 59 42
38.0000 -13.5000 -24.6078 75 64 46
39.0000 -13.5000 -24.3795 78 67 49
40.0000 -13.5000 -24.2464 79 68 50
41.0000 -13.5000 -24.2313 76 65 47
42.0000 -13.5000 -24.3379 71 63 44
43.0000 -13.5000 -24.5556 67 60 41
44.0000 -13.5000 -24.8669 65 60 41
45.0000 -13.5000 -25.2550 63 58 39
46.0000 -13.5000 -25.7085 61 56 37
47.0000 -13.5000 -26.2216 60 55 36
48.0000 -13.5000 -26.7912 61 54 38
49.0000 -13.5000 -27.4132 58 51 35
50.0000 -13.5000 -28.0811 54 47 31
51.0000 -13.5000 -28.7862 49 42 26
52.0000 -13.5000 -29.5207 47 39 26
53.0000 -13.5000 -30.2799 46 38 25
54.0000 -13.5000 -31.0628 44 36 25
55.0000 -13.5000 -31.8715 42 34 23
56.0000 -13.5000 -32.7099 41 31 21
57.0000 -13.5000 -33.5834 38 30 19
58.0000 -13.5000 -34.4995 37 27 18
59.0000 -13.5000 -35.4694 34 27 17
60.0000 -13.5000 -36.5103 29 29 19
61.0000 -13.5000 -37.6473 25 27 16
62.0000 -13.5000 -38.9188 22 24 13
63.0000 -13.5000 -40.3824 21 23 12
64.0000 -13.5000 -42.1224 22 23 15
65.0000 -13.5000 -44.2539 22 23 15
66.0000 -13.5000 -46.9200 19 20 12
67.0000 -13.5000 -50.2737 16 17 9
68.0000 -13.5000 -54.4423 16 17 11
69.0000 -13.5000 -59.4748 15 16 10
70.0000 -13.5000 -65.2846 13 14 9
-95.0000 -14.5000 -92.2184 16 15 10
-94.0000 -14.5000 -75.6098 26 26 16
-93.0000 -14.5000 -61.2249 32 33 19
-92.0000 -14.5000 -49.8743 41 39 24
-91.0000 -14.5000 -41.6387 42 41 23
-90.0000 -14.5000 -36.0994 45 42 23
-89.0000 -14.5000 -32.6242 48 45 26
-88.0000 -14.5000 -30.5901 49 46 27
-87.0000 -14.5000 -29.4971 50 47 28
-86.0000 -14.5000 -28.9880 52 46 30
-85.0000 -14.5000 -28.8179 52 46 30
-84.0000 -14.5000 -28.8094 48 45 30
-83.0000 -14.5000 -28.8209 45 42 27
-82.0000 -14.5000 -28.7346 41 38 23
-81.0000 -14.5000 -28.4606 39 36 21
-80.0000 -14.5000 -27.9480 43 37 21
-79.0000 -14.5000 -27.1939 48 43 24
-78.0000 -14.5000 -26.2412 55 50 31
-77.0000 -14.5000 -25.1670 60 55 35
-76.0000 -14.5000 -24.0617 75 69 47
-75.0000 -14.5000 -23.0086 86 80 56
-74.0000 -14.5000 -22.0668 94 86 63
-73.0000 -14.5000 -21.2640 92 85 59
-72.0000 -14.5000 -20.5978 93 86 58
-71.0000 -14.5000 -20.0450 99 92 64
-70.0000 -14.5000 -19.5724 108 98 71
-69.0000 -14.5000 -19.1478 109 100 71
-68.0000 -14.5000 -18.7465 107 98 65
-67.0000 -14.5000 -18.3544 111 103 67
-66.0000 -14.5000 -17.9678 120 110 74
-65.0000 -14.5000 -17.5900 128 118 82
-64.0000 -14.5000 -17.2285 138 124 87
-63.0000 -14.5000 -16.8910 144 130 93
-62.0000 -14.5000 -16.5823 151 133 95
-61.0000 -14.5000 -16.3040 154 136 96
-60.0000 -14.5000 -16.0543 160 138 99
-59.0000 -14.5000 -15.8299 165 143 102
-58.0000 -14.5000 -15.6275 174 149 108
-57.0000 -14.5000 -15.4447 177 152 111
-56.0000 -14.5000 -15.2801 181 152 110
-55.0000 -14.5000 -15.1328 183 154 112
-54.0000 -14.5000 -15.0017 189 158 114
-53.0000 -14.5000 -14.8847 193 162 118
-52.0000 -14.5000 -14.7787 198 166 125
-51.0000 -14.5000 -14.6805 197 166 122
-50.0000 -14.5000 -14.5873 198 165 120
-49.0000 -14.5000 -14.4978 203 171 124
-48.0000 -14.5000 -14.4124 209 177 128
-47.0000 -14.5000 -14.3332 212 180 129
-46.0000 -14.5000 -14.2624 211 178 125
-45.0000 -14.5000 -14.2019 209 176 122
-44.0000 -14.5000 -14.1523 217 182 128
-43.0000 -14.5000 -14.1132 217 182 126
-42.0000 -14.5000 -14.0842 215 180 126
-41.0000 -14.5000 -14.0662 212 177 123
-40.0000 -14.5000 -14.0625 213 176 124
-39.0000 -14.5000 -14.0784 215 177 128
-38.0000 -14.5000 -14.1201 218 180 133
-37.0000 -14.5000 -14.1924 220 182 135
-36.0000 -14.5000 -14.2965 218 181 136
-35.0000 -14.5000 -14.4288 208 174 128
-34.0000 -14.5000 -14.5810 200 166 120
-33.0000 -14.5000 -14.7419 198 164 118
-32.0000 -14.5000 -14.8996 198 164 118
-31.0000 -14.5000 -15.0438 194 160 114
-30.0000 -14.5000 -15.1666 184 152 105
-29.0000 -14.5000 -15.2634 175 143 96
-28.0000 -14.5000 -15.3324 176 145 99
-27.0000 -14.5000 -15.3741 178 147 101
-26.0000 -14.5000 -15.3908 181 150 104
-25.0000 -14.5000 -15.3867 179 151 104
-24.0000 -14.5000 -15.3669 178 149 105
-23.0000 -14.5000 -15.3376 178 149 105
-22.0000 -14.5000 -15.3052 181 152 108
-21.0000 -14.5000 -15.2758 186 155 111
-20.0000 -14.5000 -15.2542 189 154 112
-19.0000 -14.5000 -15.2437 191 156 114
-18.0000 -14.5000 -15.2456 193 160 117
-17.0000 -14.5000 -15.2598 192 163 119
-16.0000 -14.5000 -15.2854 191 164 119
-15.0000 -14.5000 -15.3212 186 162 118
-14.0000 -14.5000 -15.3658 185 158 115
-13.0000 -14.5000 -15.4182 183 156 113
-12.0000 -14.5000 -15.4769 182 150 111
-11.0000 -14.5000 -15.5405 180 148 109
-10.0000 -14.5000 -15.6076 178 144 106
-9.0000 -14.5000 -15.6769 175 143 105
-8.0000 -14.5000 -15.7474 171 141 103
-7.0000 -14.5000 -15.8183 167 142 102
-6.0000 -14.5000 -15.8886 167 144 103
-5.0000 -14.5000 -15.9567 166 144 105
-4.0000 -14.5000 -16.0206 163 139 101
-3.0000 -14.5000 -16.0777 160 136 98
-2.0000 -14.5000 -16.1255 157 133 95
-1.0000 -14.5000 -16.1620 156 132 94
0.0000 -14.5000 -16.1865 158 134 96
1.0000 -14.5000 -16.1994 158 134 96
2.0000 -14.5000 -16.2022 157 133 95
3.0000 -14.5000 -16.1979 155 131 93
4.0000 -14.5000 -16.1905 159 135 97
5.0000 -14.5000 -16.1854 161 137 99
6.0000 -14.5000 -16.1878 162 138 100
7.0000 -14.5000 -16.2030 163 139 101
8.0000 -14.5000 -16.2347 162 138 100
9.0000 -14.5000 -16.2844 160 136 98
10.0000 -14.5000 -16.3521 158 134 96
11.0000 -14.5000 -16.4357 156 132 96
12.0000 -14.5000 -16.5325 159 135 101
13.0000 -14.5000 -16.6397 156 133 101
14.0000 -14.5000 -16.7554 154 129 98
15.0000 -14.5000 -16.8791 152 127 96
16.0000 -14.5000 -17.0129 152 127 96
17.0000 -14.5000 -17.1612 152 127 96
18.0000 -14.5000 -17.3321 150 123 93
19.0000 -14.5000 -17.5376 145 120 89
20.0000 -14.5000 -17.7939 142 119 88
21.0000 -14.5000 -18.1216 136 115 84
22.0000 -14.5000 -18.5432 126 107 75
23.0000 -14.5000 -19.0783 117 101 68
24.0000 -14.5000 -19.7368 115 102 68
25.0000 -14.5000 -20.5115 112 102 67
26.0000 -14.5000 -21.3735 98 90 54
27.0000 -14.5000 -22.2740 83 74 43
28.0000 -14.5000 -23.1523 75 60 39
29.0000 -14.5000 -23.9480 68 51 35
30.0000 -14.5000 -24.6131 64 47 31
31.0000 -14.5000 -25.1178 67 50 34
32.0000 -14.5000 -25.4508 66 50 34
33.0000 -14.5000 -25.6151 61 45 29
34.0000 -14.5000 -25.6244 59 43 27
35.0000 -14.5000 -25.5022 61 45 29
36.0000 -14.5000 -25.2831 64 51 34
37.0000 -14.5000 -25.0127 68 55 38
38.0000 -14.5000 -24.7442 73 62 44
39.0000 -14.5000 -24.5297 78 67 49
40.0000 -14.5000 -24.4112 80 69 51
41.0000 -14.5000 -24.4128 78 67 49
42.0000 -14.5000 -24.5389 72 64 45
43.0000 -14.5000 -24.7786 70 62 43
44.0000 -14.5000 -25.1136 66 59 41
45.0000 -14.5000 -25.5254 63 56 38
46.0000 -14.5000 -26.0006 60 53 35
47.0000 -14.5000 -26.5318 59 52 34
48.0000 -14.5000 -27.1142 59 50 35
49.0000 -14.5000 -27.7431 56 49 33
50.0000 -14.5000 -28.4115 51 44 28
51.0000 -14.5000 -29.1110 48 41 25
52.0000 -14.5000 -29.8350 46 38 25
53.0000 -14.5000 -30.5801 45 37 24
54.0000 -14.5000 -31.3482 43 35 24
55.0000 -14.5000 -32.1446 40 34 22
56.0000 -14.5000 -32.9765 39 31 20
57.0000 -14.5000 -33.8521 37 31 19
58.0000 -14.5000 -34.7810 36 27 18
59.0000 -14.5000 -35.7752 32 28 17
60.0000 -14.5000 -36.8521 28 28 18
61.0000 -14.5000 -38.0385 24 26 15
62.0000 -14.5000 -39.3771 21 23 12
63.0000 -14.5000 -40.9330 21 23 12
64.0000 -14.5000 -42.7993 22 23 15
65.0000 -14.5000 -45.0962 21 22 14
66.0000 -14.5000 -47.9606 18 19 11
67.0000 -14.5000 -51.5201 15 16 8
68.0000 -14.5000 -55.8543 16 17 11
69.0000 -14.5000 -60.9486 14 15 9
-94.0000 -15.5000 -78.4330 23 23 13
-93.0000 -15.5000 -63.8930 30 30 18
-92.0000 -15.5000 -52.1697 39 37 24
-91.0000 -15.5000 -43.4697 41 40 22
-90.0000 -15.5000 -37.4788 44 41 24
-89.0000 -15.5000 -33.6270 46 43 24
-88.0000 -15.5000 -31.3120 48 45 26
-87.0000 -15.5000 -30.0269 49 46 27
-86.0000 -15.5000 -29.3962 51 45 29
-85.0000 -15.5000 -29.1550 51 45 29
-84.0000 -15.5000 -29.1102 48 45 30
-83.0000 -15.5000 -29.1089 45 42 27
-82.0000 -15.5000 -29.0246 41 38 23
-81.0000 -15.5000 -28.7606 38 35 20
-80.0000 -15.5000 -28.2602 42 36 20
-79.0000 -15.5000 -27.5160 48 43 24
-78.0000 -15.5000 -26.5681 54 49 30
-77.0000 -15.5000 -25.4926 59 54 34
-76.0000 -15.5000 -24.3810 71 65 43
-75.0000 -15.5000 -23.3183 82 76 52
-74.0000 -15.5000 -22.3654 91 83 60
-73.0000 -15.5000 -21.5512 91 84 58
-72.0000 -15.5000 -20.8735 91 84 56
-71.0000 -15.5000 -20.3081 97 90 62
-70.0000 -15.5000 -19.8210 105 95 68
-69.0000 -15.5000 -19.3794 106 97 68
-68.0000 -15.5000 -18.9593 105 96 63
-67.0000 -15.5000 -18.5479 110 102 66
-66.0000 -15.5000 -18.1432 120 110 74
-65.0000 -15.5000 -17.7504 127 117 81
-64.0000 -15.5000 -17.3777 135 121 84
-63.0000 -15.5000 -17.0328 140 126 89
-62.0000 -15.5000 -16.7199 147 129 91
-61.0000 -15.5000 -16.4397 150 132 92
-60.0000 -15.5000 -16.1898 156 134 95
-59.0000 -15.5000 -15.9662 160 138 97
-58.0000 -15.5000 -15.7654 167 142 101
-57.0000 -15.5000 -15.5844 170 145 104
-56.0000 -15.5000 -15.4217 176 147 105
-55.0000 -15.5000 -15.2761 179 150 108
-54.0000 -15.5000 -15.1460 183 152 108
-53.0000 -15.5000 -15.0291 185 154 110
-52.0000 -15.5000 -14.9225 191 159 118
-51.0000 -15.5000 -14.8229 193 162 118
-50.0000 -15.5000 -14.7279 198 165 122
-49.0000 -15.5000 -14.6364 203 171 124
-48.0000 -15.5000 -14.5493 206 174 125
-47.0000 -15.5000 -14.4683 207 176 122
-46.0000 -15.5000 -14.3960 205 172 118
-45.0000 -15.5000 -14.3342 203 170 116
-44.0000 -15.5000 -14.2837 219 184 128
-43.0000 -15.5000 -14.2449 219 184 128
-42.0000 -15.5000 -14.2182 216 181 127
-41.0000 -15.5000 -14.2053 211 176 122
-40.0000 -15.5000 -14.2099 211 173 124
-39.0000 -15.5000 -14.2374 213 175 126
-38.0000 -15.5000 -14.2928 212 174 127
-37.0000 -15.5000 -14.3793 207 171 123
-36.0000 -15.5000 -14.4959 215 178 133
-35.0000 -15.5000 -14.6365 206 172 126
-34.0000 -15.5000 -14.7909 199 165 119
-33.0000 -15.5000 -14.9466 195 161 115
-32.0000 -15.5000 -15.0918 193 159 113
-31.0000 -15.5000 -15.2174 188 154 108
-30.0000 -15.5000 -15.3180 177 145 98
-29.0000 -15.5000 -15.3920 169 137 90
-28.0000 -15.5000 -15.4405 176 145 99
-27.0000 -15.5000 -15.4668 178 147 101
-26.0000 -15.5000 -15.4752 178 150 103
-25.0000 -15.5000 -15.4707 178 150 103
-24.0000 -15.5000 -15.4585 177 149 102
-23.0000 -15.5000 -15.4438 178 150 103
-22.0000 -15.5000 -15.4316 181 153 106
-21.0000 -15.5000 -15.4260 186 155 109
-20.0000 -15.5000 -15.4302 188 153 111
-19.0000 -15.5000 -15.4456 189 154 112
-18.0000 -15.5000 -15.4721 189 156 113
-17.0000 -15.5000 -15.5085 186 157 115
-16.0000 -15.5000 -15.5530 182 155 112
-15.0000 -15.5000 -15.6037 175 151 107
-14.0000 -15.5000 -15.6591 172 145 102
-13.0000 -15.5000 -15.7181 169 141 101
-12.0000 -15.5000 -15.7799 163 131 92
-11.0000 -15.5000 -15.8438 164 132 94
-10.0000 -15.5000 -15.9088 166 132 95
-9.0000 -15.5000 -15.9741 167 135 97
-8.0000 -15.5000 -16.0389 166 136 98
-7.0000 -15.5000 -16.1022 164 138 101
-6.0000 -15.5000 -16.1631 164 140 102
-5.0000 -15.5000 -16.2202 163 141 102
-4.0000 -15.5000 -16.2720 161 137 99
-3.0000 -15.5000 -16.3169 158 134 96
-2.0000 -15.5000 -16.3539 155 131 93
-1.0000 -15.5000 -16.3823 154 130 92
0.0000 -15.5000 -16.4023 155 131 93
1.0000 -15.5000 -16.4148 154 130 92
2.0000 -15.5000 -16.4213 151 127 89
3.0000 -15.5000 -16.4238 149 125 87
4.0000 -15.5000 -16.4256 158 134 96
5.0000 -15.5000 -16.4306 159 135 97
6.0000 -15.5000 -16.4433 160 136 98
7.0000 -15.5000 -16.4679 161 137 99
8.0000 -15.5000 -16.5078 160 136 98
9.0000 -15.5000 -16.5646 157 133 95
10.0000 -15.5000 -16.6380 154 130 92
11.0000 -15.5000 -16.7263 153 129 93
12.0000 -15.5000 -16.8269 149 126 92
13.0000 -15.5000 -16.9367 150 127 95
14.0000 -15.5000 -17.0536 147 124 92
15.0000 -15.5000 -17.1768 143 120 88
16.0000 -15.5000 -17.3077 145 120 89
17.0000 -15.5000 -17.4501 147 122 91
18.0000 -15.5000 -17.6110 144 119 88
19.0000 -15.5000 -17.8010 137 114 82
20.0000 -15.5000 -18.0350 135 114 83
21.0000 -15.5000 -18.3321 132 113 81
22.0000 -15.5000 -18.7140 123 107 74
23.0000 -15.5000 -19.2013 115 100 67
24.0000 -15.5000 -19.8067 114 101 67
25.0000 -15.5000 -20.5278 110 102 66
26.0000 -15.5000 -21.3418 98 92 56
27.0000 -15.5000 -22.2055 86 77 46
28.0000 -15.5000 -23.0623 76 61 40
29.0000 -15.5000 -23.8533 70 53 37
30.0000 -15.5000 -24.5291 65 48 32
31.0000 -15.5000 -25.0567 68 51 35
32.0000 -15.5000 -25.4208 67 51 35
33.0000 -15.5000 -25.6207 63 47 31
34.0000 -15.5000 -25.6670 61 45 29
35.0000 -15.5000 -25.5808 63 47 31
36.0000 -15.5000 -25.3951 61 48 31
37.0000 -15.5000 -25.1542 66 53 36
38.0000 -15.5000 -24.9111 71 60 42
39.0000 -15.5000 -24.7185 77 66 48
40.0000 -15.5000 -24.6193 79 68 50
41.0000 -15.5000 -24.6393 77 66 48
42.0000 -15.5000 -24.7839 72 64 45
43.0000 -15.5000 -25.0431 69 61 42
44.0000 -15.5000 -25.3978 69 57 41
45.0000 -15.5000 -25.8289 66 54 38
46.0000 -15.5000 -26.3215 62 50 34
47.0000 -15.5000 -26.8665 60 48 32
48.0000 -15.5000 -27.4581 59 47 33
49.0000 -15.5000 -28.0908 55 46 31
50.0000 -15.5000 -28.7573 51 42 27
51.0000 -15.5000 -29.4501 46 39 23
52.0000 -15.5000 -30.1631 45 37 24
53.0000 -15.5000 -30.8952 43 37 23
54.0000 -15.5000 -31.6500 42 36 24
55.0000 -15.5000 -32.4359 39 35 23
56.0000 -15.5000 -33.2629 37 33 21
57.0000 -15.5000 -34.1420 35 31 19
58.0000 -15.5000 -35.0843 34 30 19
59.0000 -15.5000 -36.1034 32 30 18
60.0000 -15.5000 -37.2182 28 28 18
61.0000 -15.5000 -38.4589 24 26 15
62.0000 -15.5000 -39.8737 21 23 12
63.0000 -15.5000 -41.5361 20 22 11
64.0000 -15.5000 -43.5474 21 22 14
65.0000 -15.5000 -46.0312 20 21 13
66.0000 -15.5000 -49.1152 18 19 11
67.0000 -15.5000 -52.8987 15 16 8
68.0000 -15.5000 -57.4112 15 16 10
-94.0000 -16.5000 -80.8911 21 21 13
-93.0000 -16.5000 -66.4197 29 29 17
-92.0000 -16.5000 -54.4856 38 36 23
-91.0000 -16.5000 -45.4127 39 38 20
-90.0000 -16.5000 -39.0023 43 40 23
-89.0000 -16.5000 -34.7661 45 42 23
-88.0000 -16.5000 -32.1430 47 44 25
-87.0000 -16.5000 -30.6342 47 44 25
-86.0000 -16.5000 -29.8538 49 44 25
-85.0000 -16.5000 -29.5202 49 43 27
-84.0000 -16.5000 -29.4244 49 46 31
-83.0000 -16.5000 -29.4011 46 43 28
-82.0000 -16.5000 -29.3144 41 38 23
-81.0000 -16.5000 -29.0600 39 36 21
-80.0000 -16.5000 -28.5751 42 36 20
-79.0000 -16.5000 -27.8468 48 43 24
-78.0000 -16.5000 -26.9117 54 49 30
-77.0000 -16.5000 -25.8436 58 53 33
-76.0000 -16.5000 -24.7334 70 64 42
-75.0000 -16.5000 -23.6669 82 76 52
-74.0000 -16.5000 -22.7064 92 84 61
-73.0000 -16.5000 -21.8819 91 84 58
-72.0000 -16.5000 -21.1921 91 84 56
-71.0000 -16.5000 -20.6126 95 88 60
-70.0000 -16.5000 -20.1091 100 90 63
-69.0000 -16.5000 -19.6489 99 90 61
-68.0000 -16.5000 -19.2085 106 97 64
-67.0000 -16.5000 -18.7767 113 105 69
-66.0000 -16.5000 -18.3529 122 112 76
-65.0000 -16.5000 -17.9438 129 119 83
-64.0000 -16.5000 -17.5583 135 121 84
-63.0000 -16.5000 -17.2040 138 124 87
-62.0000 -16.5000 -16.8847 145 127 89
-61.0000 -16.5000 -16.6004 148 130 90
-60.0000 -16.5000 -16.3480 156 134 95
-59.0000 -16.5000 -16.1232 157 135 94
-58.0000 -16.5000 -15.9220 161 136 95
-57.0000 -16.5000 -15.7413 166 141 100
-56.0000 -16.5000 -15.5791 174 145 103
-55.0000 -16.5000 -15.4341 177 148 106
-54.0000 -16.5000 -15.3044 180 149 105
-53.0000 -16.5000 -15.1876 179 148 104
-52.0000 -16.5000 -15.0806 182 150 109
-51.0000 -16.5000 -14.9803 186 155 111
-50.0000 -16.5000 -14.8843 192 161 117
-49.0000 -16.5000 -14.7918 196 165 118
-48.0000 -16.5000 -14.7035 198 166 117
-47.0000 -16.5000 -14.6212 199 168 114
-46.0000 -16.5000 -14.5472 200 169 114
-45.0000 -16.5000 -14.4834 201 170 113
-44.0000 -16.5000 -14.4311 210 178 121
-43.0000 -16.5000 -14.3911 211 179 122
-42.0000 -16.5000 -14.3650 211 176 122
-41.0000 -16.5000 -14.3555 207 172 118
-40.0000 -16.5000 -14.3670 210 174 124
-39.0000 -16.5000 -14.4047 213 177 127
-38.0000 -16.5000 -14.4727 210 172 125
-37.0000 -16.5000 -14.5721 199 163 115
-36.0000 -16.5000 -14.6994 213 177 129
-35.0000 -16.5000 -14.8461 202 168 120
-34.0000 -16.5000 -15.0000 189 155 107
-33.0000 -16.5000 -15.1481 181 147 99
-32.0000 -16.5000 -15.2791 176 144 95
-31.0000 -16.5000 -15.3857 174 142 93
-30.0000 -16.5000 -15.4652 171 139 90
-29.0000 -16.5000 -15.5192 168 136 87
-28.0000 -16.5000 -15.5518 175 144 97
-27.0000 -16.5000 -15.5688 177 146 99
-26.0000 -16.5000 -15.5760 176 148 100
-25.0000 -16.5000 -15.5790 176 148 100
-24.0000 -16.5000 -15.5824 176 148 100
-23.0000 -16.5000 -15.5901 177 149 101
-22.0000 -16.5000 -15.6049 181 155 106
-21.0000 -16.5000 -15.6287 186 158 111
-20.0000 -16.5000 -15.6622 189 154 112
-19.0000 -16.5000 -15.7051 187 152 112
-18.0000 -16.5000 -15.7561 182 149 108
-17.0000 -16.5000 -15.8131 173 144 104
-16.0000 -16.5000 -15.8740 167 139 99
-15.0000 -16.5000 -15.9370 160 135 94
-14.0000 -16.5000 -16.0011 159 131 91
-13.0000 -16.5000 -16.0658 157 129 90
-12.0000 -16.5000 -16.1309 157 125 87
-11.0000 -16.5000 -16.1960 159 126 91
-10.0000 -16.5000 -16.2605 162 128 93
-9.0000 -16.5000 -16.3234 164 131 96
-8.0000 -16.5000 -16.3836 163 133 97
-7.0000 -16.5000 -16.4398 159 133 98
-6.0000 -16.5000 -16.4906 157 133 97
-5.0000 -16.5000 -16.5351 155 133 96
-4.0000 -16.5000 -16.5724 158 134 98
-3.0000 -16.5000 -16.6025 155 131 95
-2.0000 -16.5000 -16.6259 153 129 93
-1.0000 -16.5000 -16.6438 152 128 92
0.0000 -16.5000 -16.6577 153 129 93
1.0000 -16.5000 -16.6691 152 128 92
2.0000 -16.5000 -16.6795 149 125 89
3.0000 -16.5000 -16.6900 146 122 86
4.0000 -16.5000 -16.7024 155 131 95
5.0000 -16.5000 -16.7193 156 132 96
6.0000 -16.5000 -16.7437 157 133 97
7.0000 -16.5000 -16.7788 157 133 97
8.0000 -16.5000 -16.8275 156 132 96
9.0000 -16.5000 -16.8913 153 129 93
10.0000 -16.5000 -16.9704 150 126 90
11.0000 -16.5000 -17.0635 148 124 88
12.0000 -16.5000 -17.1682 142 119 85
13.0000 -16.5000 -17.2815 141 121 88
14.0000 -16.5000 -17.4009 139 119 86
15.0000 -16.5000 -17.5248 134 114 81
16.0000 -16.5000 -17.6538 137 114 82
17.0000 -16.5000 -17.7910 141 118 86
18.0000 -16.5000 -17.9421 138 115 83
19.0000 -16.5000 -18.1165 131 108 76
20.0000 -16.5000 -18.3276 129 108 77
21.0000 -16.5000 -18.5934 129 110 78
22.0000 -16.5000 -18.9348 123 107 74
23.0000 -16.5000 -19.3732 115 102 68
24.0000 -16.5000 -19.9234 111 101 66
25.0000 -16.5000 -20.5872 109 101 65
26.0000 -16.5000 -21.3473 98 92 56
27.0000 -16.5000 -22.1663 87 81 49
28.0000 -16.5000 -22.9924 78 63 42
29.0000 -16.5000 -23.7691 71 54 38
30.0000 -16.5000 -24.4473 67 50 34
31.0000 -16.5000 -24.9919 70 53 37
32.0000 -16.5000 -25.3845 70 54 38
33.0000 -16.5000 -25.6213 66 50 34
34.0000 -16.5000 -25.7096 64 48 32
35.0000 -16.5000 -25.6677 66 50 34
36.0000 -16.5000 -25.5256 61 48 31
37.0000 -16.5000 -25.3253 66 53 36
38.0000 -16.5000 -25.1177 71 60 42
39.0000 -16.5000 -24.9547 77 66 48
40.0000 -16.5000 -24.8794 78 67 49
41.0000 -16.5000 -24.9187 75 64 46
42.0000 -16.5000 -25.0797 68 60 41
43.0000 -16.5000 -25.3535 67 56 38
44.0000 -16.5000 -25.7218 70 57 41
45.0000 -16.5000 -26.1651 68 52 37
46.0000 -16.5000 -26.6681 62 49 33
47.0000 -16.5000 -27.2206 59 46 30
48.0000 -16.5000 -27.8163 58 44 31
49.0000 -16.5000 -28.4493 55 43 29
50.0000 -16.5000 -29.1128 49 40 25
51.0000 -16.5000 -29.7998 45 38 22
52.0000 -16.5000 -30.5052 45 37 24
53.0000 -16.5000 -31.2291 44 38 24
54.0000 -16.5000 -31.9770 40 36 24
55.0000 -16.5000 -32.7590 38 36 23
56.0000 -16.5000 -33.5873 37 35 22
57.0000 -16.5000 -34.4742 35 33 20
58.0000 -16.5000 -35.4328 32 32 20
59.0000 -16.5000 -36.4779 32 32 20
60.0000 -16.5000 -37.6314 26 28 17
61.0000 -16.5000 -38.9285 23 25 14
62.0000 -16.5000 -40.4250 21 23 12
63.0000 -16.5000 -42.2033 20 22 11
64.0000 -16.5000 -44.3726 21 22 14
65.0000 -16.5000 -47.0575 20 21 13
66.0000 -16.5000 -50.3737 17 18 10
67.0000 -16.5000 -54.3900 14 15 7
68.0000 -16.5000 -59.0866 13 14 8
-94.0000 -17.5000 -83.1361 20 19 14
-93.0000 -17.5000 -68.9004 28 28 18
-92.0000 -17.5000 -56.8838 35 35 23
-91.0000 -17.5000 -47.5130 39 37 22
-90.0000 -17.5000 -40.7072 41 40 22
-89.0000 -17.5000 -36.0742 43 42 22
-88.0000 -17.5000 -33.1113 45 44 24
-87.0000 -17.5000 -31.3422 46 45 25
-86.0000 -17.5000 -30.3789 47 44 25
-85.0000 -17.5000 -29.9266 47 44 25
-84.0000 -17.5000 -29.7608 50 47 30
-83.0000 -17.5000 -29.7029 46 43 26
-82.0000 -17.5000 -29.6065 42 39 22
-81.0000 -17.5000 -29.3591 39 36 19
-80.0000 -17.5000 -28.8911 43 37 21
-79.0000 -17.5000 -28.1837 48 43 24
-78.0000 -17.5000 -27.2683 54 49 29
-77.0000 -17.5000 -26.2152 58 53 31
-76.0000 -17.5000 -25.1135 70 64 42
-75.0000 -17.5000 -24.0485 83 77 53
-74.0000 -17.5000 -23.0836 93 85 62
-73.0000 -17.5000 -22.2503 92 85 59
-72.0000 -17.5000 -21.5481 90 83 57
-71.0000 -17.5000 -20.9537 92 85 57
-70.0000 -17.5000 -20.4329 96 86 59
-69.0000 -17.5000 -19.9534 94 85 56
-68.0000 -17.5000 -19.4923 110 99 67
-67.0000 -17.5000 -19.0395 117 107 72
-66.0000 -17.5000 -18.5961 127 114 80
-65.0000 -17.5000 -18.1696 133 120 85
-64.0000 -17.5000 -17.7697 137 123 88
-63.0000 -17.5000 -17.4039 140 124 88
-62.0000 -17.5000 -17.0758 145 127 91
-61.0000 -17.5000 -16.7847 148 130 92
-60.0000 -17.5000 -16.5271 155 136 96
-59.0000 -17.5000 -16.2986 156 134 93
-58.0000 -17.5000 -16.0947 158 135 94
-57.0000 -17.5000 -15.9124 163 140 98
-56.0000 -17.5000 -15.7493 171 146 105
-55.0000 -17.5000 -15.6039 177 150 107
-54.0000 -17.5000 -15.4741 176 149 106
-53.0000 -17.5000 -15.3573 174 147 102
-52.0000 -17.5000 -15.2504 173 144 100
-51.0000 -17.5000 -15.1502 178 149 105
-50.0000 -17.5000 -15.0542 184 156 109
-49.0000 -17.5000 -14.9614 189 158 111
-48.0000 -17.5000 -14.8725 190 160 110
-47.0000 -17.5000 -14.7892 193 161 110
-46.0000 -17.5000 -14.7136 198 167 113
-45.0000 -17.5000 -14.6475 202 171 116
-44.0000 -17.5000 -14.5927 200 167 114
-43.0000 -17.5000 -14.5507 202 169 116
-42.0000 -17.5000 -14.5243 203 167 115
-41.0000 -17.5000 -14.5173 203 167 117
-40.0000 -17.5000 -14.5346 210 172 123
-39.0000 -17.5000 -14.5813 217 179 132
-38.0000 -17.5000 -14.6602 214 173 127
-37.0000 -17.5000 -14.7702 200 162 117
-36.0000 -17.5000 -14.9055 209 175 129
-35.0000 -17.5000 -15.0551 196 164 117
-34.0000 -17.5000 -15.2056 180 146 100
-33.0000 -17.5000 -15.3437 167 133 87
-32.0000 -17.5000 -15.4596 162 128 82
-31.0000 -17.5000 -15.5482 164 130 84
-30.0000 -17.5000 -15.6098 168 134 88
-29.0000 -17.5000 -15.6490 171 137 91
-28.0000 -17.5000 -15.6727 177 143 97
-27.0000 -17.5000 -15.6884 177 145 98
-26.0000 -17.5000 -15.7033 178 146 99
-25.0000 -17.5000 -15.7228 177 145 98
-24.0000 -17.5000 -15.7506 176 145 98
-23.0000 -17.5000 -15.7885 179 148 101
-22.0000 -17.5000 -15.8366 182 154 106
-21.0000 -17.5000 -15.8940 189 158 112
-20.0000 -17.5000 -15.9591 189 156 113
-19.0000 -17.5000 -16.0296 183 150 109
-18.0000 -17.5000 -16.1032 174 142 101
-17.0000 -17.5000 -16.1776 162 134 94
-16.0000 -17.5000 -16.2512 153 128 87
-15.0000 -17.5000 -16.3232 149 124 83
-14.0000 -17.5000 -16.3935 147 122 82
-13.0000 -17.5000 -16.4626 149 121 84
-12.0000 -17.5000 -16.5308 158 130 93
-11.0000 -17.5000 -16.5980 160 130 96
-10.0000 -17.5000 -16.6633 162 132 98
-9.0000 -17.5000 -16.7252 163 133 99
-8.0000 -17.5000 -16.7818 158 132 99
-7.0000 -17.5000 -16.8311 153 129 95
-6.0000 -17.5000 -16.8717 147 124 90
-5.0000 -17.5000 -16.9028 144 121 87
-4.0000 -17.5000 -16.9246 154 131 97
-3.0000 -17.5000 -16.9386 152 129 95
-2.0000 -17.5000 -16.9472 150 127 93
-1.0000 -17.5000 -16.9535 150 127 93
0.0000 -17.5000 -16.9606 152 129 95
1.0000 -17.5000 -16.9707 151 128 94
2.0000 -17.5000 -16.9850 148 125 91
3.0000 -17.5000 -17.0038 143 123 88
4.0000 -17.5000 -17.0276 149 129 94
5.0000 -17.5000 -17.0568 150 130 95
6.0000 -17.5000 -17.0932 151 131 96
7.0000 -17.5000 -17.1386 151 131 96
8.0000 -17.5000 -17.1955 152 129 95
9.0000 -17.5000 -17.2654 149 126 92
10.0000 -17.5000 -17.3492 147 123 89
11.0000 -17.5000 -17.4463 144 121 87
12.0000 -17.5000 -17.5546 135 115 82
13.0000 -17.5000 -17.6713 138 117 86
14.0000 -17.5000 -17.7936 135 114 83
15.0000 -17.5000 -17.9192 129 108 77
16.0000 -17.5000 -18.0477 130 109 78
17.0000 -17.5000 -18.1808 135 114 83
18.0000 -17.5000 -18.3233 135 112 81
19.0000 -17.5000 -18.4829 125 104 73
20.0000 -17.5000 -18.6718 125 106 74
21.0000 -17.5000 -18.9068 127 108 76
22.0000 -17.5000 -19.2083 124 107 77
23.0000 -17.5000 -19.5977 116 101 68
24.0000 -17.5000 -20.0920 112 99 67
25.0000 -17.5000 -20.6963 109 99 64
26.0000 -17.5000 -21.3985 100 91 58
27.0000 -17.5000 -22.1670 91 82 51
28.0000 -17.5000 -22.9553 78 63 40
29.0000 -17.5000 -23.7107 71 56 37
30.0000 -17.5000 -24.3848 68 51 33
31.0000 -17.5000 -24.9418 70 55 36
32.0000 -17.5000 -25.3609 72 57 38
33.0000 -17.5000 -25.6351 68 53 34
34.0000 -17.5000 -25.7688 66 51 32
35.0000 -17.5000 -25.7773 69 54 35
36.0000 -17.5000 -25.6868 63 50 31
37.0000 -17.5000 -25.5360 67 54 37
38.0000 -17.5000 -25.3721 72 61 43
39.0000 -17.5000 -25.2448 76 65 47
40.0000 -17.5000 -25.1965 77 66 48
41.0000 -17.5000 -25.2548 73 62 44
42.0000 -17.5000 -25.4286 67 56 38
43.0000 -17.5000 -25.7109 63 52 34
44.0000 -17.5000 -26.0849 70 57 41
45.0000 -17.5000 -26.5321 68 52 37
46.0000 -17.5000 -27.0371 61 48 32
47.0000 -17.5000 -27.5901 58 45 29
48.0000 -17.5000 -28.1848 56 44 30
49.0000 -17.5000 -28.8156 54 42 28
50.0000 -17.5000 -29.4763 48 39 24
51.0000 -17.5000 -30.1605 44 37 21
52.0000 -17.5000 -30.8643 45 37 24
53.0000 -17.5000 -31.5884 44 38 24
54.0000 -17.5000 -32.3392 41 37 25
55.0000 -17.5000 -33.1275 40 36 24
56.0000 -17.5000 -33.9664 37 35 22
57.0000 -17.5000 -34.8688 36 34 21
58.0000 -17.5000 -35.8484 33 33 21
59.0000 -17.5000 -36.9219 33 33 21
60.0000 -17.5000 -38.1152 26 28 17
61.0000 -17.5000 -39.4701 23 25 14
62.0000 -17.5000 -41.0519 20 22 11
63.0000 -17.5000 -42.9532 20 21 13
64.0000 -17.5000 -45.2896 20 21 13
65.0000 -17.5000 -48.1842 20 21 13
66.0000 -17.5000 -51.7372 17 18 10
67.0000 -17.5000 -55.9854 14 15 9
-94.0000 -18.5000 -85.3580 13 14 9
-93.0000 -18.5000 -71.4653 14 15 7
-92.0000 -18.5000 -59.4537 26 28 17
-91.0000 -18.5000 -49.8358 32 32 20
-90.0000 -18.5000 -42.6458 38 39 23
-89.0000 -18.5000 -37.5965 42 43 25
-88.0000 -18.5000 -34.2566 44 46 25
-87.0000 -18.5000 -32.1848 44 46 25
-86.0000 -18.5000 -30.9993 46 48 26
-85.0000 -18.5000 -30.3959 50 49 29
-84.0000 -18.5000 -30.1356 44 41 22
-83.0000 -18.5000 -30.0255 43 38 19
-82.0000 -18.5000 -29.9083 39 34 15
-81.0000 -18.5000 -29.6624 37 32 13
-80.0000 -18.5000 -29.2105 40 33 15
-79.0000 -18.5000 -28.5268 45 38 19
-78.0000 -18.5000 -27.6363 50 43 24
-77.0000 -18.5000 -26.6043 54 48 26
-76.0000 -18.5000 -25.5165 67 59 38
-75.0000 -18.5000 -24.4571 74 66 43
-74.0000 -18.5000 -23.4901 85 74 52
-73.0000 -18.5000 -22.6486 89 79 54
-72.0000 -18.5000 -21.9340 89 79 54
-71.0000 -18.5000 -21.3241 90 80 55
-70.0000 -18.5000 -20.7858 95 83 59
-69.0000 -18.5000 -20.2870 100 88 62
-68.0000 -18.5000 -19.8056 106 92 63
-67.0000 -18.5000 -19.3325 110 95 64
-66.0000 -18.5000 -18.8696 117 102 71
-65.0000 -18.5000 -18.4254 124 109 76
-64.0000 -18.5000 -18.0101 131 115 81
-63.0000 -18.5000 -17.6313 135 119 83
-62.0000 -18.5000 -17.2922 139 121 85
-61.0000 -18.5000 -16.9918 140 122 84
-60.0000 -18.5000 -16.7266 151 133 95
-59.0000 -18.5000 -16.4917 151 132 92
-58.0000 -18.5000 -16.2829 151 132 90
-57.0000 -18.5000 -16.0970 156 137 94
-56.0000 -18.5000 -15.9315 162 143 100
-55.0000 -18.5000 -15.7845 168 147 102
-54.0000 -18.5000 -15.6539 168 147 102
-53.0000 -18.5000 -15.5369 166 145 98
-52.0000 -18.5000 -15.4301 173 151 104
-51.0000 -18.5000 -15.3302 175 151 103
-50.0000 -18.5000 -15.2347 178 151 104
-49.0000 -18.5000 -15.1422 180 153 106
-48.0000 -18.5000 -15.0531 184 156 108
-47.0000 -18.5000 -14.9689 188 157 110
-46.0000 -18.5000 -14.8916 190 158 111
-45.0000 -18.5000 -14.8233 191 159 110
-44.0000 -18.5000 -14.7659 191 157 111
-43.0000 -18.5000 -14.7221 193 156 111
-42.0000 -18.5000 -14.6954 196 158 113
-41.0000 -18.5000 -14.6908 200 162 117
-40.0000 -18.5000 -14.7135 206 165 121
-39.0000 -18.5000 -14.7682 206 165 121
-38.0000 -18.5000 -14.8561 203 160 117
-37.0000 -18.5000 -14.9740 198 156 114
-36.0000 -18.5000 -15.1136 188 155 112
-35.0000 -18.5000 -15.2623 175 144 100
-34.0000 -18.5000 -15.4061 161 128 85
-33.0000 -18.5000 -15.5326 156 121 79
-32.0000 -18.5000 -15.6338 162 125 81
-31.0000 -18.5000 -15.7075 170 131 88
-30.0000 -18.5000 -15.7568 177 135 93
-29.0000 -18.5000 -15.7888 178 136 94
-28.0000 -18.5000 -15.8124 180 138 96
-27.0000 -18.5000 -15.8368 177 135 93
-26.0000 -18.5000 -15.8692 176 134 92
-25.0000 -18.5000 -15.9148 178 139 96
-24.0000 -18.5000 -15.9754 182 145 101
-23.0000 -18.5000 -16.0504 180 146 101
-22.0000 -18.5000 -16.1369 174 142 95
-21.0000 -18.5000 -16.2309 166 135 89
-20.0000 -18.5000 -16.3280 171 142 98
-19.0000 -18.5000 -16.4243 160 133 88
-18.0000 -18.5000 -16.5170 150 126 80
-17.0000 -18.5000 -16.6044 149 125 81
-16.0000 -18.5000 -16.6862 146 123 81
-15.0000 -18.5000 -16.7632 143 120 78
-14.0000 -18.5000 -16.8368 148 125 84
-13.0000 -18.5000 -16.9083 157 133 95
-12.0000 -18.5000 -16.9788 153 129 93
-11.0000 -18.5000 -17.0477 155 131 97
-10.0000 -18.5000 -17.1138 157 133 99
-9.0000 -18.5000 -17.1746 156 133 101
-8.0000 -18.5000 -17.2275 153 130 99
-7.0000 -18.5000 -17.2700 146 125 94
-6.0000 -18.5000 -17.3005 141 120 91
-5.0000 -18.5000 -17.3186 136 117 85
-4.0000 -18.5000 -17.3256 136 117 85
-3.0000 -18.5000 -17.3245 137 118 85
-2.0000 -18.5000 -17.3194 140 121 88
-1.0000 -18.5000 -17.3152 145 125 92
0.0000 -18.5000 -17.3162 149 129 96
1.0000 -18.5000 -17.3254 148 128 95
2.0000 -18.5000 -17.3437 142 123 90
3.0000 -18.5000 -17.3707 135 121 86
4.0000 -18.5000 -17.4052 137 124 89
5.0000 -18.5000 -17.4461 131 121 85
6.0000 -18.5000 -17.4933 126 116 80
7.0000 -18.5000 -17.5477 126 113 78
8.0000 -18.5000 -17.6111 130 114 80
9.0000 -18.5000 -17.6854 136 116 83
10.0000 -18.5000 -17.7720 138 115 83
11.0000 -18.5000 -17.8712 138 115 84
12.0000 -18.5000 -17.9817 132 111 82
13.0000 -18.5000 -18.1010 129 110 80
14.0000 -18.5000 -18.2260 126 107 77
15.0000 -18.5000 -18.3538 123 104 74
16.0000 -18.5000 -18.4829 120 101 71
17.0000 -18.5000 -18.6138 119 100 70
18.0000 -18.5000 -18.7495 119 98 69
19.0000 -18.5000 -18.8964 118 99 69
20.0000 -18.5000 -19.0652 117 98 68
21.0000 -18.5000 -19.2715 118 99 69
22.0000 -18.5000 -19.5348 119 99 72
23.0000 -18.5000 -19.8768 117 100 70
24.0000 -18.5000 -20.3157 113 96 68
25.0000 -18.5000 -20.8599 107 90 60
26.0000 -18.5000 -21.5021 100 85 56
27.0000 -18.5000 -22.2166 95 80 51
28.0000 -18.5000 -22.9627 87 73 47
29.0000 -18.5000 -23.6919 75 63 39
30.0000 -18.5000 -24.3578 71 56 33
31.0000 -18.5000 -24.9242 72 60 36
32.0000 -18.5000 -25.3682 71 59 37
33.0000 -18.5000 -25.6801 66 54 32
34.0000 -18.5000 -25.8613 65 53 31
35.0000 -18.5000 -25.9236 69 57 35
36.0000 -18.5000 -25.8898 59 47 25
37.0000 -18.5000 -25.7939 63 50 31
38.0000 -18.5000 -25.6790 68 55 36
39.0000 -18.5000 -25.5912 73 60 41
40.0000 -18.5000 -25.5713 74 61 42
41.0000 -18.5000 -25.6470 72 59 40
42.0000 -18.5000 -25.8292 69 56 39
43.0000 -18.5000 -26.1132 65 54 36
44.0000 -18.5000 -26.4849 60 48 32
45.0000 -18.5000 -26.9275 58 49 32
46.0000 -18.5000 -27.4270 57 48 31
47.0000 -18.5000 -27.9744 56 47 30
48.0000 -18.5000 -28.5639 53 44 29
49.0000 -18.5000 -29.1910 50 41 26
50.0000 -18.5000 -29.8501 46 39 23
51.0000 -18.5000 -30.5358 44 37 21
52.0000 -18.5000 -31.2447 45 37 24
53.0000 -18.5000 -31.9781 44 36 23
54.0000 -18.5000 -32.7426 42 36 24
55.0000 -18.5000 -33.5487 40 34 22
56.0000 -18.5000 -34.4090 39 33 21
57.0000 -18.5000 -35.3361 37 31 19
58.0000 -18.5000 -36.3436 36 29 19
59.0000 -18.5000 -37.4504 33 29 18
60.0000 -18.5000 -38.6872 25 25 15
61.0000 -18.5000 -40.1044 26 27 19
62.0000 -18.5000 -41.7785 26 27 19
63.0000 -18.5000 -43.8126 22 23 17
64.0000 -18.5000 -46.3276 16 17 11
65.0000 -18.5000 -49.4410 13 14 8
66.0000 -18.5000 -53.2337 14 15 9
67.0000 -18.5000 -57.7082 17 18 13
-92.0000 -19.5000 -62.2848 22 23 15
-91.0000 -19.5000 -52.4496 28 30 17
-90.0000 -19.5000 -44.8765 36 38 24
-89.0000 -19.5000 -39.3863 39 42 25
-88.0000 -19.5000 -35.6285 39 42 23
-87.0000 -19.5000 -33.2067 40 43 22
-86.0000 -19.5000 -31.7535 43 46 25
-85.0000 -19.5000 -30.9597 47 49 27
-84.0000 -19.5000 -30.5732 45 42 23
-83.0000 -19.5000 -30.3874 44 39 20
-82.0000 -19.5000 -30.2333 40 35 16
-81.0000 -19.5000 -29.9794 38 33 13
-80.0000 -19.5000 -29.5397 39 34 14
-79.0000 -19.5000 -28.8798 45 38 19
-78.0000 -19.5000 -28.0170 50 43 24
-77.0000 -19.5000 -27.0095 54 48 26
-76.0000 -19.5000 -25.9385 64 56 35
-75.0000 -19.5000 -24.8865 71 63 40
-74.0000 -19.5000 -23.9178 79 71 48
-73.0000 -19.5000 -23.0676 85 74 52
-72.0000 -19.5000 -22.3397 85 74 52
-71.0000 -19.5000 -21.7138 85 75 50
-70.0000 -19.5000 -21.1580 89 79 54
-69.0000 -19.5000 -20.6408 95 83 57
-68.0000 -19.5000 -20.1406 102 87 58
-67.0000 -19.5000 -19.6486 106 91 60
-66.0000 -19.5000 -19.1674 114 97 67
-65.0000 -19.5000 -18.7063 122 105 75
-64.0000 -19.5000 -18.2756 129 113 80
-63.0000 -19.5000 -17.8831 134 118 84
-62.0000 -19.5000 -17.5318 139 120 87
-61.0000 -19.5000 -17.2207 140 122 86
-60.0000 -19.5000 -16.9460 151 133 95
-59.0000 -19.5000 -16.7029 150 132 94
-58.0000 -19.5000 -16.4875 150 132 92
-57.0000 -19.5000 -16.2962 152 135 92
-56.0000 -19.5000 -16.1268 157 140 97
-55.0000 -19.5000 -15.9770 161 144 100
-54.0000 -19.5000 -15.8445 166 147 104
-53.0000 -19.5000 -15.7263 167 149 103
-52.0000 -19.5000 -15.6190 169 147 100
-51.0000 -19.5000 -15.5191 169 147 98
-50.0000 -19.5000 -15.4237 171 147 99
-49.0000 -19.5000 -15.3313 173 149 101
-48.0000 -19.5000 -15.2420 178 151 104
-47.0000 -19.5000 -15.1571 182 154 107
-46.0000 -19.5000 -15.0784 186 155 109
-45.0000 -19.5000 -15.0082 189 156 111
-44.0000 -19.5000 -14.9489 191 157 112
-43.0000 -19.5000 -14.9041 191 154 110
-42.0000 -19.5000 -14.8782 189 152 108
-41.0000 -19.5000 -14.8768 192 153 110
-40.0000 -19.5000 -14.9054 199 157 115
-39.0000 -19.5000 -14.9673 203 161 119
-38.0000 -19.5000 -15.0624 205 162 120
-37.0000 -19.5000 -15.1851 202 163 120
-36.0000 -19.5000 -15.3253 179 147 106
-35.0000 -19.5000 -15.4695 166 139 96
-34.0000 -19.5000 -15.6044 156 127 85
-33.0000 -19.5000 -15.7191 155 123 82
-32.0000 -19.5000 -15.8083 163 128 86
-31.0000 -19.5000 -15.8723 173 136 94
-30.0000 -19.5000 -15.9170 178 139 98
-29.0000 -19.5000 -15.9511 181 139 99
-28.0000 -19.5000 -15.9851 173 131 91
-27.0000 -19.5000 -16.0283 178 136 96
-26.0000 -19.5000 -16.0880 184 145 104
-25.0000 -19.5000 -16.1681 186 149 107
-24.0000 -19.5000 -16.2685 181 146 104
-23.0000 -19.5000 -16.3856 172 139 96
-22.0000 -19.5000 -16.5133 163 132 86
-21.0000 -19.5000 -16.6443 156 127 83
-20.0000 -19.5000 -16.7715 157 133 89
-19.0000 -19.5000 -16.8898 150 127 83
-18.0000 -19.5000 -16.9965 147 124 80
-17.0000 -19.5000 -17.0912 149 128 85
-16.0000 -19.5000 -17.1756 150 128 87
-15.0000 -19.5000 -17.2525 150 128 87
-14.0000 -19.5000 -17.3249 155 133 94
-13.0000 -19.5000 -17.3953 161 141 104
-12.0000 -19.5000 -17.4649 152 132 97
-11.0000 -19.5000 -17.5330 149 130 97
-10.0000 -19.5000 -17.5975 146 127 95
-9.0000 -19.5000 -17.6554 142 123 91
-8.0000 -19.5000 -17.7035 138 119 89
-7.0000 -19.5000 -17.7389 133 116 88
-6.0000 -19.5000 -17.7602 131 114 86
-5.0000 -19.5000 -17.7673 129 112 84
-4.0000 -19.5000 -17.7627 130 115 84
-3.0000 -19.5000 -17.7502 130 115 82
-2.0000 -19.5000 -17.7355 133 117 84
-1.0000 -19.5000 -17.7245 139 120 88
0.0000 -19.5000 -17.7224 143 122 91
1.0000 -19.5000 -17.7326 141 122 90
2.0000 -19.5000 -17.7558 134 118 85
3.0000 -19.5000 -17.7907 128 115 81
4.0000 -19.5000 -17.8348 129 121 85
5.0000 -19.5000 -17.8856 123 117 81
6.0000 -19.5000 -17.9416 118 112 76
7.0000 -19.5000 -18.0028 119 111 75
8.0000 -19.5000 -18.0705 124 109 76
9.0000 -19.5000 -18.1468 130 111 79
10.0000 -19.5000 -18.2339 133 110 79
11.0000 -19.5000 -18.3330 132 108 80
12.0000 -19.5000 -18.4437 124 103 76
13.0000 -19.5000 -18.5640 122 102 75
14.0000 -19.5000 -18.6909 120 100 73
15.0000 -19.5000 -18.8211 118 98 71
16.0000 -19.5000 -18.9518 117 97 70
17.0000 -19.5000 -19.0821 116 96 69
18.0000 -19.5000 -19.2134 116 96 69
19.0000 -19.5000 -19.3506 116 96 69
20.0000 -19.5000 -19.5025 113 93 66
21.0000 -19.5000 -19.6833 114 94 67
22.0000 -19.5000 -19.9116 116 96 69
23.0000 -19.5000 -20.2090 115 95 68
24.0000 -19.5000 -20.5946 113 93 66
25.0000 -19.5000 -21.0798 107 87 60
26.0000 -19.5000 -21.6617 102 82 55
27.0000 -19.5000 -22.3207 96 79 53
28.0000 -19.5000 -23.0222 84 70 44
29.0000 -19.5000 -23.7225 73 61 35
30.0000 -19.5000 -24.3779 67 55 29
31.0000 -19.5000 -24.9519 69 57 31
32.0000 -19.5000 -25.4198 68 56 32
33.0000 -19.5000 -25.7692 64 52 28
34.0000 -19.5000 -25.9985 63 51 27
35.0000 -19.5000 -26.1161 66 54 30
36.0000 -19.5000 -26.1410 60 48 26
37.0000 -19.5000 -26.1024 63 51 29
38.0000 -19.5000 -26.0387 67 54 35
39.0000 -19.5000 -25.9918 70 57 38
40.0000 -19.5000 -26.0000 71 58 39
41.0000 -19.5000 -26.0907 70 57 38
42.0000 -19.5000 -26.2766 68 55 38
43.0000 -19.5000 -26.5562 65 54 36
44.0000 -19.5000 -26.9185 55 46 29
45.0000 -19.5000 -27.3496 54 47 29
46.0000 -19.5000 -27.8377 54 47 29
47.0000 -19.5000 -28.3750 54 47 29
48.0000 -19.5000 -28.9570 52 45 29
49.0000 -19.5000 -29.5797 50 43 27
50.0000 -19.5000 -30.2387 48 41 25
51.0000 -19.5000 -30.9294 47 40 24
52.0000 -19.5000 -31.6492 42 34 21
53.0000 -19.5000 -32.3996 41 33 20
54.0000 -19.5000 -33.1869 40 32 21
55.0000 -19.5000 -34.0209 39 31 20
56.0000 -19.5000 -34.9127 37 29 18
57.0000 -19.5000 -35.8738 36 28 17
58.0000 -19.5000 -36.9178 34 25 16
59.0000 -19.5000 -38.0659 33 26 16
60.0000 -19.5000 -39.3554 24 24 16
61.0000 -19.5000 -40.8471 24 25 17
62.0000 -19.5000 -42.6301 24 25 19
63.0000 -19.5000 -44.8176 21 22 16
64.0000 -19.5000 -47.5326 17 18 12
65.0000 -19.5000 -50.8821 14 15 9
66.0000 -19.5000 -54.9223 15 16 11
67.0000 -19.5000 -59.6198 17 18 13
-92.0000 -20.5000 -65.4330 17 18 10
-91.0000 -20.5000 -55.4056 25 27 14
-90.0000 -20.5000 -47.4523 34 36 22
-89.0000 -20.5000 -41.4999 37 40 23
-88.0000 -20.5000 -37.2845 36 39 20
-87.0000 -20.5000 -34.4631 36 39 18
-86.0000 -20.5000 -32.6909 40 43 22
-85.0000 -20.5000 -31.6596 46 48 27
-84.0000 -20.5000 -31.1075 44 43 25
-83.0000 -20.5000 -30.8153 43 40 23
-82.0000 -20.5000 -30.6020 39 36 19
-81.0000 -20.5000 -30.3256 37 34 15
-80.0000 -20.5000 -29.8899 38 35 16
-79.0000 -20.5000 -29.2504 44 39 20
-78.0000 -20.5000 -28.4143 49 44 25
-77.0000 -20.5000 -27.4314 52 47 27
-76.0000 -20.5000 -26.3771 59 52 33
-75.0000 -20.5000 -25.3313 66 60 38
-74.0000 -20.5000 -24.3591 74 68 46
-73.0000 -20.5000 -23.4979 78 70 49
-72.0000 -20.5000 -22.7548 77 69 48
-71.0000 -20.5000 -22.1119 77 69 46
-70.0000 -20.5000 -21.5387 81 73 50
-69.0000 -20.5000 -21.0043 87 77 52
-68.0000 -20.5000 -20.4872 95 81 54
-67.0000 -20.5000 -19.9787 99 85 56
-66.0000 -20.5000 -19.4815 108 93 62
-65.0000 -20.5000 -19.0050 117 102 71
-64.0000 -20.5000 -18.5601 124 109 76
-63.0000 -20.5000 -18.1544 130 116 81
-62.0000 -20.5000 -17.7911 134 118 84
-61.0000 -20.5000 -17.4690 135 119 83
-60.0000 -20.5000 -17.1842 149 131 93
-59.0000 -20.5000 -16.9323 149 131 93
-58.0000 -20.5000 -16.7091 150 131 91
-57.0000 -20.5000 -16.5114 150 131 89
-56.0000 -20.5000 -16.3368 152 133 91
-55.0000 -20.5000 -16.1830 157 138 95
-54.0000 -20.5000 -16.0474 166 145 102
-53.0000 -20.5000 -15.9269 170 149 104
-52.0000 -20.5000 -15.8179 164 142 95
-51.0000 -20.5000 -15.7168 165 141 93
-50.0000 -20.5000 -15.6206 166 142 94
-49.0000 -20.5000 -15.5278 167 143 95
-48.0000 -20.5000 -15.4381 172 145 98
-47.0000 -20.5000 -15.3526 177 149 102
-46.0000 -20.5000 -15.2730 181 153 106
-45.0000 -20.5000 -15.2018 185 154 108
-44.0000 -20.5000 -15.1421 178 147 101
-43.0000 -20.5000 -15.0979 181 148 103
-42.0000 -20.5000 -15.0747 187 153 108
-41.0000 -20.5000 -15.0782 196 159 115
-40.0000 -20.5000 -15.1133 201 164 120
-39.0000 -20.5000 -15.1823 201 164 120
-38.0000 -20.5000 -15.2828 198 159 116
-37.0000 -20.5000 -15.4076 190 156 111
-36.0000 -20.5000 -15.5454 167 143 99
-35.0000 -20.5000 -15.6831 160 137 93
-34.0000 -20.5000 -15.8086 155 131 87
-33.0000 -20.5000 -15.9139 157 130 87
-32.0000 -20.5000 -15.9961 164 135 93
-31.0000 -20.5000 -16.0583 172 140 99
-30.0000 -20.5000 -16.1076 175 142 101
-29.0000 -20.5000 -16.1542 175 142 101
-28.0000 -20.5000 -16.2085 169 136 95
-27.0000 -20.5000 -16.2798 177 144 103
-26.0000 -20.5000 -16.3745 183 151 110
-25.0000 -20.5000 -16.4950 180 151 109
-24.0000 -20.5000 -16.6388 169 142 99
-23.0000 -20.5000 -16.7995 156 132 88
-22.0000 -20.5000 -16.9672 149 126 82
-21.0000 -20.5000 -17.1316 147 126 83
-20.0000 -20.5000 -17.2836 145 123 82
-19.0000 -20.5000 -17.4172 140 121 81
-18.0000 -20.5000 -17.5305 141 122 82
-17.0000 -20.5000 -17.6248 145 126 86
-16.0000 -20.5000 -17.7044 147 127 90
-15.0000 -20.5000 -17.7742 146 128 90
-14.0000 -20.5000 -17.8392 148 130 94
-13.0000 -20.5000 -17.9025 150 134 100
-12.0000 -20.5000 -17.9656 138 122 89
-11.0000 -20.5000 -18.0276 134 118 85
-10.0000 -20.5000 -18.0862 127 110 80
-9.0000 -20.5000 -18.1380 121 106 77
-8.0000 -20.5000 -18.1795 118 103 74
-7.0000 -20.5000 -18.2081 118 102 76
-6.0000 -20.5000 -18.2223 121 105 79
-5.0000 -20.5000 -18.2229 123 108 79
-4.0000 -20.5000 -18.2123 124 111 79
-3.0000 -20.5000 -18.1953 125 110 79
-2.0000 -20.5000 -18.1780 128 111 81
-1.0000 -20.5000 -18.1668 132 115 85
0.0000 -20.5000 -18.1672 137 118 88
1.0000 -20.5000 -18.1824 134 117 87
2.0000 -20.5000 -18.2128 129 114 83
3.0000 -20.5000 -18.2563 122 111 79
4.0000 -20.5000 -18.3094 121 112 79
5.0000 -20.5000 -18.3684 115 109 75
6.0000 -20.5000 -18.4312 111 105 71
7.0000 -20.5000 -18.4969 112 103 70
8.0000 -20.5000 -18.5668 117 104 72
9.0000 -20.5000 -18.6431 121 104 74
10.0000 -20.5000 -18.7286 124 103 74
11.0000 -20.5000 -18.8254 123 102 73
12.0000 -20.5000 -18.9341 115 95 68
13.0000 -20.5000 -19.0536 112 95 69
14.0000 -20.5000 -19.1812 111 94 68
15.0000 -20.5000 -19.3131 110 93 67
16.0000 -20.5000 -19.4458 109 92 66
17.0000 -20.5000 -19.5770 109 92 66
18.0000 -20.5000 -19.7064 110 93 67
19.0000 -20.5000 -19.8369 110 93 67
20.0000 -20.5000 -19.9757 104 87 61
21.0000 -20.5000 -20.1353 105 88 62
22.0000 -20.5000 -20.3330 107 90 64
23.0000 -20.5000 -20.5899 108 91 65
24.0000 -20.5000 -20.9258 106 89 63
25.0000 -20.5000 -21.3545 102 85 59
26.0000 -20.5000 -21.8775 98 81 55
27.0000 -20.5000 -22.4813 94 78 52
28.0000 -20.5000 -23.1374 81 67 41
29.0000 -20.5000 -23.8075 72 60 34
30.0000 -20.5000 -24.4507 66 54 28
31.0000 -20.5000 -25.0311 66 54 28
32.0000 -20.5000 -25.5220 65 53 29
33.0000 -20.5000 -25.9082 62 50 26
34.0000 -20.5000 -26.1849 61 49 27
35.0000 -20.5000 -26.3573 62 50 28
36.0000 -20.5000 -26.4405 61 49 27
37.0000 -20.5000 -26.4592 62 50 28
38.0000 -20.5000 -26.4467 64 51 32
39.0000 -20.5000 -26.4403 66 53 34
40.0000 -20.5000 -26.4753 67 54 37
41.0000 -20.5000 -26.5786 67 54 37
42.0000 -20.5000 -26.7644 66 53 36
43.0000 -20.5000 -27.0346 65 54 36
44.0000 -20.5000 -27.3825 52 43 26
45.0000 -20.5000 -27.7974 51 44 26
46.0000 -20.5000 -28.2703 52 45 27
47.0000 -20.5000 -28.7950 52 45 27
48.0000 -20.5000 -29.3679 51 44 28
49.0000 -20.5000 -29.9860 50 43 27
50.0000 -20.5000 -30.6457 49 42 26
51.0000 -20.5000 -31.3434 48 41 25
52.0000 -20.5000 -32.0775 40 32 19
53.0000 -20.5000 -32.8498 39 31 18
54.0000 -20.5000 -33.6662 38 30 19
55.0000 -20.5000 -34.5352 36 28 17
56.0000 -20.5000 -35.4662 35 27 16
57.0000 -20.5000 -36.4696 33 25 14
58.0000 -20.5000 -37.5593 32 23 14
59.0000 -20.5000 -38.7607 30 23 13
60.0000 -20.5000 -40.1195 21 21 13
61.0000 -20.5000 -41.7092 22 23 15
62.0000 -20.5000 -43.6320 22 23 17
63.0000 -20.5000 -46.0093 20 21 15
64.0000 -20.5000 -48.9609 17 18 12
65.0000 -20.5000 -52.5763 15 16 10
66.0000 -20.5000 -56.8800 15 16 11
67.0000 -20.5000 -61.8010 16 17 12
-92.0000 -21.5000 -68.9021 14 15 7
-91.0000 -21.5000 -58.7270 23 25 14
-90.0000 -21.5000 -50.4149 33 35 22
-89.0000 -21.5000 -43.9936 36 38 24
-88.0000 -21.5000 -39.2882 34 37 20
-87.0000 -21.5000 -36.0181 34 37 18
-86.0000 -21.5000 -33.8708 39 42 23
-85.0000 -21.5000 -32.5473 45 48 29
-84.0000 -21.5000 -31.7813 42 43 25
-83.0000 -21.5000 -31.3434 42 40 25
-82.0000 -21.5000 -31.0413 39 37 22
-81.0000 -21.5000 -30.7216 37 36 18
-80.0000 -21.5000 -30.2765 37 36 18
-79.0000 -21.5000 -29.6492 42 39 22
-78.0000 -21.5000 -28.8349 46 43 26
-77.0000 -21.5000 -27.8729 48 45 26
-76.0000 -21.5000 -26.8317 56 51 32
-75.0000 -21.5000 -25.7881 63 58 38
-74.0000 -21.5000 -24.8080 71 66 46
-73.0000 -21.5000 -23.9320 75 68 49
-72.0000 -21.5000 -23.1706 73 66 47
-71.0000 -21.5000 -22.5091 72 66 44
-70.0000 -21.5000 -21.9184 76 70 48
-69.0000 -21.5000 -21.3683 81 73 50
-68.0000 -21.5000 -20.8366 90 79 51
-67.0000 -21.5000 -20.3142 94 83 53
-66.0000 -21.5000 -19.8035 101 90 60
-65.0000 -21.5000 -19.3140 111 98 66
-64.0000 -21.5000 -18.8565 118 105 73
-63.0000 -21.5000 -18.4391 124 109 76
-62.0000 -21.5000 -18.0649 126 111 78
-61.0000 -21.5000 -17.7327 128 112 78
-60.0000 -21.5000 -17.4386 142 124 88
-59.0000 -21.5000 -17.1782 145 127 89
-58.0000 -21.5000 -16.9474 148 128 91
-57.0000 -21.5000 -16.7431 149 130 90
-56.0000 -21.5000 -16.5629 151 129 90
-55.0000 -21.5000 -16.4043 154 132 91
-54.0000 -21.5000 -16.2646 161 139 98
-53.0000 -21.5000 -16.1405 167 144 102
-52.0000 -21.5000 -16.0285 161 139 92
-51.0000 -21.5000 -15.9249 162 138 90
-50.0000 -21.5000 -15.8270 162 138 92
-49.0000 -21.5000 -15.7330 163 139 91
-48.0000 -21.5000 -15.6427 169 142 97
-47.0000 -21.5000 -15.5569 173 146 99
-46.0000 -21.5000 -15.4774 177 150 105
-45.0000 -21.5000 -15.4067 181 153 106
-44.0000 -21.5000 -15.3484 171 142 98
-43.0000 -21.5000 -15.3073 178 147 101
-42.0000 -21.5000 -15.2891 186 155 111
-41.0000 -21.5000 -15.2993 196 163 118
-40.0000 -21.5000 -15.3421 200 167 124
-39.0000 -21.5000 -15.4179 196 163 118
-38.0000 -21.5000 -15.5227 188 153 111
-37.0000 -21.5000 -15.6480 178 147 103
-36.0000 -21.5000 -15.7821 165 141 97
-35.0000 -21.5000 -15.9134 160 139 94
-34.0000 -21.5000 -16.0321 159 136 92
-33.0000 -21.5000 -16.1330 162 138 94
-32.0000 -21.5000 -16.2158 168 141 98
-31.0000 -21.5000 -16.2852 171 142 102
-30.0000 -21.5000 -16.3491 170 141 101
-29.0000 -21.5000 -16.4176 168 138 100
-28.0000 -21.5000 -16.5005 177 147 109
-27.0000 -21.5000 -16.6063 176 148 109
-26.0000 -21.5000 -16.7401 170 145 105
-25.0000 -21.5000 -16.9025 162 139 98
-24.0000 -21.5000 -17.0885 152 130 89
-23.0000 -21.5000 -17.2886 144 125 83
-22.0000 -21.5000 -17.4898 143 125 85
-21.0000 -21.5000 -17.6791 145 127 87
-20.0000 -21.5000 -17.8460 133 115 79
-19.0000 -21.5000 -17.9843 132 114 78
-18.0000 -21.5000 -18.0936 133 114 81
-17.0000 -21.5000 -18.1775 132 116 82
-16.0000 -21.5000 -18.2429 133 114 81
-15.0000 -21.5000 -18.2970 127 111 77
-14.0000 -21.5000 -18.3463 123 107 74
-13.0000 -21.5000 -18.3949 121 106 73
-12.0000 -21.5000 -18.4443 113 98 67
-11.0000 -21.5000 -18.4940 109 95 66
-10.0000 -21.5000 -18.5416 105 90 61
-9.0000 -21.5000 -18.5840 101 87 60
-8.0000 -21.5000 -18.6181 101 87 60
-7.0000 -21.5000 -18.6414 103 92 64
-6.0000 -21.5000 -18.6529 111 97 70
-5.0000 -21.5000 -18.6531 114 100 73
-4.0000 -21.5000 -18.6446 116 102 73
-3.0000 -21.5000 -18.6321 116 103 71
-2.0000 -21.5000 -18.6214 119 104 75
-1.0000 -21.5000 -18.6188 123 106 76
0.0000 -21.5000 -18.6294 127 110 82
1.0000 -21.5000 -18.6559 128 111 81
2.0000 -21.5000 -18.6979 122 108 79
3.0000 -21.5000 -18.7525 117 106 74
4.0000 -21.5000 -18.8155 114 105 74
5.0000 -21.5000 -18.8828 109 103 69
6.0000 -21.5000 -18.9515 105 99 67
7.0000 -21.5000 -19.0207 107 98 65
8.0000 -21.5000 -19.0916 111 97 68
9.0000 -21.5000 -19.1667 115 98 68
10.0000 -21.5000 -19.2492 117 96 69
11.0000 -21.5000 -19.3421 116 95 68
12.0000 -21.5000 -19.4469 110 93 67
13.0000 -21.5000 -19.5637 108 92 66
14.0000 -21.5000 -19.6902 106 90 64
15.0000 -21.5000 -19.8229 104 88 62
16.0000 -21.5000 -19.9574 103 87 61
17.0000 -21.5000 -20.0903 103 87 61
18.0000 -21.5000 -20.2196 103 87 61
19.0000 -21.5000 -20.3463 104 88 62
20.0000 -21.5000 -20.4758 95 79 53
21.0000 -21.5000 -20.6188 97 81 55
22.0000 -21.5000 -20.7912 99 83 57
23.0000 -21.5000 -21.0129 100 84 58
24.0000 -21.5000 -21.3042 99 83 57
25.0000 -21.5000 -21.6806 97 81 55
26.0000 -21.5000 -22.1478 94 78 52
27.0000 -21.5000 -22.6979 92 76 50
28.0000 -21.5000 -23.3088 81 67 41
29.0000 -21.5000 -23.9479 73 61 35
30.0000 -21.5000 -24.5776 67 55 29
31.0000 -21.5000 -25.1625 65 53 27
32.0000 -21.5000 -25.6746 64 52 28
33.0000 -21.5000 -26.0958 62 50 26
34.0000 -21.5000 -26.4181 61 49 27
35.0000 -21.5000 -26.6434 60 48 26
36.0000 -21.5000 -26.7830 61 49 27
37.0000 -21.5000 -26.8574 61 49 27
38.0000 -21.5000 -26.8947 61 48 29
39.0000 -21.5000 -26.9277 62 49 30
40.0000 -21.5000 -26.9883 62 49 32
41.0000 -21.5000 -27.1023 63 50 33
42.0000 -21.5000 -27.2857 64 51 34
43.0000 -21.5000 -27.5439 64 53 35
44.0000 -21.5000 -27.8743 51 42 25
45.0000 -21.5000 -28.2705 51 44 26
46.0000 -21.5000 -28.7262 51 44 26
47.0000 -21.5000 -29.2368 51 44 26
48.0000 -21.5000 -29.7996 50 43 27
49.0000 -21.5000 -30.4123 48 41 25
50.0000 -21.5000 -31.0722 46 39 23
51.0000 -21.5000 -31.7771 45 38 22
52.0000 -21.5000 -32.5265 40 32 19
53.0000 -21.5000 -33.3228 39 31 18
54.0000 -21.5000 -34.1714 38 30 19
55.0000 -21.5000 -35.0794 36 28 17
56.0000 -21.5000 -36.0546 35 27 16
57.0000 -21.5000 -37.1067 33 25 14
58.0000 -21.5000 -38.2518 32 23 14
59.0000 -21.5000 -39.5220 30 23 13
60.0000 -21.5000 -40.9746 19 19 11
61.0000 -21.5000 -42.6978 19 20 12
62.0000 -21.5000 -44.8066 20 21 15
63.0000 -21.5000 -47.4260 19 20 14
64.0000 -21.5000 -50.6650 18 19 13
65.0000 -21.5000 -54.5849 16 17 11
66.0000 -21.5000 -59.1716 15 16 11
67.0000 -21.5000 -64.3146 15 16 11
-92.0000 -22.5000 -72.6544 14 15 7
-91.0000 -22.5000 -62.4134 21 23 12
-90.0000 -22.5000 -53.7961 30 32 19
-89.0000 -22.5000 -46.9220 34 36 22
-88.0000 -22.5000 -41.7076 34 37 20
-87.0000 -22.5000 -37.9435 35 38 21
-86.0000 -22.5000 -35.3615 39 42 25
-85.0000 -22.5000 -33.6828 44 47 30
-84.0000 -22.5000 -32.6447 40 42 28
-83.0000 -22.5000 -32.0122 39 40 26
-82.0000 -22.5000 -31.5830 36 37 23
-81.0000 -22.5000 -31.1918 35 36 20
-80.0000 -22.5000 -30.7174 35 36 20
-79.0000 -22.5000 -30.0888 39 37 22
-78.0000 -22.5000 -29.2866 43 41 26
-77.0000 -22.5000 -28.3382 45 44 26
-76.0000 -22.5000 -27.3035 53 50 33
-75.0000 -22.5000 -26.2560 60 57 38
-74.0000 -22.5000 -25.2623 68 65 46
-73.0000 -22.5000 -24.3663 73 68 49
-72.0000 -22.5000 -23.5830 71 66 47
-71.0000 -22.5000 -22.9008 70 65 45
-70.0000 -22.5000 -22.2925 74 69 49
-69.0000 -22.5000 -21.7277 79 73 51
-68.0000 -22.5000 -21.1836 87 80 52
-67.0000 -22.5000 -20.6499 92 83 52
-66.0000 -22.5000 -20.1282 98 89 58
-65.0000 -22.5000 -19.6276 105 94 62
-64.0000 -22.5000 -19.1592 111 100 68
-63.0000 -22.5000 -18.7313 116 103 69
-62.0000 -22.5000 -18.3476 119 104 71
-61.0000 -22.5000 -18.0068 120 104 70
-60.0000 -22.5000 -17.7050 133 115 79
-59.0000 -22.5000 -17.4376 138 120 82
-58.0000 -22.5000 -17.2005 145 125 88
-57.0000 -22.5000 -16.9906 150 128 89
-56.0000 -22.5000 -16.8052 151 127 89
-55.0000 -22.5000 -16.6419 152 129 88
-54.0000 -22.5000 -16.4978 155 132 91
-53.0000 -22.5000 -16.3696 158 135 93
-52.0000 -22.5000 -16.2536 159 136 92
-51.0000 -22.5000 -16.1467 159 137 90
-50.0000 -22.5000 -16.0463 160 137 93
-49.0000 -22.5000 -15.9508 161 139 92
-48.0000 -22.5000 -15.8599 165 141 97
-47.0000 -22.5000 -15.7745 169 145 99
-46.0000 -22.5000 -15.6962 172 148 104
-45.0000 -22.5000 -15.6279 176 149 104
-44.0000 -22.5000 -15.5734 180 153 110
-43.0000 -22.5000 -15.5379 180 153 108
-42.0000 -22.5000 -15.5269 181 154 111
-41.0000 -22.5000 -15.5457 183 156 111
-40.0000 -22.5000 -15.5969 184 157 114
-39.0000 -22.5000 -15.6796 182 155 110
-38.0000 -22.5000 -15.7881 177 148 106
-37.0000 -22.5000 -15.9134 172 143 101
-36.0000 -22.5000 -16.0449 160 133 90
-35.0000 -22.5000 -16.1727 159 134 93
-34.0000 -22.5000 -16.2898 163 135 95
-33.0000 -22.5000 -16.3938 168 139 99
-32.0000 -22.5000 -16.4862 171 142 102
-31.0000 -22.5000 -16.5723 172 142 104
-30.0000 -22.5000 -16.6597 170 140 102
-29.0000 -22.5000 -16.7573 168 138 102
-28.0000 -22.5000 -16.8737 177 148 114
-27.0000 -22.5000 -17.0161 169 140 106
-26.0000 -22.5000 -17.1880 156 130 97
-25.0000 -22.5000 -17.3878 148 124 90
-24.0000 -22.5000 -17.6084 144 121 87
-23.0000 -22.5000 -17.8374 141 121 86
-22.0000 -22.5000 -18.0593 138 119 86
-21.0000 -22.5000 -18.2594 133 117 83
-20.0000 -22.5000 -18.4264 115 98 68
-19.0000 -22.5000 -18.5553 117 100 70
-18.0000 -22.5000 -18.6473 117 100 72
-17.0000 -22.5000 -18.7091 114 99 70
-16.0000 -22.5000 -18.7499 111 94 66
-15.0000 -22.5000 -18.7792 106 91 62
-14.0000 -22.5000 -18.8048 100 85 56
-13.0000 -22.5000 -18.8316 95 81 52
-12.0000 -22.5000 -18.8615 94 80 51
-11.0000 -22.5000 -18.8943 91 80 52
-10.0000 -22.5000 -18.9280 92 78 51
-9.0000 -22.5000 -18.9601 90 78 52
-8.0000 -22.5000 -18.9881 91 79 53
-7.0000 -22.5000 -19.0098 92 82 55
-6.0000 -22.5000 -19.0242 96 84 58
-5.0000 -22.5000 -19.0316 98 87 59
-4.0000 -22.5000 -19.0339 102 88 61
-3.0000 -22.5000 -19.0352 101 87 58
-2.0000 -22.5000 -19.0408 104 88 62
-1.0000 -22.5000 -19.0562 108 93 64
0.0000 -22.5000 -19.0857 112 96 70
1.0000 -22.5000 -19.1310 113 98 69
2.0000 -22.5000 -19.1908 110 96 69
3.0000 -22.5000 -19.2613 105 96 65
4.0000 -22.5000 -19.3377 106 99 70
5.0000 -22.5000 -19.4153 102 97 65
6.0000 -22.5000 -19.4914 100 93 64
7.0000 -22.5000 -19.5651 102 93 62
8.0000 -22.5000 -19.6376 105 94 66
9.0000 -22.5000 -19.7116 109 94 65
10.0000 -22.5000 -19.7907 110 90 65
11.0000 -22.5000 -19.8787 109 89 64
12.0000 -22.5000 -19.9782 108 92 66
13.0000 -22.5000 -20.0903 106 92 66
14.0000 -22.5000 -20.2139 103 89 63
15.0000 -22.5000 -20.3456 100 86 60
16.0000 -22.5000 -20.4810 98 84 58
17.0000 -22.5000 -20.6154 96 82 56
18.0000 -22.5000 -20.7455 96 82 56
19.0000 -22.5000 -20.8707 96 82 56
20.0000 -22.5000 -20.9945 88 74 48
21.0000 -22.5000 -21.1258 90 76 50
22.0000 -22.5000 -21.2787 92 78 52
23.0000 -22.5000 -21.4717 93 79 53
24.0000 -22.5000 -21.7249 93 79 53
25.0000 -22.5000 -22.0549 92 78 52
26.0000 -22.5000 -22.4709 90 76 50
27.0000 -22.5000 -22.9702 89 75 49
28.0000 -22.5000 -23.5370 80 68 44
29.0000 -22.5000 -24.1441 76 64 40
30.0000 -22.5000 -24.7581 70 58 34
31.0000 -22.5000 -25.3446 65 53 29
32.0000 -22.5000 -25.8746 64 52 28
33.0000 -22.5000 -26.3275 64 52 28
34.0000 -22.5000 -26.6921 62 50 28
35.0000 -22.5000 -26.9672 59 47 25
36.0000 -22.5000 -27.1604 60 47 28
37.0000 -22.5000 -27.2880 59 46 27
38.0000 -22.5000 -27.3735 59 46 29
39.0000 -22.5000 -27.4449 58 45 28
40.0000 -22.5000 -27.5305 59 46 29
41.0000 -22.5000 -27.6549 60 47 30
42.0000 -22.5000 -27.8354 61 48 31
43.0000 -22.5000 -28.0808 61 50 32
44.0000 -22.5000 -28.3928 52 45 27
45.0000 -22.5000 -28.7693 50 45 26
46.0000 -22.5000 -29.2067 50 44 28
47.0000 -22.5000 -29.7020 49 43 27
48.0000 -22.5000 -30.2532 46 40 24
49.0000 -22.5000 -30.8586 44 38 22
50.0000 -22.5000 -31.5168 41 35 21
51.0000 -22.5000 -32.2273 39 33 19
52.0000 -22.5000 -32.9912 40 34 22
53.0000 -22.5000 -33.8117 39 33 21
54.0000 -22.5000 -34.6935 38 32 20
55.0000 -22.5000 -35.6421 36 30 18
56.0000 -22.5000 -36.6642 35 28 18
57.0000 -22.5000 -37.7699 33 26 16
58.0000 -22.5000 -38.9805 32 25 15
59.0000 -22.5000 -40.3383 29 25 14
60.0000 -22.5000 -41.9156 18 18 10
61.0000 -22.5000 -43.8170 17 18 10
62.0000 -22.5000 -46.1681 18 19 13
63.0000 -22.5000 -49.0910 18 19 13
64.0000 -22.5000 -52.6724 18 19 13
65.0000 -22.5000 -56.9340 16 17 11
66.0000 -22.5000 -61.8149 14 15 10
-91.0000 -23.5000 -66.4536 17 18 10
-90.0000 -23.5000 -57.6200 24 26 15
-89.0000 -23.5000 -50.3365 30 32 19
-88.0000 -23.5000 -44.6109 33 35 21
-87.0000 -23.5000 -40.3142 35 38 21
-86.0000 -23.5000 -37.2364 37 39 25
-85.0000 -23.5000 -35.1326 40 42 28
-84.0000 -23.5000 -33.7543 38 40 27
-83.0000 -23.5000 -32.8675 35 39 25
-82.0000 -23.5000 -32.2627 34 36 23
-81.0000 -23.5000 -31.7629 33 35 21
-80.0000 -23.5000 -31.2321 33 35 22
-79.0000 -23.5000 -30.5824 34 36 22
-78.0000 -23.5000 -29.7782 38 39 25
-77.0000 -23.5000 -28.8327 39 40 24
-76.0000 -23.5000 -27.7962 48 49 33
-75.0000 -23.5000 -26.7377 57 56 38
-74.0000 -23.5000 -25.7241 65 63 48
-73.0000 -23.5000 -24.8032 68 67 49
-72.0000 -23.5000 -23.9941 68 65 48
-71.0000 -23.5000 -23.2890 68 65 46
-70.0000 -23.5000 -22.6624 71 68 51
-69.0000 -23.5000 -22.0838 78 73 53
-68.0000 -23.5000 -21.5291 84 78 52
-67.0000 -23.5000 -20.9860 87 82 52
-66.0000 -23.5000 -20.4549 94 87 58
-65.0000 -23.5000 -19.9444 102 93 62
-64.0000 -23.5000 -19.4658 106 97 66
-63.0000 -23.5000 -19.0282 110 99 67
-62.0000 -23.5000 -18.6356 113 100 68
-61.0000 -23.5000 -18.2874 114 99 66
-60.0000 -23.5000 -17.9795 125 109 75
-59.0000 -23.5000 -17.7071 132 114 78
-58.0000 -23.5000 -17.4658 141 118 84
-57.0000 -23.5000 -17.2520 146 124 87
-56.0000 -23.5000 -17.0631 149 125 89
-55.0000 -23.5000 -16.8963 149 125 87
-54.0000 -23.5000 -16.7486 150 124 87
-53.0000 -23.5000 -16.6167 150 125 85
-52.0000 -23.5000 -16.4970 156 133 91
-51.0000 -23.5000 -16.3868 157 134 90
-50.0000 -23.5000 -16.2838 158 135 93
-49.0000 -23.5000 -16.1868 161 138 94
-48.0000 -23.5000 -16.0958 163 140 98
-47.0000 -23.5000 -16.0116 164 141 97
-46.0000 -23.5000 -15.9360 167 142 101
-45.0000 -23.5000 -15.8719 166 143 99
-44.0000 -23.5000 -15.8233 173 150 108
-43.0000 -23.5000 -15.7955 173 150 106
-42.0000 -23.5000 -15.7937 175 152 110
-41.0000 -23.5000 -15.8222 176 153 109
-40.0000 -23.5000 -15.8823 175 152 110
-39.0000 -23.5000 -15.9716 170 147 103
-38.0000 -23.5000 -16.0840 161 136 95
-37.0000 -23.5000 -16.2106 154 129 88
-36.0000 -23.5000 -16.3423 151 123 83
-35.0000 -23.5000 -16.4717 155 126 86
-34.0000 -23.5000 -16.5946 160 131 91
-33.0000 -23.5000 -16.7104 165 135 97
-32.0000 -23.5000 -16.8213 170 138 100
-31.0000 -23.5000 -16.9322 168 138 102
-30.0000 -23.5000 -17.0492 166 136 102
-29.0000 -23.5000 -17.1795 163 134 100
-28.0000 -23.5000 -17.3300 159 130 98
-27.0000 -23.5000 -17.5058 151 124 94
-26.0000 -23.5000 -17.7087 144 119 89
-25.0000 -23.5000 -17.9355 140 117 86
-24.0000 -23.5000 -18.1766 138 117 88
-23.0000 -23.5000 -18.4177 132 113 83
-22.0000 -23.5000 -18.6419 119 102 72
-21.0000 -23.5000 -18.8339 110 93 65
-20.0000 -23.5000 -18.9832 97 80 54
-19.0000 -23.5000 -19.0865 101 84 58
-18.0000 -23.5000 -19.1478 101 83 59
-17.0000 -23.5000 -19.1764 97 81 55
-16.0000 -23.5000 -19.1840 96 80 54
-15.0000 -23.5000 -19.1821 97 81 55
-14.0000 -23.5000 -19.1796 94 78 52
-13.0000 -23.5000 -19.1818 89 75 48
-12.0000 -23.5000 -19.1912 93 79 52
-11.0000 -23.5000 -19.2076 92 81 53
-10.0000 -23.5000 -19.2295 93 81 55
-9.0000 -23.5000 -19.2548 94 82 56
-8.0000 -23.5000 -19.2813 93 81 55
-7.0000 -23.5000 -19.3071 90 81 52
-6.0000 -23.5000 -19.3309 88 78 51
-5.0000 -23.5000 -19.3524 87 76 48
-4.0000 -23.5000 -19.3729 92 78 52
-3.0000 -23.5000 -19.3957 91 77 50
-2.0000 -23.5000 -19.4252 92 78 52
-1.0000 -23.5000 -19.4661 94 80 53
0.0000 -23.5000 -19.5219 97 83 57
1.0000 -23.5000 -19.5931 98 84 57
2.0000 -23.5000 -19.6775 93 81 55
3.0000 -23.5000 -19.7700 90 81 52
4.0000 -23.5000 -19.8651 99 92 64
5.0000 -23.5000 -19.9577 95 90 60
6.0000 -23.5000 -20.0450 94 87 59
7.0000 -23.5000 -20.1261 97 88 59
8.0000 -23.5000 -20.2023 99 87 61
9.0000 -23.5000 -20.2765 102 88 61
10.0000 -23.5000 -20.3527 102 84 60
11.0000 -23.5000 -20.4353 99 83 58
12.0000 -23.5000 -20.5283 102 90 64
13.0000 -23.5000 -20.6338 99 89 62
14.0000 -23.5000 -20.7521 96 86 59
15.0000 -23.5000 -20.8806 92 82 55
16.0000 -23.5000 -21.0148 90 80 53
17.0000 -23.5000 -21.1496 88 78 51
18.0000 -23.5000 -21.2806 87 77 50
19.0000 -23.5000 -21.4058 87 77 50
20.0000 -23.5000 -21.5271 82 72 45
21.0000 -23.5000 -21.6514 83 73 46
22.0000 -23.5000 -21.7910 84 74 47
23.0000 -23.5000 -21.9627 85 75 48
24.0000 -23.5000 -22.1855 85 75 48
25.0000 -23.5000 -22.4767 85 75 48
26.0000 -23.5000 -22.8478 84 74 47
27.0000 -23.5000 -23.3006 83 73 46
28.0000 -23.5000 -23.8249 80 68 44
29.0000 -23.5000 -24.3992 78 66 42
30.0000 -23.5000 -24.9943 71 59 35
31.0000 -23.5000 -25.5778 64 52 28
32.0000 -23.5000 -26.1204 63 51 27
33.0000 -23.5000 -26.5995 65 53 29
34.0000 -23.5000 -27.0016 62 50 28
35.0000 -23.5000 -27.3221 57 45 23
36.0000 -23.5000 -27.5655 58 45 26
37.0000 -23.5000 -27.7438 57 44 25
38.0000 -23.5000 -27.8760 57 44 27
39.0000 -23.5000 -27.9852 56 43 26
40.0000 -23.5000 -28.0963 56 43 26
41.0000 -23.5000 -28.2322 57 44 27
42.0000 -23.5000 -28.4110 58 45 28
43.0000 -23.5000 -28.6446 57 46 28
44.0000 -23.5000 -28.9390 51 44 26
45.0000 -23.5000 -29.2957 50 45 26
46.0000 -23.5000 -29.7140 49 43 27
47.0000 -23.5000 -30.1924 47 41 25
48.0000 -23.5000 -30.7294 45 39 23
49.0000 -23.5000 -31.3244 41 35 19
50.0000 -23.5000 -31.9776 38 32 18
51.0000 -23.5000 -32.6908 37 31 17
52.0000 -23.5000 -33.4671 40 34 22
53.0000 -23.5000 -34.3104 39 33 21
54.0000 -23.5000 -35.2247 38 32 20
55.0000 -23.5000 -36.2140 36 30 18
56.0000 -23.5000 -37.2841 35 28 18
57.0000 -23.5000 -38.4480 33 26 16
58.0000 -23.5000 -39.7351 32 25 15
59.0000 -23.5000 -41.2018 29 25 16
60.0000 -23.5000 -42.9387 19 19 11
61.0000 -23.5000 -45.0668 17 18 10
62.0000 -23.5000 -47.7177 17 18 12
63.0000 -23.5000 -51.0012 18 19 13
64.0000 -23.5000 -54.9693 18 19 13
65.0000 -23.5000 -59.5926 16 17 11
-90.0000 -24.5000 -61.8998 16 18 7
-89.0000 -24.5000 -54.2770 23 25 12
-88.0000 -24.5000 -48.0584 29 31 18
-87.0000 -24.5000 -43.2024 33 35 21
-86.0000 -24.5000 -39.5706 33 35 22
-85.0000 -24.5000 -36.9675 33 35 22
-84.0000 -24.5000 -35.1723 35 38 27
-83.0000 -24.5000 -33.9609 32 38 26
-82.0000 -24.5000 -33.1214 32 35 24
-81.0000 -24.5000 -32.4660 30 34 20
-80.0000 -24.5000 -31.8428 30 33 22
-79.0000 -24.5000 -31.1456 31 35 21
-78.0000 -24.5000 -30.3203 34 36 23
-77.0000 -24.5000 -29.3642 35 37 23
-76.0000 -24.5000 -28.3163 42 44 30
-75.0000 -24.5000 -27.2398 51 52 36
-74.0000 -24.5000 -26.2011 59 60 46
-73.0000 -24.5000 -25.2509 63 64 48
-72.0000 -24.5000 -24.4126 64 62 47
-71.0000 -24.5000 -23.6823 65 64 46
-70.0000 -24.5000 -23.0363 69 67 52
-69.0000 -24.5000 -22.4441 74 71 52
-68.0000 -24.5000 -21.8795 78 77 49
-67.0000 -24.5000 -21.3283 83 79 50
-66.0000 -24.5000 -20.7886 90 85 56
-65.0000 -24.5000 -20.2685 96 91 61
-64.0000 -24.5000 -19.7794 102 95 66
-63.0000 -24.5000 -19.3312 108 99 68
-62.0000 -24.5000 -18.9293 112 99 67
-61.0000 -24.5000 -18.5737 113 98 65
-60.0000 -24.5000 -18.2605 124 108 75
-59.0000 -24.5000 -17.9846 127 108 75
-58.0000 -24.5000 -17.7410 133 110 76
-57.0000 -24.5000 -17.5259 138 116 79
-56.0000 -24.5000 -17.3358 144 120 84
-55.0000 -24.5000 -17.1678 147 121 86
-54.0000 -24.5000 -17.0185 149 120 86
-53.0000 -24.5000 -16.8846 145 119 82
-52.0000 -24.5000 -16.7628 151 128 87
-51.0000 -24.5000 -16.6503 153 130 88
-50.0000 -24.5000 -16.5455 155 133 92
-49.0000 -24.5000 -16.4478 158 137 94
-48.0000 -24.5000 -16.3572 159 137 96
-47.0000 -24.5000 -16.2750 158 137 94
-46.0000 -24.5000 -16.2031 158 135 94
-45.0000 -24.5000 -16.1445 156 135 92
-44.0000 -24.5000 -16.1035 161 139 98
-43.0000 -24.5000 -16.0848 163 142 99
-42.0000 -24.5000 -16.0931 167 145 104
-41.0000 -24.5000 -16.1317 171 150 107
-40.0000 -24.5000 -16.2007 167 148 106
-39.0000 -24.5000 -16.2967 158 139 96
-38.0000 -24.5000 -16.4137 145 126 84
-37.0000 -24.5000 -16.5438 138 115 74
-36.0000 -24.5000 -16.6801 150 122 83
-35.0000 -24.5000 -16.8176 156 124 86
-34.0000 -24.5000 -16.9539 159 127 89
-33.0000 -24.5000 -17.0894 161 128 93
-32.0000 -24.5000 -17.2259 159 129 95
-31.0000 -24.5000 -17.3668 155 125 91
-30.0000 -24.5000 -17.5159 151 120 89
-29.0000 -24.5000 -17.6780 148 119 89
-28.0000 -24.5000 -17.8578 136 109 80
-27.0000 -24.5000 -18.0585 136 110 83
-26.0000 -24.5000 -18.2803 133 112 85
-25.0000 -24.5000 -18.5179 131 111 84
-24.0000 -24.5000 -18.7605 123 106 80
-23.0000 -24.5000 -18.9929 110 94 69
-22.0000 -24.5000 -19.1982 98 82 57
-21.0000 -24.5000 -19.3619 89 73 48
-20.0000 -24.5000 -19.4757 89 71 49
-19.0000 -24.5000 -19.5392 94 76 52
-18.0000 -24.5000 -19.5593 94 76 54
-17.0000 -24.5000 -19.5481 91 73 49
-16.0000 -24.5000 -19.5196 93 75 51
-15.0000 -24.5000 -19.4866 99 83 58
-14.0000 -24.5000 -19.4587 101 85 60
-13.0000 -24.5000 -19.4417 97 83 57
-12.0000 -24.5000 -19.4375 101 87 60
-11.0000 -24.5000 -19.4457 103 89 62
-10.0000 -24.5000 -19.4646 105 91 64
-9.0000 -24.5000 -19.4918 105 94 66
-8.0000 -24.5000 -19.5250 104 93 65
-7.0000 -24.5000 -19.5620 100 89 59
-6.0000 -24.5000 -19.6013 96 85 57
-5.0000 -24.5000 -19.6420 94 83 55
-4.0000 -24.5000 -19.6851 99 85 59
-3.0000 -24.5000 -19.7330 97 83 57
-2.0000 -24.5000 -19.7900 94 79 56
-1.0000 -24.5000 -19.8601 92 80 54
0.0000 -24.5000 -19.9462 92 80 56
1.0000 -24.5000 -20.0480 90 80 53
2.0000 -24.5000 -20.1620 84 77 51
3.0000 -24.5000 -20.2821 81 74 46
4.0000 -24.5000 -20.4016 90 84 58
5.0000 -24.5000 -20.5147 88 83 54
6.0000 -24.5000 -20.6180 87 80 54
7.0000 -24.5000 -20.7104 90 80 53
8.0000 -24.5000 -20.7931 93 81 57
9.0000 -24.5000 -20.8692 95 81 55
10.0000 -24.5000 -20.9431 94 78 55
11.0000 -24.5000 -21.0199 90 75 52
12.0000 -24.5000 -21.1048 92 82 57
13.0000 -24.5000 -21.2016 89 82 56
14.0000 -24.5000 -21.3118 87 80 54
15.0000 -24.5000 -21.4340 84 77 51
16.0000 -24.5000 -21.5643 82 75 49
17.0000 -24.5000 -21.6974 81 74 48
18.0000 -24.5000 -21.8285 81 74 48
19.0000 -24.5000 -21.9544 81 74 48
20.0000 -24.5000 -22.0756 79 72 46
21.0000 -24.5000 -22.1972 79 72 46
22.0000 -24.5000 -22.3296 80 73 47
23.0000 -24.5000 -22.4876 80 73 47
24.0000 -24.5000 -22.6886 80 73 47
25.0000 -24.5000 -22.9497 80 73 47
26.0000 -24.5000 -23.2838 79 72 46
27.0000 -24.5000 -23.6959 79 72 46
28.0000 -24.5000 -24.1807 76 66 41
29.0000 -24.5000 -24.7218 76 66 41
30.0000 -24.5000 -25.2942 69 58 36
31.0000 -24.5000 -25.8686 60 49 27
32.0000 -24.5000 -26.4164 58 47 25
33.0000 -24.5000 -26.9143 62 51 29
34.0000 -24.5000 -27.3469 59 48 28
35.0000 -24.5000 -27.7073 53 42 22
36.0000 -24.5000 -27.9965 54 43 25
37.0000 -24.5000 -28.2226 54 43 25
38.0000 -24.5000 -28.4000 55 44 26
39.0000 -24.5000 -28.5470 55 44 26
40.0000 -24.5000 -28.6848 54 42 26
41.0000 -24.5000 -28.8342 54 42 26
42.0000 -24.5000 -29.0137 54 42 26
43.0000 -24.5000 -29.2379 51 42 25
44.0000 -24.5000 -29.5162 48 41 25
45.0000 -24.5000 -29.8538 47 41 25
46.0000 -24.5000 -30.2523 47 41 27
47.0000 -24.5000 -30.7117 46 40 26
48.0000 -24.5000 -31.2313 44 38 24
49.0000 -24.5000 -31.8119 41 35 21
50.0000 -24.5000 -32.4560 39 33 21
51.0000 -24.5000 -33.1679 37 31 19
52.0000 -24.5000 -33.9530 37 30 20
53.0000 -24.5000 -34.8160 37 30 20
54.0000 -24.5000 -35.7603 35 28 18
55.0000 -24.5000 -36.7886 34 27 17
56.0000 -24.5000 -37.9073 32 25 17
57.0000 -24.5000 -39.1346 31 24 16
58.0000 -24.5000 -40.5112 30 23 15
59.0000 -24.5000 -42.1108 27 23 14
60.0000 -24.5000 -44.0432 20 20 12
61.0000 -24.5000 -46.4431 17 18 10
62.0000 -24.5000 -49.4412 16 17 11
63.0000 -24.5000 -53.1239 17 18 12
64.0000 -24.5000 -57.4969 18 19 13
65.0000 -24.5000 -62.4707 15 16 10
-89.0000 -25.5000 -58.7598 17 19 8
-88.0000 -25.5000 -52.0915 26 28 17
-87.0000 -25.5000 -46.6686 31 33 20
-86.0000 -25.5000 -42.4351 30 32 21
-85.0000 -25.5000 -39.2607 26 29 18
-84.0000 -25.5000 -36.9673 32 38 28
-83.0000 -25.5000 -35.3525 31 37 27
-82.0000 -25.5000 -34.2087 29 35 23
-81.0000 -25.5000 -33.3402 28 34 22
-80.0000 -25.5000 -32.5793 29 32 21
-79.0000 -25.5000 -31.8003 30 33 22
-78.0000 -25.5000 -30.9293 32 36 22
-77.0000 -25.5000 -29.9460 33 37 23
-76.0000 -25.5000 -28.8760 38 40 27
-75.0000 -25.5000 -27.7749 46 48 34
-74.0000 -25.5000 -26.7066 56 57 43
-73.0000 -25.5000 -25.7234 60 61 47
-72.0000 -25.5000 -24.8528 60 61 45
-71.0000 -25.5000 -24.0946 61 62 46
-70.0000 -25.5000 -23.4275 67 65 50
-69.0000 -25.5000 -22.8208 72 71 51
-68.0000 -25.5000 -22.2466 74 72 47
-67.0000 -25.5000 -21.6876 78 77 47
-66.0000 -25.5000 -21.1397 87 83 54
-65.0000 -25.5000 -20.6095 94 90 61
-64.0000 -25.5000 -20.1085 101 96 67
-63.0000 -25.5000 -19.6479 106 99 70
-62.0000 -25.5000 -19.2345 111 100 70
-61.0000 -25.5000 -18.8696 114 101 69
-60.0000 -25.5000 -18.5502 125 108 78
-59.0000 -25.5000 -18.2710 125 106 74
-58.0000 -25.5000 -18.0266 126 106 73
-57.0000 -25.5000 -17.8120 132 109 75
-56.0000 -25.5000 -17.6234 140 116 82
-55.0000 -25.5000 -17.4570 145 119 84
-54.0000 -25.5000 -17.3092 147 118 84
-53.0000 -25.5000 -17.1762 144 118 83
-52.0000 -25.5000 -17.0546 147 123 85
-51.0000 -25.5000 -16.9421 149 127 86
-50.0000 -25.5000 -16.8372 153 131 92
-49.0000 -25.5000 -16.7396 156 134 93
-48.0000 -25.5000 -16.6501 156 134 95
-47.0000 -25.5000 -16.5703 152 133 91
-46.0000 -25.5000 -16.5026 151 129 90
-45.0000 -25.5000 -16.4501 147 128 86
-44.0000 -25.5000 -16.4172 160 141 101
-43.0000 -25.5000 -16.4080 156 139 96
-42.0000 -25.5000 -16.4267 155 136 96
-41.0000 -25.5000 -16.4751 153 136 93
-40.0000 -25.5000 -16.5526 151 133 93
-39.0000 -25.5000 -16.6556 147 130 87
-38.0000 -25.5000 -16.7784 141 123 83
-37.0000 -25.5000 -16.9151 136 117 77
-36.0000 -25.5000 -17.0607 153 127 90
-35.0000 -25.5000 -17.2121 156 128 91
-34.0000 -25.5000 -17.3682 157 129 92
-33.0000 -25.5000 -17.5290 155 126 92
-32.0000 -25.5000 -17.6950 147 121 88
-31.0000 -25.5000 -17.8669 138 113 82
-30.0000 -25.5000 -18.0460 131 106 75
-29.0000 -25.5000 -18.2344 126 103 72
-28.0000 -25.5000 -18.4344 120 99 72
-27.0000 -25.5000 -18.6474 125 105 80
-26.0000 -25.5000 -18.8719 126 109 83
-25.0000 -25.5000 -19.1016 120 104 79
-24.0000 -25.5000 -19.3252 106 91 68
-23.0000 -25.5000 -19.5279 90 78 56
-22.0000 -25.5000 -19.6944 81 69 47
-21.0000 -25.5000 -19.8130 80 65 44
-20.0000 -25.5000 -19.8787 91 73 51
-19.0000 -25.5000 -19.8944 98 76 53
-18.0000 -25.5000 -19.8703 96 75 54
-17.0000 -25.5000 -19.8209 92 72 48
-16.0000 -25.5000 -19.7620 95 75 51
-15.0000 -25.5000 -19.7073 104 86 62
-14.0000 -25.5000 -19.6665 109 91 67
-13.0000 -25.5000 -19.6448 107 90 64
-12.0000 -25.5000 -19.6430 106 90 64
-11.0000 -25.5000 -19.6594 109 93 67
-10.0000 -25.5000 -19.6907 113 97 71
-9.0000 -25.5000 -19.7332 115 101 72
-8.0000 -25.5000 -19.7838 116 102 73
-7.0000 -25.5000 -19.8398 114 100 71
-6.0000 -25.5000 -19.8995 111 97 68
-5.0000 -25.5000 -19.9621 109 95 68
-4.0000 -25.5000 -20.0284 112 97 74
-3.0000 -25.5000 -20.1012 106 94 70
-2.0000 -25.5000 -20.1846 102 90 68
-1.0000 -25.5000 -20.2828 99 89 64
0.0000 -25.5000 -20.3985 97 86 64
1.0000 -25.5000 -20.5312 91 84 58
2.0000 -25.5000 -20.6765 85 79 55
3.0000 -25.5000 -20.8271 81 75 49
4.0000 -25.5000 -20.9747 85 79 55
5.0000 -25.5000 -21.1123 83 77 51
6.0000 -25.5000 -21.2353 82 74 51
7.0000 -25.5000 -21.3418 83 76 50
8.0000 -25.5000 -21.4328 87 76 54
9.0000 -25.5000 -21.5114 88 76 52
10.0000 -25.5000 -21.5824 87 72 51
11.0000 -25.5000 -21.6521 82 70 46
12.0000 -25.5000 -21.7267 83 75 52
13.0000 -25.5000 -21.8119 81 75 49
14.0000 -25.5000 -21.9106 80 74 50
15.0000 -25.5000 -22.0229 78 72 46
16.0000 -25.5000 -22.1457 77 71 47
17.0000 -25.5000 -22.2744 77 71 45
18.0000 -25.5000 -22.4037 78 72 48
19.0000 -25.5000 -22.5299 78 72 46
20.0000 -25.5000 -22.6524 77 71 47
21.0000 -25.5000 -22.7745 77 71 45
22.0000 -25.5000 -22.9049 78 72 48
23.0000 -25.5000 -23.0561 78 72 46
24.0000 -25.5000 -23.2439 78 72 48
25.0000 -25.5000 -23.4845 77 71 45
26.0000 -25.5000 -23.7910 77 71 47
27.0000 -25.5000 -24.1703 76 70 44
28.0000 -25.5000 -24.6203 72 65 39
29.0000 -25.5000 -25.1289 74 64 39
30.0000 -25.5000 -25.6754 67 56 34
31.0000 -25.5000 -26.2339 57 46 24
32.0000 -25.5000 -26.7780 55 44 22
33.0000 -25.5000 -27.2853 59 48 26
34.0000 -25.5000 -27.7396 57 46 26
35.0000 -25.5000 -28.1321 49 38 18
36.0000 -25.5000 -28.4612 52 41 23
37.0000 -25.5000 -28.7311 53 42 24
38.0000 -25.5000 -28.9514 54 43 25
39.0000 -25.5000 -29.1357 55 44 26
40.0000 -25.5000 -29.3011 54 42 26
41.0000 -25.5000 -29.4661 53 41 25
42.0000 -25.5000 -29.6491 52 40 24
43.0000 -25.5000 -29.8664 49 40 23
44.0000 -25.5000 -30.1307 44 37 21
45.0000 -25.5000 -30.4502 44 38 22
46.0000 -25.5000 -30.8287 44 38 24
47.0000 -25.5000 -31.2675 45 39 25
48.0000 -25.5000 -31.7671 44 38 24
49.0000 -25.5000 -32.3297 42 36 22
50.0000 -25.5000 -32.9603 41 35 23
51.0000 -25.5000 -33.6660 40 34 22
52.0000 -25.5000 -34.4547 35 28 18
53.0000 -25.5000 -35.3320 34 27 17
54.0000 -25.5000 -36.3011 33 26 16
55.0000 -25.5000 -37.3649 31 24 14
56.0000 -25.5000 -38.5326 30 23 15
57.0000 -25.5000 -39.8302 28 21 13
58.0000 -25.5000 -41.3126 27 20 12
59.0000 -25.5000 -43.0715 24 20 11
60.0000 -25.5000 -45.2337 20 20 12
61.0000 -25.5000 -47.9415 18 19 11
62.0000 -25.5000 -51.3148 16 17 11
63.0000 -25.5000 -55.4060 17 18 12
64.0000 -25.5000 -60.1660 18 19 13
65.0000 -25.5000 -65.4425 15 16 10
-89.0000 -26.5000 -63.7644 17 18 10
-88.0000 -26.5000 -56.7203 21 22 14
-87.0000 -26.5000 -50.7515 24 26 15
-86.0000 -26.5000 -45.8904 25 26 18
-85.0000 -26.5000 -42.0845 24 27 18
-84.0000 -26.5000 -39.2148 29 35 25
-83.0000 -26.5000 -37.1139 28 36 25
-82.0000 -26.5000 -35.5880 28 34 24
-81.0000 -26.5000 -34.4385 28 34 24
-80.0000 -26.5000 -33.4841 27 33 21
-79.0000 -26.5000 -32.5803 26 32 20
-78.0000 -26.5000 -31.6324 28 31 20
-77.0000 -26.5000 -30.6009 28 32 18
-76.0000 -26.5000 -29.4960 45 47 34
-75.0000 -26.5000 -28.3627 49 51 38
-74.0000 -26.5000 -27.2601 55 57 43
-73.0000 -26.5000 -26.2402 61 63 49
-72.0000 -26.5000 -25.3336 66 67 53
-71.0000 -26.5000 -24.5439 67 68 54
-70.0000 -26.5000 -23.8526 65 66 50
-69.0000 -26.5000 -23.2294 64 65 47
-68.0000 -26.5000 -22.6446 68 68 44
-67.0000 -26.5000 -22.0778 72 72 44
-66.0000 -26.5000 -21.5218 80 79 51
-65.0000 -26.5000 -20.9809 90 86 57
-64.0000 -26.5000 -20.4664 98 93 64
-63.0000 -26.5000 -19.9905 104 97 68
-62.0000 -26.5000 -19.5620 110 99 71
-61.0000 -26.5000 -19.1843 113 99 70
-60.0000 -26.5000 -18.8558 110 93 63
-59.0000 -26.5000 -18.5715 118 99 67
-58.0000 -26.5000 -18.3257 126 105 74
-57.0000 -26.5000 -18.1127 132 109 77
-56.0000 -26.5000 -17.9275 135 110 79
-55.0000 -26.5000 -17.7654 138 114 80
-54.0000 -26.5000 -17.6220 144 118 85
-53.0000 -26.5000 -17.4931 148 122 87
-52.0000 -26.5000 -17.3749 142 120 83
-51.0000 -26.5000 -17.2650 141 122 82
-50.0000 -26.5000 -17.1619 142 122 85
-49.0000 -26.5000 -17.0659 143 124 84
-48.0000 -26.5000 -16.9781 144 124 87
-47.0000 -26.5000 -16.9007 143 125 85
-46.0000 -26.5000 -16.8370 144 124 87
-45.0000 -26.5000 -16.7904 143 125 85
-44.0000 -26.5000 -16.7651 152 134 96
-43.0000 -26.5000 -16.7651 150 135 94
-42.0000 -26.5000 -16.7934 151 133 95
-41.0000 -26.5000 -16.8512 144 129 88
-40.0000 -26.5000 -16.9370 140 125 86
-39.0000 -26.5000 -17.0475 139 124 83
-38.0000 -26.5000 -17.1781 142 127 88
-37.0000 -26.5000 -17.3245 146 131 92
-36.0000 -26.5000 -17.4834 140 120 83
-35.0000 -26.5000 -17.6531 144 122 85
-34.0000 -26.5000 -17.8327 141 121 84
-33.0000 -26.5000 -18.0208 136 116 81
-32.0000 -26.5000 -18.2157 126 107 74
-31.0000 -26.5000 -18.4153 118 102 69
-30.0000 -26.5000 -18.6181 114 99 68
-29.0000 -26.5000 -18.8234 113 99 70
-28.0000 -26.5000 -19.0316 114 103 75
-27.0000 -26.5000 -19.2422 109 99 72
-26.0000 -26.5000 -19.4527 100 93 67
-25.0000 -26.5000 -19.6566 93 85 62
-24.0000 -26.5000 -19.8434 86 80 56
-23.0000 -26.5000 -20.0003 81 76 54
-22.0000 -26.5000 -20.1152 80 75 53
-21.0000 -26.5000 -20.1804 81 73 50
-20.0000 -26.5000 -20.1947 96 75 54
-19.0000 -26.5000 -20.1649 100 76 52
-18.0000 -26.5000 -20.1040 103 78 56
-17.0000 -26.5000 -20.0286 106 82 58
-16.0000 -26.5000 -19.9553 106 84 60
-15.0000 -26.5000 -19.8981 107 85 61
-14.0000 -26.5000 -19.8659 108 86 62
-13.0000 -26.5000 -19.8623 107 87 60
-12.0000 -26.5000 -19.8862 114 94 67
-11.0000 -26.5000 -19.9329 116 96 69
-10.0000 -26.5000 -19.9962 118 101 73
-9.0000 -26.5000 -20.0701 125 108 78
-8.0000 -26.5000 -20.1499 130 113 83
-7.0000 -26.5000 -20.2327 129 114 83
-6.0000 -26.5000 -20.3166 125 110 79
-5.0000 -26.5000 -20.4018 121 105 79
-4.0000 -26.5000 -20.4898 118 103 80
-3.0000 -26.5000 -20.5840 112 100 78
-2.0000 -26.5000 -20.6892 108 95 76
-1.0000 -26.5000 -20.8106 104 93 71
0.0000 -26.5000 -20.9513 98 92 70
1.0000 -26.5000 -21.1109 92 88 63
2.0000 -26.5000 -21.2847 86 81 59
3.0000 -26.5000 -21.4644 82 78 53
4.0000 -26.5000 -21.6400 81 76 54
5.0000 -26.5000 -21.8024 83 77 53
6.0000 -26.5000 -21.9453 85 77 56
7.0000 -26.5000 -22.0656 86 78 55
8.0000 -26.5000 -22.1636 87 76 56
9.0000 -26.5000 -22.2424 85 74 52
10.0000 -26.5000 -22.3077 84 71 52
11.0000 -26.5000 -22.3669 82 71 49
12.0000 -26.5000 -22.4278 85 79 57
13.0000 -26.5000 -22.4976 82 78 53
14.0000 -26.5000 -22.5809 78 73 51
15.0000 -26.5000 -22.6792 75 71 46
16.0000 -26.5000 -22.7908 73 68 46
17.0000 -26.5000 -22.9113 72 68 43
18.0000 -26.5000 -23.0360 72 67 45
19.0000 -26.5000 -23.1607 73 69 44
20.0000 -26.5000 -23.2839 68 63 41
21.0000 -26.5000 -23.4078 71 67 42
22.0000 -26.5000 -23.5394 73 68 46
23.0000 -26.5000 -23.6895 71 67 42
24.0000 -26.5000 -23.8721 67 62 40
25.0000 -26.5000 -24.1019 66 62 37
26.0000 -26.5000 -24.3913 67 62 40
27.0000 -26.5000 -24.7475 71 65 41
28.0000 -26.5000 -25.1699 71 63 40
29.0000 -26.5000 -25.6491 71 63 40
30.0000 -26.5000 -26.1681 69 61 38
31.0000 -26.5000 -26.7047 62 54 31
32.0000 -26.5000 -27.2361 55 47 26
33.0000 -26.5000 -27.7418 51 43 22
34.0000 -26.5000 -28.2067 52 44 25
35.0000 -26.5000 -28.6213 55 47 28
36.0000 -26.5000 -28.9816 50 42 23
37.0000 -26.5000 -29.2883 50 42 23
38.0000 -26.5000 -29.5466 50 41 24
39.0000 -26.5000 -29.7653 50 41 24
40.0000 -26.5000 -29.9574 51 42 27
41.0000 -26.5000 -30.1388 51 42 27
42.0000 -26.5000 -30.3271 51 42 27
43.0000 -26.5000 -30.5399 50 43 27
44.0000 -26.5000 -30.7923 44 38 24
45.0000 -26.5000 -31.0950 48 45 30
46.0000 -26.5000 -31.4541 47 44 29
47.0000 -26.5000 -31.8722 38 35 20
48.0000 -26.5000 -32.3509 33 29 17
49.0000 -26.5000 -32.8937 36 32 20
50.0000 -26.5000 -33.5077 39 35 23
51.0000 -26.5000 -34.2023 37 33 21
52.0000 -26.5000 -34.9876 33 29 18
53.0000 -26.5000 -35.8711 32 28 17
54.0000 -26.5000 -36.8575 31 27 18
55.0000 -26.5000 -37.9522 29 25 16
56.0000 -26.5000 -39.1701 27 23 14
57.0000 -26.5000 -40.5483 24 20 11
58.0000 -26.5000 -42.1565 21 16 10
59.0000 -26.5000 -44.1031 19 16 9
60.0000 -26.5000 -46.5256 16 16 8
61.0000 -26.5000 -49.5640 19 20 12
62.0000 -26.5000 -53.3167 22 23 17
63.0000 -26.5000 -57.7933 20 21 15
64.0000 -26.5000 -62.8870 13 14 8
-89.0000 -27.5000 -69.2271 14 15 9
-88.0000 -27.5000 -61.9157 18 19 13
-87.0000 -27.5000 -55.4604 21 22 14
-86.0000 -27.5000 -49.9792 23 24 18
-85.0000 -27.5000 -45.5066 23 26 17
-84.0000 -27.5000 -41.9958 28 34 24
-83.0000 -27.5000 -39.3293 27 35 24
-82.0000 -27.5000 -37.3389 28 34 24
-81.0000 -27.5000 -35.8316 27 33 23
-80.0000 -27.5000 -34.6176 27 33 21
-79.0000 -27.5000 -33.5359 27 33 21
-78.0000 -27.5000 -32.4716 28 31 20
-77.0000 -27.5000 -31.3649 28 32 18
-76.0000 -27.5000 -30.2080 42 44 31
-75.0000 -27.5000 -29.0321 45 47 34
-74.0000 -27.5000 -27.8882 52 54 40
-73.0000 -27.5000 -26.8259 58 60 46
-72.0000 -27.5000 -25.8774 62 63 49
-71.0000 -27.5000 -25.0504 63 64 50
-70.0000 -27.5000 -24.3295 62 63 47
-69.0000 -27.5000 -23.6860 63 62 44
-68.0000 -27.5000 -23.0886 68 68 44
-67.0000 -27.5000 -22.5135 73 71 46
-66.0000 -27.5000 -21.9494 79 77 52
-65.0000 -27.5000 -21.3977 89 85 58
-64.0000 -27.5000 -20.8682 97 91 65
-63.0000 -27.5000 -20.3741 103 96 68
-62.0000 -27.5000 -19.9263 108 98 71
-61.0000 -27.5000 -19.5309 112 98 71
-60.0000 -27.5000 -19.1884 115 100 71
-59.0000 -27.5000 -18.8952 119 102 72
-58.0000 -27.5000 -18.6454 125 106 76
-57.0000 -27.5000 -18.4327 128 107 76
-56.0000 -27.5000 -18.2509 131 108 77
-55.0000 -27.5000 -18.0942 133 108 77
-54.0000 -27.5000 -17.9573 135 110 79
-53.0000 -27.5000 -17.8350 136 112 78
-52.0000 -27.5000 -17.7229 135 115 80
-51.0000 -27.5000 -17.6182 136 118 82
-50.0000 -27.5000 -17.5191 138 118 83
-49.0000 -27.5000 -17.4260 140 122 86
-48.0000 -27.5000 -17.3406 142 124 88
-47.0000 -27.5000 -17.2658 143 125 89
-46.0000 -27.5000 -17.2055 145 127 91
-45.0000 -27.5000 -17.1641 145 127 91
-44.0000 -27.5000 -17.1457 141 125 89
-43.0000 -27.5000 -17.1541 142 126 90
-42.0000 -27.5000 -17.1914 143 127 91
-41.0000 -27.5000 -17.2582 140 124 88
-40.0000 -27.5000 -17.3528 135 119 83
-39.0000 -27.5000 -17.4722 132 116 80
-38.0000 -27.5000 -17.6127 132 116 80
-37.0000 -27.5000 -17.7714 134 118 82
-36.0000 -27.5000 -17.9464 133 115 79
-35.0000 -27.5000 -18.1363 132 113 80
-34.0000 -27.5000 -18.3395 127 108 75
-33.0000 -27.5000 -18.5529 119 103 69
-32.0000 -27.5000 -18.7722 112 97 64
-31.0000 -27.5000 -18.9925 104 93 61
-30.0000 -27.5000 -19.2096 103 92 62
-29.0000 -27.5000 -19.4206 103 94 65
-28.0000 -27.5000 -19.6242 101 94 66
-27.0000 -27.5000 -19.8188 93 88 59
-26.0000 -27.5000 -20.0017 83 77 51
-25.0000 -27.5000 -20.1673 75 71 46
-24.0000 -27.5000 -20.3071 72 67 45
-23.0000 -27.5000 -20.4118 75 70 48
-22.0000 -27.5000 -20.4734 79 77 56
-21.0000 -27.5000 -20.4888 87 79 56
-20.0000 -27.5000 -20.4610 99 79 55
-19.0000 -27.5000 -20.4000 106 80 57
-18.0000 -27.5000 -20.3210 111 85 62
-17.0000 -27.5000 -20.2416 116 90 67
-16.0000 -27.5000 -20.1787 120 94 71
-15.0000 -27.5000 -20.1453 122 98 74
-14.0000 -27.5000 -20.1492 123 99 73
-13.0000 -27.5000 -20.1913 121 100 73
-12.0000 -27.5000 -20.2671 128 107 80
-11.0000 -27.5000 -20.3677 127 106 79
-10.0000 -27.5000 -20.4832 126 105 76
-9.0000 -27.5000 -20.6044 126 107 77
-8.0000 -27.5000 -20.7250 128 109 79
-7.0000 -27.5000 -20.8416 124 107 77
-6.0000 -27.5000 -20.9534 120 103 75
-5.0000 -27.5000 -21.0618 115 99 73
-4.0000 -27.5000 -21.1698 113 98 77
-3.0000 -27.5000 -21.2819 110 97 78
-2.0000 -27.5000 -21.4041 108 97 79
-1.0000 -27.5000 -21.5425 106 98 77
0.0000 -27.5000 -21.7014 103 98 78
1.0000 -27.5000 -21.8812 96 94 71
2.0000 -27.5000 -22.0773 90 88 67
3.0000 -27.5000 -22.2806 84 82 59
4.0000 -27.5000 -22.4794 81 79 58
5.0000 -27.5000 -22.6625 83 78 56
6.0000 -27.5000 -22.8209 84 77 58
7.0000 -27.5000 -22.9499 85 77 56
8.0000 -27.5000 -23.0491 86 75 57
9.0000 -27.5000 -23.1219 84 73 53
10.0000 -27.5000 -23.1751 83 72 54
11.0000 -27.5000 -23.2179 80 72 51
12.0000 -27.5000 -23.2599 80 75 53
13.0000 -27.5000 -23.3097 79 74 52
14.0000 -27.5000 -23.3735 77 72 50
15.0000 -27.5000 -23.4538 75 70 48
16.0000 -27.5000 -23.5498 73 68 46
17.0000 -27.5000 -23.6580 72 67 45
18.0000 -27.5000 -23.7739 72 67 45
19.0000 -27.5000 -23.8934 72 67 45
20.0000 -27.5000 -24.0146 66 61 39
21.0000 -27.5000 -24.1390 68 63 41
22.0000 -27.5000 -24.2725 69 64 42
23.0000 -27.5000 -24.4248 68 63 41
24.0000 -27.5000 -24.6085 65 60 38
25.0000 -27.5000 -24.8367 63 58 36
26.0000 -27.5000 -25.1202 65 60 38
27.0000 -27.5000 -25.4648 67 62 40
28.0000 -27.5000 -25.8692 64 58 36
29.0000 -27.5000 -26.3251 66 58 35
30.0000 -27.5000 -26.8177 66 58 35
31.0000 -27.5000 -27.3285 62 54 31
32.0000 -27.5000 -27.8387 56 48 27
33.0000 -27.5000 -28.3316 52 44 23
34.0000 -27.5000 -28.7943 51 43 24
35.0000 -27.5000 -29.2177 51 43 24
36.0000 -27.5000 -29.5966 49 41 22
37.0000 -27.5000 -29.9287 48 40 21
38.0000 -27.5000 -30.2152 47 38 21
39.0000 -27.5000 -30.4611 47 38 21
40.0000 -27.5000 -30.6751 46 37 22
41.0000 -27.5000 -30.8705 47 38 23
42.0000 -27.5000 -31.0638 47 38 23
43.0000 -27.5000 -31.2728 47 40 24
44.0000 -27.5000 -31.5143 42 36 22
45.0000 -27.5000 -31.8014 44 41 26
46.0000 -27.5000 -32.1423 43 40 25
47.0000 -27.5000 -32.5413 36 33 18
48.0000 -27.5000 -33.0009 34 30 18
49.0000 -27.5000 -33.5252 38 34 22
50.0000 -27.5000 -34.1218 40 36 24
51.0000 -27.5000 -34.8018 37 33 21
52.0000 -27.5000 -35.5772 34 30 19
53.0000 -27.5000 -36.4583 33 29 18
54.0000 -27.5000 -37.4537 31 27 18
55.0000 -27.5000 -38.5753 28 24 15
56.0000 -27.5000 -39.8478 26 22 13
57.0000 -27.5000 -41.3211 24 20 11
58.0000 -27.5000 -43.0797 23 18 12
59.0000 -27.5000 -45.2428 21 18 11
60.0000 -27.5000 -47.9495 17 17 9
61.0000 -27.5000 -51.3259 19 20 12
62.0000 -27.5000 -55.4384 20 21 15
63.0000 -27.5000 -60.2491 17 18 12
-88.0000 -28.5000 -67.6122 13 14 9
-87.0000 -28.5000 -60.7728 17 18 12
-86.0000 -28.5000 -54.7233 20 21 16
-85.0000 -28.5000 -49.5852 22 25 18
-84.0000 -28.5000 -45.3932 26 32 22
-83.0000 -28.5000 -42.0933 26 32 22
-82.0000 -28.5000 -39.5568 27 33 21
-81.0000 -28.5000 -37.6084 27 33 21
-80.0000 -28.5000 -36.0587 29 32 21
-79.0000 -28.5000 -34.7354 29 32 21
-78.0000 -28.5000 -33.5058 29 33 19
-77.0000 -28.5000 -32.2889 29 33 19
-76.0000 -28.5000 -31.0562 37 39 26
-75.0000 -28.5000 -29.8220 41 43 29
-74.0000 -28.5000 -28.6252 48 49 35
-73.0000 -28.5000 -27.5103 54 55 41
-72.0000 -28.5000 -26.5101 58 59 43
-71.0000 -28.5000 -25.6361 59 60 44
-70.0000 -28.5000 -24.8773 61 59 44
-69.0000 -28.5000 -24.2070 60 59 41
-68.0000 -28.5000 -23.5932 68 66 45
-67.0000 -28.5000 -23.0082 73 68 46
-66.0000 -28.5000 -22.4361 79 74 52
-65.0000 -28.5000 -21.8738 85 81 56
-64.0000 -28.5000 -21.3288 93 87 61
-63.0000 -28.5000 -20.8142 99 92 64
-62.0000 -28.5000 -20.3433 105 95 68
-61.0000 -28.5000 -19.9249 110 96 69
-60.0000 -28.5000 -19.5627 116 100 74
-59.0000 -28.5000 -19.2547 117 100 72
-58.0000 -28.5000 -18.9959 120 101 71
-57.0000 -28.5000 -18.7794 123 102 71
-56.0000 -28.5000 -18.5983 126 105 74
-55.0000 -28.5000 -18.4455 129 106 74
-54.0000 -28.5000 -18.3144 128 105 73
-53.0000 -28.5000 -18.1991 126 103 71
-52.0000 -28.5000 -18.0944 131 112 79
-51.0000 -28.5000 -17.9964 130 114 80
-50.0000 -28.5000 -17.9031 133 114 81
-49.0000 -28.5000 -17.8145 133 117 83
-48.0000 -28.5000 -17.7326 135 119 85
-47.0000 -28.5000 -17.6609 136 120 86
-46.0000 -28.5000 -17.6041 138 122 88
-45.0000 -28.5000 -17.5674 139 123 89
-44.0000 -28.5000 -17.5555 132 113 80
-43.0000 -28.5000 -17.5720 134 115 82
-42.0000 -28.5000 -17.6185 136 117 84
-41.0000 -28.5000 -17.6952 135 116 83
-40.0000 -28.5000 -17.8001 131 112 79
-39.0000 -28.5000 -17.9304 126 107 74
-38.0000 -28.5000 -18.0832 124 105 72
-37.0000 -28.5000 -18.2563 123 104 71
-36.0000 -28.5000 -18.4484 129 110 77
-35.0000 -28.5000 -18.6578 124 105 73
-34.0000 -28.5000 -18.8816 116 97 65
-33.0000 -28.5000 -19.1150 108 91 61
-32.0000 -28.5000 -19.3513 103 88 57
-31.0000 -28.5000 -19.5831 99 88 58
-30.0000 -28.5000 -19.8041 98 87 57
-29.0000 -28.5000 -20.0101 96 87 58
-28.0000 -28.5000 -20.1985 89 82 54
-27.0000 -28.5000 -20.3680 88 81 53
-26.0000 -28.5000 -20.5165 85 78 52
-25.0000 -28.5000 -20.6402 82 76 50
-24.0000 -28.5000 -20.7341 82 76 52
-23.0000 -28.5000 -20.7926 84 78 54
-22.0000 -28.5000 -20.8125 87 79 58
-21.0000 -28.5000 -20.7949 91 79 57
-20.0000 -28.5000 -20.7464 104 82 59
-19.0000 -28.5000 -20.6794 112 84 60
-18.0000 -28.5000 -20.6099 118 90 66
-17.0000 -28.5000 -20.5556 124 98 73
-16.0000 -28.5000 -20.5326 130 104 79
-15.0000 -28.5000 -20.5527 133 107 82
-14.0000 -28.5000 -20.6211 134 108 83
-13.0000 -28.5000 -20.7357 133 109 83
-12.0000 -28.5000 -20.8875 136 112 86
-11.0000 -28.5000 -21.0630 129 108 81
-10.0000 -28.5000 -21.2478 122 101 74
-9.0000 -28.5000 -21.4297 118 97 70
-8.0000 -28.5000 -21.6009 115 94 67
-7.0000 -28.5000 -21.7583 112 92 65
-6.0000 -28.5000 -21.9027 109 89 64
-5.0000 -28.5000 -22.0371 104 86 62
-4.0000 -28.5000 -22.1662 102 87 68
-3.0000 -28.5000 -22.2957 99 88 70
-2.0000 -28.5000 -22.4326 99 90 73
-1.0000 -28.5000 -22.5840 101 94 75
0.0000 -28.5000 -22.7554 99 96 77
1.0000 -28.5000 -22.9484 94 93 72
2.0000 -28.5000 -23.1592 88 87 67
3.0000 -28.5000 -23.3783 82 81 60
4.0000 -28.5000 -23.5925 78 75 56
5.0000 -28.5000 -23.7879 79 74 54
6.0000 -28.5000 -23.9532 78 71 53
7.0000 -28.5000 -24.0815 77 70 51
8.0000 -28.5000 -24.1718 76 67 50
9.0000 -28.5000 -24.2283 75 67 48
10.0000 -28.5000 -24.2599 75 66 49
11.0000 -28.5000 -24.2780 74 67 48
12.0000 -28.5000 -24.2944 73 68 48
13.0000 -28.5000 -24.3193 71 69 48
14.0000 -28.5000 -24.3595 71 69 48
15.0000 -28.5000 -24.4180 71 69 48
16.0000 -28.5000 -24.4943 70 68 47
17.0000 -28.5000 -24.5854 69 67 46
18.0000 -28.5000 -24.6871 68 66 45
19.0000 -28.5000 -24.7958 67 65 44
20.0000 -28.5000 -24.9096 61 59 38
21.0000 -28.5000 -25.0303 62 60 39
22.0000 -28.5000 -25.1634 63 61 40
23.0000 -28.5000 -25.3185 62 60 39
24.0000 -28.5000 -25.5075 60 58 37
25.0000 -28.5000 -25.7419 59 57 36
26.0000 -28.5000 -26.0302 59 57 36
27.0000 -28.5000 -26.3751 63 58 36
28.0000 -28.5000 -26.7730 57 51 29
29.0000 -28.5000 -27.2139 60 54 32
30.0000 -28.5000 -27.6838 61 55 33
31.0000 -28.5000 -28.1672 60 54 32
32.0000 -28.5000 -28.6497 56 49 30
33.0000 -28.5000 -29.1191 52 45 26
34.0000 -28.5000 -29.5656 49 42 23
35.0000 -28.5000 -29.9819 48 41 22
36.0000 -28.5000 -30.3623 47 40 22
37.0000 -28.5000 -30.7030 46 39 21
38.0000 -28.5000 -31.0023 43 36 20
39.0000 -28.5000 -31.2621 41 34 18
40.0000 -28.5000 -31.4880 41 34 18
41.0000 -28.5000 -31.6904 41 34 18
42.0000 -28.5000 -31.8840 42 34 21
43.0000 -28.5000 -32.0863 42 36 22
44.0000 -28.5000 -32.3152 38 34 22
45.0000 -28.5000 -32.5859 38 36 23
46.0000 -28.5000 -32.9094 37 35 22
47.0000 -28.5000 -33.2917 33 31 18
48.0000 -28.5000 -33.7359 35 33 21
49.0000 -28.5000 -34.2457 39 37 25
50.0000 -28.5000 -34.8279 39 37 25
51.0000 -28.5000 -35.4931 35 33 21
52.0000 -28.5000 -36.2550 35 32 23
53.0000 -28.5000 -37.1280 33 30 21
54.0000 -28.5000 -38.1281 29 26 19
55.0000 -28.5000 -39.2776 26 23 16
56.0000 -28.5000 -40.6148 24 21 14
57.0000 -28.5000 -42.2038 23 20 13
58.0000 -28.5000 -44.1404 24 21 16
59.0000 -28.5000 -46.5469 24 21 16
60.0000 -28.5000 -49.5523 19 19 11
61.0000 -28.5000 -53.2569 18 19 11
62.0000 -28.5000 -57.6878 17 18 12
63.0000 -28.5000 -62.7601 14 15 9
-86.0000 -29.5000 -60.1231 17 18 13
-85.0000 -29.5000 -54.3654 20 21 16
-84.0000 -29.5000 -49.4859 25 28 19
-83.0000 -29.5000 -45.5042 24 30 18
-82.0000 -29.5000 -42.3467 24 30 18
-81.0000 -29.5000 -39.8713 25 31 19
-80.0000 -29.5000 -37.9020 28 31 20
-79.0000 -29.5000 -36.2637 28 32 18
-78.0000 -29.5000 -34.8097 29 33 19
-77.0000 -29.5000 -33.4382 29 33 18
-76.0000 -29.5000 -32.0978 35 37 23
-75.0000 -29.5000 -30.7815 39 41 27
-74.0000 -29.5000 -29.5132 45 46 32
-73.0000 -29.5000 -28.3293 51 52 36
-72.0000 -29.5000 -27.2619 55 56 40
-71.0000 -29.5000 -26.3262 57 58 42
-70.0000 -29.5000 -25.5164 60 58 43
-69.0000 -29.5000 -24.8091 61 58 41
-68.0000 -29.5000 -24.1718 69 64 44
-67.0000 -29.5000 -23.5736 71 66 44
-66.0000 -29.5000 -22.9924 76 70 48
-65.0000 -29.5000 -22.4199 81 75 53
-64.0000 -29.5000 -21.8598 88 80 57
-63.0000 -29.5000 -21.3243 96 86 61
-62.0000 -29.5000 -20.8279 102 90 66
-61.0000 -29.5000 -20.3826 105 93 67
-60.0000 -29.5000 -19.9950 109 95 69
-59.0000 -29.5000 -19.6657 109 93 67
-58.0000 -29.5000 -19.3908 110 93 65
-57.0000 -29.5000 -19.1637 116 97 67
-56.0000 -29.5000 -18.9768 121 102 72
-55.0000 -29.5000 -18.8223 124 105 73
-54.0000 -29.5000 -18.6928 123 102 71
-53.0000 -29.5000 -18.5816 120 99 68
-52.0000 -29.5000 -18.4826 124 108 75
-51.0000 -29.5000 -18.3912 124 108 75
-50.0000 -29.5000 -18.3045 124 108 75
-49.0000 -29.5000 -18.2220 124 108 75
-48.0000 -29.5000 -18.1452 125 109 76
-47.0000 -29.5000 -18.0781 126 110 77
-46.0000 -29.5000 -18.0262 128 112 79
-45.0000 -29.5000 -17.9954 128 112 79
-44.0000 -29.5000 -17.9909 126 107 75
-43.0000 -29.5000 -18.0166 127 108 76
-42.0000 -29.5000 -18.0740 129 110 78
-41.0000 -29.5000 -18.1628 130 109 78
-40.0000 -29.5000 -18.2809 128 107 76
-39.0000 -29.5000 -18.4251 125 104 73
-38.0000 -29.5000 -18.5927 122 101 70
-37.0000 -29.5000 -18.7816 121 100 69
-36.0000 -29.5000 -18.9902 130 106 78
-35.0000 -29.5000 -19.2162 122 101 72
-34.0000 -29.5000 -19.4557 114 93 64
-33.0000 -29.5000 -19.7020 108 88 61
-32.0000 -29.5000 -19.9467 104 89 60
-31.0000 -29.5000 -20.1809 101 87 58
-30.0000 -29.5000 -20.3972 96 85 57
-29.0000 -29.5000 -20.5906 93 82 54
-28.0000 -29.5000 -20.7588 86 76 49
-27.0000 -29.5000 -20.9014 88 78 51
-26.0000 -29.5000 -21.0179 90 80 55
-25.0000 -29.5000 -21.1073 92 82 57
-24.0000 -29.5000 -21.1681 94 82 58
-23.0000 -29.5000 -21.1990 94 82 60
-22.0000 -29.5000 -21.2008 95 80 59
-21.0000 -29.5000 -21.1779 97 79 57
-20.0000 -29.5000 -21.1393 111 87 63
-19.0000 -29.5000 -21.0981 116 90 65
-18.0000 -29.5000 -21.0703 123 95 71
-17.0000 -29.5000 -21.0725 127 101 76
-16.0000 -29.5000 -21.1194 130 104 79
-15.0000 -29.5000 -21.2205 130 106 82
-14.0000 -29.5000 -21.3783 130 106 82
-13.0000 -29.5000 -21.5868 129 105 81
-12.0000 -29.5000 -21.8326 126 102 78
-11.0000 -29.5000 -22.0977 117 95 71
-10.0000 -29.5000 -22.3635 107 85 61
-9.0000 -29.5000 -22.6155 99 79 54
-8.0000 -29.5000 -22.8453 96 76 52
-7.0000 -29.5000 -23.0509 95 75 51
-6.0000 -29.5000 -23.2349 94 74 50
-5.0000 -29.5000 -23.4020 91 73 53
-4.0000 -29.5000 -23.5582 90 74 58
-3.0000 -29.5000 -23.7097 86 74 58
-2.0000 -29.5000 -23.8639 85 76 61
-1.0000 -29.5000 -24.0284 85 80 61
0.0000 -29.5000 -24.2100 84 83 65
1.0000 -29.5000 -24.4118 80 82 61
2.0000 -29.5000 -24.6310 76 77 59
3.0000 -29.5000 -24.8582 71 73 52
4.0000 -29.5000 -25.0791 70 69 51
5.0000 -29.5000 -25.2774 69 66 47
6.0000 -29.5000 -25.4392 69 62 46
7.0000 -29.5000 -25.5555 66 59 41
8.0000 -29.5000 -25.6248 66 57 42
9.0000 -29.5000 -25.6530 65 58 40
10.0000 -29.5000 -25.6518 65 58 42
11.0000 -29.5000 -25.6358 65 60 41
12.0000 -29.5000 -25.6196 65 60 41
13.0000 -29.5000 -25.6146 64 62 41
14.0000 -29.5000 -25.6277 66 64 43
15.0000 -29.5000 -25.6613 68 66 45
16.0000 -29.5000 -25.7142 68 66 45
17.0000 -29.5000 -25.7831 67 65 44
18.0000 -29.5000 -25.8642 65 63 42
19.0000 -29.5000 -25.9546 64 62 41
20.0000 -29.5000 -26.0534 60 58 37
21.0000 -29.5000 -26.1633 60 58 37
22.0000 -29.5000 -26.2909 60 58 37
23.0000 -29.5000 -26.4467 60 58 37
24.0000 -29.5000 -26.6424 58 56 35
25.0000 -29.5000 -26.8883 58 56 35
26.0000 -29.5000 -27.1900 58 56 35
27.0000 -29.5000 -27.5460 60 55 35
28.0000 -29.5000 -27.9479 55 49 27
29.0000 -29.5000 -28.3824 56 50 28
30.0000 -29.5000 -28.8346 57 51 29
31.0000 -29.5000 -29.2910 57 51 29
32.0000 -29.5000 -29.7410 55 48 29
33.0000 -29.5000 -30.1771 53 46 27
34.0000 -29.5000 -30.5936 51 44 25
35.0000 -29.5000 -30.9854 50 43 24
36.0000 -29.5000 -31.3476 48 41 23
37.0000 -29.5000 -31.6760 46 39 21
38.0000 -29.5000 -31.9678 43 36 20
39.0000 -29.5000 -32.2228 40 33 17
40.0000 -29.5000 -32.4447 39 32 16
41.0000 -29.5000 -32.6411 39 32 16
42.0000 -29.5000 -32.8245 40 32 19
43.0000 -29.5000 -33.0115 40 34 20
44.0000 -29.5000 -33.2206 39 35 23
45.0000 -29.5000 -33.4697 36 34 21
46.0000 -29.5000 -33.7729 33 31 18
47.0000 -29.5000 -34.1388 32 30 17
48.0000 -29.5000 -34.5713 35 33 21
49.0000 -29.5000 -35.0725 37 35 23
50.0000 -29.5000 -35.6463 35 33 21
51.0000 -29.5000 -36.3016 31 29 17
52.0000 -29.5000 -37.0528 36 33 24
53.0000 -29.5000 -37.9198 33 30 21
54.0000 -29.5000 -38.9289 29 26 19
55.0000 -29.5000 -40.1171 25 22 15
56.0000 -29.5000 -41.5383 23 20 13
57.0000 -29.5000 -43.2700 24 21 14
58.0000 -29.5000 -45.4136 25 22 17
59.0000 -29.5000 -48.0840 24 23 18
60.0000 -29.5000 -51.3883 20 20 12
61.0000 -29.5000 -55.3914 17 18 10
62.0000 -29.5000 -60.0779 14 15 9
-86.0000 -30.5000 -66.1574 14 14 12
-85.0000 -30.5000 -59.8718 17 18 13
-84.0000 -30.5000 -54.3370 22 25 16
-83.0000 -30.5000 -49.6519 22 25 14
-82.0000 -30.5000 -45.8124 23 26 15
-81.0000 -30.5000 -42.7277 24 28 14
-80.0000 -30.5000 -40.2512 27 29 16
-79.0000 -30.5000 -38.2172 28 30 17
-78.0000 -30.5000 -36.4709 29 31 18
-77.0000 -30.5000 -34.8912 30 32 18
-76.0000 -30.5000 -33.4016 35 36 22
-75.0000 -30.5000 -31.9709 38 39 23
-74.0000 -30.5000 -30.6039 45 43 28
-73.0000 -30.5000 -29.3268 51 49 34
-72.0000 -30.5000 -28.1693 56 54 39
-71.0000 -30.5000 -27.1506 58 57 39
-70.0000 -30.5000 -26.2708 61 58 41
-69.0000 -30.5000 -25.5106 61 58 41
-68.0000 -30.5000 -24.8384 67 60 41
-67.0000 -30.5000 -24.2196 68 61 42
-66.0000 -30.5000 -23.6262 72 64 45
-65.0000 -30.5000 -23.0432 76 68 47
-64.0000 -30.5000 -22.4694 82 74 53
-63.0000 -30.5000 -21.9144 90 79 57
-62.0000 -30.5000 -21.3931 97 85 61
-61.0000 -30.5000 -20.9194 101 89 63
-60.0000 -30.5000 -20.5027 106 92 66
-59.0000 -30.5000 -20.1459 106 90 64
-58.0000 -30.5000 -19.8469 106 91 62
-57.0000 -30.5000 -19.5998 110 93 63
-56.0000 -30.5000 -19.3971 115 98 68
-55.0000 -30.5000 -19.2313 116 99 69
-54.0000 -30.5000 -19.0947 116 97 67
-53.0000 -30.5000 -18.9804 111 94 64
-52.0000 -30.5000 -18.8822 112 97 66
-51.0000 -30.5000 -18.7947 111 96 65
-50.0000 -30.5000 -18.7140 111 96 65
-49.0000 -30.5000 -18.6386 112 97 66
-48.0000 -30.5000 -18.5693 114 99 68
-47.0000 -30.5000 -18.5098 118 101 71
-46.0000 -30.5000 -18.4657 121 104 74
-45.0000 -30.5000 -18.4437 125 106 76
-44.0000 -30.5000 -18.4497 125 104 75
-43.0000 -30.5000 -18.4878 125 104 75
-42.0000 -30.5000 -18.5597 124 103 74
-41.0000 -30.5000 -18.6647 126 102 74
-40.0000 -30.5000 -18.7999 127 103 75
-39.0000 -30.5000 -18.9616 126 102 74
-38.0000 -30.5000 -19.1464 126 102 74
-37.0000 -30.5000 -19.3517 125 101 73
-36.0000 -30.5000 -19.5752 123 97 72
-35.0000 -30.5000 -19.8141 119 93 68
-34.0000 -30.5000 -20.0635 113 89 63
-33.0000 -30.5000 -20.3160 108 86 62
-32.0000 -30.5000 -20.5621 106 86 61
-31.0000 -30.5000 -20.7924 101 84 58
-30.0000 -30.5000 -20.9994 95 79 53
-29.0000 -30.5000 -21.1787 89 75 48
-28.0000 -30.5000 -21.3291 86 72 46
-27.0000 -30.5000 -21.4517 84 70 44
-26.0000 -30.5000 -21.5485 84 68 43
-25.0000 -30.5000 -21.6214 85 69 44
-24.0000 -30.5000 -21.6722 89 71 47
-23.0000 -30.5000 -21.7032 97 76 55
-22.0000 -30.5000 -21.7181 104 82 61
-21.0000 -30.5000 -21.7233 107 85 62
-20.0000 -30.5000 -21.7288 120 96 72
-19.0000 -30.5000 -21.7470 121 97 71
-18.0000 -30.5000 -21.7928 124 98 75
-17.0000 -30.5000 -21.8806 125 101 77
-16.0000 -30.5000 -22.0230 124 100 76
-15.0000 -30.5000 -22.2269 120 98 75
-14.0000 -30.5000 -22.4916 117 95 72
-13.0000 -30.5000 -22.8076 114 92 69
-12.0000 -30.5000 -23.1573 105 83 62
-11.0000 -30.5000 -23.5190 98 77 56
-10.0000 -30.5000 -23.8714 89 68 49
-9.0000 -30.5000 -24.1990 82 64 44
-8.0000 -30.5000 -24.4940 81 62 45
-7.0000 -30.5000 -24.7561 83 64 47
-6.0000 -30.5000 -24.9897 84 65 48
-5.0000 -30.5000 -25.2006 83 66 50
-4.0000 -30.5000 -25.3949 84 68 55
-3.0000 -30.5000 -25.5782 78 66 52
-2.0000 -30.5000 -25.7573 72 64 51
-1.0000 -30.5000 -25.9398 69 66 49
0.0000 -30.5000 -26.1335 67 68 52
1.0000 -30.5000 -26.3428 66 69 50
2.0000 -30.5000 -26.5666 64 67 50
3.0000 -30.5000 -26.7964 63 64 46
4.0000 -30.5000 -27.0173 64 62 47
5.0000 -30.5000 -27.2111 63 60 43
6.0000 -30.5000 -27.3612 64 56 43
7.0000 -30.5000 -27.4565 61 54 38
8.0000 -30.5000 -27.4953 60 52 39
9.0000 -30.5000 -27.4853 60 53 37
10.0000 -30.5000 -27.4421 60 54 40
11.0000 -30.5000 -27.3847 61 55 39
12.0000 -30.5000 -27.3306 59 54 35
13.0000 -30.5000 -27.2924 60 55 36
14.0000 -30.5000 -27.2762 62 57 38
15.0000 -30.5000 -27.2825 64 59 40
16.0000 -30.5000 -27.3085 64 59 40
17.0000 -30.5000 -27.3498 64 59 40
18.0000 -30.5000 -27.4031 62 57 38
19.0000 -30.5000 -27.4664 61 56 37
20.0000 -30.5000 -27.5408 61 56 37
21.0000 -30.5000 -27.6309 61 56 37
22.0000 -30.5000 -27.7457 60 55 36
23.0000 -30.5000 -27.8973 60 55 36
24.0000 -30.5000 -28.0982 60 55 36
25.0000 -30.5000 -28.3576 59 54 35
26.0000 -30.5000 -28.6776 58 53 34
27.0000 -30.5000 -29.0513 58 53 33
28.0000 -30.5000 -29.4642 56 50 28
29.0000 -30.5000 -29.8981 54 48 26
30.0000 -30.5000 -30.3360 52 45 26
31.0000 -30.5000 -30.7652 51 44 25
32.0000 -30.5000 -31.1788 51 44 25
33.0000 -30.5000 -31.5735 52 45 26
34.0000 -30.5000 -31.9478 53 46 28
35.0000 -30.5000 -32.2992 53 46 28
36.0000 -30.5000 -32.6242 47 40 24
37.0000 -30.5000 -32.9191 46 39 23
38.0000 -30.5000 -33.1815 43 36 20
39.0000 -30.5000 -33.4105 41 34 18
40.0000 -30.5000 -33.6081 40 32 19
41.0000 -30.5000 -33.7798 39 31 18
42.0000 -30.5000 -33.9357 40 32 19
43.0000 -30.5000 -34.0909 39 33 19
44.0000 -30.5000 -34.2651 40 36 24
45.0000 -30.5000 -34.4795 35 33 20
46.0000 -30.5000 -34.7526 32 30 18
47.0000 -30.5000 -35.0969 33 31 19
48.0000 -30.5000 -35.5176 34 32 20
49.0000 -30.5000 -36.0147 32 30 18
50.0000 -30.5000 -36.5883 29 26 17
51.0000 -30.5000 -37.2436 26 23 14
52.0000 -30.5000 -37.9956 34 31 24
53.0000 -30.5000 -38.8704 32 29 22
54.0000 -30.5000 -39.9067 28 25 18
55.0000 -30.5000 -41.1576 24 21 14
56.0000 -30.5000 -42.6931 23 20 15
57.0000 -30.5000 -44.6001 23 20 15
58.0000 -30.5000 -46.9769 25 22 17
59.0000 -30.5000 -49.9203 25 24 19
60.0000 -30.5000 -53.5039 19 19 11
61.0000 -30.5000 -57.7511 15 16 8
-85.0000 -31.5000 -66.0959 14 15 10
-84.0000 -31.5000 -59.9776 17 20 11
-83.0000 -31.5000 -54.6003 18 22 8
-82.0000 -31.5000 -50.0405 19 23 9
-81.0000 -31.5000 -46.2764 21 25 11
-80.0000 -31.5000 -43.2098 24 26 13
-79.0000 -31.5000 -40.6976 26 28 14
-78.0000 -31.5000 -38.5857 28 30 16
-77.0000 -31.5000 -36.7365 29 32 15
-76.0000 -31.5000 -35.0477 33 34 18
-75.0000 -31.5000 -33.4611 36 37 21
-74.0000 -31.5000 -31.9598 43 41 26
-73.0000 -31.5000 -30.5568 48 47 29
-72.0000 -31.5000 -29.2787 53 52 34
-71.0000 -31.5000 -28.1481 56 55 37
-70.0000 -31.5000 -27.1716 60 57 40
-69.0000 -31.5000 -26.3356 63 58 39
-68.0000 -31.5000 -25.6100 65 56 39
-67.0000 -31.5000 -24.9575 65 57 38
-66.0000 -31.5000 -24.3444 66 58 39
-65.0000 -31.5000 -23.7484 69 61 42
-64.0000 -31.5000 -23.1621 77 66 46
-63.0000 -31.5000 -22.5911 84 73 53
-62.0000 -31.5000 -22.0485 92 80 58
-61.0000 -31.5000 -21.5486 96 84 60
-60.0000 -31.5000 -21.1021 107 93 67
-59.0000 -31.5000 -20.7138 106 92 66
-58.0000 -31.5000 -20.3831 106 92 65
-57.0000 -31.5000 -20.1054 107 93 64
-56.0000 -31.5000 -19.8748 108 93 64
-55.0000 -31.5000 -19.6845 107 92 61
-54.0000 -31.5000 -19.5283 105 90 59
-53.0000 -31.5000 -19.4002 103 88 57
-52.0000 -31.5000 -19.2944 99 86 54
-51.0000 -31.5000 -19.2053 99 86 54
-50.0000 -31.5000 -19.1283 101 86 55
-49.0000 -31.5000 -19.0603 104 89 58
-48.0000 -31.5000 -19.0009 108 93 62
-47.0000 -31.5000 -18.9527 113 98 67
-46.0000 -31.5000 -18.9212 121 102 72
-45.0000 -31.5000 -18.9129 124 105 75
-44.0000 -31.5000 -18.9344 123 102 73
-43.0000 -31.5000 -18.9901 123 99 71
-42.0000 -31.5000 -19.0817 121 97 69
-41.0000 -31.5000 -19.2078 123 97 70
-40.0000 -31.5000 -19.3646 124 98 71
-39.0000 -31.5000 -19.5473 126 99 72
-38.0000 -31.5000 -19.7512 125 98 71
-37.0000 -31.5000 -19.9728 122 96 71
-36.0000 -31.5000 -20.2094 111 85 62
-35.0000 -31.5000 -20.4577 108 84 60
-34.0000 -31.5000 -20.7128 104 82 58
-33.0000 -31.5000 -20.9671 100 80 55
-32.0000 -31.5000 -21.2114 96 79 53
-31.0000 -31.5000 -21.4367 91 75 49
-30.0000 -31.5000 -21.6363 85 71 44
-29.0000 -31.5000 -21.8072 81 67 40
-28.0000 -31.5000 -21.9499 81 67 41
-27.0000 -31.5000 -22.0675 83 69 43
-26.0000 -31.5000 -22.1645 88 72 47
-25.0000 -31.5000 -22.2453 93 76 50
-24.0000 -31.5000 -22.3145 100 80 56
-23.0000 -31.5000 -22.3767 106 84 60
-22.0000 -31.5000 -22.4376 111 86 64
-21.0000 -31.5000 -22.5044 113 89 65
-20.0000 -31.5000 -22.5863 121 97 73
-19.0000 -31.5000 -22.6945 118 96 72
-18.0000 -31.5000 -22.8411 116 94 70
-17.0000 -31.5000 -23.0381 113 91 68
-16.0000 -31.5000 -23.2949 110 88 65
-15.0000 -31.5000 -23.6157 105 84 63
-14.0000 -31.5000 -23.9968 101 80 59
-13.0000 -31.5000 -24.4252 97 79 59
-12.0000 -31.5000 -24.8803 85 66 49
-11.0000 -31.5000 -25.3383 80 61 44
-10.0000 -31.5000 -25.7772 75 56 41
-9.0000 -31.5000 -26.1823 72 55 39
-8.0000 -31.5000 -26.5478 74 56 42
-7.0000 -31.5000 -26.8754 75 59 44
-6.0000 -31.5000 -27.1706 77 61 48
-5.0000 -31.5000 -27.4395 77 61 48
-4.0000 -31.5000 -27.6862 76 62 51
-3.0000 -31.5000 -27.9145 71 59 47
-2.0000 -31.5000 -28.1292 63 55 42
-1.0000 -31.5000 -28.3373 58 55 40
0.0000 -31.5000 -28.5468 56 57 41
1.0000 -31.5000 -28.7644 57 60 43
2.0000 -31.5000 -28.9911 56 59 42
3.0000 -31.5000 -29.2203 55 58 41
4.0000 -31.5000 -29.4378 58 56 41
5.0000 -31.5000 -29.6240 59 56 41
6.0000 -31.5000 -29.7600 60 54 40
7.0000 -31.5000 -29.8324 60 52 39
8.0000 -31.5000 -29.8388 59 51 38
9.0000 -31.5000 -29.7888 59 53 39
10.0000 -31.5000 -29.7019 57 54 39
11.0000 -31.5000 -29.6018 57 54 39
12.0000 -31.5000 -29.5094 55 49 33
13.0000 -31.5000 -29.4380 55 50 31
14.0000 -31.5000 -29.3923 56 51 32
15.0000 -31.5000 -29.3700 57 52 33
16.0000 -31.5000 -29.3657 57 52 33
17.0000 -31.5000 -29.3739 57 52 33
18.0000 -31.5000 -29.3917 56 51 32
19.0000 -31.5000 -29.4189 56 51 32
20.0000 -31.5000 -29.4590 59 54 35
21.0000 -31.5000 -29.5197 57 52 33
22.0000 -31.5000 -29.6129 55 50 31
23.0000 -31.5000 -29.7534 56 51 32
24.0000 -31.5000 -29.9550 57 52 33
25.0000 -31.5000 -30.2257 57 52 33
26.0000 -31.5000 -30.5635 55 50 31
27.0000 -31.5000 -30.9554 53 48 29
28.0000 -31.5000 -31.3798 54 47 28
29.0000 -31.5000 -31.8132 50 44 22
30.0000 -31.5000 -32.2356 46 39 20
31.0000 -31.5000 -32.6352 45 38 19
32.0000 -31.5000 -33.0082 47 40 21
33.0000 -31.5000 -33.3555 49 42 23
34.0000 -31.5000 -33.6790 49 42 24
35.0000 -31.5000 -33.9788 49 42 24
36.0000 -31.5000 -34.2529 43 36 20
37.0000 -31.5000 -34.4986 43 36 20
38.0000 -31.5000 -34.7136 42 35 19
39.0000 -31.5000 -34.8971 42 35 19
40.0000 -31.5000 -35.0495 41 33 20
41.0000 -31.5000 -35.1741 40 32 19
42.0000 -31.5000 -35.2786 39 31 18
43.0000 -31.5000 -35.3774 37 31 17
44.0000 -31.5000 -35.4920 38 34 22
45.0000 -31.5000 -35.6486 33 31 18
46.0000 -31.5000 -35.8722 31 29 17
47.0000 -31.5000 -36.1810 33 31 19
48.0000 -31.5000 -36.5826 33 31 19
49.0000 -31.5000 -37.0759 27 25 13
50.0000 -31.5000 -37.6565 24 21 12
51.0000 -31.5000 -38.3262 24 21 12
52.0000 -31.5000 -39.0997 31 28 21
53.0000 -31.5000 -40.0093 29 26 19
54.0000 -31.5000 -41.1062 27 24 17
55.0000 -31.5000 -42.4585 24 21 14
56.0000 -31.5000 -44.1486 23 20 15
57.0000 -31.5000 -46.2654 23 20 15
58.0000 -31.5000 -48.8941 24 21 16
59.0000 -31.5000 -52.1015 23 22 17
60.0000 -31.5000 -55.9195 17 18 10
-84.0000 -32.5000 -66.3858 14 15 7
-83.0000 -32.5000 -60.3662 15 17 4
-82.0000 -32.5000 -55.0818 17 19 6
-81.0000 -32.5000 -50.5940 19 21 7
-80.0000 -32.5000 -46.8696 23 24 10
-79.0000 -32.5000 -43.8040 25 26 12
-78.0000 -32.5000 -41.2537 27 28 14
-77.0000 -32.5000 -39.0698 28 29 13
-76.0000 -32.5000 -37.1254 31 29 14
-75.0000 -32.5000 -35.3342 34 33 15
-74.0000 -32.5000 -33.6551 39 36 19
-73.0000 -32.5000 -32.0863 44 41 24
-72.0000 -32.5000 -30.6493 49 46 29
-71.0000 -32.5000 -29.3700 54 51 32
-70.0000 -32.5000 -28.2618 58 53 34
-69.0000 -32.5000 -27.3180 60 55 36
-68.0000 -32.5000 -26.5117 62 53 36
-67.0000 -32.5000 -25.8044 63 51 35
-66.0000 -32.5000 -25.1574 63 52 34
-65.0000 -32.5000 -24.5414 65 54 36
-64.0000 -32.5000 -23.9418 71 60 40
-63.0000 -32.5000 -23.3583 79 68 48
-62.0000 -32.5000 -22.8002 87 75 53
-61.0000 -32.5000 -22.2796 92 80 56
-60.0000 -32.5000 -21.8064 101 89 63
-59.0000 -32.5000 -21.3856 102 90 64
-58.0000 -32.5000 -21.0177 104 93 65
-57.0000 -32.5000 -20.7000 104 93 63
-56.0000 -32.5000 -20.4286 104 90 61
-55.0000 -32.5000 -20.1999 102 88 59
-54.0000 -32.5000 -20.0101 102 89 57
-53.0000 -32.5000 -19.8555 102 89 57
-52.0000 -32.5000 -19.7318 99 88 58
-51.0000 -32.5000 -19.6339 99 88 58
-50.0000 -32.5000 -19.5565 100 86 57
-49.0000 -32.5000 -19.4951 101 87 58
-48.0000 -32.5000 -19.4475 104 89 60
-47.0000 -32.5000 -19.4147 108 93 64
-46.0000 -32.5000 -19.4010 116 96 69
-45.0000 -32.5000 -19.4126 118 98 71
-44.0000 -32.5000 -19.4557 118 97 70
-43.0000 -32.5000 -19.5350 118 94 68
-42.0000 -32.5000 -19.6517 118 92 67
-41.0000 -32.5000 -19.8037 120 92 68
-40.0000 -32.5000 -19.9859 121 93 69
-39.0000 -32.5000 -20.1918 121 91 67
-38.0000 -32.5000 -20.4156 115 85 61
-37.0000 -32.5000 -20.6529 109 81 57
-36.0000 -32.5000 -20.9010 101 81 56
-35.0000 -32.5000 -21.1570 98 82 57
-34.0000 -32.5000 -21.4166 95 79 54
-33.0000 -32.5000 -21.6730 90 76 50
-32.0000 -32.5000 -21.9178 82 72 45
-31.0000 -32.5000 -22.1433 77 70 42
-30.0000 -32.5000 -22.3442 75 68 39
-29.0000 -32.5000 -22.5191 76 69 40
-28.0000 -32.5000 -22.6702 81 74 45
-27.0000 -32.5000 -22.8028 87 78 49
-26.0000 -32.5000 -22.9230 95 84 56
-25.0000 -32.5000 -23.0375 103 89 60
-24.0000 -32.5000 -23.1526 106 90 64
-23.0000 -32.5000 -23.2747 105 88 60
-22.0000 -32.5000 -23.4104 103 83 58
-21.0000 -32.5000 -23.5669 100 80 55
-20.0000 -32.5000 -23.7521 102 82 57
-19.0000 -32.5000 -23.9744 100 80 56
-18.0000 -32.5000 -24.2428 96 76 52
-17.0000 -32.5000 -24.5657 90 72 50
-16.0000 -32.5000 -24.9490 86 68 46
-15.0000 -32.5000 -25.3935 82 65 45
-14.0000 -32.5000 -25.8924 81 64 46
-13.0000 -32.5000 -26.4302 80 63 47
-12.0000 -32.5000 -26.9849 69 51 37
-11.0000 -32.5000 -27.5323 65 49 34
-10.0000 -32.5000 -28.0524 62 46 33
-9.0000 -32.5000 -28.5332 60 46 35
-8.0000 -32.5000 -28.9720 62 48 39
-7.0000 -32.5000 -29.3730 64 50 41
-6.0000 -32.5000 -29.7419 63 48 41
-5.0000 -32.5000 -30.0829 61 47 38
-4.0000 -32.5000 -30.3968 62 48 39
-3.0000 -32.5000 -30.6832 58 45 36
-2.0000 -32.5000 -30.9438 51 45 33
-1.0000 -32.5000 -31.1837 48 46 33
0.0000 -32.5000 -31.4117 46 48 34
1.0000 -32.5000 -31.6368 46 50 35
2.0000 -32.5000 -31.8637 45 49 34
3.0000 -32.5000 -32.0896 44 46 32
4.0000 -32.5000 -32.3024 47 45 32
5.0000 -32.5000 -32.4830 48 44 32
6.0000 -32.5000 -32.6102 51 45 33
7.0000 -32.5000 -32.6679 53 45 34
8.0000 -32.5000 -32.6518 53 47 35
9.0000 -32.5000 -32.5725 53 47 35
10.0000 -32.5000 -32.4523 50 46 34
11.0000 -32.5000 -32.3187 50 47 32
12.0000 -32.5000 -32.1954 52 46 30
13.0000 -32.5000 -32.0962 53 46 30
14.0000 -32.5000 -32.0238 52 45 29
15.0000 -32.5000 -31.9728 51 44 28
16.0000 -32.5000 -31.9355 51 44 28
17.0000 -32.5000 -31.9057 52 45 29
18.0000 -32.5000 -31.8813 52 45 29
19.0000 -32.5000 -31.8643 53 46 30
20.0000 -32.5000 -31.8615 55 48 32
21.0000 -32.5000 -31.8839 52 45 29
22.0000 -32.5000 -31.9471 50 43 27
23.0000 -32.5000 -32.0690 51 44 28
24.0000 -32.5000 -32.2646 53 46 30
25.0000 -32.5000 -32.5404 53 46 30
26.0000 -32.5000 -32.8901 51 44 28
27.0000 -32.5000 -33.2937 48 41 23
28.0000 -32.5000 -33.7229 46 39 20
29.0000 -32.5000 -34.1486 43 36 17
30.0000 -32.5000 -34.5489 40 33 14
31.0000 -32.5000 -34.9132 41 34 15
32.0000 -32.5000 -35.2410 43 36 17
33.0000 -32.5000 -35.5372 43 36 17
34.0000 -32.5000 -35.8069 42 35 17
35.0000 -32.5000 -36.0520 39 32 14
36.0000 -32.5000 -36.2713 36 29 13
37.0000 -32.5000 -36.4617 37 30 14
38.0000 -32.5000 -36.6206 39 31 18
39.0000 -32.5000 -36.7455 40 32 19
40.0000 -32.5000 -36.8351 40 32 19
41.0000 -32.5000 -36.8899 38 30 17
42.0000 -32.5000 -36.9156 36 28 15
43.0000 -32.5000 -36.9271 34 28 14
44.0000 -32.5000 -36.9496 32 30 17
45.0000 -32.5000 -37.0163 27 28 14
46.0000 -32.5000 -37.1612 28 28 16
47.0000 -32.5000 -37.4108 32 32 20
48.0000 -32.5000 -37.7774 29 29 17
49.0000 -32.5000 -38.2602 22 22 10
50.0000 -32.5000 -38.8524 21 21 11
51.0000 -32.5000 -39.5526 25 25 15
52.0000 -32.5000 -40.3755 25 25 17
53.0000 -32.5000 -41.3586 24 24 16
54.0000 -32.5000 -42.5628 23 23 15
55.0000 -32.5000 -44.0666 22 22 14
56.0000 -32.5000 -45.9567 21 20 15
57.0000 -32.5000 -48.3140 21 20 15
58.0000 -32.5000 -51.1988 20 19 14
59.0000 -32.5000 -54.6383 20 19 14
60.0000 -32.5000 -58.6178 15 16 8
-83.0000 -33.5000 -66.9018 13 15 4
-82.0000 -33.5000 -60.9340 15 17 4
-81.0000 -33.5000 -55.7178 18 20 7
-80.0000 -33.5000 -51.2982 22 22 10
-79.0000 -33.5000 -47.6226 24 24 12
-78.0000 -33.5000 -44.5701 26 26 14
-77.0000 -33.5000 -41.9881 27 28 14
-76.0000 -33.5000 -39.7295 26 27 13
-75.0000 -33.5000 -37.6805 30 28 13
-74.0000 -33.5000 -35.7754 34 32 17
-73.0000 -33.5000 -33.9953 39 37 22
-72.0000 -33.5000 -32.3553 45 44 26
-71.0000 -33.5000 -30.8833 49 48 30
-70.0000 -33.5000 -29.6002 53 50 33
-69.0000 -33.5000 -28.5071 57 51 35
-68.0000 -33.5000 -27.5826 61 52 37
-67.0000 -33.5000 -26.7892 59 50 35
-66.0000 -33.5000 -26.0849 61 49 33
-65.0000 -33.5000 -25.4343 62 50 34
-64.0000 -33.5000 -24.8154 67 56 38
-63.0000 -33.5000 -24.2204 75 64 46
-62.0000 -33.5000 -23.6520 85 72 53
-61.0000 -33.5000 -23.1173 90 78 56
-60.0000 -33.5000 -22.6227 93 81 57
-59.0000 -33.5000 -22.1714 97 85 61
-58.0000 -33.5000 -21.7641 101 89 63
-57.0000 -33.5000 -21.3999 103 91 65
-56.0000 -33.5000 -21.0783 101 90 62
-55.0000 -33.5000 -20.7994 101 90 62
-54.0000 -33.5000 -20.5638 103 92 62
-53.0000 -33.5000 -20.3713 106 95 65
-52.0000 -33.5000 -20.2201 111 97 68
-51.0000 -33.5000 -20.1063 109 96 64
-50.0000 -33.5000 -20.0241 105 91 62
-49.0000 -33.5000 -19.9677 103 88 57
-48.0000 -33.5000 -19.9330 102 87 58
-47.0000 -33.5000 -19.9190 104 87 57
-46.0000 -33.5000 -19.9280 106 89 61
-45.0000 -33.5000 -19.9651 110 91 61
-44.0000 -33.5000 -20.0357 113 92 65
-43.0000 -33.5000 -20.1437 114 90 62
-42.0000 -33.5000 -20.2897 114 90 64
-41.0000 -33.5000 -20.4704 116 90 63
-40.0000 -33.5000 -20.6792 116 90 65
-39.0000 -33.5000 -20.9084 112 85 58
-38.0000 -33.5000 -21.1512 103 75 51
-37.0000 -33.5000 -21.4031 93 69 43
-36.0000 -33.5000 -21.6621 101 83 59
-35.0000 -33.5000 -21.9266 96 84 60
-34.0000 -33.5000 -22.1936 93 81 57
-33.0000 -33.5000 -22.4576 85 75 50
-32.0000 -33.5000 -22.7114 77 70 44
-31.0000 -33.5000 -22.9483 73 67 41
-30.0000 -33.5000 -23.1643 76 71 42
-29.0000 -33.5000 -23.3594 80 75 46
-28.0000 -33.5000 -23.5372 91 86 57
-27.0000 -33.5000 -23.7043 90 85 56
-26.0000 -33.5000 -23.8687 89 82 54
-25.0000 -33.5000 -24.0383 89 79 52
-24.0000 -33.5000 -24.2211 87 75 49
-23.0000 -33.5000 -24.4249 87 73 47
-22.0000 -33.5000 -24.6570 85 71 45
-21.0000 -33.5000 -24.9240 85 69 44
-20.0000 -33.5000 -25.2318 81 65 40
-19.0000 -33.5000 -25.5858 78 62 39
-18.0000 -33.5000 -25.9906 74 58 35
-17.0000 -33.5000 -26.4500 68 53 32
-16.0000 -33.5000 -26.9654 66 51 30
-15.0000 -33.5000 -27.5337 63 50 31
-14.0000 -33.5000 -28.1450 63 50 33
-13.0000 -33.5000 -28.7822 64 51 34
-12.0000 -33.5000 -29.4236 55 42 26
-11.0000 -33.5000 -30.0475 52 40 26
-10.0000 -33.5000 -30.6378 50 38 26
-9.0000 -33.5000 -31.1875 49 39 27
-8.0000 -33.5000 -31.6985 50 40 30
-7.0000 -33.5000 -32.1769 50 40 30
-6.0000 -33.5000 -32.6281 46 36 27
-5.0000 -33.5000 -33.0523 43 33 24
-4.0000 -33.5000 -33.4447 44 34 25
-3.0000 -33.5000 -33.7987 41 33 22
-2.0000 -33.5000 -34.1108 38 34 23
-1.0000 -33.5000 -34.3841 37 38 24
0.0000 -33.5000 -34.6277 38 42 28
1.0000 -33.5000 -34.8543 38 42 27
2.0000 -33.5000 -35.0744 35 39 25
3.0000 -33.5000 -35.2913 33 35 21
4.0000 -33.5000 -35.4980 32 32 20
5.0000 -33.5000 -35.6774 36 34 21
6.0000 -33.5000 -35.8072 39 35 24
7.0000 -33.5000 -35.8680 43 37 25
8.0000 -33.5000 -35.8521 42 38 27
9.0000 -33.5000 -35.7680 42 38 26
10.0000 -33.5000 -35.6385 40 38 26
11.0000 -33.5000 -35.4928 39 37 24
12.0000 -33.5000 -35.3556 50 47 32
13.0000 -33.5000 -35.2403 48 45 28
14.0000 -33.5000 -35.1478 48 42 28
15.0000 -33.5000 -35.0705 46 40 24
16.0000 -33.5000 -34.9994 46 40 26
17.0000 -33.5000 -34.9288 47 41 25
18.0000 -33.5000 -34.8583 48 42 28
19.0000 -33.5000 -34.7927 49 43 27
20.0000 -33.5000 -34.7418 50 44 30
21.0000 -33.5000 -34.7203 47 41 25
22.0000 -33.5000 -34.7474 44 38 24
23.0000 -33.5000 -34.8439 46 39 23
24.0000 -33.5000 -35.0260 48 40 27
25.0000 -33.5000 -35.2987 49 42 26
26.0000 -33.5000 -35.6505 47 39 26
27.0000 -33.5000 -36.0547 44 37 21
28.0000 -33.5000 -36.4765 38 32 16
29.0000 -33.5000 -36.8825 36 31 12
30.0000 -33.5000 -37.2504 35 29 13
31.0000 -33.5000 -37.5718 37 32 13
32.0000 -33.5000 -37.8506 39 33 17
33.0000 -33.5000 -38.0959 38 32 16
34.0000 -33.5000 -38.3155 34 28 12
35.0000 -33.5000 -38.5122 30 24 8
36.0000 -33.5000 -38.6837 29 23 9
37.0000 -33.5000 -38.8247 31 25 11
38.0000 -33.5000 -38.9295 35 29 17
39.0000 -33.5000 -38.9924 38 32 20
40.0000 -33.5000 -39.0083 38 32 20
41.0000 -33.5000 -38.9746 36 30 18
42.0000 -33.5000 -38.8957 33 27 15
43.0000 -33.5000 -38.7881 30 24 12
44.0000 -33.5000 -38.6830 28 24 12
45.0000 -33.5000 -38.6234 25 23 10
46.0000 -33.5000 -38.6550 29 27 14
47.0000 -33.5000 -38.8148 34 32 19
48.0000 -33.5000 -39.1232 31 29 16
49.0000 -33.5000 -39.5829 23 21 9
50.0000 -33.5000 -40.1872 24 22 10
51.0000 -33.5000 -40.9337 30 28 16
52.0000 -33.5000 -41.8378 24 21 12
53.0000 -33.5000 -42.9398 23 23 13
54.0000 -33.5000 -44.3052 23 23 13
55.0000 -33.5000 -46.0142 23 23 15
56.0000 -33.5000 -48.1465 22 22 14
57.0000 -33.5000 -50.7625 21 21 13
58.0000 -33.5000 -53.8867 19 19 11
59.0000 -33.5000 -57.5001 19 18 13
60.0000 -33.5000 -61.5419 14 15 9
-81.0000 -34.5000 -61.6323 14 15 9
-80.0000 -34.5000 -56.5234 16 17 11
-79.0000 -34.5000 -52.2129 18 19 11
-78.0000 -34.5000 -48.6139 20 21 13
-77.0000 -34.5000 -45.5804 21 23 12
-76.0000 -34.5000 -42.9521 21 23 12
-75.0000 -34.5000 -40.5923 24 24 14
-74.0000 -34.5000 -38.4111 28 28 16
-73.0000 -34.5000 -36.3723 33 33 21
-72.0000 -34.5000 -34.4823 38 38 26
-71.0000 -34.5000 -32.7696 42 42 30
-70.0000 -34.5000 -31.2622 45 45 33
-69.0000 -34.5000 -29.9702 48 46 34
-68.0000 -34.5000 -28.8800 55 49 37
-67.0000 -34.5000 -27.9582 55 47 36
-66.0000 -34.5000 -27.1621 57 47 35
-65.0000 -34.5000 -26.4520 59 49 37
-64.0000 -34.5000 -25.7986 62 53 38
-63.0000 -34.5000 -25.1858 66 57 42
-62.0000 -34.5000 -24.6074 71 59 43
-61.0000 -34.5000 -24.0626 74 63 45
-60.0000 -34.5000 -23.5516 81 70 50
-59.0000 -34.5000 -23.0736 86 75 55
-58.0000 -34.5000 -22.6280 93 81 59
-57.0000 -34.5000 -22.2155 96 84 62
-56.0000 -34.5000 -21.8393 98 83 60
-55.0000 -34.5000 -21.5044 98 84 58
-54.0000 -34.5000 -21.2165 101 87 61
-53.0000 -34.5000 -20.9799 104 90 63
-52.0000 -34.5000 -20.7956 111 96 65
-51.0000 -34.5000 -20.6613 114 99 66
-50.0000 -34.5000 -20.5713 110 95 64
-49.0000 -34.5000 -20.5188 101 85 52
-48.0000 -34.5000 -20.4978 98 81 51
-47.0000 -34.5000 -20.5050 102 86 53
-46.0000 -34.5000 -20.5405 101 84 54
-45.0000 -34.5000 -20.6072 96 80 47
-44.0000 -34.5000 -20.7090 99 80 50
-43.0000 -34.5000 -20.8484 102 83 51
-42.0000 -34.5000 -21.0248 106 87 57
-41.0000 -34.5000 -21.2336 104 85 53
-40.0000 -34.5000 -21.4670 99 80 50
-39.0000 -34.5000 -21.7165 94 73 42
-38.0000 -34.5000 -21.9754 89 68 39
-37.0000 -34.5000 -22.2403 87 67 40
-36.0000 -34.5000 -22.5109 89 74 51
-35.0000 -34.5000 -22.7875 81 69 47
-34.0000 -34.5000 -23.0688 74 62 40
-33.0000 -34.5000 -23.3504 70 59 37
-32.0000 -34.5000 -23.6259 72 61 41
-31.0000 -34.5000 -23.8888 74 66 45
-30.0000 -34.5000 -24.1354 76 68 47
-29.0000 -34.5000 -24.3662 76 70 48
-28.0000 -34.5000 -24.5861 81 75 53
-27.0000 -34.5000 -24.8027 80 73 54
-26.0000 -34.5000 -25.0255 77 70 51
-25.0000 -34.5000 -25.2642 74 67 48
-24.0000 -34.5000 -25.5287 71 64 45
-23.0000 -34.5000 -25.8281 68 61 42
-22.0000 -34.5000 -26.1703 66 59 41
-21.0000 -34.5000 -26.5615 66 58 39
-20.0000 -34.5000 -27.0050 57 46 24
-19.0000 -34.5000 -27.5022 58 47 25
-18.0000 -34.5000 -28.0522 59 48 26
-17.0000 -34.5000 -28.6531 60 49 29
-16.0000 -34.5000 -29.3004 59 48 28
-15.0000 -34.5000 -29.9862 55 47 26
-14.0000 -34.5000 -30.6978 52 44 25
-13.0000 -34.5000 -31.4176 50 43 24
-12.0000 -34.5000 -32.1261 42 35 17
-11.0000 -34.5000 -32.8065 41 34 16
-10.0000 -34.5000 -33.4494 40 33 17
-9.0000 -34.5000 -34.0548 38 32 16
-8.0000 -34.5000 -34.6300 36 30 16
-7.0000 -34.5000 -35.1836 33 30 15
-6.0000 -34.5000 -35.7193 32 29 14
-5.0000 -34.5000 -36.2318 32 28 16
-4.0000 -34.5000 -36.7080 28 26 14
-3.0000 -34.5000 -37.1326 27 25 13
-2.0000 -34.5000 -37.4953 25 25 15
-1.0000 -34.5000 -37.7957 23 25 12
0.0000 -34.5000 -38.0443 22 24 13
1.0000 -34.5000 -38.2589 21 23 10
2.0000 -34.5000 -38.4584 21 23 12
3.0000 -34.5000 -38.6553 20 22 9
4.0000 -34.5000 -38.8508 18 20 9
5.0000 -34.5000 -39.0325 18 18 6
6.0000 -34.5000 -39.1783 17 17 7
7.0000 -34.5000 -39.2653 18 18 6
8.0000 -34.5000 -39.2801 20 20 10
9.0000 -34.5000 -39.2261 24 24 12
10.0000 -34.5000 -39.1222 29 29 19
11.0000 -34.5000 -38.9954 31 33 20
12.0000 -34.5000 -38.8690 31 32 18
13.0000 -34.5000 -38.7550 31 34 17
14.0000 -34.5000 -38.6532 33 34 20
15.0000 -34.5000 -38.5555 34 35 19
16.0000 -34.5000 -38.4538 33 34 20
17.0000 -34.5000 -38.3444 31 32 16
18.0000 -34.5000 -38.2297 30 28 15
19.0000 -34.5000 -38.1171 29 27 12
20.0000 -34.5000 -38.0190 34 30 18
21.0000 -34.5000 -37.9532 35 32 17
22.0000 -34.5000 -37.9420 36 32 20
23.0000 -34.5000 -38.0092 39 33 19
24.0000 -34.5000 -38.1722 39 33 21
25.0000 -34.5000 -38.4339 38 32 18
26.0000 -34.5000 -38.7778 37 31 19
27.0000 -34.5000 -39.1710 36 30 18
28.0000 -34.5000 -39.5729 26 22 10
29.0000 -34.5000 -39.9477 25 21 9
30.0000 -34.5000 -40.2740 25 21 10
31.0000 -34.5000 -40.5476 24 20 8
32.0000 -34.5000 -40.7776 23 19 8
33.0000 -34.5000 -40.9774 22 18 7
34.0000 -34.5000 -41.1572 22 18 7
35.0000 -34.5000 -41.3191 22 18 7
36.0000 -34.5000 -41.4579 28 24 13
37.0000 -34.5000 -41.5637 28 24 13
38.0000 -34.5000 -41.6250 28 24 13
39.0000 -34.5000 -41.6305 28 24 13
40.0000 -34.5000 -41.5700 28 24 13
41.0000 -34.5000 -41.4373 28 24 13
42.0000 -34.5000 -41.2358 28 24 13
43.0000 -34.5000 -40.9848 28 24 13
44.0000 -34.5000 -40.7233 31 25 11
45.0000 -34.5000 -40.5058 31 25 11
46.0000 -34.5000 -40.3918 32 26 12
47.0000 -34.5000 -40.4320 32 26 12
48.0000 -34.5000 -40.6577 31 25 11
49.0000 -34.5000 -41.0791 29 23 11
50.0000 -34.5000 -41.6939 26 22 10
51.0000 -34.5000 -42.5017 25 21 9
53.0000 -34.5000 -44.7847 18 16 4
54.0000 -34.5000 -46.3626 21 19 7
55.0000 -34.5000 -48.3228 24 21 12
56.0000 -34.5000 -50.7246 24 21 12
57.0000 -34.5000 -53.5952 21 18 9
58.0000 -34.5000 -56.9155 18 15 6
-80.0000 -35.5000 -62.5192 14 15 10
-79.0000 -35.5000 -57.5919 17 18 13
-78.0000 -35.5000 -53.4324 18 19 13
-77.0000 -35.5000 -49.9126 19 20 14
-76.0000 -35.5000 -46.8693 19 20 12
-75.0000 -35.5000 -44.1502 21 22 14
-74.0000 -35.5000 -41.6460 25 27 16
-73.0000 -35.5000 -39.3030 30 32 21
-72.0000 -35.5000 -37.1177 35 37 26
-71.0000 -35.5000 -35.1168 39 41 30
-70.0000 -35.5000 -33.3340 43 45 34
-69.0000 -35.5000 -31.7893 45 45 35
-68.0000 -35.5000 -30.4791 52 45 35
-67.0000 -35.5000 -29.3771 53 44 35
-66.0000 -35.5000 -28.4435 54 46 35
-65.0000 -35.5000 -27.6367 55 47 36
-64.0000 -35.5000 -26.9215 58 48 36
-63.0000 -35.5000 -26.2731 62 52 40
-62.0000 -35.5000 -25.6754 67 55 41
-61.0000 -35.5000 -25.1172 69 57 41
-60.0000 -35.5000 -24.5902 70 58 42
-59.0000 -35.5000 -24.0878 75 64 46
-58.0000 -35.5000 -23.6068 82 69 50
-57.0000 -35.5000 -23.1488 86 73 54
-56.0000 -35.5000 -22.7204 91 76 55
-55.0000 -35.5000 -22.3317 94 79 56
-54.0000 -35.5000 -21.9934 98 83 60
-53.0000 -35.5000 -21.7142 102 88 62
-52.0000 -35.5000 -21.4980 104 89 60
-51.0000 -35.5000 -21.3441 107 92 59
-50.0000 -35.5000 -21.2471 107 90 60
-49.0000 -35.5000 -21.1995 101 86 53
-48.0000 -35.5000 -21.1937 101 84 54
-47.0000 -35.5000 -21.2242 104 89 56
-46.0000 -35.5000 -21.2887 106 89 59
-45.0000 -35.5000 -21.3872 101 86 53
-44.0000 -35.5000 -21.5213 102 85 55
-43.0000 -35.5000 -21.6915 102 87 54
-42.0000 -35.5000 -21.8955 102 85 55
-41.0000 -35.5000 -22.1276 96 81 48
-40.0000 -35.5000 -22.3798 91 74 44
-39.0000 -35.5000 -22.6439 85 70 37
-38.0000 -35.5000 -22.9145 84 67 37
-37.0000 -35.5000 -23.1906 83 68 39
-36.0000 -35.5000 -23.4744 84 69 46
-35.0000 -35.5000 -23.7688 77 64 45
-34.0000 -35.5000 -24.0739 73 60 41
-33.0000 -35.5000 -24.3855 71 60 40
-32.0000 -35.5000 -24.6964 73 62 44
-31.0000 -35.5000 -24.9990 76 65 47
-30.0000 -35.5000 -25.2888 74 66 47
-29.0000 -35.5000 -25.5662 74 66 47
-28.0000 -35.5000 -25.8368 68 61 43
-27.0000 -35.5000 -26.1103 65 60 41
-26.0000 -35.5000 -26.3982 62 56 40
-25.0000 -35.5000 -26.7129 57 54 37
-24.0000 -35.5000 -27.0663 53 50 33
-23.0000 -35.5000 -27.4693 50 49 31
-22.0000 -35.5000 -27.9302 48 46 31
-21.0000 -35.5000 -28.4539 49 46 29
-20.0000 -35.5000 -29.0408 50 43 24
-19.0000 -35.5000 -29.6870 50 44 22
-18.0000 -35.5000 -30.3852 52 44 23
-17.0000 -35.5000 -31.1259 50 44 22
-16.0000 -35.5000 -31.8977 49 43 21
-15.0000 -35.5000 -32.6874 46 41 21
-14.0000 -35.5000 -33.4797 44 39 19
-13.0000 -35.5000 -34.2578 42 37 18
-12.0000 -35.5000 -35.0065 35 30 11
-11.0000 -35.5000 -35.7166 33 30 11
-10.0000 -35.5000 -36.3873 32 29 10
-9.0000 -35.5000 -37.0276 30 29 11
-8.0000 -35.5000 -37.6512 29 28 10
-7.0000 -35.5000 -38.2697 27 26 8
-6.0000 -35.5000 -38.8842 26 24 9
-5.0000 -35.5000 -39.4823 24 25 9
-4.0000 -35.5000 -40.0401 21 23 10
-3.0000 -35.5000 -40.5312 20 22 11
-2.0000 -35.5000 -40.9362 20 22 11
-1.0000 -35.5000 -41.2507 19 21 10
0.0000 -35.5000 -41.4867 18 20 9
1.0000 -35.5000 -41.6693 18 20 9
2.0000 -35.5000 -41.8281 17 19 8
3.0000 -35.5000 -41.9884 17 19 8
4.0000 -35.5000 -42.1625 19 21 10
5.0000 -35.5000 -42.3455 17 19 8
6.0000 -35.5000 -42.5175 15 17 6
7.0000 -35.5000 -42.6520 14 16 5
8.0000 -35.5000 -42.7285 15 17 6
9.0000 -35.5000 -42.7412 18 20 9
10.0000 -35.5000 -42.7007 21 23 12
11.0000 -35.5000 -42.6273 23 25 14
12.0000 -35.5000 -42.5397 24 26 13
13.0000 -35.5000 -42.4477 23 25 11
14.0000 -35.5000 -42.3510 22 24 10
15.0000 -35.5000 -42.2434 22 24 10
16.0000 -35.5000 -42.1201 21 23 9
17.0000 -35.5000 -41.9809 23 24 10
18.0000 -35.5000 -41.8311 23 24 10
19.0000 -35.5000 -41.6805 23 24 10
20.0000 -35.5000 -41.5430 23 21 8
21.0000 -35.5000 -41.4384 24 22 9
22.0000 -35.5000 -41.3921 25 23 10
23.0000 -35.5000 -41.4306 27 23 11
24.0000 -35.5000 -41.5725 27 23 11
25.0000 -35.5000 -41.8190 26 22 10
26.0000 -35.5000 -42.1492 25 21 9
27.0000 -35.5000 -42.5245 24 20 9
28.0000 -35.5000 -42.9000 23 20 11
29.0000 -35.5000 -43.2390 22 19 10
30.0000 -35.5000 -43.5224 22 19 10
31.0000 -35.5000 -43.7511 22 19 10
32.0000 -35.5000 -43.9396 22 19 10
33.0000 -35.5000 -44.1054 21 18 9
34.0000 -35.5000 -44.2599 21 18 9
35.0000 -35.5000 -44.4034 21 18 9
36.0000 -35.5000 -44.5259 24 21 12
37.0000 -35.5000 -44.6113 24 21 12
38.0000 -35.5000 -44.6412 24 21 12
39.0000 -35.5000 -44.5977 24 21 12
40.0000 -35.5000 -44.4650 24 21 12
41.0000 -35.5000 -44.2335 24 21 12
42.0000 -35.5000 -43.9056 24 21 12
43.0000 -35.5000 -43.5039 25 21 10
44.0000 -35.5000 -43.0749 30 24 10
45.0000 -35.5000 -42.6846 31 24 8
46.0000 -35.5000 -42.4074 32 25 9
47.0000 -35.5000 -42.3092 32 24 11
48.0000 -35.5000 -42.4357 31 23 10
49.0000 -35.5000 -42.8091 30 22 9
50.0000 -35.5000 -43.4353 27 21 7
51.0000 -35.5000 -44.3190 26 20 8
52.0000 -35.5000 -45.4768 20 16 4
53.0000 -35.5000 -46.9445 21 17 6
54.0000 -35.5000 -48.7722 20 18 6
55.0000 -35.5000 -51.0084 21 19 7
56.0000 -35.5000 -53.6792 20 18 6
57.0000 -35.5000 -56.7691 19 16 7
58.0000 -35.5000 -60.2119 17 14 5
59.0000 -35.5000 -63.8989 14 14 6
-79.0000 -36.5000 -63.7190 14 15 10
-78.0000 -36.5000 -59.0242 15 16 10
-77.0000 -36.5000 -55.0100 16 17 11
-76.0000 -36.5000 -51.5225 16 17 9
-75.0000 -36.5000 -48.4054 18 19 11
-74.0000 -36.5000 -45.5375 21 22 14
-73.0000 -36.5000 -42.8513 26 27 19
-72.0000 -36.5000 -40.3320 31 33 22
-71.0000 -36.5000 -38.0024 36 38 27
-70.0000 -36.5000 -35.8992 40 42 31
-69.0000 -36.5000 -34.0513 43 43 33
-68.0000 -36.5000 -32.4663 50 43 33
-67.0000 -36.5000 -31.1280 51 42 33
-66.0000 -36.5000 -30.0029 51 42 33
-65.0000 -36.5000 -29.0509 52 44 33
-64.0000 -36.5000 -28.2334 54 46 33
-63.0000 -36.5000 -27.5179 56 48 35
-62.0000 -36.5000 -26.8780 60 51 36
-61.0000 -36.5000 -26.2917 61 52 35
-60.0000 -36.5000 -25.7407 59 47 31
-59.0000 -36.5000 -25.2113 62 51 33
-58.0000 -36.5000 -24.6967 68 55 36
-57.0000 -36.5000 -24.1982 73 60 41
-56.0000 -36.5000 -23.7253 78 66 44
-55.0000 -36.5000 -23.2920 84 72 50
-54.0000 -36.5000 -22.9134 91 79 55
-53.0000 -36.5000 -22.6014 97 83 57
-52.0000 -36.5000 -22.3622 98 84 55
-51.0000 -36.5000 -22.1961 101 88 56
-50.0000 -36.5000 -22.0981 103 88 59
-49.0000 -36.5000 -22.0601 100 87 55
-48.0000 -36.5000 -22.0733 101 86 57
-47.0000 -36.5000 -22.1304 103 90 58
-46.0000 -36.5000 -22.2260 104 89 60
-45.0000 -36.5000 -22.3572 99 86 54
-44.0000 -36.5000 -22.5226 103 88 59
-43.0000 -36.5000 -22.7200 101 88 56
-42.0000 -36.5000 -22.9459 97 82 53
-41.0000 -36.5000 -23.1940 88 75 43
-40.0000 -36.5000 -23.4568 82 67 38
-39.0000 -36.5000 -23.7281 77 64 32
-38.0000 -36.5000 -24.0053 79 64 35
-37.0000 -36.5000 -24.2909 81 67 40
-36.0000 -36.5000 -24.5903 78 61 41
-35.0000 -36.5000 -24.9087 75 60 41
-34.0000 -36.5000 -25.2468 74 58 42
-33.0000 -36.5000 -25.5993 72 59 42
-32.0000 -36.5000 -25.9565 74 61 44
-31.0000 -36.5000 -26.3080 72 61 43
-30.0000 -36.5000 -26.6473 68 59 42
-29.0000 -36.5000 -26.9749 66 57 40
-28.0000 -36.5000 -27.2978 56 49 33
-27.0000 -36.5000 -27.6288 53 47 31
-26.0000 -36.5000 -27.9832 47 44 27
-25.0000 -36.5000 -28.3766 43 42 24
-24.0000 -36.5000 -28.8234 38 39 23
-23.0000 -36.5000 -29.3355 37 38 22
-22.0000 -36.5000 -29.9207 36 39 22
-21.0000 -36.5000 -30.5813 37 38 20
-20.0000 -36.5000 -31.3137 41 39 18
-19.0000 -36.5000 -32.1076 43 38 18
-18.0000 -36.5000 -32.9484 43 36 17
-17.0000 -36.5000 -33.8181 41 36 16
-16.0000 -36.5000 -34.6978 39 34 14
-15.0000 -36.5000 -35.5688 37 32 13
-14.0000 -36.5000 -36.4137 34 29 10
-13.0000 -36.5000 -37.2182 31 28 11
-12.0000 -36.5000 -37.9738 27 24 7
-11.0000 -36.5000 -38.6803 25 24 6
-10.0000 -36.5000 -39.3480 25 24 6
-9.0000 -36.5000 -39.9956 22 23 7
-8.0000 -36.5000 -40.6446 21 22 6
-7.0000 -36.5000 -41.3094 20 21 5
-6.0000 -36.5000 -41.9886 19 20 6
-5.0000 -36.5000 -42.6613 18 19 5
-4.0000 -36.5000 -43.2912 16 18 5
-3.0000 -36.5000 -43.8381 16 18 7
-2.0000 -36.5000 -44.2720 15 17 6
-1.0000 -36.5000 -44.5835 15 17 6
0.0000 -36.5000 -44.7866 14 16 5
1.0000 -36.5000 -44.9149 14 16 5
2.0000 -36.5000 -45.0113 14 16 5
3.0000 -36.5000 -45.1158 13 15 4
4.0000 -36.5000 -45.2545 18 20 9
5.0000 -36.5000 -45.4324 17 19 8
6.0000 -36.5000 -45.6335 14 16 5
10.0000 -36.5000 -46.1532 13 15 4
11.0000 -36.5000 -46.1630 14 16 5
12.0000 -36.5000 -46.1396 17 17 5
13.0000 -36.5000 -46.0900 15 15 3
18.0000 -36.5000 -45.4601 18 16 4
19.0000 -36.5000 -45.2862 20 18 6
21.0000 -36.5000 -44.9891 15 15 3
22.0000 -36.5000 -44.9153 16 16 4
23.0000 -36.5000 -44.9300 19 17 5
24.0000 -36.5000 -45.0538 19 17 5
25.0000 -36.5000 -45.2867 18 16 4
26.0000 -36.5000 -45.6046 17 15 3
28.0000 -36.5000 -46.3178 19 16 7
29.0000 -36.5000 -46.6285 19 16 7
30.0000 -36.5000 -46.8802 20 17 8
31.0000 -36.5000 -47.0784 20 17 8
32.0000 -36.5000 -47.2417 20 17 8
33.0000 -36.5000 -47.3902 21 18 9
34.0000 -36.5000 -47.5348 21 18 9
35.0000 -36.5000 -47.6725 21 18 9
36.0000 -36.5000 -47.7881 20 17 8
37.0000 -36.5000 -47.8597 20 17 8
38.0000 -36.5000 -47.8633 20 17 8
39.0000 -36.5000 -47.7764 20 17 8
40.0000 -36.5000 -47.5798 20 17 8
41.0000 -36.5000 -47.2613 20 17 8
42.0000 -36.5000 -46.8226 20 17 8
43.0000 -36.5000 -46.2876 21 17 6
44.0000 -36.5000 -45.7076 28 22 10
45.0000 -36.5000 -45.1582 29 21 8
46.0000 -36.5000 -44.7264 30 22 9
47.0000 -36.5000 -44.4942 30 22 11
48.0000 -36.5000 -44.5242 29 23 11
49.0000 -36.5000 -44.8539 28 22 10
50.0000 -36.5000 -45.5016 26 20 8
51.0000 -36.5000 -46.4782 25 18 8
52.0000 -36.5000 -47.7996 24 20 9
53.0000 -36.5000 -49.4907 23 19 10
54.0000 -36.5000 -51.5800 19 16 7
55.0000 -36.5000 -54.0830 17 14 5
-75.0000 -37.5000 -53.3590 14 15 7
-74.0000 -37.5000 -50.0965 16 17 9
-73.0000 -37.5000 -47.0375 21 22 14
-72.0000 -37.5000 -44.1576 26 28 17
-71.0000 -37.5000 -41.4726 31 33 22
-70.0000 -37.5000 -39.0186 35 37 26
-69.0000 -37.5000 -36.8302 38 38 28
-68.0000 -37.5000 -34.9254 46 42 31
-67.0000 -37.5000 -33.2993 49 40 31
-66.0000 -37.5000 -31.9278 50 41 32
-65.0000 -37.5000 -30.7758 51 42 33
-64.0000 -37.5000 -29.8048 52 44 33
-63.0000 -37.5000 -28.9774 54 46 33
-62.0000 -37.5000 -28.2586 56 46 34
-61.0000 -37.5000 -27.6160 57 48 33
-60.0000 -37.5000 -27.0217 53 41 27
-59.0000 -37.5000 -26.4543 55 43 27
-58.0000 -37.5000 -25.9027 58 47 29
-57.0000 -37.5000 -25.3673 63 50 31
-56.0000 -37.5000 -24.8587 69 56 37
-55.0000 -37.5000 -24.3935 76 64 42
-54.0000 -37.5000 -23.9892 83 71 49
-53.0000 -37.5000 -23.6595 87 75 51
-52.0000 -37.5000 -23.4116 93 81 55
-51.0000 -37.5000 -23.2460 95 84 56
-50.0000 -37.5000 -23.1577 96 85 57
-49.0000 -37.5000 -23.1382 96 85 57
-48.0000 -37.5000 -23.1778 95 84 56
-47.0000 -37.5000 -23.2668 94 83 55
-46.0000 -37.5000 -23.3972 91 80 52
-45.0000 -37.5000 -23.5625 88 77 49
-44.0000 -37.5000 -23.7578 92 81 53
-43.0000 -37.5000 -23.9787 90 79 51
-42.0000 -37.5000 -24.2202 86 75 47
-41.0000 -37.5000 -24.4767 79 68 40
-40.0000 -37.5000 -24.7425 73 62 34
-39.0000 -37.5000 -25.0144 70 59 31
-38.0000 -37.5000 -25.2941 72 61 33
-37.0000 -37.5000 -25.5880 77 63 37
-36.0000 -37.5000 -25.9051 73 56 36
-35.0000 -37.5000 -26.2522 73 56 38
-34.0000 -37.5000 -26.6297 74 57 41
-33.0000 -37.5000 -27.0294 73 57 41
-32.0000 -37.5000 -27.4377 69 56 39
-31.0000 -37.5000 -27.8405 65 54 36
-30.0000 -37.5000 -28.2290 61 49 33
-29.0000 -37.5000 -28.6041 54 47 29
-28.0000 -37.5000 -28.9761 49 43 27
-27.0000 -37.5000 -29.3624 45 42 25
-26.0000 -37.5000 -29.7834 41 40 22
-25.0000 -37.5000 -30.2584 37 38 20
-24.0000 -37.5000 -30.8035 35 38 21
-23.0000 -37.5000 -31.4298 35 39 22
-22.0000 -37.5000 -32.1422 37 41 24
-21.0000 -37.5000 -32.9389 39 42 25
-20.0000 -37.5000 -33.8106 36 35 15
-19.0000 -37.5000 -34.7407 36 33 14
-18.0000 -37.5000 -35.7069 36 31 12
-17.0000 -37.5000 -36.6830 32 29 10
-16.0000 -37.5000 -37.6427 30 27 10
-15.0000 -37.5000 -38.5624 27 24 7
-14.0000 -37.5000 -39.4242 25 22 5
-13.0000 -37.5000 -40.2177 23 21 6
-12.0000 -37.5000 -40.9424 21 19 4
-11.0000 -37.5000 -41.6089 19 20 4
-10.0000 -37.5000 -42.2392 18 19 5
-9.0000 -37.5000 -42.8626 17 19 5
-8.0000 -37.5000 -43.5080 17 18 4
-7.0000 -37.5000 -44.1935 15 17 4
-6.0000 -37.5000 -44.9152 15 17 4
-5.0000 -37.5000 -45.6435 15 17 4
-4.0000 -37.5000 -46.3287 13 15 4
-3.0000 -37.5000 -46.9160 13 15 4
-2.0000 -37.5000 -47.3633 13 15 4
-1.0000 -37.5000 -47.6554 13 15 4
0.0000 -37.5000 -47.8086 13 15 4
4.0000 -37.5000 -48.0051 17 19 8
5.0000 -37.5000 -48.1678 16 18 7
6.0000 -37.5000 -48.3935 13 15 4
19.0000 -37.5000 -48.7402 17 14 5
21.0000 -37.5000 -48.4128 15 15 5
22.0000 -37.5000 -48.3206 16 16 6
23.0000 -37.5000 -48.3197 16 16 6
24.0000 -37.5000 -48.4328 16 16 6
25.0000 -37.5000 -48.6600 15 17 6
26.0000 -37.5000 -48.9748 14 16 5
30.0000 -37.5000 -50.2265 17 14 5
31.0000 -37.5000 -50.4196 18 15 6
32.0000 -37.5000 -50.5819 18 15 6
33.0000 -37.5000 -50.7327 19 16 7
34.0000 -37.5000 -50.8799 20 17 8
35.0000 -37.5000 -51.0162 20 17 8
44.0000 -37.5000 -48.5572 25 19 7
45.0000 -37.5000 -47.8973 26 18 7
46.0000 -37.5000 -47.3545 27 19 8
47.0000 -37.5000 -47.0251 28 20 9
48.0000 -37.5000 -46.9890 27 20 10
49.0000 -37.5000 -47.3015 26 19 9
50.0000 -37.5000 -47.9948 25 18 8
51.0000 -37.5000 -49.0856 22 18 9
52.0000 -37.5000 -50.5846 24 20 11
53.0000 -37.5000 -52.4995 23 18 12
54.0000 -37.5000 -54.8282 19 16 9
-73.0000 -38.5000 -51.8217 15 16 8
-72.0000 -38.5000 -48.5704 19 20 12
-71.0000 -38.5000 -45.5236 24 25 17
-70.0000 -38.5000 -42.7114 29 31 20
-69.0000 -38.5000 -40.1689 33 33 23
-68.0000 -38.5000 -37.9203 43 39 30
-67.0000 -38.5000 -35.9711 46 39 31
-66.0000 -38.5000 -34.3078 47 40 32
-65.0000 -38.5000 -32.9039 48 41 31
-64.0000 -38.5000 -31.7249 50 43 33
-63.0000 -38.5000 -30.7326 51 45 33
-62.0000 -38.5000 -29.8868 53 45 32
-61.0000 -38.5000 -29.1475 53 46 30
-60.0000 -38.5000 -28.4785 52 43 28
-59.0000 -38.5000 -27.8518 52 43 26
-58.0000 -38.5000 -27.2517 53 45 26
-57.0000 -38.5000 -26.6766 58 47 27
-56.0000 -38.5000 -26.1368 63 52 32
-55.0000 -38.5000 -25.6493 69 58 38
-54.0000 -38.5000 -25.2321 73 62 42
-53.0000 -38.5000 -24.8989 76 65 43
-52.0000 -38.5000 -24.6567 82 72 47
-51.0000 -38.5000 -24.5055 82 72 47
-50.0000 -38.5000 -24.4399 84 74 49
-49.0000 -38.5000 -24.4508 86 76 51
-48.0000 -38.5000 -24.5271 85 75 50
-47.0000 -38.5000 -24.6569 82 72 47
-46.0000 -38.5000 -24.8287 80 70 45
-45.0000 -38.5000 -25.0322 79 69 44
-44.0000 -38.5000 -25.2588 74 64 39
-43.0000 -38.5000 -25.5019 75 65 40
-42.0000 -38.5000 -25.7560 75 65 40
-41.0000 -38.5000 -26.0166 72 62 37
-40.0000 -38.5000 -26.2813 68 58 33
-39.0000 -38.5000 -26.5509 65 55 30
-38.0000 -38.5000 -26.8314 66 56 31
-37.0000 -38.5000 -27.1336 69 57 35
-36.0000 -38.5000 -27.4696 70 53 35
-35.0000 -38.5000 -27.8472 72 53 38
-34.0000 -38.5000 -28.2653 71 53 39
-33.0000 -38.5000 -28.7124 68 52 37
-32.0000 -38.5000 -29.1700 61 48 32
-31.0000 -38.5000 -29.6203 55 43 27
-30.0000 -38.5000 -30.0530 50 38 24
-29.0000 -38.5000 -30.4705 44 37 21
-28.0000 -38.5000 -30.8878 43 37 23
-27.0000 -38.5000 -31.3286 41 38 23
-26.0000 -38.5000 -31.8184 37 38 22
-25.0000 -38.5000 -32.3797 35 38 21
-24.0000 -38.5000 -33.0281 35 39 24
-23.0000 -38.5000 -33.7711 35 42 26
-22.0000 -38.5000 -34.6082 37 44 28
-21.0000 -38.5000 -35.5312 40 44 27
-20.0000 -38.5000 -36.5248 31 32 16
-19.0000 -38.5000 -37.5665 31 30 12
-18.0000 -38.5000 -38.6274 30 27 10
-17.0000 -38.5000 -39.6749 27 26 8
-16.0000 -38.5000 -40.6767 24 22 7
-15.0000 -38.5000 -41.6056 22 20 5
-14.0000 -38.5000 -42.4441 21 19 4
-13.0000 -38.5000 -43.1871 18 19 5
-12.0000 -38.5000 -43.8431 17 18 4
-11.0000 -38.5000 -44.4341 16 18 4
-10.0000 -38.5000 -44.9932 16 18 5
-9.0000 -38.5000 -45.5598 15 19 5
-8.0000 -38.5000 -46.1702 15 17 4
-7.0000 -38.5000 -46.8455 14 17 6
-6.0000 -38.5000 -47.5803 14 17 6
-5.0000 -38.5000 -48.3373 13 16 5
4.0000 -38.5000 -50.3662 15 16 8
5.0000 -38.5000 -50.5047 14 15 7
11.0000 -38.5000 -52.2390 14 14 6
15.0000 -38.5000 -52.4467 18 13 7
16.0000 -38.5000 -52.3570 21 14 8
17.0000 -38.5000 -52.2277 18 13 7
18.0000 -38.5000 -52.0684 17 14 7
21.0000 -38.5000 -51.5474 14 14 6
22.0000 -38.5000 -51.4447 14 15 7
23.0000 -38.5000 -51.4367 15 16 8
24.0000 -38.5000 -51.5489 15 16 8
25.0000 -38.5000 -51.7824 13 16 7
26.0000 -38.5000 -52.1095 12 15 6
33.0000 -38.5000 -54.0263 17 14 7
34.0000 -38.5000 -54.1843 18 15 8
35.0000 -38.5000 -54.3149 18 15 8
44.0000 -38.5000 -51.5336 22 15 7
45.0000 -38.5000 -50.8460 23 14 5
46.0000 -38.5000 -50.2713 24 17 7
47.0000 -38.5000 -49.9156 25 18 8
48.0000 -38.5000 -49.8748 25 18 10
49.0000 -38.5000 -50.2212 24 17 9
50.0000 -38.5000 -50.9993 21 17 8
51.0000 -38.5000 -52.2282 21 16 10
52.0000 -38.5000 -53.9077 21 16 10
53.0000 -38.5000 -56.0205 20 17 12
54.0000 -38.5000 -58.5288 19 16 11
55.0000 -38.5000 -61.3666 17 14 9
-72.0000 -39.5000 -53.4870 14 15 7
-71.0000 -39.5000 -50.0952 18 19 11
-70.0000 -39.5000 -46.9454 22 24 13
-69.0000 -39.5000 -44.0657 26 26 16
-68.0000 -39.5000 -41.4801 36 33 24
-67.0000 -39.5000 -39.1998 38 34 25
-66.0000 -39.5000 -37.2211 41 37 28
-65.0000 -39.5000 -35.5275 45 38 30
-64.0000 -39.5000 -34.0928 47 40 32
-63.0000 -39.5000 -32.8829 48 41 31
-62.0000 -39.5000 -31.8574 49 41 30
-61.0000 -39.5000 -30.9731 49 41 28
-60.0000 -39.5000 -30.1887 52 44 31
-59.0000 -39.5000 -29.4711 52 43 28
-58.0000 -39.5000 -28.8007 52 43 26
-57.0000 -39.5000 -28.1730 54 46 27
-56.0000 -39.5000 -27.5964 60 49 31
-55.0000 -39.5000 -27.0866 64 53 33
-54.0000 -39.5000 -26.6603 65 54 34
-53.0000 -39.5000 -26.3299 63 55 34
-52.0000 -39.5000 -26.1013 65 57 36
-51.0000 -39.5000 -25.9739 62 56 34
-50.0000 -39.5000 -25.9416 65 57 36
-49.0000 -39.5000 -25.9944 68 62 40
-48.0000 -39.5000 -26.1192 71 63 42
-47.0000 -39.5000 -26.3013 67 61 39
-46.0000 -39.5000 -26.5247 69 61 40
-45.0000 -39.5000 -26.7747 70 64 42
-44.0000 -39.5000 -27.0390 56 48 27
-43.0000 -39.5000 -27.3088 58 52 30
-42.0000 -39.5000 -27.5786 62 54 33
-41.0000 -39.5000 -27.8460 61 55 33
-40.0000 -39.5000 -28.1119 60 52 31
-39.0000 -39.5000 -28.3815 57 51 29
-38.0000 -39.5000 -28.6652 58 50 29
-37.0000 -39.5000 -28.9772 61 50 30
-36.0000 -39.5000 -29.3321 66 49 33
-35.0000 -39.5000 -29.7384 67 48 34
-34.0000 -39.5000 -30.1933 65 47 33
-33.0000 -39.5000 -30.6821 59 43 28
-32.0000 -39.5000 -31.1826 51 38 22
-31.0000 -39.5000 -31.6736 45 33 19
-30.0000 -39.5000 -32.1446 40 31 16
-29.0000 -39.5000 -32.6009 39 32 16
-28.0000 -39.5000 -33.0627 37 31 17
-27.0000 -39.5000 -33.5596 35 33 18
-26.0000 -39.5000 -34.1217 33 34 18
-25.0000 -39.5000 -34.7725 33 35 21
-24.0000 -39.5000 -35.5246 33 37 22
-23.0000 -39.5000 -36.3789 31 38 22
-22.0000 -39.5000 -37.3272 31 38 22
-21.0000 -39.5000 -38.3542 31 38 22
-20.0000 -39.5000 -39.4390 27 28 14
-19.0000 -39.5000 -40.5549 26 27 13
-18.0000 -39.5000 -41.6692 25 23 10
-17.0000 -39.5000 -42.7451 21 22 8
-16.0000 -39.5000 -43.7463 19 20 6
-15.0000 -39.5000 -44.6434 17 19 6
-14.0000 -39.5000 -45.4200 17 17 5
-13.0000 -39.5000 -46.0767 16 18 5
-12.0000 -39.5000 -46.6311 15 17 6
-11.0000 -39.5000 -47.1159 14 17 6
-10.0000 -39.5000 -47.5744 14 17 8
-9.0000 -39.5000 -48.0544 12 18 8
-8.0000 -39.5000 -48.5981 14 17 8
-7.0000 -39.5000 -49.2298 12 18 8
-6.0000 -39.5000 -49.9430 12 18 8
-5.0000 -39.5000 -50.6951 12 18 8
3.0000 -39.5000 -52.3797 14 15 7
10.0000 -39.5000 -54.3050 14 15 7
11.0000 -39.5000 -54.6291 15 15 7
14.0000 -39.5000 -55.1101 21 13 11
15.0000 -39.5000 -55.1195 23 15 12
16.0000 -39.5000 -55.0682 23 15 13
17.0000 -39.5000 -54.9652 20 15 11
18.0000 -39.5000 -54.8198 17 13 10
46.0000 -39.5000 -53.4258 21 14 8
47.0000 -39.5000 -53.1423 22 15 7
48.0000 -39.5000 -53.1834 23 16 10
49.0000 -39.5000 -53.6341 21 16 10
50.0000 -39.5000 -54.5461 20 15 9
51.0000 -39.5000 -55.9346 19 14 10
52.0000 -39.5000 -57.7814 18 15 10
53.0000 -39.5000 -60.0392 18 14 11
54.0000 -39.5000 -62.6334 17 13 10
-70.0000 -40.5000 -51.6454 17 18 10
-69.0000 -40.5000 -48.4756 20 20 12
-68.0000 -40.5000 -45.5927 28 25 18
-67.0000 -40.5000 -43.0067 30 27 20
-66.0000 -40.5000 -40.7195 33 30 23
-65.0000 -40.5000 -38.7237 37 33 24
-64.0000 -40.5000 -37.0037 40 36 27
-63.0000 -40.5000 -35.5341 41 37 26
-62.0000 -40.5000 -34.2804 44 37 27
-61.0000 -40.5000 -33.2017 44 38 26
-60.0000 -40.5000 -32.2563 49 43 29
-59.0000 -40.5000 -31.4089 49 42 26
-58.0000 -40.5000 -30.6368 49 42 26
-57.0000 -40.5000 -29.9323 52 45 27
-56.0000 -40.5000 -29.3003 57 48 31
-55.0000 -40.5000 -28.7540 59 51 32
-54.0000 -40.5000 -28.3078 57 49 30
-53.0000 -40.5000 -27.9726 55 47 28
-52.0000 -40.5000 -27.7536 55 48 30
-51.0000 -40.5000 -27.6496 49 44 25
-50.0000 -40.5000 -27.6539 50 43 25
-49.0000 -40.5000 -27.7555 54 49 30
-48.0000 -40.5000 -27.9389 56 49 31
-47.0000 -40.5000 -28.1849 52 47 28
-46.0000 -40.5000 -28.4727 54 47 29
-45.0000 -40.5000 -28.7820 58 53 34
-44.0000 -40.5000 -29.0963 46 39 21
-43.0000 -40.5000 -29.4043 48 43 24
-42.0000 -40.5000 -29.7007 52 45 27
-41.0000 -40.5000 -29.9853 52 47 28
-40.0000 -40.5000 -30.2622 51 44 26
-39.0000 -40.5000 -30.5403 49 44 25
-38.0000 -40.5000 -30.8334 50 43 25
-37.0000 -40.5000 -31.1584 53 44 27
-36.0000 -40.5000 -31.5315 58 45 29
-35.0000 -40.5000 -31.9619 59 43 30
-34.0000 -40.5000 -32.4463 54 40 27
-33.0000 -40.5000 -32.9682 47 35 21
-32.0000 -40.5000 -33.5032 41 29 15
-31.0000 -40.5000 -34.0288 36 26 14
-30.0000 -40.5000 -34.5349 38 28 16
-29.0000 -40.5000 -35.0294 40 32 19
-28.0000 -40.5000 -35.5370 37 31 19
-27.0000 -40.5000 -36.0913 35 33 20
-26.0000 -40.5000 -36.7248 34 35 21
-25.0000 -40.5000 -37.4594 33 35 22
-24.0000 -40.5000 -38.3026 32 34 21
-23.0000 -40.5000 -39.2476 28 32 18
-22.0000 -40.5000 -40.2781 25 29 15
-21.0000 -40.5000 -41.3725 23 27 13
-20.0000 -40.5000 -42.5065 21 23 10
-19.0000 -40.5000 -43.6517 20 22 9
-18.0000 -40.5000 -44.7744 18 18 6
-17.0000 -40.5000 -45.8362 15 17 4
-16.0000 -40.5000 -46.7980 14 16 3
-15.0000 -40.5000 -47.6289 12 15 4
-14.0000 -40.5000 -48.3136 14 16 5
-13.0000 -40.5000 -48.8575 13 16 5
-12.0000 -40.5000 -49.2864 12 15 6
-11.0000 -40.5000 -49.6425 10 16 6
-10.0000 -40.5000 -49.9777 10 15 8
-9.0000 -40.5000 -50.3465 9 16 8
-8.0000 -40.5000 -50.7954 10 15 8
-7.0000 -40.5000 -51.3508 9 16 8
-6.0000 -40.5000 -52.0064 9 16 8
-5.0000 -40.5000 -52.7170 9 16 8
47.0000 -40.5000 -56.6365 21 14 8
48.0000 -40.5000 -56.8581 19 14 10
49.0000 -40.5000 -57.4908 19 14 10
50.0000 -40.5000 -58.5849 19 14 10
51.0000 -40.5000 -60.1436 17 13 10
52.0000 -40.5000 -62.1252 18 14 11
53.0000 -40.5000 -64.4509 17 13 12
-69.0000 -41.5000 -53.3267 16 17 9
-68.0000 -41.5000 -50.2104 20 19 14
-67.0000 -41.5000 -47.3737 24 21 16
-66.0000 -41.5000 -44.8169 28 25 20
-65.0000 -41.5000 -42.5375 32 29 22
-64.0000 -41.5000 -40.5292 35 32 25
-63.0000 -41.5000 -38.7784 37 33 24
-62.0000 -41.5000 -37.2616 38 34 25
-61.0000 -41.5000 -35.9466 40 33 23
-60.0000 -41.5000 -34.7968 46 40 28
-59.0000 -41.5000 -33.7785 45 39 25
-58.0000 -41.5000 -32.8673 46 38 25
-57.0000 -41.5000 -32.0521 50 43 27
-56.0000 -41.5000 -31.3341 54 47 31
-55.0000 -41.5000 -30.7229 56 49 31
-54.0000 -41.5000 -30.2308 54 45 28
-53.0000 -41.5000 -29.8681 49 42 24
-52.0000 -41.5000 -29.6401 54 48 32
-51.0000 -41.5000 -29.5461 45 42 27
-50.0000 -41.5000 -29.5797 44 38 24
-49.0000 -41.5000 -29.7287 45 42 27
-48.0000 -41.5000 -29.9744 45 39 25
-47.0000 -41.5000 -30.2929 38 35 20
-46.0000 -41.5000 -30.6571 41 35 21
-45.0000 -41.5000 -31.0402 44 41 26
-44.0000 -41.5000 -31.4205 42 36 22
-43.0000 -41.5000 -31.7838 42 39 24
-42.0000 -41.5000 -32.1242 46 40 26
-41.0000 -41.5000 -32.4429 43 40 25
-40.0000 -41.5000 -32.7466 43 37 23
-39.0000 -41.5000 -33.0465 41 38 23
-38.0000 -41.5000 -33.3583 45 39 25
-37.0000 -41.5000 -33.7007 47 41 27
-36.0000 -41.5000 -34.0911 51 42 27
-35.0000 -41.5000 -34.5403 49 40 25
-34.0000 -41.5000 -35.0460 45 36 21
-33.0000 -41.5000 -35.5924 39 29 17
-32.0000 -41.5000 -36.1550 32 24 11
-31.0000 -41.5000 -36.7113 32 24 11
-30.0000 -41.5000 -37.2517 38 30 17
-29.0000 -41.5000 -37.7850 42 36 24
-28.0000 -41.5000 -38.3371 39 35 23
-27.0000 -41.5000 -38.9428 40 36 25
-26.0000 -41.5000 -39.6337 40 38 26
-25.0000 -41.5000 -40.4290 38 38 26
-24.0000 -41.5000 -41.3307 34 34 22
-23.0000 -41.5000 -42.3259 29 29 19
-22.0000 -41.5000 -43.3929 22 24 13
-21.0000 -41.5000 -44.5068 18 20 9
-20.0000 -41.5000 -45.6426 17 19 8
-19.0000 -41.5000 -46.7730 16 18 7
-18.0000 -41.5000 -47.8655 13 15 4
-13.0000 -41.5000 -51.5149 10 15 8
-6.0000 -41.5000 -53.8111 6 15 10
-5.0000 -41.5000 -54.4473 8 15 8
23.0000 -41.5000 -58.2912 14 13 11
24.0000 -41.5000 -58.4440 14 13 11
47.0000 -41.5000 -60.2894 18 13 9
48.0000 -41.5000 -60.7842 19 14 10
49.0000 -41.5000 -61.6686 19 14 10
50.0000 -41.5000 -62.9799 17 13 10
51.0000 -41.5000 -64.7015 17 13 10
52.0000 -41.5000 -66.7655 20 16 15
53.0000 -41.5000 -69.0658 15 14 12
-67.0000 -42.5000 -52.2466 15 14 9
-66.0000 -42.5000 -49.4815 19 18 13
-65.0000 -42.5000 -46.9654 23 23 15
-64.0000 -42.5000 -44.6958 27 27 19
-63.0000 -42.5000 -42.6693 31 28 19
-62.0000 -42.5000 -40.8767 31 28 19
-61.0000 -42.5000 -39.2996 32 28 17
-60.0000 -42.5000 -37.9123 34 30 18
-59.0000 -42.5000 -36.6869 37 34 19
-58.0000 -42.5000 -35.5998 44 38 24
-57.0000 -42.5000 -34.6369 48 42 26
-56.0000 -42.5000 -33.7954 49 43 27
-55.0000 -42.5000 -33.0819 49 44 25
-54.0000 -42.5000 -32.5075 47 40 22
-53.0000 -42.5000 -32.0830 44 38 22
-52.0000 -42.5000 -31.8154 45 42 27
-51.0000 -42.5000 -31.7061 44 42 29
-50.0000 -42.5000 -31.7498 45 41 29
-49.0000 -42.5000 -31.9333 43 41 28
-48.0000 -42.5000 -32.2354 42 38 26
-47.0000 -42.5000 -32.6270 39 37 24
-46.0000 -42.5000 -33.0739 37 33 21
-45.0000 -42.5000 -33.5423 35 33 20
-44.0000 -42.5000 -34.0041 41 37 25
-43.0000 -42.5000 -34.4409 38 36 23
-42.0000 -42.5000 -34.8450 37 33 21
-41.0000 -42.5000 -35.2175 35 33 20
-40.0000 -42.5000 -35.5660 35 31 19
-39.0000 -42.5000 -35.9024 35 33 20
-38.0000 -42.5000 -36.2431 37 33 21
-37.0000 -42.5000 -36.6075 38 34 22
-36.0000 -42.5000 -37.0149 35 32 17
-35.0000 -42.5000 -37.4783 32 29 14
-34.0000 -42.5000 -37.9987 29 26 11
-33.0000 -42.5000 -38.5631 30 26 14
-32.0000 -42.5000 -39.1487 34 28 16
-31.0000 -42.5000 -39.7335 35 29 17
-30.0000 -42.5000 -40.3063 32 26 14
-29.0000 -42.5000 -40.8741 27 23 12
-28.0000 -42.5000 -41.4601 30 26 15
-27.0000 -42.5000 -42.0962 29 25 16
-26.0000 -42.5000 -42.8113 26 22 13
-25.0000 -42.5000 -43.6218 23 20 11
-24.0000 -42.5000 -44.5274 19 16 7
-23.0000 -42.5000 -45.5136 17 14 7
-20.0000 -42.5000 -48.7317 14 15 7
-19.0000 -42.5000 -49.8128 12 15 6
-18.0000 -42.5000 -50.8503 12 15 6
-12.0000 -42.5000 -54.1872 11 16 10
-11.0000 -42.5000 -54.2555 9 16 9
-6.0000 -42.5000 -55.4197 7 16 13
-5.0000 -42.5000 -55.9615 10 16 12
2.0000 -42.5000 -57.1714 13 14 8
3.0000 -42.5000 -57.0165 13 14 8
4.0000 -42.5000 -56.9478 14 15 9
5.0000 -42.5000 -57.0132 14 15 9
6.0000 -42.5000 -57.2350 13 14 8
7.0000 -42.5000 -57.6071 13 14 8
-66.0000 -43.5000 -54.6332 16 15 11
-65.0000 -43.5000 -51.9432 20 19 14
-64.0000 -43.5000 -49.4640 23 22 17
-63.0000 -43.5000 -47.1960 25 25 17
-62.0000 -43.5000 -45.1423 28 25 18
-61.0000 -43.5000 -43.3013 28 25 16
-60.0000 -43.5000 -41.6625 30 28 16
-59.0000 -43.5000 -40.2078 33 29 17
-58.0000 -43.5000 -38.9172 36 32 20
-57.0000 -43.5000 -37.7751 41 35 21
-56.0000 -43.5000 -36.7758 43 37 23
-55.0000 -43.5000 -35.9235 43 37 21
-54.0000 -43.5000 -35.2290 42 36 20
-53.0000 -43.5000 -34.7053 39 36 19
-52.0000 -43.5000 -34.3625 39 37 24
-51.0000 -43.5000 -34.2048 39 37 25
-50.0000 -43.5000 -34.2290 39 37 25
-49.0000 -43.5000 -34.4226 38 36 24
-48.0000 -43.5000 -34.7624 36 34 22
-47.0000 -43.5000 -35.2148 33 31 19
-46.0000 -43.5000 -35.7396 31 29 17
-45.0000 -43.5000 -36.2955 30 28 16
-44.0000 -43.5000 -36.8472 30 28 16
-43.0000 -43.5000 -37.3707 29 27 15
-42.0000 -43.5000 -37.8545 28 26 14
-41.0000 -43.5000 -38.2975 27 25 13
-40.0000 -43.5000 -38.7058 27 25 13
-39.0000 -43.5000 -39.0908 27 25 13
-38.0000 -43.5000 -39.4684 27 25 13
-37.0000 -43.5000 -39.8588 27 25 13
-36.0000 -43.5000 -40.2833 26 27 13
-35.0000 -43.5000 -40.7585 25 26 12
-34.0000 -43.5000 -41.2899 23 24 10
-33.0000 -43.5000 -41.8683 23 24 10
-32.0000 -43.5000 -42.4733 26 24 11
-31.0000 -43.5000 -43.0818 26 24 12
-30.0000 -43.5000 -43.6792 25 23 11
-29.0000 -43.5000 -44.2664 24 20 9
-28.0000 -43.5000 -44.8604 26 22 13
-27.0000 -43.5000 -45.4873 26 22 13
-26.0000 -43.5000 -46.1729 24 20 11
-25.0000 -43.5000 -46.9336 22 17 11
-24.0000 -43.5000 -47.7722 19 14 8
-20.0000 -43.5000 -51.6513 14 14 6
-12.0000 -43.5000 -56.4184 9 16 9
-11.0000 -43.5000 -56.3437 8 15 8
-6.0000 -43.5000 -56.8962 6 15 12
-5.0000 -43.5000 -57.3436 9 15 11
4.0000 -43.5000 -58.3235 13 14 8
5.0000 -43.5000 -58.3877 13 14 8
-65.0000 -44.5000 -57.3424 14 15 10
-64.0000 -44.5000 -54.7185 17 18 13
-63.0000 -44.5000 -52.2668 19 20 14
-62.0000 -44.5000 -49.9955 21 21 13
-61.0000 -44.5000 -47.9175 21 21 11
-60.0000 -44.5000 -46.0392 23 23 13
-59.0000 -44.5000 -44.3553 26 24 12
-58.0000 -44.5000 -42.8522 28 26 13
-57.0000 -44.5000 -41.5156 30 27 12
-56.0000 -44.5000 -40.3381 32 29 14
-55.0000 -44.5000 -39.3228 33 30 15
-54.0000 -44.5000 -38.4812 34 31 16
-53.0000 -44.5000 -37.8283 35 32 17
-52.0000 -44.5000 -37.3777 33 31 19
-51.0000 -44.5000 -37.1371 33 30 21
-50.0000 -44.5000 -37.1062 33 30 21
-49.0000 -44.5000 -37.2745 32 29 20
-48.0000 -44.5000 -37.6192 31 28 19
-47.0000 -44.5000 -38.1049 28 25 16
-46.0000 -44.5000 -38.6868 26 23 14
-45.0000 -44.5000 -39.3173 25 22 13
-44.0000 -44.5000 -39.9540 23 20 11
-43.0000 -44.5000 -40.5658 23 20 11
-42.0000 -44.5000 -41.1350 23 20 11
-41.0000 -44.5000 -41.6560 23 20 11
-40.0000 -44.5000 -42.1312 23 20 11
-39.0000 -44.5000 -42.5701 22 19 10
-38.0000 -44.5000 -42.9880 21 18 9
-37.0000 -44.5000 -43.4059 18 18 6
-36.0000 -44.5000 -43.8479 18 20 7
-35.0000 -44.5000 -44.3347 19 21 8
-34.0000 -44.5000 -44.8760 20 22 9
-33.0000 -44.5000 -45.4661 19 21 8
-32.0000 -44.5000 -46.0853 18 18 6
-31.0000 -44.5000 -46.7075 17 17 7
-30.0000 -44.5000 -47.3115 17 17 7
-29.0000 -44.5000 -47.8895 20 17 8
-28.0000 -44.5000 -48.4494 21 16 10
-27.0000 -44.5000 -49.0116 21 16 10
-26.0000 -44.5000 -49.6007 22 15 9
-25.0000 -44.5000 -50.2376 21 13 10
-4.0000 -44.5000 -59.0652 12 14 9
-3.0000 -44.5000 -59.4259 13 14 9
-63.0000 -45.5000 -57.7121 13 14 9
-62.0000 -45.5000 -55.2901 15 14 9
-61.0000 -45.5000 -53.0304 16 16 8
-60.0000 -45.5000 -50.9534 20 20 12
-59.0000 -45.5000 -49.0677 20 20 10
-58.0000 -45.5000 -47.3686 22 20 8
-57.0000 -45.5000 -45.8457 22 20 7
-56.0000 -45.5000 -44.4926 25 21 9
-55.0000 -45.5000 -43.3121 27 24 9
-54.0000 -45.5000 -42.3159 30 27 12
-53.0000 -45.5000 -41.5203 32 28 16
-52.0000 -45.5000 -40.9405 31 28 19
-51.0000 -45.5000 -40.5870 31 28 19
-50.0000 -45.5000 -40.4634 31 28 19
-49.0000 -45.5000 -40.5633 31 28 19
-48.0000 -45.5000 -40.8676 29 26 17
-47.0000 -45.5000 -41.3428 27 24 15
-46.0000 -45.5000 -41.9433 25 22 13
-45.0000 -45.5000 -42.6176 24 21 12
-44.0000 -45.5000 -43.3169 22 19 10
-43.0000 -45.5000 -44.0022 23 20 11
-42.0000 -45.5000 -44.6478 25 22 13
-41.0000 -45.5000 -45.2406 25 22 13
-40.0000 -45.5000 -45.7781 25 22 13
-39.0000 -45.5000 -46.2664 23 20 11
-38.0000 -45.5000 -46.7208 21 18 9
-37.0000 -45.5000 -47.1642 18 18 8
-36.0000 -45.5000 -47.6237 14 16 5
-35.0000 -45.5000 -48.1236 15 19 5
-34.0000 -45.5000 -48.6763 17 21 7
-33.0000 -45.5000 -49.2769 15 19 5
-32.0000 -45.5000 -49.9031 13 15 4
-29.0000 -45.5000 -51.6358 17 17 7
-60.0000 -46.5000 -56.2454 17 18 10
-59.0000 -46.5000 -54.2101 16 18 7
-58.0000 -46.5000 -52.3563 16 16 6
-57.0000 -46.5000 -50.6807 16 16 4
-56.0000 -46.5000 -49.1797 20 18 5
-55.0000 -46.5000 -47.8565 23 21 8
-54.0000 -46.5000 -46.7217 26 24 11
-53.0000 -46.5000 -45.7894 28 26 13
-52.0000 -46.5000 -45.0736 31 27 18
-51.0000 -46.5000 -44.5862 31 26 20
-50.0000 -46.5000 -44.3347 32 27 21
-49.0000 -46.5000 -44.3195 32 27 21
-48.0000 -46.5000 -44.5294 31 26 20
-47.0000 -46.5000 -44.9382 29 24 18
-46.0000 -46.5000 -45.5039 27 22 16
-45.0000 -46.5000 -46.1748 26 21 15
-44.0000 -46.5000 -46.8973 22 17 11
-43.0000 -46.5000 -47.6246 23 18 12
-42.0000 -46.5000 -48.3212 24 19 13
-41.0000 -46.5000 -48.9648 25 20 14
-40.0000 -46.5000 -49.5462 24 19 13
-39.0000 -46.5000 -50.0687 23 18 12
-38.0000 -46.5000 -50.5479 21 16 10
-37.0000 -46.5000 -51.0098 18 15 6
-35.0000 -46.5000 -52.0008 15 17 6
-34.0000 -46.5000 -52.5687 17 19 8
-33.0000 -46.5000 -53.1807 16 18 7
-29.0000 -46.5000 -55.3814 16 16 8
-60.0000 -47.5000 -61.7197 13 14 8
-56.0000 -47.5000 -54.2688 17 15 3
-55.0000 -47.5000 -52.8443 20 18 5
-54.0000 -47.5000 -51.6044 23 21 8
-53.0000 -47.5000 -50.5574 24 22 10
-52.0000 -47.5000 -49.7120 27 23 14
-51.0000 -47.5000 -49.0787 28 23 17
-50.0000 -47.5000 -48.6694 28 23 17
-49.0000 -47.5000 -48.4942 29 24 18
-48.0000 -47.5000 -48.5545 28 23 17
-47.0000 -47.5000 -48.8362 27 22 16
-46.0000 -47.5000 -49.3067 25 20 14
-45.0000 -47.5000 -49.9177 24 19 13
-42.0000 -47.5000 -52.0482 18 13 7
-41.0000 -47.5000 -52.7090 18 13 7
-35.0000 -47.5000 -55.8084 15 15 5
-34.0000 -47.5000 -56.3981 15 15 5
-54.0000 -48.5000 -56.7951 16 17 3
-53.0000 -48.5000 -55.6605 19 17 5
-52.0000 -48.5000 -54.6977 19 15 6
-51.0000 -48.5000 -53.9133 20 15 9
-50.0000 -48.5000 -53.3237 20 15 9
-49.0000 -48.5000 -52.9509 21 16 10
-48.0000 -48.5000 -52.8130 20 15 9
-47.0000 -48.5000 -52.9131 19 14 8
-46.0000 -48.5000 -53.2321 18 13 7
-44.0000 -49.5000 -57.9702 17 14 9
